Date,Div,HomeTeam,AwayTeam,y,alpha,calibration,set_H,set_D,set_A
2025-08-15,SP1,Girona,Vallecano,2,0.1,marginal,1,1,1
2025-08-15,E0,Liverpool,Bournemouth,0,0.1,marginal,1,0,0
2025-08-15,F1,Rennes,Marseille,0,0.1,marginal,1,1,1
2025-08-15,SP1,Villarreal,Oviedo,0,0.1,marginal,1,0,0
2025-08-16,SP1,Valencia,Sociedad,1,0.1,marginal,1,1,1
2025-08-16,F1,Monaco,Le Havre,0,0.1,marginal,1,0,0
2025-08-16,F1,Nice,Toulouse,2,0.1,marginal,1,1,1
2025-08-16,F1,Lens,Lyon,2,0.1,marginal,1,1,1
2025-08-16,SP1,Mallorca,Barcelona,2,0.1,marginal,0,0,1
2025-08-16,E0,Aston Villa,Newcastle,1,0.1,marginal,1,1,1
2025-08-16,SP1,Alaves,Levante,0,0.1,marginal,1,1,1
2025-08-16,E0,Wolves,Man City,2,0.1,marginal,0,1,1
2025-08-16,E0,Tottenham,Burnley,0,0.1,marginal,1,1,0
2025-08-16,E0,Sunderland,West Ham,0,0.1,marginal,1,1,1
2025-08-16,E0,Brighton,Fulham,1,0.1,marginal,1,1,1
2025-08-17,F1,Auxerre,Lorient,0,0.1,marginal,1,1,1
2025-08-17,SP1,Espanol,Ath Madrid,0,0.1,marginal,0,1,1
2025-08-17,SP1,Ath Bilbao,Sevilla,0,0.1,marginal,1,1,0
2025-08-17,SP1,Celta,Getafe,2,0.1,marginal,1,1,0
2025-08-17,E0,Man United,Arsenal,2,0.1,marginal,1,1,1
2025-08-17,F1,Angers,Paris FC,0,0.1,marginal,1,1,1
2025-08-17,E0,Nott'm Forest,Brentford,0,0.1,marginal,1,1,1
2025-08-17,E0,Chelsea,Crystal Palace,1,0.1,marginal,1,1,1
2025-08-17,F1,Metz,Strasbourg,2,0.1,marginal,1,1,1
2025-08-17,F1,Brest,Lille,1,0.1,marginal,1,1,1
2025-08-17,F1,Nantes,Paris SG,2,0.1,marginal,0,0,1
2025-08-18,SP1,Elche,Betis,1,0.1,marginal,1,1,1
2025-08-18,E0,Leeds,Everton,0,0.1,marginal,1,1,1
2025-08-19,SP1,Real Madrid,Osasuna,0,0.1,marginal,1,0,0
2025-08-22,F1,Paris SG,Angers,0,0.1,marginal,1,0,0
2025-08-22,E0,West Ham,Chelsea,2,0.1,marginal,1,1,1
2025-08-22,D1,Bayern Munich,RB Leipzig,0,0.1,marginal,1,0,0
2025-08-22,SP1,Betis,Alaves,0,0.1,marginal,1,1,0
2025-08-23,I1,Genoa,Lecce,1,0.1,marginal,1,1,0
2025-08-23,I1,Milan,Cremonese,2,0.1,marginal,1,0,0
2025-08-23,E0,Bournemouth,Wolves,0,0.1,marginal,1,1,1
2025-08-23,D1,Ein Frankfurt,Werder Bremen,0,0.1,marginal,1,0,0
2025-08-23,D1,Freiburg,Augsburg,2,0.1,marginal,1,1,1
2025-08-23,F1,Marseille,Paris FC,0,0.1,marginal,1,0,0
2025-08-23,F1,Lyon,Metz,0,0.1,marginal,1,0,0
2025-08-23,F1,Nice,Auxerre,0,0.1,marginal,1,1,1
2025-08-23,SP1,Ath Madrid,Elche,1,0.1,marginal,1,0,0
2025-08-23,SP1,Levante,Barcelona,2,0.1,marginal,0,0,1
2025-08-23,I1,Sassuolo,Napoli,2,0.1,marginal,0,1,1
2025-08-23,E0,Brentford,Aston Villa,0,0.1,marginal,1,1,1
2025-08-23,E0,Man City,Tottenham,2,0.1,marginal,1,1,0
2025-08-23,I1,Roma,Bologna,0,0.1,marginal,1,1,1
2025-08-23,D1,Leverkusen,Hoffenheim,2,0.1,marginal,1,1,1
2025-08-23,D1,Union Berlin,Stuttgart,0,0.1,marginal,1,1,1
2025-08-23,D1,Heidenheim,Wolfsburg,2,0.1,marginal,1,1,1
2025-08-23,SP1,Mallorca,Celta,1,0.1,marginal,1,1,1
2025-08-23,E0,Arsenal,Leeds,0,0.1,marginal,1,0,0
2025-08-23,E0,Burnley,Sunderland,0,0.1,marginal,1,1,1
2025-08-23,D1,St Pauli,Dortmund,1,0.1,marginal,1,1,1
2025-08-24,SP1,Sociedad,Espanol,1,0.1,marginal,1,1,1
2025-08-24,E0,Everton,Brighton,0,0.1,marginal,1,1,1
2025-08-24,SP1,Oviedo,Real Madrid,2,0.1,marginal,0,0,1
2025-08-24,SP1,Villarreal,Girona,0,0.1,marginal,1,1,0
2025-08-24,I1,Cagliari,Fiorentina,1,0.1,marginal,1,1,1
2025-08-24,I1,Como,Lazio,0,0.1,marginal,1,1,1
2025-08-24,E0,Crystal Palace,Nott'm Forest,1,0.1,marginal,1,1,1
2025-08-24,E0,Fulham,Man United,1,0.1,marginal,1,1,1
2025-08-24,F1,Lille,Monaco,0,0.1,marginal,1,1,1
2025-08-24,I1,Juventus,Parma,0,0.1,marginal,1,1,0
2025-08-24,D1,M'gladbach,Hamburg,1,0.1,marginal,1,1,1
2025-08-24,D1,Mainz,FC Koln,2,0.1,marginal,1,1,1
2025-08-24,F1,Toulouse,Brest,0,0.1,marginal,1,1,1
2025-08-24,F1,Strasbourg,Nantes,0,0.1,marginal,1,1,0
2025-08-24,F1,Le Havre,Lens,2,0.1,marginal,1,1,1
2025-08-24,F1,Lorient,Rennes,0,0.1,marginal,1,1,1
2025-08-24,SP1,Osasuna,Valencia,0,0.1,marginal,1,1,1
2025-08-24,I1,Atalanta,Pisa,1,0.1,marginal,1,1,0
2025-08-25,SP1,Ath Bilbao,Vallecano,0,0.1,marginal,1,1,0
2025-08-25,SP1,Sevilla,Getafe,2,0.1,marginal,1,1,1
2025-08-25,E0,Newcastle,Liverpool,2,0.1,marginal,1,1,1
2025-08-25,I1,Inter,Torino,0,0.1,marginal,1,0,0
2025-08-25,I1,Udinese,Verona,1,0.1,marginal,1,1,1
2025-08-27,SP1,Celta,Betis,1,0.1,marginal,1,1,1
2025-08-29,F1,Lens,Brest,0,0.1,marginal,1,1,1
2025-08-29,D1,Hamburg,St Pauli,2,0.1,marginal,1,1,1
2025-08-29,SP1,Valencia,Getafe,0,0.1,marginal,1,1,1
2025-08-29,SP1,Elche,Levante,0,0.1,marginal,1,1,1
2025-08-29,I1,Lecce,Milan,2,0.1,marginal,0,1,1
2025-08-29,I1,Cremonese,Sassuolo,0,0.1,marginal,1,1,1
2025-08-30,SP1,Real Madrid,Mallorca,0,0.1,marginal,1,0,0
2025-08-30,I1,Pisa,Roma,2,0.1,marginal,0,1,1
2025-08-30,F1,Nantes,Auxerre,0,0.1,marginal,1,1,1
2025-08-30,F1,Toulouse,Paris SG,2,0.1,marginal,0,0,1
2025-08-30,D1,Augsburg,Bayern Munich,2,0.1,marginal,0,0,1
2025-08-30,D1,Werder Bremen,Leverkusen,1,0.1,marginal,1,1,1
2025-08-30,D1,Stuttgart,M'gladbach,0,0.1,marginal,1,0,0
2025-08-30,D1,RB Leipzig,Heidenheim,0,0.1,marginal,1,0,0
2025-08-30,D1,Hoffenheim,Ein Frankfurt,2,0.1,marginal,1,1,1
2025-08-30,SP1,Girona,Sevilla,2,0.1,marginal,1,1,1
2025-08-30,F1,Lorient,Lille,2,0.1,marginal,1,1,1
2025-08-30,E0,Chelsea,Fulham,0,0.1,marginal,1,1,0
2025-08-30,E0,Sunderland,Brentford,0,0.1,marginal,1,1,1
2025-08-30,I1,Parma,Atalanta,1,0.1,marginal,1,1,1
2025-08-30,SP1,Alaves,Ath Madrid,1,0.1,marginal,0,1,1
2025-08-30,I1,Bologna,Como,0,0.1,marginal,1,1,1
2025-08-30,I1,Napoli,Cagliari,0,0.1,marginal,1,1,0
2025-08-30,E0,Wolves,Everton,2,0.1,marginal,1,1,1
2025-08-30,E0,Tottenham,Bournemouth,2,0.1,marginal,1,1,1
2025-08-30,SP1,Oviedo,Sociedad,0,0.1,marginal,1,1,1
2025-08-30,E0,Man United,Burnley,0,0.1,marginal,1,0,0
2025-08-30,E0,Leeds,Newcastle,1,0.1,marginal,1,1,1
2025-08-31,I1,Inter,Udinese,2,0.1,marginal,1,0,0
2025-08-31,SP1,Vallecano,Barcelona,1,0.1,marginal,0,0,1
2025-08-31,F1,Lyon,Marseille,0,0.1,marginal,1,1,1
2025-08-31,F1,Paris FC,Metz,0,0.1,marginal,1,1,1
2025-08-31,F1,Monaco,Strasbourg,0,0.1,marginal,1,0,0
2025-08-31,F1,Le Havre,Nice,0,0.1,marginal,1,1,1
2025-08-31,I1,Genoa,Juventus,2,0.1,marginal,0,1,1
2025-08-31,I1,Torino,Fiorentina,1,0.1,marginal,1,1,1
2025-08-31,D1,Wolfsburg,Mainz,1,0.1,marginal,1,1,1
2025-08-31,E0,Nott'm Forest,West Ham,2,0.1,marginal,1,1,0
2025-08-31,D1,Dortmund,Union Berlin,0,0.1,marginal,1,0,0
2025-08-31,SP1,Espanol,Osasuna,0,0.1,marginal,1,1,1
2025-08-31,E0,Aston Villa,Crystal Palace,2,0.1,marginal,1,1,1
2025-08-31,E0,Brighton,Man City,0,0.1,marginal,1,1,1
2025-08-31,I1,Lazio,Verona,0,0.1,marginal,1,1,0
2025-08-31,D1,FC Koln,Freiburg,0,0.1,marginal,1,1,1
2025-08-31,SP1,Betis,Ath Bilbao,2,0.1,marginal,1,1,1
2025-08-31,E0,Liverpool,Arsenal,0,0.1,marginal,1,1,1
2025-08-31,SP1,Celta,Villarreal,1,0.1,marginal,1,1,1
2025-08-31,F1,Angers,Rennes,1,0.1,marginal,0,1,1
2025-09-12,D1,Leverkusen,Ein Frankfurt,0,0.1,marginal,1,1,1
2025-09-12,F1,Marseille,Lorient,0,0.1,marginal,1,0,0
2025-09-12,SP1,Sevilla,Elche,1,0.1,marginal,1,1,1
2025-09-13,SP1,Sociedad,Real Madrid,2,0.1,marginal,0,1,1
2025-09-13,E0,Bournemouth,Brighton,0,0.1,marginal,1,1,1
2025-09-13,E0,Crystal Palace,Sunderland,1,0.1,marginal,1,1,0
2025-09-13,E0,Everton,Aston Villa,1,0.1,marginal,1,1,1
2025-09-13,E0,Fulham,Leeds,0,0.1,marginal,1,1,1
2025-09-13,E0,Newcastle,Wolves,0,0.1,marginal,1,0,0
2025-09-13,SP1,Getafe,Oviedo,0,0.1,marginal,1,1,0
2025-09-13,SP1,Ath Bilbao,Alaves,2,0.1,marginal,1,1,0
2025-09-13,SP1,Ath Madrid,Villarreal,0,0.1,marginal,1,1,0
2025-09-13,I1,Cagliari,Parma,0,0.1,marginal,1,1,1
2025-09-13,E0,West Ham,Tottenham,2,0.1,marginal,1,1,1
2025-09-13,I1,Juventus,Inter,0,0.1,marginal,1,1,1
2025-09-13,E0,Arsenal,Nott'm Forest,0,0.1,marginal,1,0,0
2025-09-13,F1,Auxerre,Monaco,2,0.1,marginal,0,0,1
2025-09-13,I1,Fiorentina,Napoli,2,0.1,marginal,1,1,1
2025-09-13,D1,Heidenheim,Dortmund,2,0.1,marginal,0,0,1
2025-09-13,D1,Mainz,RB Leipzig,2,0.1,marginal,1,1,1
2025-09-13,D1,Union Berlin,Hoffenheim,2,0.1,marginal,1,1,1
2025-09-13,D1,Freiburg,Stuttgart,0,0.1,marginal,1,1,1
2025-09-13,F1,Nice,Nantes,0,0.1,marginal,1,1,0
2025-09-13,D1,Bayern Munich,Hamburg,0,0.1,marginal,1,0,0
2025-09-13,E0,Brentford,Chelsea,1,0.1,marginal,1,1,1
2025-09-13,D1,Wolfsburg,FC Koln,1,0.1,marginal,1,1,1
2025-09-14,I1,Roma,Torino,2,0.1,marginal,1,1,0
2025-09-14,I1,Pisa,Udinese,2,0.1,marginal,1,1,1
2025-09-14,I1,Milan,Bologna,0,0.1,marginal,1,1,0
2025-09-14,D1,M'gladbach,Werder Bremen,2,0.1,marginal,1,1,1
2025-09-14,SP1,Celta,Girona,1,0.1,marginal,1,1,0
2025-09-14,SP1,Levante,Betis,1,0.1,marginal,1,1,1
2025-09-14,SP1,Osasuna,Vallecano,0,0.1,marginal,1,1,1
2025-09-14,SP1,Barcelona,Valencia,0,0.1,marginal,1,0,0
2025-09-14,I1,Atalanta,Lecce,0,0.1,marginal,1,1,0
2025-09-14,E0,Burnley,Liverpool,2,0.1,marginal,0,0,1
2025-09-14,D1,St Pauli,Augsburg,0,0.1,marginal,1,1,1
2025-09-14,F1,Rennes,Lyon,0,0.1,marginal,1,1,1
2025-09-14,F1,Strasbourg,Le Havre,0,0.1,marginal,1,1,1
2025-09-14,F1,Paris SG,Lens,0,0.1,marginal,1,0,0
2025-09-14,F1,Metz,Angers,1,0.1,marginal,1,1,1
2025-09-14,F1,Brest,Paris FC,2,0.1,marginal,1,1,1
2025-09-14,F1,Lille,Toulouse,0,0.1,marginal,1,1,1
2025-09-14,E0,Man City,Man United,0,0.1,marginal,1,1,0
2025-09-14,I1,Sassuolo,Lazio,0,0.1,marginal,1,1,1
2025-09-15,I1,Como,Genoa,1,0.1,marginal,1,1,0
2025-09-15,I1,Verona,Cremonese,1,0.1,marginal,1,1,1
2025-09-15,SP1,Espanol,Mallorca,0,0.1,marginal,1,1,1
2025-09-19,F1,Lyon,Angers,0,0.1,marginal,1,1,0
2025-09-19,SP1,Betis,Sociedad,0,0.1,marginal,1,1,1
2025-09-19,D1,Stuttgart,St Pauli,0,0.1,marginal,1,1,1
2025-09-19,I1,Lecce,Cagliari,2,0.1,marginal,1,1,1
2025-09-20,D1,RB Leipzig,FC Koln,0,0.1,marginal,1,1,1
2025-09-20,F1,Nantes,Rennes,1,0.1,marginal,1,1,1
2025-09-20,F1,Brest,Nice,0,0.1,marginal,1,1,1
2025-09-20,F1,Lens,Lille,0,0.1,marginal,1,1,1
2025-09-20,SP1,Valencia,Ath Bilbao,0,0.1,marginal,1,1,1
2025-09-20,SP1,Villarreal,Osasuna,0,0.1,marginal,1,1,0
2025-09-20,SP1,Alaves,Sevilla,2,0.1,marginal,1,1,1
2025-09-20,D1,Werder Bremen,Freiburg,2,0.1,marginal,1,1,1
2025-09-20,E0,Fulham,Brentford,0,0.1,marginal,1,1,1
2025-09-20,E0,Man United,Chelsea,0,0.1,marginal,1,1,1
2025-09-20,E0,Wolves,Leeds,2,0.1,marginal,1,1,1
2025-09-20,SP1,Real Madrid,Espanol,0,0.1,marginal,1,0,0
2025-09-20,E0,Burnley,Nott'm Forest,1,0.1,marginal,1,1,1
2025-09-20,E0,West Ham,Crystal Palace,2,0.1,marginal,1,1,1
2025-09-20,D1,Hoffenheim,Bayern Munich,2,0.1,marginal,0,0,1
2025-09-20,D1,Hamburg,Heidenheim,0,0.1,marginal,1,1,1
2025-09-20,D1,Augsburg,Mainz,2,0.1,marginal,1,1,1
2025-09-20,I1,Verona,Juventus,1,0.1,marginal,0,1,1
2025-09-20,I1,Bologna,Genoa,0,0.1,marginal,1,1,1
2025-09-20,SP1,Girona,Levante,2,0.1,marginal,1,1,1
2025-09-20,E0,Liverpool,Everton,0,0.1,marginal,1,1,0
2025-09-20,E0,Brighton,Tottenham,1,0.1,marginal,1,1,1
2025-09-20,I1,Udinese,Milan,2,0.1,marginal,0,1,1
2025-09-21,F1,Auxerre,Toulouse,0,0.1,marginal,1,1,1
2025-09-21,I1,Torino,Atalanta,2,0.1,marginal,1,1,1
2025-09-21,D1,Dortmund,Wolfsburg,0,0.1,marginal,1,0,0
2025-09-21,I1,Cremonese,Parma,1,0.1,marginal,1,1,1
2025-09-21,I1,Fiorentina,Como,2,0.1,marginal,1,1,1
2025-09-21,F1,Monaco,Metz,0,0.1,marginal,1,0,0
2025-09-21,D1,Ein Frankfurt,Union Berlin,2,0.1,marginal,1,1,0
2025-09-21,F1,Le Havre,Lorient,1,0.1,marginal,1,1,1
2025-09-21,F1,Paris FC,Strasbourg,2,0.1,marginal,1,1,1
2025-09-21,I1,Inter,Sassuolo,0,0.1,marginal,1,0,0
2025-09-21,E0,Sunderland,Aston Villa,1,0.1,marginal,1,1,1
2025-09-21,E0,Arsenal,Man City,1,0.1,marginal,1,1,1
2025-09-21,D1,Leverkusen,M'gladbach,1,0.1,marginal,1,1,0
2025-09-21,I1,Lazio,Roma,2,0.1,marginal,1,1,1
2025-09-21,E0,Bournemouth,Newcastle,1,0.1,marginal,1,1,1
2025-09-21,SP1,Barcelona,Getafe,0,0.1,marginal,1,0,0
2025-09-21,SP1,Elche,Oviedo,0,0.1,marginal,1,1,1
2025-09-21,SP1,Mallorca,Ath Madrid,1,0.1,marginal,0,1,1
2025-09-21,SP1,Vallecano,Celta,1,0.1,marginal,1,1,1
2025-09-22,I1,Napoli,Pisa,0,0.1,marginal,1,0,0
2025-09-22,F1,Marseille,Paris SG,0,0.1,marginal,1,1,1
2025-09-23,SP1,Espanol,Valencia,1,0.1,marginal,1,1,1
2025-09-23,SP1,Ath Bilbao,Girona,1,0.1,marginal,1,1,0
2025-09-23,SP1,Levante,Real Madrid,2,0.1,marginal,0,0,1
2025-09-23,SP1,Sevilla,Villarreal,2,0.1,marginal,1,1,1
2025-09-24,SP1,Sociedad,Mallorca,0,0.1,marginal,1,1,0
2025-09-24,SP1,Ath Madrid,Vallecano,0,0.1,marginal,1,1,0
2025-09-24,SP1,Getafe,Alaves,1,0.1,marginal,1,1,1
2025-09-25,SP1,Osasuna,Elche,1,0.1,marginal,1,1,0
2025-09-25,SP1,Oviedo,Barcelona,2,0.1,marginal,0,0,1
2025-09-26,SP1,Girona,Espanol,1,0.1,marginal,1,1,1
2025-09-26,D1,Bayern Munich,Werder Bremen,0,0.1,marginal,1,0,0
2025-09-26,F1,Strasbourg,Marseille,2,0.1,marginal,1,1,1
2025-09-27,I1,Como,Cremonese,1,0.1,marginal,1,1,0
2025-09-27,E0,Brentford,Man United,0,0.1,marginal,1,1,1
2025-09-27,I1,Juventus,Atalanta,1,0.1,marginal,1,1,1
2025-09-27,I1,Cagliari,Inter,2,0.1,marginal,0,1,1
2025-09-27,E0,Man City,Burnley,0,0.1,marginal,1,0,0
2025-09-27,E0,Nott'm Forest,Sunderland,2,0.1,marginal,1,1,0
2025-09-27,D1,M'gladbach,Ein Frankfurt,2,0.1,marginal,1,1,1
2025-09-27,E0,Leeds,Bournemouth,1,0.1,marginal,1,1,1
2025-09-27,E0,Crystal Palace,Liverpool,0,0.1,marginal,1,1,1
2025-09-27,E0,Tottenham,Wolves,1,0.1,marginal,1,1,0
2025-09-27,D1,Wolfsburg,RB Leipzig,2,0.1,marginal,1,1,1
2025-09-27,F1,Paris SG,Auxerre,0,0.1,marginal,1,0,0
2025-09-27,D1,Mainz,Dortmund,2,0.1,marginal,1,1,1
2025-09-27,D1,St Pauli,Leverkusen,2,0.1,marginal,1,1,1
2025-09-27,SP1,Ath Madrid,Real Madrid,0,0.1,marginal,1,1,1
2025-09-27,SP1,Mallorca,Alaves,0,0.1,marginal,1,1,1
2025-09-27,F1,Toulouse,Nantes,1,0.1,marginal,1,1,0
2025-09-27,SP1,Getafe,Levante,1,0.1,marginal,1,1,1
2025-09-27,SP1,Villarreal,Ath Bilbao,0,0.1,marginal,1,1,1
2025-09-27,E0,Chelsea,Brighton,2,0.1,marginal,1,1,1
2025-09-27,D1,Heidenheim,Augsburg,0,0.1,marginal,1,1,1
2025-09-27,F1,Lorient,Monaco,0,0.1,marginal,1,1,1
2025-09-28,D1,Freiburg,Hoffenheim,1,0.1,marginal,1,1,1
2025-09-28,E0,Newcastle,Arsenal,2,0.1,marginal,1,1,1
2025-09-28,F1,Metz,Le Havre,1,0.1,marginal,1,1,1
2025-09-28,SP1,Elche,Celta,0,0.1,marginal,1,1,1
2025-09-28,SP1,Barcelona,Sociedad,0,0.1,marginal,1,0,0
2025-09-28,SP1,Betis,Osasuna,0,0.1,marginal,1,1,1
2025-09-28,D1,FC Koln,Stuttgart,2,0.1,marginal,1,1,1
2025-09-28,F1,Rennes,Lens,1,0.1,marginal,1,1,1
2025-09-28,D1,Union Berlin,Hamburg,1,0.1,marginal,1,1,1
2025-09-28,I1,Roma,Verona,0,0.1,marginal,1,1,0
2025-09-28,I1,Milan,Napoli,0,0.1,marginal,1,1,1
2025-09-28,I1,Lecce,Bologna,1,0.1,marginal,0,1,1
2025-09-28,F1,Lille,Lyon,2,0.1,marginal,1,1,1
2025-09-28,I1,Pisa,Fiorentina,1,0.1,marginal,1,1,1
2025-09-28,I1,Sassuolo,Udinese,0,0.1,marginal,1,1,1
2025-09-28,SP1,Vallecano,Sevilla,2,0.1,marginal,1,1,1
2025-09-28,E0,Aston Villa,Fulham,0,0.1,marginal,1,1,1
2025-09-28,F1,Angers,Brest,2,0.1,marginal,1,1,1
2025-09-28,F1,Nice,Paris FC,1,0.1,marginal,1,1,1
2025-09-29,E0,Everton,West Ham,1,0.1,marginal,1,1,0
2025-09-29,I1,Genoa,Lazio,2,0.1,marginal,1,1,1
2025-09-29,I1,Parma,Torino,0,0.1,marginal,1,1,1
2025-09-30,SP1,Valencia,Oviedo,2,0.1,marginal,1,1,0
2025-10-03,D1,Hoffenheim,FC Koln,2,0.1,marginal,1,1,1
2025-10-03,I1,Verona,Sassuolo,2,0.1,marginal,1,1,1
2025-10-03,E0,Bournemouth,Fulham,0,0.1,marginal,1,1,1
2025-10-03,SP1,Osasuna,Getafe,0,0.1,marginal,1,1,1
2025-10-03,F1,Paris FC,Lorient,0,0.1,marginal,1,1,0
2025-10-04,F1,Brest,Nantes,1,0.1,marginal,1,1,1
2025-10-04,I1,Atalanta,Como,1,0.1,marginal,1,1,1
2025-10-04,E0,Leeds,Tottenham,2,0.1,marginal,1,1,1
2025-10-04,E0,Arsenal,West Ham,0,0.1,marginal,1,0,0
2025-10-04,E0,Man United,Sunderland,0,0.1,marginal,1,1,0
2025-10-04,E0,Chelsea,Liverpool,0,0.1,marginal,1,1,1
2025-10-04,I1,Parma,Lecce,2,0.1,marginal,1,1,1
2025-10-04,I1,Inter,Cremonese,0,0.1,marginal,1,0,0
2025-10-04,F1,Auxerre,Lens,2,0.1,marginal,1,1,1
2025-10-04,F1,Metz,Marseille,2,0.1,marginal,0,1,1
2025-10-04,D1,Leverkusen,Union Berlin,0,0.1,marginal,1,1,0
2025-10-04,D1,Augsburg,Wolfsburg,0,0.1,marginal,1,1,1
2025-10-04,D1,Dortmund,RB Leipzig,1,0.1,marginal,1,0,1
2025-10-04,D1,Werder Bremen,St Pauli,0,0.1,marginal,1,1,1
2025-10-04,D1,Ein Frankfurt,Bayern Munich,2,0.1,marginal,0,0,1
2025-10-04,SP1,Oviedo,Levante,2,0.1,marginal,1,1,1
2025-10-04,SP1,Girona,Valencia,0,0.1,marginal,1,1,1
2025-10-04,SP1,Ath Bilbao,Mallorca,0,0.1,marginal,1,1,0
2025-10-04,SP1,Real Madrid,Villarreal,0,0.1,marginal,1,0,0
2025-10-04,I1,Lazio,Torino,1,0.1,marginal,1,1,1
2025-10-05,I1,Napoli,Genoa,0,0.1,marginal,1,1,0
2025-10-05,I1,Fiorentina,Roma,2,0.1,marginal,1,1,1
2025-10-05,I1,Bologna,Pisa,0,0.1,marginal,1,1,0
2025-10-05,I1,Udinese,Cagliari,1,0.1,marginal,1,1,1
2025-10-05,F1,Lille,Paris SG,1,0.1,marginal,1,1,1
2025-10-05,D1,Hamburg,Mainz,0,0.1,marginal,1,1,1
2025-10-05,F1,Monaco,Nice,1,0.1,marginal,1,1,1
2025-10-05,F1,Le Havre,Rennes,1,0.1,marginal,1,1,1
2025-10-05,I1,Juventus,Milan,1,0.1,marginal,1,1,1
2025-10-05,F1,Lyon,Toulouse,2,0.1,marginal,1,1,1
2025-10-05,E0,Aston Villa,Burnley,0,0.1,marginal,1,1,0
2025-10-05,D1,Stuttgart,Heidenheim,0,0.1,marginal,1,0,0
2025-10-05,E0,Brentford,Man City,2,0.1,marginal,0,1,1
2025-10-05,E0,Everton,Crystal Palace,0,0.1,marginal,1,1,1
2025-10-05,E0,Newcastle,Nott'm Forest,0,0.1,marginal,1,1,0
2025-10-05,D1,M'gladbach,Freiburg,1,0.1,marginal,1,1,1
2025-10-05,SP1,Alaves,Elche,0,0.1,marginal,1,1,1
2025-10-05,F1,Strasbourg,Angers,0,0.1,marginal,1,1,0
2025-10-05,SP1,Espanol,Betis,2,0.1,marginal,1,1,1
2025-10-05,SP1,Sociedad,Vallecano,2,0.1,marginal,1,1,1
2025-10-05,SP1,Celta,Ath Madrid,1,0.1,marginal,0,1,1
2025-10-05,E0,Wolves,Brighton,1,0.1,marginal,1,1,1
2025-10-05,SP1,Sevilla,Barcelona,0,0.1,marginal,0,0,1
2025-10-17,SP1,Oviedo,Espanol,2,0.1,marginal,1,1,1
2025-10-17,F1,Paris SG,Strasbourg,1,0.1,marginal,1,0,0
2025-10-17,D1,Union Berlin,M'gladbach,0,0.1,marginal,1,1,1
2025-10-18,SP1,Sevilla,Mallorca,2,0.1,marginal,1,1,1
2025-10-18,E0,Sunderland,Wolves,0,0.1,marginal,1,1,1
2025-10-18,E0,Brighton,Newcastle,0,0.1,marginal,1,1,1
2025-10-18,F1,Angers,Monaco,1,0.1,marginal,0,1,1
2025-10-18,E0,Crystal Palace,Bournemouth,1,0.1,marginal,1,1,1
2025-10-18,E0,Man City,Everton,0,0.1,marginal,1,1,0
2025-10-18,D1,Heidenheim,Werder Bremen,1,0.1,marginal,1,1,1
2025-10-18,E0,Burnley,Leeds,0,0.1,marginal,1,1,1
2025-10-18,E0,Nott'm Forest,Chelsea,2,0.1,marginal,1,1,1
2025-10-18,F1,Nice,Lyon,0,0.1,marginal,1,1,1
2025-10-18,D1,FC Koln,Augsburg,1,0.1,marginal,1,1,1
2025-10-18,F1,Marseille,Le Havre,0,0.1,marginal,1,0,0
2025-10-18,D1,RB Leipzig,Hamburg,0,0.1,marginal,1,0,0
2025-10-18,I1,Roma,Inter,2,0.1,marginal,1,1,1
2025-10-18,I1,Torino,Napoli,0,0.1,marginal,0,1,1
2025-10-18,I1,Pisa,Verona,1,0.1,marginal,1,1,1
2025-10-18,I1,Lecce,Sassuolo,1,0.1,marginal,1,1,1
2025-10-18,SP1,Ath Madrid,Osasuna,0,0.1,marginal,1,0,0
2025-10-18,E0,Fulham,Arsenal,2,0.1,marginal,0,1,1
2025-10-18,SP1,Barcelona,Girona,0,0.1,marginal,1,0,0
2025-10-18,D1,Mainz,Leverkusen,2,0.1,marginal,1,1,1
2025-10-18,D1,Bayern Munich,Dortmund,0,0.1,marginal,1,0,0
2025-10-18,D1,Wolfsburg,Stuttgart,2,0.1,marginal,1,1,1
2025-10-18,SP1,Villarreal,Betis,1,0.1,marginal,1,1,1
2025-10-19,I1,Genoa,Parma,1,0.1,marginal,1,1,1
2025-10-19,I1,Cagliari,Bologna,2,0.1,marginal,1,1,1
2025-10-19,I1,Como,Juventus,0,0.1,marginal,1,1,1
2025-10-19,F1,Lorient,Brest,1,0.1,marginal,1,1,1
2025-10-19,F1,Nantes,Lille,2,0.1,marginal,0,1,1
2025-10-19,F1,Toulouse,Metz,0,0.1,marginal,1,1,0
2025-10-19,F1,Rennes,Auxerre,1,0.1,marginal,1,1,1
2025-10-19,I1,Atalanta,Lazio,1,0.1,marginal,1,1,1
2025-10-19,SP1,Getafe,Real Madrid,2,0.1,marginal,0,1,1
2025-10-19,D1,St Pauli,Hoffenheim,2,0.1,marginal,1,1,1
2025-10-19,SP1,Levante,Vallecano,2,0.1,marginal,1,1,1
2025-10-19,SP1,Celta,Sociedad,1,0.1,marginal,1,1,1
2025-10-19,D1,Freiburg,Ein Frankfurt,1,0.1,marginal,1,1,1
2025-10-19,E0,Tottenham,Aston Villa,2,0.1,marginal,1,1,1
2025-10-19,E0,Liverpool,Man United,2,0.1,marginal,1,1,1
2025-10-19,I1,Milan,Fiorentina,0,0.1,marginal,1,1,0
2025-10-19,F1,Lens,Paris FC,0,0.1,marginal,1,1,1
2025-10-19,SP1,Elche,Ath Bilbao,1,0.1,marginal,1,1,1
2025-10-20,I1,Cremonese,Udinese,1,0.1,marginal,1,1,1
2025-10-20,SP1,Alaves,Valencia,1,0.1,marginal,1,1,1
2025-10-20,E0,West Ham,Brentford,2,0.1,marginal,1,1,1
2025-10-24,D1,Werder Bremen,Union Berlin,0,0.1,marginal,1,1,1
2025-10-24,SP1,Sociedad,Sevilla,0,0.1,marginal,1,1,1
2025-10-24,F1,Paris FC,Nantes,2,0.1,marginal,1,1,0
2025-10-24,E0,Leeds,West Ham,0,0.1,marginal,1,1,1
2025-10-24,I1,Milan,Pisa,1,0.1,marginal,1,0,0
2025-10-25,SP1,Ath Bilbao,Getafe,2,0.1,marginal,1,1,0
2025-10-25,D1,Dortmund,FC Koln,0,0.1,marginal,1,0,0
2025-10-25,D1,M'gladbach,Bayern Munich,2,0.1,marginal,0,0,1
2025-10-25,E0,Chelsea,Sunderland,2,0.1,marginal,1,1,0
2025-10-25,D1,Hamburg,Wolfsburg,2,0.1,marginal,1,1,1
2025-10-25,D1,Ein Frankfurt,St Pauli,0,0.1,marginal,1,0,0
2025-10-25,D1,Augsburg,RB Leipzig,2,0.1,marginal,1,1,1
2025-10-25,E0,Newcastle,Fulham,0,0.1,marginal,1,1,0
2025-10-25,E0,Brentford,Liverpool,0,0.1,marginal,1,1,1
2025-10-25,SP1,Valencia,Villarreal,2,0.1,marginal,1,1,1
2025-10-25,E0,Man United,Brighton,0,0.1,marginal,1,1,1
2025-10-25,D1,Hoffenheim,Heidenheim,0,0.1,marginal,1,1,0
2025-10-25,SP1,Espanol,Elche,0,0.1,marginal,1,1,1
2025-10-25,I1,Parma,Como,1,0.1,marginal,1,1,1
2025-10-25,I1,Napoli,Inter,0,0.1,marginal,1,1,1
2025-10-25,I1,Udinese,Lecce,0,0.1,marginal,1,1,1
2025-10-25,F1,Brest,Paris SG,2,0.1,marginal,0,0,1
2025-10-25,F1,Monaco,Toulouse,0,0.1,marginal,1,1,1
2025-10-25,F1,Lens,Marseille,0,0.1,marginal,1,1,1
2025-10-25,SP1,Girona,Oviedo,1,0.1,marginal,1,1,0
2025-10-25,I1,Cremonese,Atalanta,1,0.1,marginal,0,0,1
2025-10-26,E0,Aston Villa,Man City,0,0.1,marginal,1,1,1
2025-10-26,E0,Arsenal,Crystal Palace,0,0.1,marginal,1,0,0
2025-10-26,D1,Leverkusen,Freiburg,0,0.1,marginal,1,1,1
2025-10-26,SP1,Mallorca,Levante,1,0.1,marginal,1,1,1
2025-10-26,SP1,Vallecano,Alaves,0,0.1,marginal,1,1,1
2025-10-26,SP1,Osasuna,Celta,2,0.1,marginal,1,1,1
2025-10-26,E0,Everton,Tottenham,2,0.1,marginal,1,1,1
2025-10-26,E0,Bournemouth,Nott'm Forest,0,0.1,marginal,1,1,1
2025-10-26,SP1,Real Madrid,Barcelona,0,0.1,marginal,1,1,1
2025-10-26,E0,Wolves,Burnley,2,0.1,marginal,1,1,1
2025-10-26,F1,Auxerre,Le Havre,2,0.1,marginal,1,1,1
2025-10-26,F1,Angers,Lorient,0,0.1,marginal,1,1,1
2025-10-26,I1,Fiorentina,Bologna,1,0.1,marginal,1,1,1
2025-10-26,I1,Verona,Cagliari,1,0.1,marginal,1,1,1
2025-10-26,I1,Sassuolo,Roma,2,0.1,marginal,1,1,1
2025-10-26,I1,Lazio,Juventus,0,0.1,marginal,1,1,1
2025-10-26,F1,Lille,Metz,0,0.1,marginal,1,0,0
2025-10-26,F1,Lyon,Strasbourg,0,0.1,marginal,1,1,1
2025-10-26,I1,Torino,Genoa,0,0.1,marginal,1,1,1
2025-10-26,F1,Rennes,Nice,2,0.1,marginal,1,1,1
2025-10-26,D1,Stuttgart,Mainz,0,0.1,marginal,1,1,1
2025-10-27,SP1,Betis,Ath Madrid,2,0.1,marginal,1,1,1
2025-10-28,I1,Lecce,Napoli,2,0.1,marginal,0,1,1
2025-10-28,I1,Atalanta,Milan,1,0.1,marginal,1,1,1
2025-10-29,F1,Toulouse,Rennes,1,0.1,marginal,1,1,1
2025-10-29,I1,Bologna,Torino,1,0.1,marginal,1,1,0
2025-10-29,F1,Marseille,Angers,1,0.1,marginal,1,0,0
2025-10-29,I1,Inter,Fiorentina,0,0.1,marginal,1,0,0
2025-10-29,F1,Le Havre,Brest,0,0.1,marginal,1,1,1
2025-10-29,I1,Genoa,Cremonese,2,0.1,marginal,1,1,0
2025-10-29,I1,Roma,Parma,0,0.1,marginal,1,1,0
2025-10-29,F1,Lorient,Paris SG,1,0.1,marginal,0,0,1
2025-10-29,I1,Como,Verona,0,0.1,marginal,1,1,0
2025-10-29,F1,Metz,Lens,0,0.1,marginal,0,0,1
2025-10-29,I1,Juventus,Udinese,0,0.1,marginal,1,1,0
2025-10-29,F1,Nice,Lille,0,0.1,marginal,1,1,1
2025-10-29,F1,Strasbourg,Auxerre,0,0.1,marginal,1,1,0
2025-10-29,F1,Nantes,Monaco,2,0.1,marginal,0,1,1
2025-10-29,F1,Paris FC,Lyon,1,0.1,marginal,1,1,1
2025-10-30,I1,Cagliari,Sassuolo,2,0.1,marginal,1,1,1
2025-10-30,I1,Pisa,Lazio,1,0.1,marginal,1,1,1
2025-10-31,SP1,Getafe,Girona,0,0.1,marginal,1,1,1
2025-10-31,D1,Augsburg,Dortmund,2,0.1,marginal,0,1,1
2025-11-01,E0,Nott'm Forest,Man United,1,0.1,marginal,1,1,1
2025-11-01,E0,Crystal Palace,Brentford,0,0.1,marginal,1,1,1
2025-11-01,E0,Brighton,Leeds,0,0.1,marginal,1,1,1
2025-11-01,SP1,Villarreal,Vallecano,0,0.1,marginal,1,1,1
2025-11-01,SP1,Ath Madrid,Sevilla,0,0.1,marginal,1,0,0
2025-11-01,SP1,Sociedad,Ath Bilbao,0,0.1,marginal,1,1,1
2025-11-01,E0,Liverpool,Aston Villa,0,0.1,marginal,1,1,1
2025-11-01,E0,Tottenham,Chelsea,2,0.1,marginal,1,1,1
2025-11-01,E0,Fulham,Wolves,0,0.1,marginal,1,1,0
2025-11-01,E0,Burnley,Arsenal,2,0.1,marginal,0,0,1
2025-11-01,D1,Bayern Munich,Leverkusen,0,0.1,marginal,1,0,0
2025-11-01,SP1,Real Madrid,Valencia,0,0.1,marginal,1,0,0
2025-11-01,F1,Auxerre,Marseille,2,0.1,marginal,0,1,1
2025-11-01,D1,St Pauli,M'gladbach,2,0.1,marginal,1,1,1
2025-11-01,F1,Monaco,Paris FC,2,0.1,marginal,1,1,1
2025-11-01,D1,Mainz,Werder Bremen,1,0.1,marginal,1,1,1
2025-11-01,D1,RB Leipzig,Stuttgart,0,0.1,marginal,1,1,1
2025-11-01,I1,Cremonese,Juventus,2,0.1,marginal,0,1,1
2025-11-01,D1,Heidenheim,Ein Frankfurt,1,0.1,marginal,1,1,1
2025-11-01,D1,Union Berlin,Freiburg,1,0.1,marginal,1,1,1
2025-11-01,F1,Paris SG,Nice,0,0.1,marginal,1,0,0
2025-11-01,I1,Napoli,Como,1,0.1,marginal,1,1,0
2025-11-01,I1,Udinese,Atalanta,0,0.1,marginal,0,1,1
2025-11-02,F1,Lens,Lorient,0,0.1,marginal,1,1,0
2025-11-02,E0,West Ham,Newcastle,0,0.1,marginal,0,1,1
2025-11-02,E0,Man City,Bournemouth,0,0.1,marginal,1,0,0
2025-11-02,D1,FC Koln,Hamburg,0,0.1,marginal,1,1,1
2025-11-02,D1,Wolfsburg,Hoffenheim,2,0.1,marginal,1,1,1
2025-11-02,I1,Fiorentina,Lecce,2,0.1,marginal,1,1,0
2025-11-02,F1,Rennes,Strasbourg,0,0.1,marginal,1,1,1
2025-11-02,SP1,Barcelona,Elche,0,0.1,marginal,1,0,0
2025-11-02,F1,Lille,Angers,0,0.1,marginal,1,0,0
2025-11-02,I1,Torino,Pisa,1,0.1,marginal,1,1,0
2025-11-02,F1,Toulouse,Le Havre,1,0.1,marginal,1,1,0
2025-11-02,F1,Brest,Lyon,1,0.1,marginal,1,1,1
2025-11-02,I1,Parma,Bologna,2,0.1,marginal,0,1,1
2025-11-02,I1,Milan,Roma,0,0.1,marginal,1,1,1
2025-11-02,SP1,Betis,Mallorca,0,0.1,marginal,1,1,0
2025-11-02,I1,Verona,Inter,2,0.1,marginal,0,0,1
2025-11-02,SP1,Levante,Celta,2,0.1,marginal,1,1,1
2025-11-02,SP1,Alaves,Espanol,0,0.1,marginal,1,1,1
2025-11-02,F1,Nantes,Metz,2,0.1,marginal,1,1,1
2025-11-03,E0,Sunderland,Everton,1,0.1,marginal,1,1,1
2025-11-03,I1,Sassuolo,Genoa,2,0.1,marginal,1,1,1
2025-11-03,I1,Lazio,Cagliari,0,0.1,marginal,1,1,0
2025-11-03,SP1,Oviedo,Osasuna,1,0.1,marginal,1,1,1
2025-11-07,SP1,Elche,Sociedad,1,0.1,marginal,1,1,1
2025-11-07,D1,Werder Bremen,Wolfsburg,0,0.1,marginal,1,1,1
2025-11-07,I1,Pisa,Cremonese,0,0.1,marginal,1,1,1
2025-11-07,F1,Paris FC,Rennes,2,0.1,marginal,1,1,1
2025-11-08,F1,Le Havre,Nantes,1,0.1,marginal,1,1,1
2025-11-08,F1,Marseille,Brest,0,0.1,marginal,1,0,0
2025-11-08,E0,West Ham,Burnley,0,0.1,marginal,1,1,1
2025-11-08,E0,Sunderland,Arsenal,1,0.1,marginal,0,1,1
2025-11-08,E0,Chelsea,Wolves,0,0.1,marginal,1,0,0
2025-11-08,SP1,Girona,Alaves,0,0.1,marginal,1,1,1
2025-11-08,SP1,Ath Madrid,Levante,0,0.1,marginal,1,0,0
2025-11-08,F1,Monaco,Lens,2,0.1,marginal,1,1,1
2025-11-08,SP1,Sevilla,Osasuna,0,0.1,marginal,1,1,1
2025-11-08,E0,Everton,Fulham,0,0.1,marginal,1,1,1
2025-11-08,E0,Tottenham,Man United,1,0.1,marginal,1,1,1
2025-11-08,SP1,Espanol,Villarreal,2,0.1,marginal,1,1,1
2025-11-08,D1,Hamburg,Dortmund,1,0.1,marginal,1,1,1
2025-11-08,D1,Hoffenheim,RB Leipzig,0,0.1,marginal,1,1,1
2025-11-08,D1,Leverkusen,Heidenheim,0,0.1,marginal,1,0,0
2025-11-08,D1,Union Berlin,Bayern Munich,1,0.1,marginal,0,0,1
2025-11-08,I1,Lecce,Verona,1,0.1,marginal,1,1,1
2025-11-08,I1,Juventus,Torino,1,0.1,marginal,1,1,0
2025-11-08,I1,Parma,Milan,1,0.1,marginal,0,1,1
2025-11-08,D1,M'gladbach,FC Koln,0,0.1,marginal,1,1,1
2025-11-08,I1,Como,Cagliari,1,0.1,marginal,1,1,0
2025-11-09,I1,Genoa,Fiorentina,1,0.1,marginal,1,1,1
2025-11-09,E0,Man City,Liverpool,0,0.1,marginal,1,1,1
2025-11-09,E0,Nott'm Forest,Leeds,0,0.1,marginal,1,1,1
2025-11-09,E0,Crystal Palace,Brighton,1,0.1,marginal,1,1,1
2025-11-09,F1,Strasbourg,Lille,0,0.1,marginal,1,1,1
2025-11-09,I1,Roma,Udinese,0,0.1,marginal,1,1,0
2025-11-09,I1,Inter,Lazio,0,0.1,marginal,1,0,0
2025-11-09,I1,Bologna,Napoli,0,0.1,marginal,1,1,1
2025-11-09,E0,Brentford,Newcastle,0,0.1,marginal,1,1,1
2025-11-09,I1,Atalanta,Sassuolo,2,0.1,marginal,1,0,0
2025-11-09,SP1,Mallorca,Getafe,0,0.1,marginal,1,1,1
2025-11-09,E0,Aston Villa,Bournemouth,0,0.1,marginal,1,1,1
2025-11-09,D1,Stuttgart,Augsburg,0,0.1,marginal,1,1,0
2025-11-09,F1,Angers,Auxerre,0,0.1,marginal,1,1,1
2025-11-09,SP1,Ath Bilbao,Oviedo,0,0.1,marginal,1,1,0
2025-11-09,SP1,Valencia,Betis,1,0.1,marginal,1,1,1
2025-11-09,D1,Freiburg,St Pauli,0,0.1,marginal,1,1,0
2025-11-09,D1,Ein Frankfurt,Mainz,0,0.1,marginal,1,1,1
2025-11-09,F1,Lorient,Toulouse,1,0.1,marginal,1,1,1
2025-11-09,F1,Metz,Nice,0,0.1,marginal,1,1,1
2025-11-09,F1,Lyon,Paris SG,2,0.1,marginal,0,1,1
2025-11-09,SP1,Vallecano,Real Madrid,1,0.1,marginal,0,0,1
2025-11-09,SP1,Celta,Barcelona,2,0.1,marginal,1,1,1
2025-11-21,SP1,Valencia,Levante,0,0.1,marginal,1,1,1
2025-11-21,D1,Mainz,Hoffenheim,1,0.1,marginal,1,1,1
2025-11-21,F1,Nice,Marseille,2,0.1,marginal,1,1,1
2025-11-22,SP1,Villarreal,Mallorca,0,0.1,marginal,1,0,0
2025-11-22,SP1,Alaves,Celta,2,0.1,marginal,1,1,1
2025-11-22,SP1,Barcelona,Ath Bilbao,0,0.1,marginal,1,0,0
2025-11-22,SP1,Osasuna,Sociedad,2,0.1,marginal,1,1,1
2025-11-22,D1,Augsburg,Hamburg,0,0.1,marginal,1,1,1
2025-11-22,D1,FC Koln,Ein Frankfurt,2,0.1,marginal,1,1,1
2025-11-22,I1,Udinese,Bologna,2,0.1,marginal,1,1,1
2025-11-22,F1,Lens,Strasbourg,0,0.1,marginal,1,1,1
2025-11-22,F1,Rennes,Monaco,0,0.1,marginal,1,1,1
2025-11-22,F1,Paris SG,Le Havre,0,0.1,marginal,1,0,0
2025-11-22,I1,Cagliari,Genoa,1,0.1,marginal,1,1,1
2025-11-22,D1,Wolfsburg,Leverkusen,2,0.1,marginal,1,1,1
2025-11-22,E0,Newcastle,Man City,0,0.1,marginal,1,1,1
2025-11-22,I1,Napoli,Atalanta,0,0.1,marginal,1,1,1
2025-11-22,E0,Bournemouth,West Ham,1,0.1,marginal,1,1,0
2025-11-22,E0,Fulham,Sunderland,0,0.1,marginal,1,1,1
2025-11-22,E0,Liverpool,Nott'm Forest,2,0.1,marginal,1,1,0
2025-11-22,E0,Wolves,Crystal Palace,2,0.1,marginal,1,1,1
2025-11-22,E0,Brighton,Brentford,0,0.1,marginal,1,1,1
2025-11-22,E0,Burnley,Chelsea,2,0.1,marginal,0,1,1
2025-11-22,I1,Fiorentina,Juventus,1,0.1,marginal,1,1,1
2025-11-22,D1,Dortmund,Stuttgart,1,0.1,marginal,1,1,1
2025-11-22,D1,Bayern Munich,Freiburg,0,0.1,marginal,1,0,0
2025-11-22,D1,Heidenheim,M'gladbach,2,0.1,marginal,1,1,1
2025-11-23,F1,Nantes,Lorient,1,0.1,marginal,1,1,1
2025-11-23,I1,Inter,Milan,2,0.1,marginal,1,1,1
2025-11-23,D1,RB Leipzig,Werder Bremen,0,0.1,marginal,1,0,0
2025-11-23,I1,Lazio,Lecce,0,0.1,marginal,1,1,0
2025-11-23,I1,Cremonese,Roma,2,0.1,marginal,0,1,1
2025-11-23,I1,Verona,Parma,2,0.1,marginal,1,1,1
2025-11-23,F1,Toulouse,Angers,2,0.1,marginal,1,1,0
2025-11-23,F1,Brest,Metz,0,0.1,marginal,1,1,1
2025-11-23,F1,Lille,Paris FC,0,0.1,marginal,1,1,0
2025-11-23,E0,Leeds,Aston Villa,2,0.1,marginal,1,1,1
2025-11-23,D1,St Pauli,Union Berlin,2,0.1,marginal,1,1,1
2025-11-23,E0,Arsenal,Tottenham,0,0.1,marginal,1,1,0
2025-11-23,SP1,Oviedo,Vallecano,1,0.1,marginal,1,1,1
2025-11-23,SP1,Getafe,Ath Madrid,2,0.1,marginal,0,1,1
2025-11-23,SP1,Betis,Girona,1,0.1,marginal,1,0,0
2025-11-23,SP1,Elche,Real Madrid,1,0.1,marginal,0,0,1
2025-11-23,F1,Auxerre,Lyon,1,0.1,marginal,1,1,1
2025-11-24,E0,Man United,Everton,2,0.1,marginal,1,1,1
2025-11-24,I1,Sassuolo,Pisa,1,0.1,marginal,1,1,1
2025-11-24,I1,Torino,Como,2,0.1,marginal,1,1,1
2025-11-24,SP1,Espanol,Sevilla,0,0.1,marginal,1,1,1
2025-11-28,SP1,Getafe,Elche,0,0.1,marginal,1,1,1
2025-11-28,I1,Como,Sassuolo,0,0.1,marginal,1,1,1
2025-11-28,D1,M'gladbach,RB Leipzig,1,0.1,marginal,1,1,1
2025-11-28,F1,Metz,Rennes,2,0.1,marginal,1,1,1
2025-11-29,SP1,Levante,Ath Bilbao,2,0.1,marginal,1,1,1
2025-11-29,E0,Everton,Newcastle,2,0.1,marginal,1,1,1
2025-11-29,E0,Sunderland,Bournemouth,0,0.1,marginal,1,1,1
2025-11-29,E0,Tottenham,Fulham,2,0.1,marginal,1,1,1
2025-11-29,E0,Brentford,Burnley,0,0.1,marginal,1,1,0
2025-11-29,F1,Monaco,Paris SG,0,0.1,marginal,1,1,1
2025-11-29,SP1,Mallorca,Osasuna,1,0.1,marginal,1,1,1
2025-11-29,F1,Paris FC,Auxerre,1,0.1,marginal,1,1,1
2025-11-29,F1,Marseille,Toulouse,1,0.1,marginal,1,1,0
2025-11-29,D1,Leverkusen,Dortmund,2,0.1,marginal,1,1,1
2025-11-29,E0,Man City,Leeds,0,0.1,marginal,1,0,0
2025-11-29,D1,Bayern Munich,St Pauli,0,0.1,marginal,1,0,0
2025-11-29,D1,Hoffenheim,Augsburg,0,0.1,marginal,1,1,1
2025-11-29,SP1,Ath Madrid,Oviedo,0,0.1,marginal,1,0,0
2025-11-29,D1,Union Berlin,Heidenheim,2,0.1,marginal,1,1,0
2025-11-29,D1,Werder Bremen,FC Koln,1,0.1,marginal,1,1,1
2025-11-29,I1,Juventus,Cagliari,0,0.1,marginal,1,0,0
2025-11-29,I1,Genoa,Verona,0,0.1,marginal,1,1,0
2025-11-29,I1,Milan,Lazio,0,0.1,marginal,1,1,0
2025-11-29,SP1,Barcelona,Alaves,0,0.1,marginal,1,0,0
2025-11-29,I1,Parma,Udinese,2,0.1,marginal,1,1,1
2025-11-30,D1,Hamburg,Stuttgart,0,0.1,marginal,1,1,1
2025-11-30,F1,Le Havre,Lille,2,0.1,marginal,0,1,1
2025-11-30,F1,Lyon,Nantes,0,0.1,marginal,1,0,0
2025-11-30,F1,Lorient,Nice,0,0.1,marginal,1,1,1
2025-11-30,SP1,Girona,Real Madrid,1,0.1,marginal,0,0,1
2025-11-30,I1,Roma,Napoli,2,0.1,marginal,1,1,1
2025-11-30,SP1,Sevilla,Betis,2,0.1,marginal,1,1,1
2025-11-30,D1,Ein Frankfurt,Wolfsburg,1,0.1,marginal,1,1,1
2025-11-30,SP1,Sociedad,Villarreal,2,0.1,marginal,1,1,1
2025-11-30,D1,Freiburg,Mainz,0,0.1,marginal,1,1,0
2025-11-30,SP1,Celta,Espanol,2,0.1,marginal,1,1,1
2025-11-30,I1,Lecce,Torino,0,0.1,marginal,1,1,1
2025-11-30,I1,Pisa,Inter,2,0.1,marginal,0,0,1
2025-11-30,F1,Angers,Lens,2,0.1,marginal,0,1,1
2025-11-30,F1,Strasbourg,Brest,2,0.1,marginal,1,1,1
2025-11-30,E0,Crystal Palace,Man United,2,0.1,marginal,1,1,1
2025-11-30,I1,Atalanta,Fiorentina,0,0.1,marginal,1,1,0
2025-11-30,E0,Nott'm Forest,Brighton,2,0.1,marginal,1,1,1
2025-11-30,E0,West Ham,Liverpool,2,0.1,marginal,0,0,1
2025-11-30,E0,Chelsea,Arsenal,1,0.1,marginal,1,1,1
2025-11-30,E0,Aston Villa,Wolves,0,0.1,marginal,1,1,0
2025-12-01,SP1,Vallecano,Valencia,1,0.1,marginal,1,1,1
2025-12-01,I1,Bologna,Cremonese,2,0.1,marginal,1,1,0
2025-12-02,E0,Fulham,Man City,2,0.1,marginal,0,1,1
2025-12-02,E0,Newcastle,Tottenham,1,0.1,marginal,1,1,1
2025-12-02,SP1,Barcelona,Ath Madrid,0,0.1,marginal,1,1,1
2025-12-02,E0,Bournemouth,Everton,2,0.1,marginal,1,1,1
2025-12-03,E0,Wolves,Nott'm Forest,2,0.1,marginal,1,1,1
2025-12-03,E0,Leeds,Chelsea,0,0.1,marginal,1,1,1
2025-12-03,E0,Burnley,Crystal Palace,2,0.1,marginal,0,1,1
2025-12-03,E0,Brighton,Aston Villa,2,0.1,marginal,1,1,1
2025-12-03,E0,Liverpool,Sunderland,1,0.1,marginal,1,0,0
2025-12-03,SP1,Ath Bilbao,Real Madrid,2,0.1,marginal,1,1,1
2025-12-03,E0,Arsenal,Brentford,0,0.1,marginal,1,0,0
2025-12-04,E0,Man United,West Ham,1,0.1,marginal,1,0,0
2025-12-05,SP1,Oviedo,Mallorca,1,0.1,marginal,1,1,1
2025-12-05,F1,Brest,Monaco,0,0.1,marginal,1,1,1
2025-12-05,D1,Mainz,M'gladbach,2,0.1,marginal,1,1,1
2025-12-05,F1,Lille,Marseille,0,0.1,marginal,1,1,1
2025-12-06,E0,Newcastle,Burnley,0,0.1,marginal,1,0,0
2025-12-06,F1,Nantes,Lens,2,0.1,marginal,0,1,1
2025-12-06,E0,Everton,Nott'm Forest,0,0.1,marginal,1,1,1
2025-12-06,E0,Man City,Sunderland,0,0.1,marginal,1,0,0
2025-12-06,I1,Inter,Como,0,0.1,marginal,1,1,0
2025-12-06,I1,Verona,Atalanta,0,0.1,marginal,0,1,1
2025-12-06,E0,Bournemouth,Chelsea,1,0.1,marginal,1,1,1
2025-12-06,F1,Paris SG,Rennes,0,0.1,marginal,1,0,0
2025-12-06,E0,Tottenham,Brentford,0,0.1,marginal,1,1,1
2025-12-06,E0,Aston Villa,Arsenal,0,0.1,marginal,1,1,1
2025-12-06,E0,Leeds,Liverpool,1,0.1,marginal,1,1,1
2025-12-06,SP1,Villarreal,Getafe,0,0.1,marginal,1,1,0
2025-12-06,SP1,Ath Bilbao,Ath Madrid,0,0.1,marginal,1,1,1
2025-12-06,F1,Toulouse,Strasbourg,0,0.1,marginal,1,1,1
2025-12-06,D1,RB Leipzig,Ein Frankfurt,0,0.1,marginal,1,1,1
2025-12-06,I1,Sassuolo,Fiorentina,0,0.1,marginal,1,1,1
2025-12-06,D1,Augsburg,Leverkusen,0,0.1,marginal,1,1,1
2025-12-06,SP1,Alaves,Sociedad,0,0.1,marginal,1,1,1
2025-12-06,D1,Heidenheim,Freiburg,0,0.1,marginal,0,1,1
2025-12-06,D1,Stuttgart,Bayern Munich,2,0.1,marginal,1,0,1
2025-12-06,D1,Wolfsburg,Union Berlin,0,0.1,marginal,1,1,1
2025-12-06,SP1,Betis,Barcelona,2,0.1,marginal,1,1,1
2025-12-06,D1,FC Koln,St Pauli,1,0.1,marginal,1,1,1
2025-12-07,D1,Hamburg,Werder Bremen,0,0.1,marginal,1,1,1
2025-12-07,F1,Lorient,Lyon,0,0.1,marginal,1,1,1
2025-12-07,SP1,Elche,Girona,0,0.1,marginal,1,1,1
2025-12-07,E0,Brighton,West Ham,1,0.1,marginal,1,1,0
2025-12-07,I1,Napoli,Juventus,0,0.1,marginal,1,1,1
2025-12-07,D1,Dortmund,Hoffenheim,0,0.1,marginal,1,0,0
2025-12-07,I1,Cremonese,Lecce,0,0.1,marginal,1,1,1
2025-12-07,F1,Le Havre,Paris FC,1,0.1,marginal,1,1,1
2025-12-07,I1,Lazio,Bologna,1,0.1,marginal,1,1,1
2025-12-07,SP1,Real Madrid,Celta,2,0.1,marginal,1,0,0
2025-12-07,E0,Fulham,Crystal Palace,2,0.1,marginal,1,1,1
2025-12-07,I1,Cagliari,Roma,0,0.1,marginal,0,1,1
2025-12-07,F1,Auxerre,Metz,0,0.1,marginal,1,1,1
2025-12-07,F1,Nice,Angers,2,0.1,marginal,1,1,0
2025-12-07,SP1,Valencia,Sevilla,1,0.1,marginal,1,1,1
2025-12-07,SP1,Espanol,Vallecano,0,0.1,marginal,1,1,1
2025-12-08,I1,Pisa,Parma,2,0.1,marginal,1,1,1
2025-12-08,I1,Torino,Milan,2,0.1,marginal,0,1,1
2025-12-08,I1,Udinese,Genoa,2,0.1,marginal,1,1,1
2025-12-08,E0,Wolves,Man United,2,0.1,marginal,0,1,1
2025-12-08,SP1,Osasuna,Levante,0,0.1,marginal,1,1,0
2025-12-12,I1,Lecce,Pisa,0,0.1,marginal,1,1,1
2025-12-12,F1,Angers,Nantes,0,0.1,marginal,1,1,1
2025-12-12,D1,Union Berlin,RB Leipzig,0,0.1,marginal,1,1,1
2025-12-12,SP1,Sociedad,Girona,2,0.1,marginal,1,1,1
2025-12-13,SP1,Mallorca,Elche,0,0.1,marginal,1,1,1
2025-12-13,E0,Chelsea,Everton,0,0.1,marginal,1,1,0
2025-12-13,F1,Paris FC,Toulouse,2,0.1,marginal,1,1,1
2025-12-13,I1,Parma,Lazio,2,0.1,marginal,1,1,1
2025-12-13,I1,Atalanta,Cagliari,0,0.1,marginal,1,0,0
2025-12-13,SP1,Getafe,Espanol,2,0.1,marginal,1,1,1
2025-12-13,SP1,Barcelona,Osasuna,0,0.1,marginal,1,0,0
2025-12-13,E0,Arsenal,Wolves,0,0.1,marginal,1,0,0
2025-12-13,SP1,Ath Madrid,Valencia,0,0.1,marginal,1,0,0
2025-12-13,I1,Torino,Cremonese,0,0.1,marginal,1,1,1
2025-12-13,F1,Metz,Paris SG,2,0.1,marginal,0,0,1
2025-12-13,F1,Rennes,Brest,0,0.1,marginal,1,1,1
2025-12-13,D1,Leverkusen,FC Koln,0,0.1,marginal,1,1,1
2025-12-13,D1,St Pauli,Heidenheim,0,0.1,marginal,1,1,1
2025-12-13,D1,M'gladbach,Wolfsburg,2,0.1,marginal,1,1,1
2025-12-13,D1,Hoffenheim,Hamburg,0,0.1,marginal,1,1,1
2025-12-13,D1,Ein Frankfurt,Augsburg,0,0.1,marginal,1,1,1
2025-12-13,E0,Burnley,Fulham,2,0.1,marginal,1,1,1
2025-12-13,E0,Liverpool,Brighton,0,0.1,marginal,1,1,1
2025-12-14,E0,Crystal Palace,Man City,2,0.1,marginal,1,1,1
2025-12-14,I1,Bologna,Juventus,2,0.1,marginal,1,1,1
2025-12-14,I1,Genoa,Inter,2,0.1,marginal,0,1,1
2025-12-14,I1,Udinese,Napoli,0,0.1,marginal,1,1,1
2025-12-14,F1,Marseille,Monaco,0,0.1,marginal,1,1,1
2025-12-14,I1,Milan,Sassuolo,1,0.1,marginal,1,1,0
2025-12-14,SP1,Celta,Ath Bilbao,0,0.1,marginal,1,1,1
2025-12-14,E0,Nott'm Forest,Tottenham,0,0.1,marginal,1,1,1
2025-12-14,I1,Fiorentina,Verona,2,0.1,marginal,1,1,1
2025-12-14,E0,Sunderland,Newcastle,0,0.1,marginal,1,1,1
2025-12-14,E0,West Ham,Aston Villa,2,0.1,marginal,1,1,1
2025-12-14,D1,Werder Bremen,Stuttgart,2,0.1,marginal,1,1,1
2025-12-14,D1,Bayern Munich,Mainz,1,0.1,marginal,1,0,0
2025-12-14,F1,Strasbourg,Lorient,1,0.1,marginal,1,1,1
2025-12-14,SP1,Alaves,Real Madrid,2,0.1,marginal,0,1,1
2025-12-14,D1,Freiburg,Dortmund,1,0.1,marginal,1,1,1
2025-12-14,SP1,Sevilla,Oviedo,0,0.1,marginal,1,1,1
2025-12-14,F1,Lens,Nice,0,0.1,marginal,1,1,0
2025-12-14,F1,Auxerre,Lille,2,0.1,marginal,1,1,1
2025-12-14,F1,Lyon,Le Havre,0,0.1,marginal,1,1,0
2025-12-14,E0,Brentford,Leeds,1,0.1,marginal,1,1,1
2025-12-15,E0,Man United,Bournemouth,1,0.1,marginal,1,1,1
2025-12-15,I1,Roma,Como,0,0.1,marginal,1,1,1
2025-12-15,SP1,Vallecano,Betis,1,0.1,marginal,1,1,1
2025-12-19,D1,Dortmund,M'gladbach,0,0.1,marginal,1,0,0
2025-12-19,SP1,Valencia,Mallorca,1,0.1,marginal,1,1,1
2025-12-20,I1,Juventus,Roma,0,0.1,marginal,1,1,1
2025-12-20,E0,Everton,Arsenal,2,0.1,marginal,0,1,1
2025-12-20,SP1,Levante,Sociedad,1,0.1,marginal,1,1,1
2025-12-20,E0,Leeds,Crystal Palace,0,0.1,marginal,1,1,1
2025-12-20,SP1,Osasuna,Alaves,0,0.1,marginal,1,1,1
2025-12-20,SP1,Oviedo,Celta,1,0.1,marginal,1,1,1
2025-12-20,E0,Man City,West Ham,0,0.1,marginal,1,0,0
2025-12-20,E0,Wolves,Brentford,2,0.1,marginal,1,1,1
2025-12-20,SP1,Real Madrid,Sevilla,0,0.1,marginal,1,0,0
2025-12-20,I1,Lazio,Cremonese,1,0.1,marginal,1,1,0
2025-12-20,E0,Tottenham,Liverpool,2,0.1,marginal,1,1,1
2025-12-20,E0,Bournemouth,Burnley,1,0.1,marginal,1,0,0
2025-12-20,E0,Brighton,Sunderland,1,0.1,marginal,1,1,1
2025-12-20,D1,Augsburg,Werder Bremen,1,0.1,marginal,1,1,1
2025-12-20,D1,FC Koln,Union Berlin,2,0.1,marginal,1,1,1
2025-12-20,D1,RB Leipzig,Leverkusen,2,0.1,marginal,1,1,1
2025-12-20,D1,Wolfsburg,Freiburg,2,0.1,marginal,1,1,1
2025-12-20,D1,Stuttgart,Hoffenheim,1,0.1,marginal,1,1,1
2025-12-20,D1,Hamburg,Ein Frankfurt,1,0.1,marginal,1,1,1
2025-12-20,E0,Newcastle,Chelsea,1,0.1,marginal,1,1,1
2025-12-21,SP1,Villarreal,Barcelona,2,0.1,marginal,1,1,1
2025-12-21,SP1,Elche,Vallecano,0,0.1,marginal,1,1,1
2025-12-21,SP1,Betis,Getafe,0,0.1,marginal,1,1,0
2025-12-21,I1,Genoa,Atalanta,2,0.1,marginal,1,1,1
2025-12-21,I1,Fiorentina,Udinese,0,0.1,marginal,1,1,1
2025-12-21,I1,Sassuolo,Torino,2,0.1,marginal,1,1,1
2025-12-21,D1,Heidenheim,Bayern Munich,2,0.1,marginal,0,0,1
2025-12-21,I1,Cagliari,Pisa,1,0.1,marginal,1,1,1
2025-12-21,E0,Aston Villa,Man United,0,0.1,marginal,1,1,1
2025-12-21,SP1,Girona,Ath Madrid,2,0.1,marginal,0,1,1
2025-12-21,D1,Mainz,St Pauli,1,0.1,marginal,1,1,1
2025-12-22,SP1,Ath Bilbao,Espanol,2,0.1,marginal,1,1,0
2025-12-22,E0,Fulham,Nott'm Forest,0,0.1,marginal,1,1,1
2025-12-26,E0,Man United,Newcastle,0,0.1,marginal,1,1,1
2025-12-27,E0,Nott'm Forest,Man City,2,0.1,marginal,0,1,1
2025-12-27,E0,Brentford,Bournemouth,0,0.1,marginal,1,1,1
2025-12-27,E0,Chelsea,Aston Villa,2,0.1,marginal,1,1,1
2025-12-27,E0,West Ham,Fulham,2,0.1,marginal,1,1,1
2025-12-27,E0,Arsenal,Brighton,0,0.1,marginal,1,0,0
2025-12-27,E0,Liverpool,Wolves,0,0.1,marginal,1,0,0
2025-12-27,I1,Udinese,Lazio,1,0.1,marginal,1,1,1
2025-12-27,E0,Burnley,Everton,1,0.1,marginal,1,1,1
2025-12-27,I1,Pisa,Juventus,2,0.1,marginal,0,1,1
2025-12-27,I1,Torino,Cagliari,2,0.1,marginal,1,1,0
2025-12-27,I1,Lecce,Como,2,0.1,marginal,0,1,1
2025-12-27,I1,Parma,Fiorentina,0,0.1,marginal,1,1,1
2025-12-28,I1,Atalanta,Inter,2,0.1,marginal,1,1,1
2025-12-28,I1,Milan,Verona,0,0.1,marginal,1,0,0
2025-12-28,I1,Cremonese,Napoli,2,0.1,marginal,0,1,1
2025-12-28,E0,Crystal Palace,Tottenham,2,0.1,marginal,1,1,1
2025-12-28,E0,Sunderland,Leeds,1,0.1,marginal,1,1,1
2025-12-28,I1,Bologna,Sassuolo,1,0.1,marginal,1,1,1
2025-12-29,I1,Roma,Genoa,0,0.1,marginal,1,1,0
2025-12-30,E0,Man United,Wolves,1,0.1,marginal,1,0,0
2025-12-30,E0,West Ham,Brighton,1,0.1,marginal,1,1,1
2025-12-30,E0,Nott'm Forest,Everton,2,0.1,marginal,1,1,1
2025-12-30,E0,Chelsea,Bournemouth,1,0.1,marginal,1,1,0
2025-12-30,E0,Burnley,Newcastle,2,0.1,marginal,0,1,1
2025-12-30,E0,Arsenal,Aston Villa,0,0.1,marginal,1,0,0
2026-01-01,E0,Crystal Palace,Fulham,1,0.1,marginal,1,1,1
2026-01-01,E0,Sunderland,Man City,1,0.1,marginal,0,0,1
2026-01-01,E0,Liverpool,Leeds,1,0.1,marginal,1,1,0
2026-01-01,E0,Brentford,Tottenham,1,0.1,marginal,1,1,1
2026-01-02,I1,Cagliari,Milan,2,0.1,marginal,0,1,1
2026-01-02,F1,Toulouse,Lens,2,0.1,marginal,1,1,1
2026-01-02,SP1,Vallecano,Getafe,1,0.1,marginal,1,1,1
2026-01-03,SP1,Espanol,Barcelona,2,0.1,marginal,0,0,1
2026-01-03,I1,Sassuolo,Parma,1,0.1,marginal,1,1,1
2026-01-03,F1,Monaco,Lyon,2,0.1,marginal,1,1,1
2026-01-03,I1,Atalanta,Roma,0,0.1,marginal,1,1,1
2026-01-03,I1,Juventus,Lecce,1,0.1,marginal,1,0,0
2026-01-03,SP1,Elche,Villarreal,2,0.1,marginal,1,1,1
2026-01-03,F1,Lille,Rennes,2,0.1,marginal,1,1,0
2026-01-03,SP1,Celta,Valencia,0,0.1,marginal,1,1,1
2026-01-03,I1,Genoa,Pisa,1,0.1,marginal,1,1,0
2026-01-03,F1,Nice,Strasbourg,1,0.1,marginal,1,1,1
2026-01-03,E0,Bournemouth,Arsenal,2,0.1,marginal,0,1,1
2026-01-03,E0,Aston Villa,Nott'm Forest,0,0.1,marginal,1,1,1
2026-01-03,E0,Brighton,Burnley,0,0.1,marginal,1,0,0
2026-01-03,E0,Wolves,West Ham,0,0.1,marginal,1,1,1
2026-01-03,SP1,Osasuna,Ath Bilbao,1,0.1,marginal,1,1,1
2026-01-03,I1,Como,Udinese,0,0.1,marginal,1,1,0
2026-01-04,SP1,Real Madrid,Betis,0,0.1,marginal,1,0,0
2026-01-04,SP1,Sevilla,Levante,2,0.1,marginal,1,1,0
2026-01-04,I1,Inter,Bologna,0,0.1,marginal,1,0,0
2026-01-04,F1,Lorient,Metz,1,0.1,marginal,1,1,1
2026-01-04,I1,Fiorentina,Cremonese,0,0.1,marginal,1,1,0
2026-01-04,I1,Lazio,Napoli,2,0.1,marginal,1,1,1
2026-01-04,SP1,Mallorca,Girona,2,0.1,marginal,1,1,1
2026-01-04,I1,Verona,Torino,2,0.1,marginal,1,1,1
2026-01-04,F1,Paris SG,Paris FC,0,0.1,marginal,1,0,0
2026-01-04,SP1,Alaves,Oviedo,1,0.1,marginal,1,1,0
2026-01-04,F1,Le Havre,Angers,0,0.1,marginal,1,1,1
2026-01-04,E0,Fulham,Liverpool,1,0.1,marginal,1,1,1
2026-01-04,F1,Marseille,Nantes,2,0.1,marginal,1,0,0
2026-01-04,E0,Leeds,Man United,1,0.1,marginal,1,1,1
2026-01-04,E0,Everton,Brentford,2,0.1,marginal,1,1,1
2026-01-04,E0,Man City,Chelsea,1,0.1,marginal,1,0,0
2026-01-04,F1,Brest,Auxerre,0,0.1,marginal,1,1,1
2026-01-04,E0,Newcastle,Crystal Palace,0,0.1,marginal,1,1,0
2026-01-04,E0,Tottenham,Sunderland,1,0.1,marginal,1,1,1
2026-01-04,SP1,Sociedad,Ath Madrid,1,0.1,marginal,1,1,1
2026-01-06,I1,Lecce,Roma,2,0.1,marginal,0,1,1
2026-01-06,E0,West Ham,Nott'm Forest,2,0.1,marginal,1,1,1
2026-01-06,I1,Sassuolo,Juventus,2,0.1,marginal,0,1,1
2026-01-06,I1,Pisa,Como,2,0.1,marginal,0,1,1
2026-01-07,E0,Man City,Brighton,1,0.1,marginal,1,0,0
2026-01-07,E0,Burnley,Man United,1,0.1,marginal,0,1,1
2026-01-07,E0,Brentford,Sunderland,0,0.1,marginal,1,1,1
2026-01-07,E0,Everton,Wolves,1,0.1,marginal,1,1,1
2026-01-07,E0,Newcastle,Leeds,0,0.1,marginal,1,1,0
2026-01-07,E0,Fulham,Chelsea,0,0.1,marginal,1,1,1
2026-01-07,E0,Bournemouth,Tottenham,0,0.1,marginal,1,1,1
2026-01-07,E0,Crystal Palace,Aston Villa,1,0.1,marginal,1,1,1
2026-01-07,I1,Bologna,Atalanta,2,0.1,marginal,1,1,1
2026-01-07,I1,Napoli,Verona,1,0.1,marginal,1,0,0
2026-01-07,I1,Parma,Inter,2,0.1,marginal,0,0,1
2026-01-07,I1,Torino,Udinese,2,0.1,marginal,1,1,1
2026-01-07,I1,Lazio,Fiorentina,1,0.1,marginal,1,1,1
2026-01-08,I1,Milan,Genoa,1,0.1,marginal,1,1,0
2026-01-08,E0,Arsenal,Liverpool,1,0.1,marginal,1,1,0
2026-01-08,I1,Cremonese,Cagliari,1,0.1,marginal,1,1,1
2026-01-09,D1,Ein Frankfurt,Dortmund,1,0.1,marginal,1,1,1
2026-01-09,SP1,Getafe,Sociedad,2,0.1,marginal,1,1,1
2026-01-10,D1,Heidenheim,FC Koln,1,0.1,marginal,1,1,1
2026-01-10,SP1,Valencia,Elche,1,0.1,marginal,1,1,1
2026-01-10,SP1,Girona,Osasuna,0,0.1,marginal,1,1,1
2026-01-10,SP1,Villarreal,Alaves,0,0.1,marginal,1,1,0
2026-01-10,D1,Leverkusen,Stuttgart,2,0.1,marginal,1,1,1
2026-01-10,SP1,Oviedo,Betis,1,0.1,marginal,1,1,1
2026-01-10,D1,Freiburg,Hamburg,0,0.1,marginal,1,1,0
2026-01-10,D1,Union Berlin,Mainz,1,0.1,marginal,1,1,1
2026-01-10,I1,Udinese,Pisa,1,0.1,marginal,1,1,1
2026-01-10,I1,Como,Bologna,1,0.1,marginal,1,1,1
2026-01-10,I1,Atalanta,Torino,0,0.1,marginal,1,1,0
2026-01-10,I1,Roma,Sassuolo,0,0.1,marginal,1,1,0
2026-01-11,I1,Lecce,Parma,2,0.1,marginal,1,1,1
2026-01-11,D1,Bayern Munich,Wolfsburg,0,0.1,marginal,1,0,0
2026-01-11,SP1,Levante,Espanol,1,0.1,marginal,1,1,1
2026-01-11,I1,Verona,Lazio,2,0.1,marginal,1,1,1
2026-01-11,D1,M'gladbach,Augsburg,0,0.1,marginal,1,1,1
2026-01-11,I1,Inter,Napoli,1,0.1,marginal,1,1,0
2026-01-11,I1,Fiorentina,Milan,1,0.1,marginal,1,1,1
2026-01-11,SP1,Vallecano,Mallorca,0,0.1,marginal,1,1,0
2026-01-12,I1,Juventus,Cremonese,0,0.1,marginal,1,0,0
2026-01-12,I1,Genoa,Cagliari,0,0.1,marginal,1,1,1
2026-01-12,SP1,Sevilla,Celta,2,0.1,marginal,1,1,1
2026-01-13,D1,Mainz,Heidenheim,0,0.1,marginal,1,1,0
2026-01-13,D1,Stuttgart,Ein Frankfurt,0,0.1,marginal,1,1,0
2026-01-13,D1,Dortmund,Werder Bremen,0,0.1,marginal,1,0,0
2026-01-14,I1,Napoli,Parma,1,0.1,marginal,1,0,0
2026-01-14,D1,Wolfsburg,St Pauli,0,0.1,marginal,1,1,1
2026-01-14,I1,Inter,Lecce,0,0.1,marginal,1,0,0
2026-01-14,D1,FC Koln,Bayern Munich,2,0.1,marginal,0,0,1
2026-01-14,D1,Hoffenheim,M'gladbach,0,0.1,marginal,1,1,1
2026-01-14,D1,RB Leipzig,Freiburg,0,0.1,marginal,1,1,1
2026-01-15,I1,Verona,Bologna,2,0.1,marginal,1,1,1
2026-01-15,I1,Como,Milan,2,0.1,marginal,1,1,1
2026-01-15,D1,Augsburg,Union Berlin,1,0.1,marginal,1,1,1
2026-01-16,F1,Paris SG,Lille,0,0.1,marginal,1,0,0
2026-01-16,SP1,Espanol,Girona,2,0.1,marginal,1,1,1
2026-01-16,I1,Pisa,Atalanta,1,0.1,marginal,0,1,1
2026-01-16,D1,Werder Bremen,Ein Frankfurt,1,0.1,marginal,1,1,1
2026-01-16,F1,Monaco,Lorient,2,0.1,marginal,1,1,0
2026-01-17,SP1,Osasuna,Oviedo,0,0.1,marginal,1,1,0
2026-01-17,D1,Hoffenheim,Leverkusen,0,0.1,marginal,1,1,1
2026-01-17,SP1,Betis,Villarreal,0,0.1,marginal,1,1,1
2026-01-17,I1,Cagliari,Juventus,0,0.1,marginal,0,1,1
2026-01-17,E0,Nott'm Forest,Arsenal,1,0.1,marginal,0,1,1
2026-01-17,F1,Angers,Marseille,2,0.1,marginal,0,1,1
2026-01-17,F1,Toulouse,Nice,0,0.1,marginal,1,1,1
2026-01-17,F1,Lens,Auxerre,0,0.1,marginal,1,1,0
2026-01-17,SP1,Mallorca,Ath Bilbao,0,0.1,marginal,1,1,1
2026-01-17,I1,Napoli,Sassuolo,0,0.1,marginal,1,1,0
2026-01-17,SP1,Real Madrid,Levante,0,0.1,marginal,1,0,0
2026-01-17,D1,RB Leipzig,Bayern Munich,2,0.1,marginal,1,1,1
2026-01-17,E0,Chelsea,Brentford,0,0.1,marginal,1,1,1
2026-01-17,D1,Dortmund,St Pauli,0,0.1,marginal,1,0,0
2026-01-17,E0,Tottenham,West Ham,2,0.1,marginal,1,1,1
2026-01-17,E0,Sunderland,Crystal Palace,0,0.1,marginal,1,1,1
2026-01-17,D1,FC Koln,Mainz,0,0.1,marginal,1,1,1
2026-01-17,E0,Man United,Man City,0,0.1,marginal,1,1,1
2026-01-17,I1,Udinese,Inter,2,0.1,marginal,0,1,1
2026-01-17,D1,Wolfsburg,Heidenheim,1,0.1,marginal,1,1,0
2026-01-17,E0,Liverpool,Burnley,1,0.1,marginal,1,0,0
2026-01-17,E0,Leeds,Fulham,0,0.1,marginal,1,1,1
2026-01-17,D1,Hamburg,M'gladbach,1,0.1,marginal,1,1,1
2026-01-18,SP1,Ath Madrid,Alaves,0,0.1,marginal,1,0,0
2026-01-18,SP1,Sociedad,Barcelona,0,0.1,marginal,0,1,1
2026-01-18,SP1,Celta,Vallecano,0,0.1,marginal,1,1,0
2026-01-18,D1,Stuttgart,Union Berlin,1,0.1,marginal,1,1,0
2026-01-18,E0,Wolves,Newcastle,1,0.1,marginal,0,1,1
2026-01-18,E0,Aston Villa,Everton,2,0.1,marginal,1,1,0
2026-01-18,D1,Augsburg,Freiburg,1,0.1,marginal,1,1,1
2026-01-18,SP1,Getafe,Valencia,2,0.1,marginal,1,1,1
2026-01-18,I1,Torino,Roma,2,0.1,marginal,1,1,1
2026-01-18,F1,Rennes,Le Havre,1,0.1,marginal,1,1,0
2026-01-18,F1,Nantes,Paris FC,2,0.1,marginal,1,1,1
2026-01-18,F1,Strasbourg,Metz,0,0.1,marginal,1,0,0
2026-01-18,I1,Bologna,Fiorentina,2,0.1,marginal,1,1,1
2026-01-18,I1,Parma,Genoa,1,0.1,marginal,1,1,1
2026-01-18,I1,Milan,Lecce,0,0.1,marginal,1,0,0
2026-01-18,F1,Lyon,Brest,0,0.1,marginal,1,1,0
2026-01-19,I1,Lazio,Como,2,0.1,marginal,1,1,1
2026-01-19,I1,Cremonese,Verona,1,0.1,marginal,1,1,1
2026-01-19,SP1,Elche,Sevilla,1,0.1,marginal,1,1,1
2026-01-19,E0,Brighton,Bournemouth,1,0.1,marginal,1,1,1
2026-01-23,I1,Inter,Pisa,0,0.1,marginal,1,0,0
2026-01-23,F1,Auxerre,Paris SG,2,0.1,marginal,0,0,1
2026-01-23,SP1,Levante,Elche,0,0.1,marginal,1,1,1
2026-01-23,D1,St Pauli,Hamburg,1,0.1,marginal,1,1,1
2026-01-24,E0,Bournemouth,Liverpool,0,0.1,marginal,1,1,1
2026-01-24,E0,Burnley,Tottenham,1,0.1,marginal,1,1,1
2026-01-24,D1,Bayern Munich,Augsburg,2,0.1,marginal,1,0,0
2026-01-24,E0,West Ham,Sunderland,0,0.1,marginal,1,1,1
2026-01-24,SP1,Villarreal,Real Madrid,2,0.1,marginal,1,1,1
2026-01-24,E0,Fulham,Brighton,0,0.1,marginal,1,1,1
2026-01-24,E0,Man City,Wolves,0,0.1,marginal,1,0,0
2026-01-24,SP1,Vallecano,Osasuna,2,0.1,marginal,1,1,1
2026-01-24,SP1,Valencia,Espanol,0,0.1,marginal,1,1,1
2026-01-24,D1,Heidenheim,RB Leipzig,2,0.1,marginal,1,1,1
2026-01-24,D1,Ein Frankfurt,Hoffenheim,2,0.1,marginal,1,1,1
2026-01-24,F1,Marseille,Lens,0,0.1,marginal,1,1,1
2026-01-24,D1,Union Berlin,Dortmund,2,0.1,marginal,1,1,1
2026-01-24,D1,Mainz,Wolfsburg,0,0.1,marginal,1,1,1
2026-01-24,SP1,Sevilla,Ath Bilbao,0,0.1,marginal,1,1,1
2026-01-24,I1,Lecce,Lazio,1,0.1,marginal,0,1,1
2026-01-24,I1,Como,Torino,0,0.1,marginal,1,1,0
2026-01-24,I1,Fiorentina,Cagliari,2,0.1,marginal,1,1,1
2026-01-24,F1,Le Havre,Monaco,1,0.1,marginal,1,1,1
2026-01-24,F1,Rennes,Lorient,2,0.1,marginal,1,1,1
2026-01-24,D1,Leverkusen,Werder Bremen,0,0.1,marginal,1,1,0
2026-01-25,F1,Brest,Toulouse,2,0.1,marginal,1,1,1
2026-01-25,F1,Paris FC,Angers,1,0.1,marginal,1,1,0
2026-01-25,F1,Metz,Lyon,2,0.1,marginal,0,1,1
2026-01-25,F1,Nantes,Nice,2,0.1,marginal,1,1,1
2026-01-25,F1,Lille,Strasbourg,2,0.1,marginal,1,1,1
2026-01-25,SP1,Barcelona,Oviedo,0,0.1,marginal,1,0,0
2026-01-25,I1,Roma,Milan,1,0.1,marginal,1,1,1
2026-01-25,SP1,Sociedad,Celta,0,0.1,marginal,1,1,1
2026-01-25,SP1,Ath Madrid,Mallorca,0,0.1,marginal,1,0,0
2026-01-25,D1,M'gladbach,Stuttgart,2,0.1,marginal,1,1,1
2026-01-25,I1,Atalanta,Parma,0,0.1,marginal,1,0,0
2026-01-25,SP1,Alaves,Betis,0,0.1,marginal,1,1,1
2026-01-25,E0,Brentford,Nott'm Forest,2,0.1,marginal,1,1,1
2026-01-25,E0,Crystal Palace,Chelsea,2,0.1,marginal,1,1,1
2026-01-25,E0,Newcastle,Aston Villa,2,0.1,marginal,1,1,1
2026-01-25,D1,Freiburg,FC Koln,0,0.1,marginal,1,1,1
2026-01-25,I1,Juventus,Napoli,0,0.1,marginal,1,1,0
2026-01-25,E0,Arsenal,Man United,2,0.1,marginal,1,1,0
2026-01-25,I1,Sassuolo,Cremonese,0,0.1,marginal,1,1,1
2026-01-25,I1,Genoa,Bologna,0,0.1,marginal,1,1,1
2026-01-26,I1,Verona,Udinese,2,0.1,marginal,1,1,1
2026-01-26,E0,Everton,Leeds,1,0.1,marginal,1,1,1
2026-01-26,SP1,Girona,Getafe,1,0.1,marginal,1,1,1
2026-01-27,D1,Werder Bremen,Hoffenheim,2,0.1,marginal,1,1,1
2026-01-27,D1,St Pauli,RB Leipzig,1,0.1,marginal,0,1,1
2026-01-30,F1,Lens,Le Havre,0,0.1,marginal,1,0,0
2026-01-30,SP1,Espanol,Alaves,2,0.1,marginal,1,1,0
2026-01-30,D1,FC Koln,Wolfsburg,0,0.1,marginal,1,1,1
2026-01-30,I1,Lazio,Genoa,0,0.1,marginal,1,1,1
2026-01-31,D1,RB Leipzig,Mainz,2,0.1,marginal,1,0,0
2026-01-31,D1,Werder Bremen,M'gladbach,1,0.1,marginal,1,1,1
2026-01-31,D1,Hamburg,Bayern Munich,1,0.1,marginal,0,0,1
2026-01-31,F1,Lorient,Nantes,0,0.1,marginal,1,1,1
2026-01-31,D1,Ein Frankfurt,Leverkusen,2,0.1,marginal,1,1,1
2026-01-31,F1,Paris FC,Marseille,1,0.1,marginal,1,1,1
2026-01-31,F1,Monaco,Rennes,0,0.1,marginal,1,1,1
2026-01-31,SP1,Elche,Barcelona,2,0.1,marginal,0,0,1
2026-01-31,SP1,Levante,Ath Madrid,1,0.1,marginal,0,1,1
2026-01-31,SP1,Osasuna,Villarreal,1,0.1,marginal,1,1,1
2026-01-31,D1,Augsburg,St Pauli,0,0.1,marginal,1,1,1
2026-01-31,D1,Hoffenheim,Union Berlin,0,0.1,marginal,1,1,1
2026-01-31,SP1,Oviedo,Girona,0,0.1,marginal,1,1,1
2026-01-31,I1,Cagliari,Verona,0,0.1,marginal,1,1,1
2026-01-31,I1,Pisa,Sassuolo,2,0.1,marginal,1,1,1
2026-01-31,I1,Napoli,Fiorentina,0,0.1,marginal,1,1,1
2026-01-31,E0,Wolves,Bournemouth,2,0.1,marginal,1,1,1
2026-01-31,E0,Leeds,Arsenal,2,0.1,marginal,0,1,1
2026-01-31,E0,Chelsea,West Ham,0,0.1,marginal,1,1,0
2026-01-31,E0,Liverpool,Newcastle,0,0.1,marginal,1,1,0
2026-01-31,E0,Brighton,Everton,1,0.1,marginal,1,1,1
2026-02-01,E0,Man United,Fulham,0,0.1,marginal,1,0,0
2026-02-01,D1,Stuttgart,Freiburg,0,0.1,marginal,1,1,0
2026-02-01,D1,Dortmund,Heidenheim,0,0.1,marginal,1,0,0
2026-02-01,SP1,Ath Bilbao,Sociedad,1,0.1,marginal,1,1,1
2026-02-01,SP1,Getafe,Celta,1,0.1,marginal,1,1,1
2026-02-01,SP1,Betis,Valencia,0,0.1,marginal,1,1,0
2026-02-01,SP1,Real Madrid,Vallecano,0,0.1,marginal,1,0,0
2026-02-01,F1,Strasbourg,Paris SG,2,0.1,marginal,0,1,1
2026-02-01,E0,Nott'm Forest,Crystal Palace,1,0.1,marginal,1,1,1
2026-02-01,E0,Tottenham,Man City,1,0.1,marginal,0,1,1
2026-02-01,I1,Torino,Lecce,0,0.1,marginal,1,1,1
2026-02-01,F1,Nice,Brest,1,0.1,marginal,1,1,1
2026-02-01,F1,Angers,Metz,0,0.1,marginal,1,1,1
2026-02-01,F1,Lyon,Lille,0,0.1,marginal,1,1,1
2026-02-01,I1,Parma,Juventus,2,0.1,marginal,0,1,1
2026-02-01,I1,Cremonese,Inter,2,0.1,marginal,0,0,1
2026-02-01,F1,Toulouse,Auxerre,1,0.1,marginal,1,1,0
2026-02-01,I1,Como,Atalanta,1,0.1,marginal,1,1,1
2026-02-01,E0,Aston Villa,Brentford,2,0.1,marginal,1,1,1
2026-02-02,E0,Sunderland,Burnley,0,0.1,marginal,1,1,1
2026-02-02,I1,Udinese,Roma,0,0.1,marginal,1,1,1
2026-02-02,SP1,Mallorca,Sevilla,0,0.1,marginal,1,1,1
2026-02-03,I1,Bologna,Milan,2,0.1,marginal,1,1,1
2026-02-06,E0,Leeds,Nott'm Forest,0,0.1,marginal,1,1,1
2026-02-06,D1,Union Berlin,Ein Frankfurt,1,0.1,marginal,1,1,1
2026-02-06,F1,Metz,Lille,1,0.1,marginal,0,1,1
2026-02-06,SP1,Celta,Osasuna,2,0.1,marginal,1,1,1
2026-02-06,I1,Verona,Pisa,1,0.1,marginal,1,1,1
2026-02-07,E0,Newcastle,Brentford,2,0.1,marginal,1,1,1
2026-02-07,D1,Freiburg,Werder Bremen,0,0.1,marginal,1,1,1
2026-02-07,D1,Mainz,Augsburg,0,0.1,marginal,1,1,1
2026-02-07,D1,St Pauli,Stuttgart,0,0.1,marginal,0,1,1
2026-02-07,D1,Wolfsburg,Dortmund,2,0.1,marginal,1,1,1
2026-02-07,D1,Heidenheim,Hamburg,2,0.1,marginal,1,1,1
2026-02-07,D1,M'gladbach,Leverkusen,1,0.1,marginal,1,1,1
2026-02-07,SP1,Barcelona,Mallorca,0,0.1,marginal,1,0,0
2026-02-07,SP1,Sociedad,Elche,0,0.1,marginal,1,1,0
2026-02-07,F1,Nantes,Lyon,2,0.1,marginal,0,1,1
2026-02-07,I1,Genoa,Napoli,2,0.1,marginal,1,1,1
2026-02-07,F1,Lens,Rennes,0,0.1,marginal,1,1,0
2026-02-07,E0,Man United,Tottenham,0,0.1,marginal,1,0,0
2026-02-07,E0,Bournemouth,Aston Villa,1,0.1,marginal,1,1,1
2026-02-07,I1,Fiorentina,Torino,1,0.1,marginal,1,1,0
2026-02-07,E0,Burnley,West Ham,2,0.1,marginal,1,1,1
2026-02-07,E0,Fulham,Everton,2,0.1,marginal,1,1,1
2026-02-07,E0,Wolves,Chelsea,2,0.1,marginal,0,1,1
2026-02-07,E0,Arsenal,Sunderland,0,0.1,marginal,1,0,0
2026-02-07,F1,Brest,Lorient,0,0.1,marginal,1,1,1
2026-02-08,F1,Angers,Toulouse,0,0.1,marginal,1,1,1
2026-02-08,F1,Nice,Monaco,1,0.1,marginal,1,1,1
2026-02-08,D1,Bayern Munich,Hoffenheim,0,0.1,marginal,1,0,0
2026-02-08,F1,Auxerre,Paris FC,1,0.1,marginal,1,1,1
2026-02-08,SP1,Sevilla,Girona,1,0.1,marginal,1,1,1
2026-02-08,I1,Juventus,Lazio,1,0.1,marginal,1,1,0
2026-02-08,D1,FC Koln,RB Leipzig,2,0.1,marginal,1,1,1
2026-02-08,I1,Sassuolo,Inter,2,0.1,marginal,0,1,1
2026-02-08,I1,Lecce,Udinese,0,0.1,marginal,1,1,1
2026-02-08,F1,Paris SG,Marseille,0,0.1,marginal,1,0,0
2026-02-08,SP1,Ath Bilbao,Levante,0,0.1,marginal,1,1,0
2026-02-08,E0,Liverpool,Man City,2,0.1,marginal,1,1,1
2026-02-08,E0,Brighton,Crystal Palace,2,0.1,marginal,1,1,1
2026-02-08,SP1,Alaves,Getafe,2,0.1,marginal,1,1,1
2026-02-08,SP1,Ath Madrid,Betis,2,0.1,marginal,1,0,0
2026-02-08,I1,Bologna,Parma,2,0.1,marginal,1,1,0
2026-02-08,SP1,Valencia,Real Madrid,2,0.1,marginal,0,1,1
2026-02-08,F1,Le Havre,Strasbourg,0,0.1,marginal,1,1,1
2026-02-09,SP1,Villarreal,Espanol,0,0.1,marginal,1,1,1
2026-02-09,I1,Roma,Cagliari,0,0.1,marginal,1,1,0
2026-02-09,I1,Atalanta,Cremonese,0,0.1,marginal,1,0,0
2026-02-10,E0,Chelsea,Leeds,1,0.1,marginal,1,1,0
2026-02-10,E0,Everton,Bournemouth,2,0.1,marginal,1,1,1
2026-02-10,E0,Tottenham,Newcastle,2,0.1,marginal,1,1,1
2026-02-10,E0,West Ham,Man United,1,0.1,marginal,1,1,1
2026-02-11,E0,Aston Villa,Brighton,0,0.1,marginal,1,1,1
2026-02-11,E0,Crystal Palace,Burnley,2,0.1,marginal,1,1,0
2026-02-11,E0,Man City,Fulham,0,0.1,marginal,1,0,0
2026-02-11,E0,Nott'm Forest,Wolves,1,0.1,marginal,1,1,1
2026-02-11,E0,Sunderland,Liverpool,2,0.1,marginal,1,1,1
2026-02-12,E0,Brentford,Arsenal,1,0.1,marginal,0,1,1
2026-02-13,F1,Rennes,Paris SG,0,0.1,marginal,0,0,1
2026-02-13,I1,Pisa,Milan,2,0.1,marginal,0,1,1
2026-02-13,SP1,Elche,Osasuna,1,0.1,marginal,1,1,1
2026-02-13,F1,Monaco,Nantes,0,0.1,marginal,1,0,0
2026-02-13,D1,Dortmund,Mainz,0,0.1,marginal,1,1,0
2026-02-14,F1,Paris FC,Lens,2,0.1,marginal,1,1,1
2026-02-14,D1,Stuttgart,FC Koln,0,0.1,marginal,1,0,0
2026-02-14,SP1,Real Madrid,Sociedad,0,0.1,marginal,1,0,0
2026-02-14,SP1,Sevilla,Alaves,1,0.1,marginal,1,1,1
2026-02-14,SP1,Getafe,Villarreal,0,0.1,marginal,1,1,1
2026-02-14,D1,Ein Frankfurt,M'gladbach,0,0.1,marginal,1,1,1
2026-02-14,F1,Lille,Brest,1,0.1,marginal,1,1,0
2026-02-14,SP1,Espanol,Celta,1,0.1,marginal,1,1,1
2026-02-14,D1,Werder Bremen,Bayern Munich,2,0.1,marginal,0,0,1
2026-02-14,D1,Leverkusen,St Pauli,0,0.1,marginal,1,1,0
2026-02-14,I1,Como,Fiorentina,2,0.1,marginal,1,1,0
2026-02-14,I1,Lazio,Atalanta,2,0.1,marginal,1,1,1
2026-02-14,I1,Inter,Juventus,0,0.1,marginal,1,1,1
2026-02-14,D1,Hamburg,Union Berlin,0,0.1,marginal,1,1,1
2026-02-14,D1,Hoffenheim,Freiburg,0,0.1,marginal,1,1,1
2026-02-14,F1,Marseille,Strasbourg,1,0.1,marginal,1,1,1
2026-02-15,I1,Parma,Verona,0,0.1,marginal,1,1,1
2026-02-15,SP1,Levante,Valencia,2,0.1,marginal,1,1,1
2026-02-15,SP1,Vallecano,Ath Madrid,0,0.1,marginal,1,1,1
2026-02-15,D1,RB Leipzig,Wolfsburg,1,0.1,marginal,1,0,0
2026-02-15,D1,Augsburg,Heidenheim,0,0.1,marginal,1,1,1
2026-02-15,I1,Cremonese,Genoa,1,0.1,marginal,1,1,1
2026-02-15,SP1,Mallorca,Betis,2,0.1,marginal,1,1,1
2026-02-15,I1,Udinese,Sassuolo,2,0.1,marginal,1,1,1
2026-02-15,SP1,Oviedo,Ath Bilbao,2,0.1,marginal,1,1,1
2026-02-15,F1,Le Havre,Toulouse,0,0.1,marginal,1,1,1
2026-02-15,I1,Napoli,Roma,1,0.1,marginal,1,1,1
2026-02-15,F1,Lorient,Angers,0,0.1,marginal,1,1,1
2026-02-15,F1,Lyon,Nice,0,0.1,marginal,1,1,1
2026-02-15,F1,Metz,Auxerre,2,0.1,marginal,1,1,1
2026-02-15,I1,Torino,Bologna,2,0.1,marginal,1,1,1
2026-02-16,SP1,Girona,Barcelona,0,0.1,marginal,0,0,1
2026-02-16,I1,Cagliari,Lecce,2,0.1,marginal,1,1,1
2026-02-18,SP1,Levante,Villarreal,2,0.1,marginal,1,1,1
2026-02-18,E0,Wolves,Arsenal,1,0.1,marginal,0,0,1
2026-02-18,I1,Milan,Como,1,0.1,marginal,1,1,1
2026-02-20,D1,Mainz,Hamburg,1,0.1,marginal,1,1,1
2026-02-20,SP1,Ath Bilbao,Elche,0,0.1,marginal,1,1,0
2026-02-20,F1,Brest,Marseille,0,0.1,marginal,1,1,1
2026-02-20,I1,Sassuolo,Verona,0,0.1,marginal,1,1,0
2026-02-21,I1,Lecce,Inter,2,0.1,marginal,0,1,1
2026-02-21,D1,FC Koln,Hoffenheim,1,0.1,marginal,1,1,1
2026-02-21,D1,Union Berlin,Leverkusen,0,0.1,marginal,1,1,1
2026-02-21,E0,Man City,Newcastle,0,0.1,marginal,1,0,0
2026-02-21,E0,Aston Villa,Leeds,1,0.1,marginal,1,1,1
2026-02-21,E0,Brentford,Brighton,2,0.1,marginal,1,1,1
2026-02-21,E0,Chelsea,Burnley,1,0.1,marginal,1,0,0
2026-02-21,D1,Bayern Munich,Ein Frankfurt,0,0.1,marginal,1,0,0
2026-02-21,I1,Cagliari,Lazio,1,0.1,marginal,1,1,1
2026-02-21,I1,Juventus,Como,2,0.1,marginal,1,1,1
2026-02-21,D1,RB Leipzig,Dortmund,1,0.1,marginal,1,1,1
2026-02-21,D1,Wolfsburg,Augsburg,2,0.1,marginal,1,1,1
2026-02-21,SP1,Osasuna,Real Madrid,0,0.1,marginal,0,1,1
2026-02-21,F1,Paris SG,Metz,0,0.1,marginal,1,0,0
2026-02-21,SP1,Betis,Vallecano,1,0.1,marginal,1,1,1
2026-02-21,SP1,Ath Madrid,Espanol,0,0.1,marginal,1,0,0
2026-02-21,F1,Lens,Monaco,2,0.1,marginal,1,1,1
2026-02-21,F1,Toulouse,Paris FC,1,0.1,marginal,1,1,1
2026-02-21,SP1,Sociedad,Oviedo,1,0.1,marginal,1,1,0
2026-02-21,E0,West Ham,Bournemouth,1,0.1,marginal,1,1,1
2026-02-22,E0,Tottenham,Arsenal,2,0.1,marginal,0,0,1
2026-02-22,D1,Freiburg,M'gladbach,0,0.1,marginal,1,1,1
2026-02-22,D1,St Pauli,Werder Bremen,0,0.1,marginal,1,1,1
2026-02-22,SP1,Barcelona,Levante,0,0.1,marginal,1,0,0
2026-02-22,I1,Genoa,Torino,0,0.1,marginal,1,1,1
2026-02-22,I1,Atalanta,Napoli,0,0.1,marginal,1,1,1
2026-02-22,E0,Sunderland,Fulham,2,0.1,marginal,1,1,1
2026-02-22,D1,Heidenheim,Stuttgart,1,0.1,marginal,1,1,1
2026-02-22,I1,Roma,Cremonese,0,0.1,marginal,1,0,0
2026-02-22,F1,Auxerre,Rennes,2,0.1,marginal,1,1,1
2026-02-22,SP1,Getafe,Sevilla,2,0.1,marginal,1,1,1
2026-02-22,E0,Nott'm Forest,Liverpool,2,0.1,marginal,1,1,1
2026-02-22,SP1,Celta,Mallorca,0,0.1,marginal,1,1,0
2026-02-22,F1,Nice,Lorient,1,0.1,marginal,1,1,1
2026-02-22,F1,Nantes,Le Havre,0,0.1,marginal,1,1,1
2026-02-22,F1,Angers,Lille,2,0.1,marginal,0,1,1
2026-02-22,I1,Milan,Parma,2,0.1,marginal,1,0,0
2026-02-22,SP1,Villarreal,Valencia,0,0.1,marginal,1,1,0
2026-02-22,F1,Strasbourg,Lyon,0,0.1,marginal,1,1,1
2026-02-22,E0,Crystal Palace,Wolves,0,0.1,marginal,1,1,1
2026-02-23,SP1,Alaves,Girona,1,0.1,marginal,1,1,1
2026-02-23,E0,Everton,Man United,2,0.1,marginal,1,1,1
2026-02-23,I1,Bologna,Udinese,0,0.1,marginal,1,1,1
2026-02-23,I1,Fiorentina,Pisa,0,0.1,marginal,1,1,0
2026-02-27,F1,Strasbourg,Lens,1,0.1,marginal,1,1,1
2026-02-27,I1,Parma,Cagliari,1,0.1,marginal,1,1,1
2026-02-27,D1,Augsburg,FC Koln,0,0.1,marginal,1,1,1
2026-02-27,E0,Wolves,Aston Villa,0,0.1,marginal,0,1,1
2026-02-27,SP1,Levante,Alaves,0,0.1,marginal,1,1,1
2026-02-28,E0,Bournemouth,Sunderland,1,0.1,marginal,1,1,1
2026-02-28,D1,Dortmund,Bayern Munich,2,0.1,marginal,1,0,1
2026-02-28,D1,Werder Bremen,Heidenheim,0,0.1,marginal,1,1,0
2026-02-28,D1,M'gladbach,Union Berlin,0,0.1,marginal,1,1,1
2026-02-28,D1,Leverkusen,Mainz,1,0.1,marginal,1,1,0
2026-02-28,E0,Leeds,Man City,2,0.1,marginal,0,1,1
2026-02-28,E0,Newcastle,Everton,2,0.1,marginal,1,1,1
2026-02-28,E0,Burnley,Brentford,2,0.1,marginal,1,1,1
2026-02-28,D1,Hoffenheim,St Pauli,2,0.1,marginal,1,1,0
2026-02-28,E0,Liverpool,West Ham,0,0.1,marginal,1,0,0
2026-02-28,SP1,Vallecano,Ath Bilbao,1,0.1,marginal,1,1,1
2026-02-28,SP1,Mallorca,Sociedad,2,0.1,marginal,1,1,1
2026-02-28,SP1,Oviedo,Ath Madrid,2,0.1,marginal,0,1,1
2026-02-28,I1,Inter,Genoa,0,0.1,marginal,1,0,0
2026-02-28,I1,Verona,Napoli,2,0.1,marginal,0,1,1
2026-02-28,SP1,Barcelona,Villarreal,0,0.1,marginal,1,0,0
2026-02-28,F1,Monaco,Angers,0,0.1,marginal,1,0,0
2026-02-28,F1,Rennes,Toulouse,0,0.1,marginal,1,1,1
2026-02-28,I1,Como,Lecce,0,0.1,marginal,1,1,0
2026-02-28,F1,Le Havre,Paris SG,2,0.1,marginal,0,0,1
2026-03-01,SP1,Girona,Celta,2,0.1,marginal,1,1,1
2026-03-01,F1,Lille,Nantes,0,0.1,marginal,1,1,0
2026-03-01,E0,Man United,Crystal Palace,0,0.1,marginal,1,1,0
2026-03-01,F1,Paris FC,Nice,0,0.1,marginal,1,1,1
2026-03-01,E0,Brighton,Nott'm Forest,0,0.1,marginal,1,1,1
2026-03-01,F1,Lorient,Auxerre,1,0.1,marginal,1,1,1
2026-03-01,F1,Metz,Brest,2,0.1,marginal,1,1,1
2026-03-01,F1,Marseille,Lyon,0,0.1,marginal,1,1,1
2026-03-01,E0,Fulham,Tottenham,0,0.1,marginal,1,1,1
2026-03-01,SP1,Betis,Sevilla,1,0.1,marginal,1,1,1
2026-03-01,I1,Torino,Lazio,0,0.1,marginal,1,1,1
2026-03-01,SP1,Elche,Espanol,1,0.1,marginal,1,1,1
2026-03-01,SP1,Valencia,Osasuna,0,0.1,marginal,1,1,1
2026-03-01,I1,Cremonese,Milan,2,0.1,marginal,0,0,1
2026-03-01,I1,Roma,Juventus,1,0.1,marginal,1,1,1
2026-03-01,I1,Sassuolo,Atalanta,0,0.1,marginal,1,1,1
2026-03-01,D1,Ein Frankfurt,Freiburg,0,0.1,marginal,1,1,1
2026-03-01,D1,Hamburg,RB Leipzig,2,0.1,marginal,1,1,1
2026-03-01,E0,Arsenal,Chelsea,0,0.1,marginal,1,1,0
2026-03-01,D1,Stuttgart,Wolfsburg,0,0.1,marginal,1,0,0
2026-03-02,I1,Pisa,Bologna,2,0.1,marginal,1,1,1
2026-03-02,SP1,Real Madrid,Getafe,2,0.1,marginal,1,0,0
2026-03-02,I1,Udinese,Fiorentina,0,0.1,marginal,1,1,1
2026-03-03,E0,Bournemouth,Brentford,1,0.1,marginal,1,1,1
2026-03-03,E0,Everton,Burnley,0,0.1,marginal,1,1,0
2026-03-03,E0,Leeds,Sunderland,2,0.1,marginal,1,1,0
2026-03-03,E0,Wolves,Liverpool,0,0.1,marginal,0,0,1
2026-03-04,SP1,Vallecano,Oviedo,0,0.1,marginal,1,1,0
2026-03-04,E0,Fulham,West Ham,2,0.1,marginal,1,1,1
2026-03-04,E0,Newcastle,Man United,0,0.1,marginal,1,1,1
2026-03-04,E0,Aston Villa,Chelsea,2,0.1,marginal,1,1,1
2026-03-04,D1,Hamburg,Leverkusen,2,0.1,marginal,1,1,1
2026-03-04,E0,Man City,Nott'm Forest,1,0.1,marginal,1,0,0
2026-03-04,E0,Brighton,Arsenal,2,0.1,marginal,0,1,1
2026-03-05,E0,Tottenham,Crystal Palace,2,0.1,marginal,1,1,1
2026-03-06,F1,Paris SG,Monaco,2,0.1,marginal,1,0,0
2026-03-06,SP1,Celta,Real Madrid,2,0.1,marginal,1,1,1
2026-03-06,D1,Bayern Munich,M'gladbach,0,0.1,marginal,1,0,0
2026-03-06,I1,Napoli,Torino,0,0.1,marginal,1,1,0
2026-03-07,I1,Atalanta,Udinese,1,0.1,marginal,1,1,0
2026-03-07,SP1,Ath Madrid,Sociedad,0,0.1,marginal,1,1,0
2026-03-07,SP1,Levante,Girona,1,0.1,marginal,1,1,1
2026-03-07,SP1,Osasuna,Mallorca,1,0.1,marginal,1,1,1
2026-03-07,F1,Nantes,Angers,2,0.1,marginal,1,1,1
2026-03-07,D1,FC Koln,Dortmund,2,0.1,marginal,1,1,1
2026-03-07,D1,Wolfsburg,Hamburg,2,0.1,marginal,1,1,1
2026-03-07,I1,Cagliari,Como,2,0.1,marginal,0,1,1
2026-03-07,I1,Juventus,Pisa,0,0.1,marginal,1,0,0
2026-03-07,D1,RB Leipzig,Augsburg,0,0.1,marginal,1,0,0
2026-03-07,D1,Mainz,Stuttgart,1,0.1,marginal,1,1,1
2026-03-07,D1,Heidenheim,Hoffenheim,2,0.1,marginal,0,0,1
2026-03-07,D1,Freiburg,Leverkusen,1,0.1,marginal,1,1,1
2026-03-07,F1,Auxerre,Strasbourg,1,0.1,marginal,1,1,1
2026-03-07,F1,Toulouse,Marseille,2,0.1,marginal,1,1,1
2026-03-07,SP1,Ath Bilbao,Barcelona,2,0.1,marginal,0,1,1
2026-03-08,SP1,Valencia,Alaves,0,0.1,marginal,1,1,1
2026-03-08,I1,Fiorentina,Parma,1,0.1,marginal,1,1,0
2026-03-08,I1,Genoa,Roma,0,0.1,marginal,1,1,1
2026-03-08,I1,Lecce,Cremonese,0,0.1,marginal,1,1,1
2026-03-08,I1,Milan,Inter,0,0.1,marginal,1,1,1
2026-03-08,F1,Lille,Lorient,1,0.1,marginal,1,1,0
2026-03-08,F1,Nice,Rennes,2,0.1,marginal,1,1,1
2026-03-08,F1,Brest,Le Havre,0,0.1,marginal,1,1,1
2026-03-08,F1,Lens,Metz,0,0.1,marginal,1,0,0
2026-03-08,F1,Lyon,Paris FC,1,0.1,marginal,1,1,1
2026-03-08,I1,Bologna,Verona,2,0.1,marginal,1,1,0
2026-03-08,SP1,Getafe,Betis,0,0.1,marginal,1,1,1
2026-03-08,D1,Union Berlin,Werder Bremen,2,0.1,marginal,1,1,1
2026-03-08,D1,St Pauli,Ein Frankfurt,1,0.1,marginal,1,1,1
2026-03-08,SP1,Villarreal,Elche,0,0.1,marginal,1,0,0
2026-03-08,SP1,Sevilla,Vallecano,1,0.1,marginal,1,1,1
2026-03-09,SP1,Espanol,Oviedo,1,0.1,marginal,1,1,1
2026-03-09,I1,Lazio,Sassuolo,0,0.1,marginal,1,1,1
2026-03-13,D1,M'gladbach,St Pauli,0,0.1,marginal,1,1,1
2026-03-13,F1,Marseille,Auxerre,0,0.1,marginal,1,0,0
2026-03-13,SP1,Alaves,Villarreal,1,0.1,marginal,1,1,1
2026-03-13,I1,Torino,Parma,0,0.1,marginal,1,1,1
2026-03-14,E0,Arsenal,Everton,0,0.1,marginal,1,0,0
2026-03-14,I1,Napoli,Lecce,0,0.1,marginal,1,1,0
2026-03-14,I1,Udinese,Juventus,2,0.1,marginal,0,1,1
2026-03-14,D1,Hoffenheim,Wolfsburg,1,0.1,marginal,1,0,0
2026-03-14,F1,Monaco,Brest,0,0.1,marginal,1,1,0
2026-03-14,D1,Leverkusen,Bayern Munich,1,0.1,marginal,0,0,1
2026-03-14,E0,West Ham,Man City,1,0.1,marginal,0,1,1
2026-03-14,E0,Chelsea,Newcastle,2,0.1,marginal,1,1,1
2026-03-14,E0,Sunderland,Brighton,2,0.1,marginal,1,1,1
2026-03-14,I1,Inter,Atalanta,1,0.1,marginal,1,1,0
2026-03-14,F1,Angers,Nice,2,0.1,marginal,1,1,1
2026-03-14,F1,Lorient,Lens,0,0.1,marginal,0,1,1
2026-03-14,D1,Hamburg,FC Koln,1,0.1,marginal,1,1,1
2026-03-14,SP1,Ath Madrid,Getafe,0,0.1,marginal,1,1,0
2026-03-14,D1,Ein Frankfurt,Heidenheim,0,0.1,marginal,1,1,0
2026-03-14,E0,Burnley,Bournemouth,1,0.1,marginal,1,1,1
2026-03-14,SP1,Real Madrid,Elche,0,0.1,marginal,1,0,0
2026-03-14,SP1,Oviedo,Valencia,0,0.1,marginal,1,1,1
2026-03-14,SP1,Girona,Ath Bilbao,0,0.1,marginal,1,1,1
2026-03-14,D1,Dortmund,Augsburg,0,0.1,marginal,1,0,0
2026-03-15,F1,Le Havre,Lyon,1,0.1,marginal,1,1,1
2026-03-15,D1,Werder Bremen,Mainz,2,0.1,marginal,1,1,1
2026-03-15,F1,Strasbourg,Paris FC,1,0.1,marginal,1,1,0
2026-03-15,SP1,Mallorca,Espanol,0,0.1,marginal,1,1,1
2026-03-15,SP1,Barcelona,Sevilla,0,0.1,marginal,1,0,0
2026-03-15,SP1,Betis,Celta,1,0.1,marginal,1,1,1
2026-03-15,SP1,Sociedad,Osasuna,0,0.1,marginal,1,1,1
2026-03-15,F1,Metz,Toulouse,2,0.1,marginal,1,1,1
2026-03-15,I1,Verona,Genoa,2,0.1,marginal,1,1,1
2026-03-15,F1,Rennes,Lille,2,0.1,marginal,1,1,1
2026-03-15,I1,Pisa,Cagliari,0,0.1,marginal,1,1,1
2026-03-15,I1,Sassuolo,Bologna,2,0.1,marginal,1,1,1
2026-03-15,I1,Lazio,Milan,0,0.1,marginal,1,1,1
2026-03-15,E0,Liverpool,Tottenham,1,0.1,marginal,1,0,0
2026-03-15,E0,Nott'm Forest,Fulham,1,0.1,marginal,1,1,1
2026-03-15,E0,Man United,Aston Villa,0,0.1,marginal,1,1,1
2026-03-15,E0,Crystal Palace,Leeds,1,0.1,marginal,1,1,1
2026-03-15,D1,Stuttgart,RB Leipzig,0,0.1,marginal,1,1,1
2026-03-15,I1,Como,Roma,0,0.1,marginal,1,1,1
2026-03-15,D1,Freiburg,Union Berlin,2,0.1,marginal,1,1,1
2026-03-16,I1,Cremonese,Fiorentina,2,0.1,marginal,1,1,1
2026-03-16,E0,Brentford,Wolves,1,0.1,marginal,1,1,0
2026-03-16,SP1,Vallecano,Levante,1,0.1,marginal,1,1,1
2026-03-20,I1,Genoa,Udinese,2,0.1,marginal,1,1,1
2026-03-20,SP1,Villarreal,Sociedad,0,0.1,marginal,1,1,1
2026-03-20,I1,Cagliari,Napoli,2,0.1,marginal,0,1,1
2026-03-20,E0,Bournemouth,Man United,1,0.1,marginal,1,1,1
2026-03-20,D1,RB Leipzig,Hoffenheim,0,0.1,marginal,1,1,1
2026-03-20,F1,Lens,Angers,0,0.1,marginal,1,0,0
2026-03-21,E0,Fulham,Burnley,0,0.1,marginal,1,1,0
2026-03-21,SP1,Elche,Mallorca,0,0.1,marginal,1,1,1
2026-03-21,E0,Leeds,Brentford,1,0.1,marginal,1,1,1
2026-03-21,F1,Nice,Paris SG,2,0.1,marginal,0,0,1
2026-03-21,D1,Dortmund,Hamburg,0,0.1,marginal,1,0,0
2026-03-21,D1,Wolfsburg,Werder Bremen,2,0.1,marginal,1,1,1
2026-03-21,D1,Heidenheim,Leverkusen,1,0.1,marginal,0,0,1
2026-03-21,D1,FC Koln,M'gladbach,1,0.1,marginal,1,1,1
2026-03-21,E0,Brighton,Liverpool,0,0.1,marginal,1,1,1
2026-03-21,F1,Auxerre,Brest,0,0.1,marginal,1,1,1
2026-03-21,I1,Juventus,Sassuolo,1,0.1,marginal,1,0,0
2026-03-21,E0,Everton,Chelsea,0,0.1,marginal,1,1,1
2026-03-21,D1,Bayern Munich,Union Berlin,0,0.1,marginal,1,0,0
2026-03-21,SP1,Sevilla,Valencia,2,0.1,marginal,1,1,1
2026-03-21,SP1,Osasuna,Girona,0,0.1,marginal,1,1,1
2026-03-21,I1,Parma,Cremonese,2,0.1,marginal,1,1,1
2026-03-21,SP1,Espanol,Getafe,2,0.1,marginal,1,1,1
2026-03-21,F1,Toulouse,Lorient,0,0.1,marginal,1,1,0
2026-03-21,I1,Milan,Torino,0,0.1,marginal,1,0,0
2026-03-21,SP1,Levante,Oviedo,0,0.1,marginal,1,1,1
2026-03-22,E0,Tottenham,Nott'm Forest,2,0.1,marginal,1,1,1
2026-03-22,SP1,Real Madrid,Ath Madrid,0,0.1,marginal,1,1,1
2026-03-22,SP1,Ath Bilbao,Betis,0,0.1,marginal,1,1,1
2026-03-22,SP1,Celta,Alaves,2,0.1,marginal,1,1,1
2026-03-22,SP1,Barcelona,Vallecano,0,0.1,marginal,1,0,0
2026-03-22,D1,Mainz,Ein Frankfurt,0,0.1,marginal,1,1,1
2026-03-22,D1,St Pauli,Freiburg,2,0.1,marginal,1,1,1
2026-03-22,E0,Newcastle,Sunderland,2,0.1,marginal,1,1,0
2026-03-22,E0,Aston Villa,West Ham,0,0.1,marginal,1,1,1
2026-03-22,D1,Augsburg,Stuttgart,2,0.1,marginal,1,1,1
2026-03-22,F1,Nantes,Strasbourg,2,0.1,marginal,1,1,1
2026-03-22,F1,Rennes,Metz,1,0.1,marginal,1,0,0
2026-03-22,F1,Paris FC,Le Havre,0,0.1,marginal,1,1,1
2026-03-22,F1,Marseille,Lille,2,0.1,marginal,1,1,1
2026-03-22,F1,Lyon,Monaco,2,0.1,marginal,1,1,1
2026-03-22,I1,Fiorentina,Inter,1,0.1,marginal,0,1,1
2026-03-22,I1,Como,Pisa,0,0.1,marginal,1,0,0
2026-03-22,I1,Bologna,Lazio,2,0.1,marginal,1,1,1
2026-03-22,I1,Atalanta,Verona,0,0.1,marginal,1,1,0
2026-03-22,I1,Roma,Lecce,0,0.1,marginal,1,1,0
2026-04-03,F1,Paris SG,Toulouse,0,0.1,marginal,1,0,0
2026-04-03,SP1,Vallecano,Elche,0,0.1,marginal,1,1,0
2026-04-04,D1,Stuttgart,Dortmund,2,0.1,marginal,1,1,1
2026-04-04,D1,Werder Bremen,RB Leipzig,2,0.1,marginal,1,1,1
2026-04-04,I1,Verona,Fiorentina,2,0.1,marginal,1,1,1
2026-04-04,F1,Lille,Lens,0,0.1,marginal,1,1,1
2026-04-04,F1,Brest,Rennes,2,0.1,marginal,1,1,1
2026-04-04,F1,Strasbourg,Nice,0,0.1,marginal,1,1,1
2026-04-04,D1,M'gladbach,Heidenheim,1,0.1,marginal,1,1,0
2026-04-04,I1,Lazio,Parma,1,0.1,marginal,1,1,1
2026-04-04,SP1,Sociedad,Levante,0,0.1,marginal,1,1,0
2026-04-04,D1,Freiburg,Bayern Munich,2,0.1,marginal,0,0,1
2026-04-04,D1,Hamburg,Augsburg,1,0.1,marginal,1,1,1
2026-04-04,D1,Hoffenheim,Mainz,2,0.1,marginal,1,1,0
2026-04-04,SP1,Ath Madrid,Barcelona,2,0.1,marginal,1,1,1
2026-04-04,SP1,Betis,Espanol,1,0.1,marginal,1,1,1
2026-04-04,SP1,Mallorca,Real Madrid,0,0.1,marginal,0,1,1
2026-04-04,D1,Leverkusen,Wolfsburg,0,0.1,marginal,1,0,0
2026-04-04,I1,Sassuolo,Cagliari,0,0.1,marginal,1,1,1
2026-04-05,F1,Le Havre,Auxerre,1,0.1,marginal,1,1,1
2026-04-05,I1,Cremonese,Bologna,2,0.1,marginal,1,1,1
2026-04-05,I1,Pisa,Torino,2,0.1,marginal,1,1,1
2026-04-05,F1,Monaco,Marseille,0,0.1,marginal,1,1,1
2026-04-05,SP1,Alaves,Osasuna,1,0.1,marginal,1,1,1
2026-04-05,SP1,Oviedo,Sevilla,0,0.1,marginal,1,1,1
2026-04-05,SP1,Valencia,Celta,2,0.1,marginal,1,1,1
2026-04-05,F1,Lorient,Paris FC,1,0.1,marginal,1,1,1
2026-04-05,F1,Angers,Lyon,1,0.1,marginal,0,1,1
2026-04-05,I1,Inter,Roma,0,0.1,marginal,1,1,0
2026-04-05,F1,Metz,Nantes,1,0.1,marginal,1,1,1
2026-04-05,D1,Ein Frankfurt,FC Koln,1,0.1,marginal,1,1,1
2026-04-05,D1,Union Berlin,St Pauli,1,0.1,marginal,1,1,1
2026-04-05,SP1,Getafe,Ath Bilbao,0,0.1,marginal,1,1,1
2026-04-06,SP1,Girona,Villarreal,0,0.1,marginal,1,1,1
2026-04-06,I1,Udinese,Como,1,0.1,marginal,0,1,1
2026-04-06,I1,Juventus,Genoa,0,0.1,marginal,1,0,0
2026-04-06,I1,Lecce,Atalanta,2,0.1,marginal,0,1,1
2026-04-06,I1,Napoli,Milan,0,0.1,marginal,1,1,1
2026-04-10,SP1,Real Madrid,Girona,1,0.1,marginal,1,0,0
2026-04-10,F1,Marseille,Metz,0,0.1,marginal,1,0,0
2026-04-10,F1,Paris FC,Monaco,0,0.1,marginal,1,1,1
2026-04-10,E0,West Ham,Wolves,0,0.1,marginal,1,1,1
2026-04-10,I1,Roma,Pisa,0,0.1,marginal,1,0,0
2026-04-10,D1,Augsburg,Hoffenheim,1,0.1,marginal,1,1,1
2026-04-11,SP1,Elche,Valencia,0,0.1,marginal,1,1,1
2026-04-11,SP1,Sociedad,Alaves,1,0.1,marginal,1,1,1
2026-04-11,D1,Heidenheim,Union Berlin,0,0.1,marginal,1,1,1
2026-04-11,D1,Dortmund,Leverkusen,2,0.1,marginal,1,1,1
2026-04-11,I1,Torino,Verona,0,0.1,marginal,1,1,1
2026-04-11,E0,Brentford,Everton,1,0.1,marginal,1,1,1
2026-04-11,SP1,Barcelona,Espanol,0,0.1,marginal,1,0,0
2026-04-11,I1,Cagliari,Cremonese,0,0.1,marginal,1,1,1
2026-04-11,E0,Arsenal,Bournemouth,2,0.1,marginal,1,1,0
2026-04-11,E0,Liverpool,Fulham,0,0.1,marginal,1,1,1
2026-04-11,E0,Burnley,Brighton,2,0.1,marginal,0,1,1
2026-04-11,D1,RB Leipzig,M'gladbach,0,0.1,marginal,1,0,0
2026-04-11,D1,Wolfsburg,Ein Frankfurt,2,0.1,marginal,1,1,1
2026-04-11,D1,St Pauli,Bayern Munich,2,0.1,marginal,0,0,1
2026-04-11,I1,Atalanta,Juventus,2,0.1,marginal,1,1,1
2026-04-11,F1,Rennes,Angers,0,0.1,marginal,1,0,0
2026-04-11,SP1,Sevilla,Ath Madrid,0,0.1,marginal,1,1,1
2026-04-11,I1,Milan,Udinese,2,0.1,marginal,1,1,0
2026-04-11,F1,Auxerre,Nantes,1,0.1,marginal,1,1,1
2026-04-12,I1,Bologna,Lecce,0,0.1,marginal,1,1,0
2026-04-12,E0,Chelsea,Man City,2,0.1,marginal,1,1,1
2026-04-12,E0,Sunderland,Tottenham,0,0.1,marginal,1,1,1
2026-04-12,E0,Nott'm Forest,Aston Villa,1,0.1,marginal,1,1,1
2026-04-12,E0,Crystal Palace,Newcastle,0,0.1,marginal,1,1,1
2026-04-12,I1,Como,Inter,2,0.1,marginal,1,1,1
2026-04-12,I1,Genoa,Sassuolo,0,0.1,marginal,1,1,1
2026-04-12,I1,Parma,Napoli,1,0.1,marginal,0,1,1
2026-04-12,F1,Lyon,Lorient,0,0.1,marginal,1,1,0
2026-04-12,SP1,Celta,Oviedo,2,0.1,marginal,1,1,0
2026-04-12,F1,Nice,Le Havre,1,0.1,marginal,1,1,0
2026-04-12,D1,FC Koln,Werder Bremen,0,0.1,marginal,1,1,1
2026-04-12,D1,Stuttgart,Hamburg,0,0.1,marginal,1,0,0
2026-04-12,D1,Mainz,Freiburg,2,0.1,marginal,1,1,1
2026-04-12,SP1,Ath Bilbao,Villarreal,2,0.1,marginal,1,1,1
2026-04-12,SP1,Mallorca,Vallecano,0,0.1,marginal,1,1,1
2026-04-12,SP1,Osasuna,Betis,1,0.1,marginal,1,1,1
2026-04-12,F1,Toulouse,Lille,2,0.1,marginal,1,1,1
2026-04-13,SP1,Levante,Getafe,0,0.1,marginal,1,1,1
2026-04-13,E0,Man United,Leeds,2,0.1,marginal,1,1,0
2026-04-13,I1,Fiorentina,Lazio,0,0.1,marginal,1,1,1
2026-04-17,D1,St Pauli,FC Koln,1,0.1,marginal,1,1,1
2026-04-17,F1,Lens,Toulouse,0,0.1,marginal,1,0,0
2026-04-17,I1,Sassuolo,Como,0,0.1,marginal,0,0,1
2026-04-17,I1,Inter,Cagliari,0,0.1,marginal,1,0,0
2026-04-18,E0,Brentford,Fulham,1,0.1,marginal,1,1,1
2026-04-18,E0,Leeds,Wolves,0,0.1,marginal,1,1,0
2026-04-18,D1,Ein Frankfurt,RB Leipzig,2,0.1,marginal,1,1,1
2026-04-18,D1,Werder Bremen,Hamburg,0,0.1,marginal,1,1,0
2026-04-18,D1,Union Berlin,Wolfsburg,2,0.1,marginal,1,1,1
2026-04-18,D1,Leverkusen,Augsburg,2,0.1,marginal,1,0,0
2026-04-18,D1,Hoffenheim,Dortmund,0,0.1,marginal,1,1,1
2026-04-18,I1,Roma,Atalanta,1,0.1,marginal,1,1,1
2026-04-18,I1,Udinese,Parma,2,0.1,marginal,1,1,1
2026-04-18,I1,Napoli,Lazio,2,0.1,marginal,1,1,0
2026-04-18,E0,Newcastle,Bournemouth,2,0.1,marginal,1,1,1
2026-04-18,E0,Chelsea,Man United,2,0.1,marginal,1,1,1
2026-04-18,F1,Lorient,Marseille,0,0.1,marginal,0,1,1
2026-04-18,E0,Tottenham,Brighton,1,0.1,marginal,1,1,1
2026-04-18,F1,Lille,Nice,1,0.1,marginal,1,0,0
2026-04-18,F1,Angers,Le Havre,1,0.1,marginal,1,1,1
2026-04-19,E0,Nott'm Forest,Burnley,0,0.1,marginal,1,1,0
2026-04-19,F1,Nantes,Brest,1,0.1,marginal,1,1,1
2026-04-19,I1,Juventus,Bologna,0,0.1,marginal,1,0,0
2026-04-19,I1,Pisa,Genoa,2,0.1,marginal,1,1,1
2026-04-19,I1,Verona,Milan,2,0.1,marginal,0,1,1
2026-04-19,I1,Cremonese,Torino,1,0.1,marginal,1,1,1
2026-04-19,D1,M'gladbach,Mainz,1,0.1,marginal,1,1,1
2026-04-19,D1,Bayern Munich,Stuttgart,0,0.1,marginal,1,0,0
2026-04-19,F1,Strasbourg,Rennes,2,0.1,marginal,1,1,1
2026-04-19,F1,Metz,Paris FC,2,0.1,marginal,1,1,1
2026-04-19,E0,Man City,Arsenal,0,0.1,marginal,1,1,1
2026-04-19,E0,Aston Villa,Sunderland,0,0.1,marginal,1,1,0
2026-04-19,E0,Everton,Liverpool,2,0.1,marginal,1,1,1
2026-04-19,F1,Monaco,Auxerre,1,0.1,marginal,1,1,0
2026-04-19,D1,Freiburg,Heidenheim,0,0.1,marginal,1,1,0
2026-04-19,F1,Paris SG,Lyon,2,0.1,marginal,1,0,0
2026-04-20,I1,Lecce,Fiorentina,1,0.1,marginal,1,1,1
2026-04-20,E0,Crystal Palace,West Ham,1,0.1,marginal,1,1,1
2026-04-21,SP1,Girona,Betis,2,0.1,marginal,1,1,1
2026-04-21,SP1,Real Madrid,Alaves,0,0.1,marginal,1,0,0
2026-04-21,E0,Brighton,Chelsea,0,0.1,marginal,1,1,1
2026-04-21,SP1,Mallorca,Valencia,1,0.1,marginal,1,1,1
2026-04-21,SP1,Ath Bilbao,Osasuna,0,0.1,marginal,1,1,1
2026-04-22,SP1,Sociedad,Getafe,2,0.1,marginal,1,1,1
2026-04-22,F1,Paris SG,Nantes,0,0.1,marginal,1,0,0
2026-04-22,E0,Bournemouth,Leeds,1,0.1,marginal,1,1,1
2026-04-22,E0,Burnley,Man City,2,0.1,marginal,0,0,1
2026-04-22,SP1,Elche,Ath Madrid,0,0.1,marginal,1,1,1
2026-04-22,SP1,Barcelona,Celta,0,0.1,marginal,1,0,0
2026-04-23,SP1,Oviedo,Villarreal,1,0.1,marginal,1,1,1
2026-04-23,SP1,Vallecano,Espanol,0,0.1,marginal,1,1,1
2026-04-23,SP1,Levante,Sevilla,0,0.1,marginal,1,1,1
2026-04-24,E0,Sunderland,Nott'm Forest,2,0.1,marginal,1,1,1
2026-04-24,SP1,Betis,Real Madrid,1,0.1,marginal,1,1,1
2026-04-24,D1,RB Leipzig,Union Berlin,0,0.1,marginal,1,1,0
2026-04-24,F1,Brest,Lens,1,0.1,marginal,0,1,1
2026-04-24,I1,Napoli,Cremonese,0,0.1,marginal,1,0,0
2026-04-25,F1,Toulouse,Monaco,1,0.1,marginal,1,1,1
2026-04-25,SP1,Valencia,Girona,0,0.1,marginal,1,1,1
2026-04-25,SP1,Alaves,Mallorca,0,0.1,marginal,1,1,1
2026-04-25,SP1,Ath Madrid,Ath Bilbao,0,0.1,marginal,1,1,1
2026-04-25,SP1,Getafe,Barcelona,2,0.1,marginal,0,1,1
2026-04-25,E0,Arsenal,Newcastle,0,0.1,marginal,1,0,0
2026-04-25,E0,Wolves,Tottenham,2,0.1,marginal,1,1,1
2026-04-25,E0,West Ham,Everton,0,0.1,marginal,1,1,1
2026-04-25,F1,Lyon,Auxerre,0,0.1,marginal,1,1,0
2026-04-25,F1,Angers,Paris SG,2,0.1,marginal,0,0,1
2026-04-25,D1,Mainz,Bayern Munich,2,0.1,marginal,1,1,1
2026-04-25,I1,Bologna,Roma,2,0.1,marginal,1,1,1
2026-04-25,I1,Parma,Pisa,0,0.1,marginal,1,1,1
2026-04-25,E0,Liverpool,Crystal Palace,0,0.1,marginal,1,1,0
2026-04-25,D1,Wolfsburg,M'gladbach,1,0.1,marginal,1,1,1
2026-04-25,D1,Heidenheim,St Pauli,0,0.1,marginal,1,1,1
2026-04-25,D1,Hamburg,Hoffenheim,2,0.1,marginal,0,1,1
2026-04-25,D1,Augsburg,Ein Frankfurt,1,0.1,marginal,1,1,1
2026-04-25,E0,Fulham,Aston Villa,0,0.1,marginal,1,1,1
2026-04-25,I1,Verona,Lecce,1,0.1,marginal,1,1,1
2026-04-25,D1,FC Koln,Leverkusen,2,0.1,marginal,1,1,1
2026-04-26,SP1,Vallecano,Sociedad,1,0.1,marginal,1,1,1
2026-04-26,D1,Dortmund,Freiburg,0,0.1,marginal,1,0,0
2026-04-26,F1,Marseille,Nice,1,0.1,marginal,1,1,0
2026-04-26,F1,Rennes,Nantes,0,0.1,marginal,1,1,0
2026-04-26,F1,Paris FC,Lille,2,0.1,marginal,0,1,1
2026-04-26,D1,Stuttgart,Werder Bremen,1,0.1,marginal,1,0,0
2026-04-26,F1,Le Havre,Metz,1,0.1,marginal,1,1,0
2026-04-26,I1,Torino,Inter,1,0.1,marginal,0,0,1
2026-04-26,SP1,Osasuna,Sevilla,0,0.1,marginal,1,1,1
2026-04-26,I1,Milan,Juventus,1,0.1,marginal,1,1,1
2026-04-26,I1,Genoa,Como,2,0.1,marginal,0,1,1
2026-04-26,I1,Fiorentina,Sassuolo,1,0.1,marginal,1,1,1
2026-04-26,SP1,Villarreal,Celta,0,0.1,marginal,1,1,1
2026-04-26,F1,Lorient,Strasbourg,2,0.1,marginal,1,1,1
2026-04-26,SP1,Oviedo,Elche,2,0.1,marginal,1,1,1
2026-04-27,I1,Lazio,Udinese,1,0.1,marginal,1,1,1
2026-04-27,SP1,Espanol,Levante,1,0.1,marginal,1,1,1
2026-04-27,E0,Man United,Brentford,0,0.1,marginal,1,1,1
2026-04-27,I1,Cagliari,Atalanta,0,0.1,marginal,0,1,1
2026-05-01,SP1,Girona,Mallorca,2,0.1,marginal,1,1,1
2026-05-01,I1,Pisa,Lecce,2,0.1,marginal,1,1,1
2026-05-01,E0,Leeds,Burnley,0,0.1,marginal,1,0,0
2026-05-02,F1,Nantes,Marseille,0,0.1,marginal,1,1,1
2026-05-02,D1,Bayern Munich,Heidenheim,1,0.1,marginal,1,0,0
2026-05-02,F1,Metz,Monaco,2,0.1,marginal,0,0,1
2026-05-02,F1,Nice,Lens,1,0.1,marginal,0,1,1
2026-05-02,D1,Ein Frankfurt,Hamburg,2,0.1,marginal,1,1,1
2026-05-02,D1,Hoffenheim,Stuttgart,1,0.1,marginal,1,1,1
2026-05-02,D1,Werder Bremen,Augsburg,2,0.1,marginal,1,1,1
2026-05-02,D1,Leverkusen,RB Leipzig,0,0.1,marginal,1,1,1
2026-05-02,F1,Paris SG,Lorient,1,0.1,marginal,1,0,0
2026-05-02,I1,Atalanta,Genoa,1,0.1,marginal,1,1,0
2026-05-02,D1,Union Berlin,FC Koln,1,0.1,marginal,1,1,1
2026-05-02,I1,Como,Napoli,1,0.1,marginal,1,1,1
2026-05-02,I1,Udinese,Torino,0,0.1,marginal,1,1,1
2026-05-02,SP1,Alaves,Ath Bilbao,2,0.1,marginal,1,1,1
2026-05-02,SP1,Valencia,Ath Madrid,2,0.1,marginal,1,1,0
2026-05-02,SP1,Villarreal,Levante,0,0.1,marginal,1,1,1
2026-05-02,SP1,Osasuna,Barcelona,2,0.1,marginal,0,1,1
2026-05-02,E0,Newcastle,Brighton,0,0.1,marginal,1,1,1
2026-05-02,E0,Wolves,Sunderland,1,0.1,marginal,1,1,1
2026-05-02,E0,Arsenal,Fulham,0,0.1,marginal,1,1,0
2026-05-02,E0,Brentford,West Ham,0,0.1,marginal,1,1,1
2026-05-03,E0,Aston Villa,Tottenham,2,0.1,marginal,1,1,1
2026-05-03,I1,Bologna,Cagliari,1,0.1,marginal,1,1,1
2026-05-03,I1,Sassuolo,Milan,0,0.1,marginal,1,1,1
2026-05-03,I1,Juventus,Verona,1,0.1,marginal,1,0,0
2026-05-03,I1,Inter,Parma,0,0.1,marginal,1,0,0
2026-05-03,SP1,Betis,Oviedo,0,0.1,marginal,1,1,0
2026-05-03,SP1,Espanol,Real Madrid,2,0.1,marginal,1,1,1
2026-05-03,SP1,Getafe,Vallecano,2,0.1,marginal,1,1,1
2026-05-03,E0,Man United,Liverpool,0,0.1,marginal,1,1,1
2026-05-03,D1,Freiburg,Wolfsburg,1,0.1,marginal,1,1,1
2026-05-03,F1,Lyon,Rennes,0,0.1,marginal,1,1,1
2026-05-03,F1,Strasbourg,Toulouse,2,0.1,marginal,1,1,1
2026-05-03,F1,Paris FC,Brest,0,0.1,marginal,1,1,1
2026-05-03,F1,Auxerre,Angers,0,0.1,marginal,1,1,1
2026-05-03,F1,Lille,Le Havre,1,0.1,marginal,1,0,0
2026-05-03,D1,St Pauli,Mainz,2,0.1,marginal,1,1,1
2026-05-03,D1,M'gladbach,Dortmund,0,0.1,marginal,1,1,1
2026-05-03,E0,Bournemouth,Crystal Palace,0,0.1,marginal,1,1,0
2026-05-03,SP1,Celta,Elche,0,0.1,marginal,1,1,0
2026-05-04,I1,Roma,Fiorentina,0,0.1,marginal,1,1,0
2026-05-04,E0,Everton,Man City,1,0.1,marginal,0,0,1
2026-05-04,E0,Chelsea,Nott'm Forest,2,0.1,marginal,1,0,0
2026-05-04,I1,Cremonese,Lazio,2,0.1,marginal,1,1,1
2026-05-04,SP1,Sevilla,Sociedad,0,0.1,marginal,1,1,1
2026-05-08,F1,Lens,Nantes,0,0.1,marginal,1,0,0
2026-05-08,D1,Dortmund,Ein Frankfurt,0,0.1,marginal,1,1,1
2026-05-08,I1,Torino,Sassuolo,0,0.1,marginal,1,1,1
2026-05-08,SP1,Levante,Osasuna,0,0.1,marginal,1,1,1
2026-05-09,I1,Cagliari,Udinese,2,0.1,marginal,1,1,1
2026-05-09,SP1,Sociedad,Betis,1,0.1,marginal,1,1,1
2026-05-09,SP1,Ath Madrid,Celta,2,0.1,marginal,1,1,1
2026-05-09,SP1,Sevilla,Espanol,0,0.1,marginal,1,1,1
2026-05-09,SP1,Elche,Alaves,1,0.1,marginal,1,1,1
2026-05-09,D1,RB Leipzig,St Pauli,0,0.1,marginal,1,0,0
2026-05-09,I1,Lecce,Juventus,2,0.1,marginal,0,1,1
2026-05-09,D1,Augsburg,M'gladbach,0,0.1,marginal,1,1,1
2026-05-09,E0,Brighton,Wolves,0,0.1,marginal,1,0,0
2026-05-09,E0,Sunderland,Man United,1,0.1,marginal,1,1,1
2026-05-09,E0,Fulham,Bournemouth,2,0.1,marginal,1,1,1
2026-05-09,E0,Liverpool,Chelsea,1,0.1,marginal,1,1,1
2026-05-09,D1,Wolfsburg,Bayern Munich,2,0.1,marginal,0,0,1
2026-05-09,D1,Stuttgart,Leverkusen,0,0.1,marginal,1,1,1
2026-05-09,D1,Hoffenheim,Werder Bremen,0,0.1,marginal,1,0,0
2026-05-09,I1,Lazio,Inter,2,0.1,marginal,1,1,1
2026-05-09,E0,Man City,Brentford,0,0.1,marginal,1,0,0
2026-05-10,D1,FC Koln,Heidenheim,2,0.1,marginal,1,1,1
2026-05-10,E0,West Ham,Arsenal,2,0.1,marginal,0,1,1
2026-05-10,F1,Paris SG,Brest,0,0.1,marginal,1,0,0
2026-05-10,F1,Rennes,Paris FC,0,0.1,marginal,1,0,0
2026-05-10,SP1,Mallorca,Villarreal,1,0.1,marginal,1,1,1
2026-05-10,D1,Hamburg,Freiburg,0,0.1,marginal,1,1,1
2026-05-10,SP1,Oviedo,Getafe,1,0.1,marginal,1,1,1
2026-05-10,SP1,Barcelona,Real Madrid,0,0.1,marginal,1,0,1
2026-05-10,D1,Mainz,Union Berlin,2,0.1,marginal,1,1,1
2026-05-10,F1,Monaco,Lille,2,0.1,marginal,1,1,1
2026-05-10,SP1,Ath Bilbao,Valencia,2,0.1,marginal,1,1,0
2026-05-10,F1,Metz,Lorient,2,0.1,marginal,1,1,1
2026-05-10,F1,Angers,Strasbourg,1,0.1,marginal,1,1,1
2026-05-10,F1,Auxerre,Nice,0,0.1,marginal,1,1,1
2026-05-10,I1,Milan,Atalanta,2,0.1,marginal,1,1,1
2026-05-10,F1,Toulouse,Lyon,0,0.1,marginal,1,1,1
2026-05-10,E0,Nott'm Forest,Newcastle,1,0.1,marginal,1,1,1
2026-05-10,E0,Crystal Palace,Everton,1,0.1,marginal,1,1,1
2026-05-10,E0,Burnley,Aston Villa,1,0.1,marginal,0,0,1
2026-05-10,I1,Verona,Como,2,0.1,marginal,0,0,1
2026-05-10,I1,Cremonese,Pisa,0,0.1,marginal,1,1,1
2026-05-10,I1,Fiorentina,Genoa,1,0.1,marginal,1,1,1
2026-05-10,I1,Parma,Roma,2,0.1,marginal,0,0,1
2026-05-10,F1,Le Havre,Marseille,2,0.1,marginal,1,1,1
2026-05-11,E0,Tottenham,Leeds,1,0.1,marginal,1,1,1
2026-05-11,SP1,Vallecano,Girona,1,0.1,marginal,1,1,1
2026-05-11,I1,Napoli,Bologna,2,0.1,marginal,1,1,0
2026-05-12,SP1,Osasuna,Ath Madrid,2,0.1,marginal,1,1,1
2026-05-12,SP1,Betis,Elche,0,0.1,marginal,1,1,0
2026-05-12,SP1,Celta,Levante,2,0.1,marginal,1,1,1
2026-05-13,E0,Man City,Crystal Palace,0,0.1,marginal,1,0,0
2026-05-13,SP1,Espanol,Ath Bilbao,0,0.1,marginal,1,1,1
2026-05-13,SP1,Villarreal,Sevilla,2,0.1,marginal,1,1,1
2026-05-13,SP1,Alaves,Barcelona,0,0.1,marginal,1,1,1
2026-05-13,SP1,Getafe,Mallorca,0,0.1,marginal,1,1,1
2026-05-13,F1,Lens,Paris SG,2,0.1,marginal,1,1,1
2026-05-13,F1,Brest,Strasbourg,2,0.1,marginal,1,1,1
2026-05-14,SP1,Girona,Sociedad,1,0.1,marginal,1,1,1
2026-05-14,SP1,Real Madrid,Oviedo,0,0.1,marginal,1,0,0
2026-05-14,SP1,Valencia,Vallecano,1,0.1,marginal,1,1,1
2026-05-15,E0,Aston Villa,Liverpool,0,0.1,marginal,1,1,1
2026-05-16,D1,Union Berlin,Augsburg,0,0.1,marginal,1,1,1
2026-05-16,D1,M'gladbach,Hoffenheim,0,0.1,marginal,1,0,1
2026-05-16,D1,Bayern Munich,FC Koln,0,0.1,marginal,1,0,0
2026-05-16,D1,Ein Frankfurt,Stuttgart,1,0.1,marginal,1,1,1
2026-05-16,D1,Freiburg,RB Leipzig,0,0.1,marginal,1,1,1
2026-05-16,D1,Heidenheim,Mainz,2,0.1,marginal,1,1,1
2026-05-16,D1,Leverkusen,Hamburg,1,0.1,marginal,1,0,0
2026-05-16,D1,Werder Bremen,Dortmund,2,0.1,marginal,1,1,1
2026-05-16,D1,St Pauli,Wolfsburg,2,0.1,marginal,1,1,1
2026-05-17,E0,Wolves,Fulham,1,0.1,marginal,1,1,1
2026-05-17,E0,Leeds,Brighton,0,0.1,marginal,1,1,1
2026-05-17,E0,Everton,Sunderland,2,0.1,marginal,1,1,1
2026-05-17,I1,Como,Parma,0,0.1,marginal,1,0,0
2026-05-17,F1,Paris FC,Paris SG,0,0.1,marginal,0,0,1
2026-05-17,E0,Newcastle,West Ham,0,0.1,marginal,1,1,1
2026-05-17,SP1,Ath Bilbao,Celta,1,0.1,marginal,1,1,1
2026-05-17,F1,Strasbourg,Monaco,0,0.1,marginal,1,1,1
2026-05-17,SP1,Vallecano,Villarreal,0,0.1,marginal,1,1,1
2026-05-17,SP1,Elche,Getafe,0,0.1,marginal,1,1,1
2026-05-17,SP1,Oviedo,Alaves,2,0.1,marginal,1,1,1
2026-05-17,SP1,Sevilla,Real Madrid,2,0.1,marginal,1,1,1
2026-05-17,SP1,Sociedad,Valencia,2,0.1,marginal,1,1,1
2026-05-17,SP1,Barcelona,Betis,0,0.1,marginal,1,0,0
2026-05-17,SP1,Osasuna,Espanol,2,0.1,marginal,1,1,1
2026-05-17,SP1,Levante,Mallorca,0,0.1,marginal,1,1,1
2026-05-17,I1,Genoa,Milan,2,0.1,marginal,0,1,1
2026-05-17,I1,Pisa,Napoli,2,0.1,marginal,0,1,1
2026-05-17,I1,Juventus,Fiorentina,2,0.1,marginal,1,0,0
2026-05-17,SP1,Ath Madrid,Girona,0,0.1,marginal,1,1,1
2026-05-17,E0,Brentford,Crystal Palace,1,0.1,marginal,1,1,1
2026-05-17,F1,Nantes,Toulouse,1,0.1,marginal,1,1,1
2026-05-17,F1,Nice,Metz,1,0.1,marginal,1,0,0
2026-05-17,F1,Lyon,Lens,2,0.1,marginal,1,1,0
2026-05-17,F1,Lorient,Le Havre,2,0.1,marginal,1,1,1
2026-05-17,E0,Man United,Nott'm Forest,0,0.1,marginal,1,0,0
2026-05-17,F1,Marseille,Rennes,0,0.1,marginal,1,1,1
2026-05-17,F1,Brest,Angers,1,0.1,marginal,1,1,1
2026-05-17,I1,Udinese,Cremonese,2,0.1,marginal,1,1,1
2026-05-17,I1,Sassuolo,Lecce,2,0.1,marginal,1,1,1
2026-05-17,I1,Cagliari,Torino,0,0.1,marginal,1,1,1
2026-05-17,I1,Atalanta,Bologna,2,0.1,marginal,1,1,1
2026-05-17,I1,Inter,Verona,1,0.1,marginal,1,0,0
2026-05-17,I1,Roma,Lazio,0,0.1,marginal,1,1,0
2026-05-17,F1,Lille,Auxerre,2,0.1,marginal,1,0,0
2026-05-18,E0,Arsenal,Burnley,0,0.1,marginal,1,0,0
2026-05-19,E0,Chelsea,Tottenham,0,0.1,marginal,1,1,1
2026-05-19,E0,Bournemouth,Man City,1,0.1,marginal,0,1,1
2026-05-22,I1,Fiorentina,Atalanta,1,0.1,marginal,1,1,1
2026-05-23,I1,Bologna,Inter,1,0.1,marginal,1,1,1
2026-05-23,SP1,Valencia,Barcelona,0,0.1,marginal,1,1,1
2026-05-23,SP1,Betis,Levante,0,0.1,marginal,1,1,1
2026-05-23,SP1,Alaves,Vallecano,2,0.1,marginal,1,1,1
2026-05-23,SP1,Celta,Sevilla,0,0.1,marginal,1,1,1
2026-05-23,SP1,Girona,Elche,1,0.1,marginal,1,1,1
2026-05-23,SP1,Getafe,Osasuna,0,0.1,marginal,1,1,1
2026-05-23,SP1,Mallorca,Oviedo,0,0.1,marginal,1,1,0
2026-05-23,I1,Lazio,Pisa,0,0.1,marginal,1,1,0
2026-05-23,SP1,Real Madrid,Ath Bilbao,0,0.1,marginal,1,0,0
2026-05-23,SP1,Espanol,Sociedad,1,0.1,marginal,1,1,1
2026-05-24,E0,Fulham,Newcastle,0,0.1,marginal,1,1,1
2026-05-24,E0,Liverpool,Brentford,1,0.1,marginal,1,1,1
2026-05-24,E0,Man City,Aston Villa,2,0.1,marginal,1,0,0
2026-05-24,E0,Nott'm Forest,Bournemouth,1,0.1,marginal,1,1,1
2026-05-24,E0,Sunderland,Chelsea,0,0.1,marginal,1,1,1
2026-05-24,E0,Tottenham,Everton,0,0.1,marginal,1,1,1
2026-05-24,I1,Verona,Roma,2,0.1,marginal,0,0,1
2026-05-24,E0,Burnley,Wolves,1,0.1,marginal,1,1,1
2026-05-24,I1,Milan,Cagliari,2,0.1,marginal,1,0,0
2026-05-24,I1,Lecce,Genoa,0,0.1,marginal,1,1,1
2026-05-24,I1,Cremonese,Como,2,0.1,marginal,0,1,1
2026-05-24,I1,Napoli,Udinese,0,0.1,marginal,1,1,0
2026-05-24,I1,Parma,Sassuolo,0,0.1,marginal,1,1,1
2026-05-24,E0,Crystal Palace,Arsenal,2,0.1,marginal,1,1,1
2026-05-24,E0,Brighton,Man United,2,0.1,marginal,1,1,1
2026-05-24,E0,West Ham,Leeds,0,0.1,marginal,1,1,1
2026-05-24,I1,Torino,Juventus,1,0.1,marginal,0,1,1
2026-05-24,SP1,Villarreal,Ath Madrid,0,0.1,marginal,1,1,1
2025-08-15,SP1,Girona,Vallecano,2,0.1,mondrian,1,1,1
2025-08-15,E0,Liverpool,Bournemouth,0,0.1,mondrian,1,0,0
2025-08-15,F1,Rennes,Marseille,0,0.1,mondrian,0,1,1
2025-08-15,SP1,Villarreal,Oviedo,0,0.1,mondrian,1,1,0
2025-08-16,SP1,Valencia,Sociedad,1,0.1,mondrian,1,1,1
2025-08-16,F1,Monaco,Le Havre,0,0.1,mondrian,1,0,0
2025-08-16,F1,Nice,Toulouse,2,0.1,mondrian,1,1,1
2025-08-16,F1,Lens,Lyon,2,0.1,mondrian,1,1,1
2025-08-16,SP1,Mallorca,Barcelona,2,0.1,mondrian,0,0,1
2025-08-16,E0,Aston Villa,Newcastle,1,0.1,mondrian,1,1,1
2025-08-16,SP1,Alaves,Levante,0,0.1,mondrian,1,1,1
2025-08-16,E0,Wolves,Man City,2,0.1,mondrian,0,1,1
2025-08-16,E0,Tottenham,Burnley,0,0.1,mondrian,1,1,0
2025-08-16,E0,Sunderland,West Ham,0,0.1,mondrian,0,1,1
2025-08-16,E0,Brighton,Fulham,1,0.1,mondrian,1,1,1
2025-08-17,F1,Auxerre,Lorient,0,0.1,mondrian,1,1,1
2025-08-17,SP1,Espanol,Ath Madrid,0,0.1,mondrian,0,1,1
2025-08-17,SP1,Ath Bilbao,Sevilla,0,0.1,mondrian,1,1,0
2025-08-17,SP1,Celta,Getafe,2,0.1,mondrian,1,1,0
2025-08-17,E0,Man United,Arsenal,2,0.1,mondrian,0,1,1
2025-08-17,F1,Angers,Paris FC,0,0.1,mondrian,1,1,1
2025-08-17,E0,Nott'm Forest,Brentford,0,0.1,mondrian,1,1,1
2025-08-17,E0,Chelsea,Crystal Palace,1,0.1,mondrian,1,1,1
2025-08-17,F1,Metz,Strasbourg,2,0.1,mondrian,0,1,1
2025-08-17,F1,Brest,Lille,1,0.1,mondrian,1,1,1
2025-08-17,F1,Nantes,Paris SG,2,0.1,mondrian,0,0,1
2025-08-18,SP1,Elche,Betis,1,0.1,mondrian,0,1,1
2025-08-18,E0,Leeds,Everton,0,0.1,mondrian,1,1,1
2025-08-19,SP1,Real Madrid,Osasuna,0,0.1,mondrian,1,0,0
2025-08-22,F1,Paris SG,Angers,0,0.1,mondrian,1,0,0
2025-08-22,E0,West Ham,Chelsea,2,0.1,mondrian,0,1,1
2025-08-22,D1,Bayern Munich,RB Leipzig,0,0.1,mondrian,1,0,0
2025-08-22,SP1,Betis,Alaves,0,0.1,mondrian,1,1,1
2025-08-23,I1,Genoa,Lecce,1,0.1,mondrian,1,1,0
2025-08-23,I1,Milan,Cremonese,2,0.1,mondrian,1,0,0
2025-08-23,E0,Bournemouth,Wolves,0,0.1,mondrian,1,1,1
2025-08-23,D1,Ein Frankfurt,Werder Bremen,0,0.1,mondrian,1,1,0
2025-08-23,D1,Freiburg,Augsburg,2,0.1,mondrian,1,1,1
2025-08-23,F1,Marseille,Paris FC,0,0.1,mondrian,1,0,0
2025-08-23,F1,Lyon,Metz,0,0.1,mondrian,1,0,0
2025-08-23,F1,Nice,Auxerre,0,0.1,mondrian,1,1,1
2025-08-23,SP1,Ath Madrid,Elche,1,0.1,mondrian,1,0,0
2025-08-23,SP1,Levante,Barcelona,2,0.1,mondrian,0,0,1
2025-08-23,I1,Sassuolo,Napoli,2,0.1,mondrian,0,1,1
2025-08-23,E0,Brentford,Aston Villa,0,0.1,mondrian,0,1,1
2025-08-23,E0,Man City,Tottenham,2,0.1,mondrian,1,1,0
2025-08-23,I1,Roma,Bologna,0,0.1,mondrian,1,1,1
2025-08-23,D1,Leverkusen,Hoffenheim,2,0.1,mondrian,1,1,1
2025-08-23,D1,Union Berlin,Stuttgart,0,0.1,mondrian,0,1,1
2025-08-23,D1,Heidenheim,Wolfsburg,2,0.1,mondrian,1,1,1
2025-08-23,SP1,Mallorca,Celta,1,0.1,mondrian,0,1,1
2025-08-23,E0,Arsenal,Leeds,0,0.1,mondrian,1,0,0
2025-08-23,E0,Burnley,Sunderland,0,0.1,mondrian,1,1,1
2025-08-23,D1,St Pauli,Dortmund,1,0.1,mondrian,0,1,1
2025-08-24,SP1,Sociedad,Espanol,1,0.1,mondrian,1,1,1
2025-08-24,E0,Everton,Brighton,0,0.1,mondrian,1,1,1
2025-08-24,SP1,Oviedo,Real Madrid,2,0.1,mondrian,0,0,1
2025-08-24,SP1,Villarreal,Girona,0,0.1,mondrian,1,1,0
2025-08-24,I1,Cagliari,Fiorentina,1,0.1,mondrian,1,1,1
2025-08-24,I1,Como,Lazio,0,0.1,mondrian,1,1,1
2025-08-24,E0,Crystal Palace,Nott'm Forest,1,0.1,mondrian,1,1,1
2025-08-24,E0,Fulham,Man United,1,0.1,mondrian,0,1,1
2025-08-24,F1,Lille,Monaco,0,0.1,mondrian,0,1,1
2025-08-24,I1,Juventus,Parma,0,0.1,mondrian,1,1,0
2025-08-24,D1,M'gladbach,Hamburg,1,0.1,mondrian,1,1,1
2025-08-24,D1,Mainz,FC Koln,2,0.1,mondrian,1,1,1
2025-08-24,F1,Toulouse,Brest,0,0.1,mondrian,1,1,1
2025-08-24,F1,Strasbourg,Nantes,0,0.1,mondrian,1,1,1
2025-08-24,F1,Le Havre,Lens,2,0.1,mondrian,0,1,1
2025-08-24,F1,Lorient,Rennes,0,0.1,mondrian,1,1,1
2025-08-24,SP1,Osasuna,Valencia,0,0.1,mondrian,1,1,1
2025-08-24,I1,Atalanta,Pisa,1,0.1,mondrian,1,1,0
2025-08-25,SP1,Ath Bilbao,Vallecano,0,0.1,mondrian,1,1,0
2025-08-25,SP1,Sevilla,Getafe,2,0.1,mondrian,1,1,1
2025-08-25,E0,Newcastle,Liverpool,2,0.1,mondrian,1,1,1
2025-08-25,I1,Inter,Torino,0,0.1,mondrian,1,0,0
2025-08-25,I1,Udinese,Verona,1,0.1,mondrian,1,1,1
2025-08-27,SP1,Celta,Betis,1,0.1,mondrian,1,1,1
2025-08-29,F1,Lens,Brest,0,0.1,mondrian,1,1,1
2025-08-29,D1,Hamburg,St Pauli,2,0.1,mondrian,1,1,1
2025-08-29,SP1,Valencia,Getafe,0,0.1,mondrian,1,1,1
2025-08-29,SP1,Elche,Levante,0,0.1,mondrian,1,1,1
2025-08-29,I1,Lecce,Milan,2,0.1,mondrian,0,1,1
2025-08-29,I1,Cremonese,Sassuolo,0,0.1,mondrian,1,1,1
2025-08-30,SP1,Real Madrid,Mallorca,0,0.1,mondrian,1,0,0
2025-08-30,I1,Pisa,Roma,2,0.1,mondrian,0,1,1
2025-08-30,F1,Nantes,Auxerre,0,0.1,mondrian,1,1,1
2025-08-30,F1,Toulouse,Paris SG,2,0.1,mondrian,0,0,1
2025-08-30,D1,Augsburg,Bayern Munich,2,0.1,mondrian,0,0,1
2025-08-30,D1,Werder Bremen,Leverkusen,1,0.1,mondrian,0,1,1
2025-08-30,D1,Stuttgart,M'gladbach,0,0.1,mondrian,1,1,1
2025-08-30,D1,RB Leipzig,Heidenheim,0,0.1,mondrian,1,1,0
2025-08-30,D1,Hoffenheim,Ein Frankfurt,2,0.1,mondrian,1,1,1
2025-08-30,SP1,Girona,Sevilla,2,0.1,mondrian,1,1,1
2025-08-30,F1,Lorient,Lille,2,0.1,mondrian,0,1,1
2025-08-30,E0,Chelsea,Fulham,0,0.1,mondrian,1,1,1
2025-08-30,E0,Sunderland,Brentford,0,0.1,mondrian,1,1,1
2025-08-30,I1,Parma,Atalanta,1,0.1,mondrian,0,1,1
2025-08-30,SP1,Alaves,Ath Madrid,1,0.1,mondrian,0,1,1
2025-08-30,I1,Bologna,Como,0,0.1,mondrian,1,1,1
2025-08-30,I1,Napoli,Cagliari,0,0.1,mondrian,1,1,0
2025-08-30,E0,Wolves,Everton,2,0.1,mondrian,0,1,1
2025-08-30,E0,Tottenham,Bournemouth,2,0.1,mondrian,1,1,1
2025-08-30,SP1,Oviedo,Sociedad,0,0.1,mondrian,0,1,1
2025-08-30,E0,Man United,Burnley,0,0.1,mondrian,1,0,0
2025-08-30,E0,Leeds,Newcastle,1,0.1,mondrian,0,1,1
2025-08-31,I1,Inter,Udinese,2,0.1,mondrian,1,0,0
2025-08-31,SP1,Vallecano,Barcelona,1,0.1,mondrian,0,0,1
2025-08-31,F1,Lyon,Marseille,0,0.1,mondrian,1,1,1
2025-08-31,F1,Paris FC,Metz,0,0.1,mondrian,1,1,1
2025-08-31,F1,Monaco,Strasbourg,0,0.1,mondrian,1,0,0
2025-08-31,F1,Le Havre,Nice,0,0.1,mondrian,1,1,1
2025-08-31,I1,Genoa,Juventus,2,0.1,mondrian,0,1,1
2025-08-31,I1,Torino,Fiorentina,1,0.1,mondrian,0,1,1
2025-08-31,D1,Wolfsburg,Mainz,1,0.1,mondrian,1,1,1
2025-08-31,E0,Nott'm Forest,West Ham,2,0.1,mondrian,1,1,0
2025-08-31,D1,Dortmund,Union Berlin,0,0.1,mondrian,1,0,0
2025-08-31,SP1,Espanol,Osasuna,0,0.1,mondrian,1,1,1
2025-08-31,E0,Aston Villa,Crystal Palace,2,0.1,mondrian,1,1,1
2025-08-31,E0,Brighton,Man City,0,0.1,mondrian,0,1,1
2025-08-31,I1,Lazio,Verona,0,0.1,mondrian,1,1,0
2025-08-31,D1,FC Koln,Freiburg,0,0.1,mondrian,1,1,1
2025-08-31,SP1,Betis,Ath Bilbao,2,0.1,mondrian,0,1,1
2025-08-31,E0,Liverpool,Arsenal,0,0.1,mondrian,1,1,1
2025-08-31,SP1,Celta,Villarreal,1,0.1,mondrian,0,1,1
2025-08-31,F1,Angers,Rennes,1,0.1,mondrian,0,1,1
2025-09-12,D1,Leverkusen,Ein Frankfurt,0,0.1,mondrian,1,1,1
2025-09-12,F1,Marseille,Lorient,0,0.1,mondrian,1,0,0
2025-09-12,SP1,Sevilla,Elche,1,0.1,mondrian,1,1,1
2025-09-13,SP1,Sociedad,Real Madrid,2,0.1,mondrian,0,1,1
2025-09-13,E0,Bournemouth,Brighton,0,0.1,mondrian,1,1,1
2025-09-13,E0,Crystal Palace,Sunderland,1,0.1,mondrian,1,1,0
2025-09-13,E0,Everton,Aston Villa,1,0.1,mondrian,1,1,1
2025-09-13,E0,Fulham,Leeds,0,0.1,mondrian,1,1,1
2025-09-13,E0,Newcastle,Wolves,0,0.1,mondrian,1,0,0
2025-09-13,SP1,Getafe,Oviedo,0,0.1,mondrian,1,1,1
2025-09-13,SP1,Ath Bilbao,Alaves,2,0.1,mondrian,1,1,0
2025-09-13,SP1,Ath Madrid,Villarreal,0,0.1,mondrian,1,1,1
2025-09-13,I1,Cagliari,Parma,0,0.1,mondrian,1,1,1
2025-09-13,E0,West Ham,Tottenham,2,0.1,mondrian,1,1,1
2025-09-13,I1,Juventus,Inter,0,0.1,mondrian,1,1,1
2025-09-13,E0,Arsenal,Nott'm Forest,0,0.1,mondrian,1,1,0
2025-09-13,F1,Auxerre,Monaco,2,0.1,mondrian,0,1,1
2025-09-13,I1,Fiorentina,Napoli,2,0.1,mondrian,0,1,1
2025-09-13,D1,Heidenheim,Dortmund,2,0.1,mondrian,0,1,1
2025-09-13,D1,Mainz,RB Leipzig,2,0.1,mondrian,1,1,1
2025-09-13,D1,Union Berlin,Hoffenheim,2,0.1,mondrian,1,1,1
2025-09-13,D1,Freiburg,Stuttgart,0,0.1,mondrian,1,1,1
2025-09-13,F1,Nice,Nantes,0,0.1,mondrian,1,1,0
2025-09-13,D1,Bayern Munich,Hamburg,0,0.1,mondrian,1,0,0
2025-09-13,E0,Brentford,Chelsea,1,0.1,mondrian,0,1,1
2025-09-13,D1,Wolfsburg,FC Koln,1,0.1,mondrian,1,1,1
2025-09-14,I1,Roma,Torino,2,0.1,mondrian,1,1,0
2025-09-14,I1,Pisa,Udinese,2,0.1,mondrian,1,1,1
2025-09-14,I1,Milan,Bologna,0,0.1,mondrian,1,1,1
2025-09-14,D1,M'gladbach,Werder Bremen,2,0.1,mondrian,1,1,1
2025-09-14,SP1,Celta,Girona,1,0.1,mondrian,1,1,1
2025-09-14,SP1,Levante,Betis,1,0.1,mondrian,0,1,1
2025-09-14,SP1,Osasuna,Vallecano,0,0.1,mondrian,1,1,1
2025-09-14,SP1,Barcelona,Valencia,0,0.1,mondrian,1,0,0
2025-09-14,I1,Atalanta,Lecce,0,0.1,mondrian,1,1,0
2025-09-14,E0,Burnley,Liverpool,2,0.1,mondrian,0,0,1
2025-09-14,D1,St Pauli,Augsburg,0,0.1,mondrian,1,1,1
2025-09-14,F1,Rennes,Lyon,0,0.1,mondrian,1,1,1
2025-09-14,F1,Strasbourg,Le Havre,0,0.1,mondrian,1,1,1
2025-09-14,F1,Paris SG,Lens,0,0.1,mondrian,1,0,0
2025-09-14,F1,Metz,Angers,1,0.1,mondrian,1,1,1
2025-09-14,F1,Brest,Paris FC,2,0.1,mondrian,1,1,1
2025-09-14,F1,Lille,Toulouse,0,0.1,mondrian,1,1,1
2025-09-14,E0,Man City,Man United,0,0.1,mondrian,1,1,1
2025-09-14,I1,Sassuolo,Lazio,0,0.1,mondrian,0,1,1
2025-09-15,I1,Como,Genoa,1,0.1,mondrian,1,1,0
2025-09-15,I1,Verona,Cremonese,1,0.1,mondrian,1,1,1
2025-09-15,SP1,Espanol,Mallorca,0,0.1,mondrian,1,1,1
2025-09-19,F1,Lyon,Angers,0,0.1,mondrian,1,1,0
2025-09-19,SP1,Betis,Sociedad,0,0.1,mondrian,1,1,1
2025-09-19,D1,Stuttgart,St Pauli,0,0.1,mondrian,1,1,1
2025-09-19,I1,Lecce,Cagliari,2,0.1,mondrian,1,1,1
2025-09-20,D1,RB Leipzig,FC Koln,0,0.1,mondrian,1,1,1
2025-09-20,F1,Nantes,Rennes,1,0.1,mondrian,0,1,1
2025-09-20,F1,Brest,Nice,0,0.1,mondrian,1,1,1
2025-09-20,F1,Lens,Lille,0,0.1,mondrian,1,1,1
2025-09-20,SP1,Valencia,Ath Bilbao,0,0.1,mondrian,0,1,1
2025-09-20,SP1,Villarreal,Osasuna,0,0.1,mondrian,1,1,1
2025-09-20,SP1,Alaves,Sevilla,2,0.1,mondrian,1,1,1
2025-09-20,D1,Werder Bremen,Freiburg,2,0.1,mondrian,1,1,1
2025-09-20,E0,Fulham,Brentford,0,0.1,mondrian,1,1,1
2025-09-20,E0,Man United,Chelsea,0,0.1,mondrian,1,1,1
2025-09-20,E0,Wolves,Leeds,2,0.1,mondrian,1,1,1
2025-09-20,SP1,Real Madrid,Espanol,0,0.1,mondrian,1,0,0
2025-09-20,E0,Burnley,Nott'm Forest,1,0.1,mondrian,0,1,1
2025-09-20,E0,West Ham,Crystal Palace,2,0.1,mondrian,1,1,1
2025-09-20,D1,Hoffenheim,Bayern Munich,2,0.1,mondrian,0,0,1
2025-09-20,D1,Hamburg,Heidenheim,0,0.1,mondrian,1,1,1
2025-09-20,D1,Augsburg,Mainz,2,0.1,mondrian,1,1,1
2025-09-20,I1,Verona,Juventus,1,0.1,mondrian,0,1,1
2025-09-20,I1,Bologna,Genoa,0,0.1,mondrian,1,1,1
2025-09-20,SP1,Girona,Levante,2,0.1,mondrian,1,1,1
2025-09-20,E0,Liverpool,Everton,0,0.1,mondrian,1,1,0
2025-09-20,E0,Brighton,Tottenham,1,0.1,mondrian,1,1,1
2025-09-20,I1,Udinese,Milan,2,0.1,mondrian,0,1,1
2025-09-21,F1,Auxerre,Toulouse,0,0.1,mondrian,0,1,1
2025-09-21,I1,Torino,Atalanta,2,0.1,mondrian,0,1,1
2025-09-21,D1,Dortmund,Wolfsburg,0,0.1,mondrian,1,1,0
2025-09-21,I1,Cremonese,Parma,1,0.1,mondrian,1,1,1
2025-09-21,I1,Fiorentina,Como,2,0.1,mondrian,1,1,1
2025-09-21,F1,Monaco,Metz,0,0.1,mondrian,1,0,0
2025-09-21,D1,Ein Frankfurt,Union Berlin,2,0.1,mondrian,1,1,1
2025-09-21,F1,Le Havre,Lorient,1,0.1,mondrian,1,1,1
2025-09-21,F1,Paris FC,Strasbourg,2,0.1,mondrian,1,1,1
2025-09-21,I1,Inter,Sassuolo,0,0.1,mondrian,1,0,0
2025-09-21,E0,Sunderland,Aston Villa,1,0.1,mondrian,0,1,1
2025-09-21,E0,Arsenal,Man City,1,0.1,mondrian,1,1,1
2025-09-21,D1,Leverkusen,M'gladbach,1,0.1,mondrian,1,1,0
2025-09-21,I1,Lazio,Roma,2,0.1,mondrian,1,1,1
2025-09-21,E0,Bournemouth,Newcastle,1,0.1,mondrian,1,1,1
2025-09-21,SP1,Barcelona,Getafe,0,0.1,mondrian,1,0,0
2025-09-21,SP1,Elche,Oviedo,0,0.1,mondrian,1,1,1
2025-09-21,SP1,Mallorca,Ath Madrid,1,0.1,mondrian,0,1,1
2025-09-21,SP1,Vallecano,Celta,1,0.1,mondrian,1,1,1
2025-09-22,I1,Napoli,Pisa,0,0.1,mondrian,1,0,0
2025-09-22,F1,Marseille,Paris SG,0,0.1,mondrian,0,1,1
2025-09-23,SP1,Espanol,Valencia,1,0.1,mondrian,1,1,1
2025-09-23,SP1,Ath Bilbao,Girona,1,0.1,mondrian,1,1,0
2025-09-23,SP1,Levante,Real Madrid,2,0.1,mondrian,0,0,1
2025-09-23,SP1,Sevilla,Villarreal,2,0.1,mondrian,0,1,1
2025-09-24,SP1,Sociedad,Mallorca,0,0.1,mondrian,1,1,1
2025-09-24,SP1,Ath Madrid,Vallecano,0,0.1,mondrian,1,1,0
2025-09-24,SP1,Getafe,Alaves,1,0.1,mondrian,1,1,1
2025-09-25,SP1,Osasuna,Elche,1,0.1,mondrian,1,1,1
2025-09-25,SP1,Oviedo,Barcelona,2,0.1,mondrian,0,0,1
2025-09-26,SP1,Girona,Espanol,1,0.1,mondrian,1,1,1
2025-09-26,D1,Bayern Munich,Werder Bremen,0,0.1,mondrian,1,0,0
2025-09-26,F1,Strasbourg,Marseille,2,0.1,mondrian,0,1,1
2025-09-27,I1,Como,Cremonese,1,0.1,mondrian,1,1,0
2025-09-27,E0,Brentford,Man United,0,0.1,mondrian,0,1,1
2025-09-27,I1,Juventus,Atalanta,1,0.1,mondrian,1,1,1
2025-09-27,I1,Cagliari,Inter,2,0.1,mondrian,0,1,1
2025-09-27,E0,Man City,Burnley,0,0.1,mondrian,1,0,0
2025-09-27,E0,Nott'm Forest,Sunderland,2,0.1,mondrian,1,1,1
2025-09-27,D1,M'gladbach,Ein Frankfurt,2,0.1,mondrian,1,1,1
2025-09-27,E0,Leeds,Bournemouth,1,0.1,mondrian,1,1,1
2025-09-27,E0,Crystal Palace,Liverpool,0,0.1,mondrian,0,1,1
2025-09-27,E0,Tottenham,Wolves,1,0.1,mondrian,1,1,0
2025-09-27,D1,Wolfsburg,RB Leipzig,2,0.1,mondrian,1,1,1
2025-09-27,F1,Paris SG,Auxerre,0,0.1,mondrian,1,0,0
2025-09-27,D1,Mainz,Dortmund,2,0.1,mondrian,0,1,1
2025-09-27,D1,St Pauli,Leverkusen,2,0.1,mondrian,1,1,1
2025-09-27,SP1,Ath Madrid,Real Madrid,0,0.1,mondrian,1,1,1
2025-09-27,SP1,Mallorca,Alaves,0,0.1,mondrian,1,1,1
2025-09-27,F1,Toulouse,Nantes,1,0.1,mondrian,1,1,0
2025-09-27,SP1,Getafe,Levante,1,0.1,mondrian,1,1,1
2025-09-27,SP1,Villarreal,Ath Bilbao,0,0.1,mondrian,1,1,1
2025-09-27,E0,Chelsea,Brighton,2,0.1,mondrian,1,1,1
2025-09-27,D1,Heidenheim,Augsburg,0,0.1,mondrian,1,1,1
2025-09-27,F1,Lorient,Monaco,0,0.1,mondrian,0,1,1
2025-09-28,D1,Freiburg,Hoffenheim,1,0.1,mondrian,1,1,1
2025-09-28,E0,Newcastle,Arsenal,2,0.1,mondrian,0,1,1
2025-09-28,F1,Metz,Le Havre,1,0.1,mondrian,1,1,1
2025-09-28,SP1,Elche,Celta,0,0.1,mondrian,1,1,1
2025-09-28,SP1,Barcelona,Sociedad,0,0.1,mondrian,1,0,0
2025-09-28,SP1,Betis,Osasuna,0,0.1,mondrian,1,1,1
2025-09-28,D1,FC Koln,Stuttgart,2,0.1,mondrian,1,1,1
2025-09-28,F1,Rennes,Lens,1,0.1,mondrian,1,1,1
2025-09-28,D1,Union Berlin,Hamburg,1,0.1,mondrian,1,1,1
2025-09-28,I1,Roma,Verona,0,0.1,mondrian,1,1,0
2025-09-28,I1,Milan,Napoli,0,0.1,mondrian,1,1,1
2025-09-28,I1,Lecce,Bologna,1,0.1,mondrian,0,1,1
2025-09-28,F1,Lille,Lyon,2,0.1,mondrian,1,1,1
2025-09-28,I1,Pisa,Fiorentina,1,0.1,mondrian,0,1,1
2025-09-28,I1,Sassuolo,Udinese,0,0.1,mondrian,1,1,1
2025-09-28,SP1,Vallecano,Sevilla,2,0.1,mondrian,1,1,1
2025-09-28,E0,Aston Villa,Fulham,0,0.1,mondrian,1,1,1
2025-09-28,F1,Angers,Brest,2,0.1,mondrian,0,1,1
2025-09-28,F1,Nice,Paris FC,1,0.1,mondrian,1,1,1
2025-09-29,E0,Everton,West Ham,1,0.1,mondrian,1,1,0
2025-09-29,I1,Genoa,Lazio,2,0.1,mondrian,1,1,1
2025-09-29,I1,Parma,Torino,0,0.1,mondrian,1,1,1
2025-09-30,SP1,Valencia,Oviedo,2,0.1,mondrian,1,1,0
2025-10-03,D1,Hoffenheim,FC Koln,2,0.1,mondrian,1,1,1
2025-10-03,I1,Verona,Sassuolo,2,0.1,mondrian,1,1,1
2025-10-03,E0,Bournemouth,Fulham,0,0.1,mondrian,1,1,1
2025-10-03,SP1,Osasuna,Getafe,0,0.1,mondrian,1,1,1
2025-10-03,F1,Paris FC,Lorient,0,0.1,mondrian,1,1,1
2025-10-04,F1,Brest,Nantes,1,0.1,mondrian,1,1,1
2025-10-04,I1,Atalanta,Como,1,0.1,mondrian,1,1,1
2025-10-04,E0,Leeds,Tottenham,2,0.1,mondrian,1,1,1
2025-10-04,E0,Arsenal,West Ham,0,0.1,mondrian,1,0,0
2025-10-04,E0,Man United,Sunderland,0,0.1,mondrian,1,1,1
2025-10-04,E0,Chelsea,Liverpool,0,0.1,mondrian,1,1,1
2025-10-04,I1,Parma,Lecce,2,0.1,mondrian,1,1,1
2025-10-04,I1,Inter,Cremonese,0,0.1,mondrian,1,0,0
2025-10-04,F1,Auxerre,Lens,2,0.1,mondrian,0,1,1
2025-10-04,F1,Metz,Marseille,2,0.1,mondrian,0,1,1
2025-10-04,D1,Leverkusen,Union Berlin,0,0.1,mondrian,1,1,1
2025-10-04,D1,Augsburg,Wolfsburg,0,0.1,mondrian,1,1,1
2025-10-04,D1,Dortmund,RB Leipzig,1,0.1,mondrian,1,1,1
2025-10-04,D1,Werder Bremen,St Pauli,0,0.1,mondrian,1,1,1
2025-10-04,D1,Ein Frankfurt,Bayern Munich,2,0.1,mondrian,0,0,1
2025-10-04,SP1,Oviedo,Levante,2,0.1,mondrian,1,1,1
2025-10-04,SP1,Girona,Valencia,0,0.1,mondrian,1,1,1
2025-10-04,SP1,Ath Bilbao,Mallorca,0,0.1,mondrian,1,1,0
2025-10-04,SP1,Real Madrid,Villarreal,0,0.1,mondrian,1,0,0
2025-10-04,I1,Lazio,Torino,1,0.1,mondrian,1,1,1
2025-10-05,I1,Napoli,Genoa,0,0.1,mondrian,1,1,0
2025-10-05,I1,Fiorentina,Roma,2,0.1,mondrian,1,1,1
2025-10-05,I1,Bologna,Pisa,0,0.1,mondrian,1,1,0
2025-10-05,I1,Udinese,Cagliari,1,0.1,mondrian,1,1,1
2025-10-05,F1,Lille,Paris SG,1,0.1,mondrian,0,1,1
2025-10-05,D1,Hamburg,Mainz,0,0.1,mondrian,1,1,1
2025-10-05,F1,Monaco,Nice,1,0.1,mondrian,1,1,1
2025-10-05,F1,Le Havre,Rennes,1,0.1,mondrian,1,1,1
2025-10-05,I1,Juventus,Milan,1,0.1,mondrian,1,1,1
2025-10-05,F1,Lyon,Toulouse,2,0.1,mondrian,1,1,1
2025-10-05,E0,Aston Villa,Burnley,0,0.1,mondrian,1,1,0
2025-10-05,D1,Stuttgart,Heidenheim,0,0.1,mondrian,1,0,0
2025-10-05,E0,Brentford,Man City,2,0.1,mondrian,0,1,1
2025-10-05,E0,Everton,Crystal Palace,0,0.1,mondrian,1,1,1
2025-10-05,E0,Newcastle,Nott'm Forest,0,0.1,mondrian,1,1,0
2025-10-05,D1,M'gladbach,Freiburg,1,0.1,mondrian,1,1,1
2025-10-05,SP1,Alaves,Elche,0,0.1,mondrian,1,1,1
2025-10-05,F1,Strasbourg,Angers,0,0.1,mondrian,1,1,1
2025-10-05,SP1,Espanol,Betis,2,0.1,mondrian,1,1,1
2025-10-05,SP1,Sociedad,Vallecano,2,0.1,mondrian,1,1,1
2025-10-05,SP1,Celta,Ath Madrid,1,0.1,mondrian,0,1,1
2025-10-05,E0,Wolves,Brighton,1,0.1,mondrian,0,1,1
2025-10-05,SP1,Sevilla,Barcelona,0,0.1,mondrian,0,0,1
2025-10-17,SP1,Oviedo,Espanol,2,0.1,mondrian,1,1,1
2025-10-17,F1,Paris SG,Strasbourg,1,0.1,mondrian,1,0,0
2025-10-17,D1,Union Berlin,M'gladbach,0,0.1,mondrian,1,1,1
2025-10-18,SP1,Sevilla,Mallorca,2,0.1,mondrian,1,1,1
2025-10-18,E0,Sunderland,Wolves,0,0.1,mondrian,1,1,1
2025-10-18,E0,Brighton,Newcastle,0,0.1,mondrian,1,1,1
2025-10-18,F1,Angers,Monaco,1,0.1,mondrian,0,1,1
2025-10-18,E0,Crystal Palace,Bournemouth,1,0.1,mondrian,1,1,1
2025-10-18,E0,Man City,Everton,0,0.1,mondrian,1,1,0
2025-10-18,D1,Heidenheim,Werder Bremen,1,0.1,mondrian,1,1,1
2025-10-18,E0,Burnley,Leeds,0,0.1,mondrian,0,1,1
2025-10-18,E0,Nott'm Forest,Chelsea,2,0.1,mondrian,1,1,1
2025-10-18,F1,Nice,Lyon,0,0.1,mondrian,1,1,1
2025-10-18,D1,FC Koln,Augsburg,1,0.1,mondrian,1,1,1
2025-10-18,F1,Marseille,Le Havre,0,0.1,mondrian,1,0,0
2025-10-18,D1,RB Leipzig,Hamburg,0,0.1,mondrian,1,0,0
2025-10-18,I1,Roma,Inter,2,0.1,mondrian,0,1,1
2025-10-18,I1,Torino,Napoli,0,0.1,mondrian,0,1,1
2025-10-18,I1,Pisa,Verona,1,0.1,mondrian,1,1,1
2025-10-18,I1,Lecce,Sassuolo,1,0.1,mondrian,1,1,1
2025-10-18,SP1,Ath Madrid,Osasuna,0,0.1,mondrian,1,0,0
2025-10-18,E0,Fulham,Arsenal,2,0.1,mondrian,0,1,1
2025-10-18,SP1,Barcelona,Girona,0,0.1,mondrian,1,0,0
2025-10-18,D1,Mainz,Leverkusen,2,0.1,mondrian,1,1,1
2025-10-18,D1,Bayern Munich,Dortmund,0,0.1,mondrian,1,0,0
2025-10-18,D1,Wolfsburg,Stuttgart,2,0.1,mondrian,1,1,1
2025-10-18,SP1,Villarreal,Betis,1,0.1,mondrian,1,1,1
2025-10-19,I1,Genoa,Parma,1,0.1,mondrian,1,1,1
2025-10-19,I1,Cagliari,Bologna,2,0.1,mondrian,0,1,1
2025-10-19,I1,Como,Juventus,0,0.1,mondrian,1,1,1
2025-10-19,F1,Lorient,Brest,1,0.1,mondrian,1,1,1
2025-10-19,F1,Nantes,Lille,2,0.1,mondrian,0,1,1
2025-10-19,F1,Toulouse,Metz,0,0.1,mondrian,1,1,0
2025-10-19,F1,Rennes,Auxerre,1,0.1,mondrian,1,1,1
2025-10-19,I1,Atalanta,Lazio,1,0.1,mondrian,1,1,1
2025-10-19,SP1,Getafe,Real Madrid,2,0.1,mondrian,0,1,1
2025-10-19,D1,St Pauli,Hoffenheim,2,0.1,mondrian,1,1,1
2025-10-19,SP1,Levante,Vallecano,2,0.1,mondrian,1,1,1
2025-10-19,SP1,Celta,Sociedad,1,0.1,mondrian,1,1,1
2025-10-19,D1,Freiburg,Ein Frankfurt,1,0.1,mondrian,1,1,1
2025-10-19,E0,Tottenham,Aston Villa,2,0.1,mondrian,1,1,1
2025-10-19,E0,Liverpool,Man United,2,0.1,mondrian,1,1,1
2025-10-19,I1,Milan,Fiorentina,0,0.1,mondrian,1,1,1
2025-10-19,F1,Lens,Paris FC,0,0.1,mondrian,1,1,1
2025-10-19,SP1,Elche,Ath Bilbao,1,0.1,mondrian,0,1,1
2025-10-20,I1,Cremonese,Udinese,1,0.1,mondrian,0,1,1
2025-10-20,SP1,Alaves,Valencia,1,0.1,mondrian,1,1,1
2025-10-20,E0,West Ham,Brentford,2,0.1,mondrian,1,1,1
2025-10-24,D1,Werder Bremen,Union Berlin,0,0.1,mondrian,1,1,1
2025-10-24,SP1,Sociedad,Sevilla,0,0.1,mondrian,1,1,1
2025-10-24,F1,Paris FC,Nantes,2,0.1,mondrian,1,1,0
2025-10-24,E0,Leeds,West Ham,0,0.1,mondrian,1,1,1
2025-10-24,I1,Milan,Pisa,1,0.1,mondrian,1,0,0
2025-10-25,SP1,Ath Bilbao,Getafe,2,0.1,mondrian,1,1,0
2025-10-25,D1,Dortmund,FC Koln,0,0.1,mondrian,1,0,0
2025-10-25,D1,M'gladbach,Bayern Munich,2,0.1,mondrian,0,0,1
2025-10-25,E0,Chelsea,Sunderland,2,0.1,mondrian,1,1,0
2025-10-25,D1,Hamburg,Wolfsburg,2,0.1,mondrian,1,1,1
2025-10-25,D1,Ein Frankfurt,St Pauli,0,0.1,mondrian,1,1,1
2025-10-25,D1,Augsburg,RB Leipzig,2,0.1,mondrian,0,1,1
2025-10-25,E0,Newcastle,Fulham,0,0.1,mondrian,1,1,0
2025-10-25,E0,Brentford,Liverpool,0,0.1,mondrian,0,1,1
2025-10-25,SP1,Valencia,Villarreal,2,0.1,mondrian,0,1,1
2025-10-25,E0,Man United,Brighton,0,0.1,mondrian,1,1,1
2025-10-25,D1,Hoffenheim,Heidenheim,0,0.1,mondrian,1,1,0
2025-10-25,SP1,Espanol,Elche,0,0.1,mondrian,1,1,1
2025-10-25,I1,Parma,Como,1,0.1,mondrian,0,1,1
2025-10-25,I1,Napoli,Inter,0,0.1,mondrian,0,1,1
2025-10-25,I1,Udinese,Lecce,0,0.1,mondrian,1,1,1
2025-10-25,F1,Brest,Paris SG,2,0.1,mondrian,0,0,1
2025-10-25,F1,Monaco,Toulouse,0,0.1,mondrian,1,1,1
2025-10-25,F1,Lens,Marseille,0,0.1,mondrian,1,1,1
2025-10-25,SP1,Girona,Oviedo,1,0.1,mondrian,1,1,0
2025-10-25,I1,Cremonese,Atalanta,1,0.1,mondrian,0,1,1
2025-10-26,E0,Aston Villa,Man City,0,0.1,mondrian,0,1,1
2025-10-26,E0,Arsenal,Crystal Palace,0,0.1,mondrian,1,0,0
2025-10-26,D1,Leverkusen,Freiburg,0,0.1,mondrian,1,1,1
2025-10-26,SP1,Mallorca,Levante,1,0.1,mondrian,1,1,1
2025-10-26,SP1,Vallecano,Alaves,0,0.1,mondrian,1,1,1
2025-10-26,SP1,Osasuna,Celta,2,0.1,mondrian,1,1,1
2025-10-26,E0,Everton,Tottenham,2,0.1,mondrian,1,1,1
2025-10-26,E0,Bournemouth,Nott'm Forest,0,0.1,mondrian,1,1,1
2025-10-26,SP1,Real Madrid,Barcelona,0,0.1,mondrian,1,1,1
2025-10-26,E0,Wolves,Burnley,2,0.1,mondrian,1,1,1
2025-10-26,F1,Auxerre,Le Havre,2,0.1,mondrian,1,1,1
2025-10-26,F1,Angers,Lorient,0,0.1,mondrian,1,1,1
2025-10-26,I1,Fiorentina,Bologna,1,0.1,mondrian,1,1,1
2025-10-26,I1,Verona,Cagliari,1,0.1,mondrian,1,1,1
2025-10-26,I1,Sassuolo,Roma,2,0.1,mondrian,0,1,1
2025-10-26,I1,Lazio,Juventus,0,0.1,mondrian,0,1,1
2025-10-26,F1,Lille,Metz,0,0.1,mondrian,1,0,0
2025-10-26,F1,Lyon,Strasbourg,0,0.1,mondrian,1,1,1
2025-10-26,I1,Torino,Genoa,0,0.1,mondrian,1,1,1
2025-10-26,F1,Rennes,Nice,2,0.1,mondrian,1,1,1
2025-10-26,D1,Stuttgart,Mainz,0,0.1,mondrian,1,1,1
2025-10-27,SP1,Betis,Ath Madrid,2,0.1,mondrian,0,1,1
2025-10-28,I1,Lecce,Napoli,2,0.1,mondrian,0,1,1
2025-10-28,I1,Atalanta,Milan,1,0.1,mondrian,1,1,1
2025-10-29,F1,Toulouse,Rennes,1,0.1,mondrian,1,1,1
2025-10-29,I1,Bologna,Torino,1,0.1,mondrian,1,1,1
2025-10-29,F1,Marseille,Angers,1,0.1,mondrian,1,0,0
2025-10-29,I1,Inter,Fiorentina,0,0.1,mondrian,1,0,0
2025-10-29,F1,Le Havre,Brest,0,0.1,mondrian,1,1,1
2025-10-29,I1,Genoa,Cremonese,2,0.1,mondrian,1,1,0
2025-10-29,I1,Roma,Parma,0,0.1,mondrian,1,1,0
2025-10-29,F1,Lorient,Paris SG,1,0.1,mondrian,0,0,1
2025-10-29,I1,Como,Verona,0,0.1,mondrian,1,1,0
2025-10-29,F1,Metz,Lens,0,0.1,mondrian,0,0,1
2025-10-29,I1,Juventus,Udinese,0,0.1,mondrian,1,1,0
2025-10-29,F1,Nice,Lille,0,0.1,mondrian,0,1,1
2025-10-29,F1,Strasbourg,Auxerre,0,0.1,mondrian,1,1,1
2025-10-29,F1,Nantes,Monaco,2,0.1,mondrian,0,1,1
2025-10-29,F1,Paris FC,Lyon,1,0.1,mondrian,1,1,1
2025-10-30,I1,Cagliari,Sassuolo,2,0.1,mondrian,1,1,1
2025-10-30,I1,Pisa,Lazio,1,0.1,mondrian,0,1,1
2025-10-31,SP1,Getafe,Girona,0,0.1,mondrian,1,1,1
2025-10-31,D1,Augsburg,Dortmund,2,0.1,mondrian,0,1,1
2025-11-01,E0,Nott'm Forest,Man United,1,0.1,mondrian,1,1,1
2025-11-01,E0,Crystal Palace,Brentford,0,0.1,mondrian,1,1,1
2025-11-01,E0,Brighton,Leeds,0,0.1,mondrian,1,1,1
2025-11-01,SP1,Villarreal,Vallecano,0,0.1,mondrian,1,1,1
2025-11-01,SP1,Ath Madrid,Sevilla,0,0.1,mondrian,1,1,0
2025-11-01,SP1,Sociedad,Ath Bilbao,0,0.1,mondrian,1,1,1
2025-11-01,E0,Liverpool,Aston Villa,0,0.1,mondrian,1,1,1
2025-11-01,E0,Tottenham,Chelsea,2,0.1,mondrian,1,1,1
2025-11-01,E0,Fulham,Wolves,0,0.1,mondrian,1,1,1
2025-11-01,E0,Burnley,Arsenal,2,0.1,mondrian,0,0,1
2025-11-01,D1,Bayern Munich,Leverkusen,0,0.1,mondrian,1,0,0
2025-11-01,SP1,Real Madrid,Valencia,0,0.1,mondrian,1,0,0
2025-11-01,F1,Auxerre,Marseille,2,0.1,mondrian,0,1,1
2025-11-01,D1,St Pauli,M'gladbach,2,0.1,mondrian,1,1,1
2025-11-01,F1,Monaco,Paris FC,2,0.1,mondrian,1,1,1
2025-11-01,D1,Mainz,Werder Bremen,1,0.1,mondrian,1,1,1
2025-11-01,D1,RB Leipzig,Stuttgart,0,0.1,mondrian,1,1,1
2025-11-01,I1,Cremonese,Juventus,2,0.1,mondrian,0,1,1
2025-11-01,D1,Heidenheim,Ein Frankfurt,1,0.1,mondrian,0,1,1
2025-11-01,D1,Union Berlin,Freiburg,1,0.1,mondrian,1,1,1
2025-11-01,F1,Paris SG,Nice,0,0.1,mondrian,1,0,0
2025-11-01,I1,Napoli,Como,1,0.1,mondrian,1,1,1
2025-11-01,I1,Udinese,Atalanta,0,0.1,mondrian,0,1,1
2025-11-02,F1,Lens,Lorient,0,0.1,mondrian,1,1,0
2025-11-02,E0,West Ham,Newcastle,0,0.1,mondrian,0,1,1
2025-11-02,E0,Man City,Bournemouth,0,0.1,mondrian,1,0,0
2025-11-02,D1,FC Koln,Hamburg,0,0.1,mondrian,1,1,1
2025-11-02,D1,Wolfsburg,Hoffenheim,2,0.1,mondrian,1,1,1
2025-11-02,I1,Fiorentina,Lecce,2,0.1,mondrian,1,1,0
2025-11-02,F1,Rennes,Strasbourg,0,0.1,mondrian,1,1,1
2025-11-02,SP1,Barcelona,Elche,0,0.1,mondrian,1,0,0
2025-11-02,F1,Lille,Angers,0,0.1,mondrian,1,0,0
2025-11-02,I1,Torino,Pisa,1,0.1,mondrian,1,1,1
2025-11-02,F1,Toulouse,Le Havre,1,0.1,mondrian,1,1,0
2025-11-02,F1,Brest,Lyon,1,0.1,mondrian,0,1,1
2025-11-02,I1,Parma,Bologna,2,0.1,mondrian,0,1,1
2025-11-02,I1,Milan,Roma,0,0.1,mondrian,1,1,1
2025-11-02,SP1,Betis,Mallorca,0,0.1,mondrian,1,1,0
2025-11-02,I1,Verona,Inter,2,0.1,mondrian,0,0,1
2025-11-02,SP1,Levante,Celta,2,0.1,mondrian,1,1,1
2025-11-02,SP1,Alaves,Espanol,0,0.1,mondrian,1,1,1
2025-11-02,F1,Nantes,Metz,2,0.1,mondrian,1,1,1
2025-11-03,E0,Sunderland,Everton,1,0.1,mondrian,0,1,1
2025-11-03,I1,Sassuolo,Genoa,2,0.1,mondrian,1,1,1
2025-11-03,I1,Lazio,Cagliari,0,0.1,mondrian,1,1,0
2025-11-03,SP1,Oviedo,Osasuna,1,0.1,mondrian,0,1,1
2025-11-07,SP1,Elche,Sociedad,1,0.1,mondrian,1,1,1
2025-11-07,D1,Werder Bremen,Wolfsburg,0,0.1,mondrian,1,1,1
2025-11-07,I1,Pisa,Cremonese,0,0.1,mondrian,1,1,1
2025-11-07,F1,Paris FC,Rennes,2,0.1,mondrian,1,1,1
2025-11-08,F1,Le Havre,Nantes,1,0.1,mondrian,1,1,1
2025-11-08,F1,Marseille,Brest,0,0.1,mondrian,1,1,0
2025-11-08,E0,West Ham,Burnley,0,0.1,mondrian,1,1,1
2025-11-08,E0,Sunderland,Arsenal,1,0.1,mondrian,0,1,1
2025-11-08,E0,Chelsea,Wolves,0,0.1,mondrian,1,0,0
2025-11-08,SP1,Girona,Alaves,0,0.1,mondrian,1,1,1
2025-11-08,SP1,Ath Madrid,Levante,0,0.1,mondrian,1,0,0
2025-11-08,F1,Monaco,Lens,2,0.1,mondrian,1,1,1
2025-11-08,SP1,Sevilla,Osasuna,0,0.1,mondrian,1,1,1
2025-11-08,E0,Everton,Fulham,0,0.1,mondrian,1,1,1
2025-11-08,E0,Tottenham,Man United,1,0.1,mondrian,1,1,1
2025-11-08,SP1,Espanol,Villarreal,2,0.1,mondrian,1,1,1
2025-11-08,D1,Hamburg,Dortmund,1,0.1,mondrian,0,1,1
2025-11-08,D1,Hoffenheim,RB Leipzig,0,0.1,mondrian,1,1,1
2025-11-08,D1,Leverkusen,Heidenheim,0,0.1,mondrian,1,1,0
2025-11-08,D1,Union Berlin,Bayern Munich,1,0.1,mondrian,0,0,1
2025-11-08,I1,Lecce,Verona,1,0.1,mondrian,1,1,1
2025-11-08,I1,Juventus,Torino,1,0.1,mondrian,1,1,0
2025-11-08,I1,Parma,Milan,1,0.1,mondrian,0,1,1
2025-11-08,D1,M'gladbach,FC Koln,0,0.1,mondrian,1,1,1
2025-11-08,I1,Como,Cagliari,1,0.1,mondrian,1,1,0
2025-11-09,I1,Genoa,Fiorentina,1,0.1,mondrian,1,1,1
2025-11-09,E0,Man City,Liverpool,0,0.1,mondrian,1,1,1
2025-11-09,E0,Nott'm Forest,Leeds,0,0.1,mondrian,1,1,1
2025-11-09,E0,Crystal Palace,Brighton,1,0.1,mondrian,1,1,1
2025-11-09,F1,Strasbourg,Lille,0,0.1,mondrian,1,1,1
2025-11-09,I1,Roma,Udinese,0,0.1,mondrian,1,1,0
2025-11-09,I1,Inter,Lazio,0,0.1,mondrian,1,0,0
2025-11-09,I1,Bologna,Napoli,0,0.1,mondrian,1,1,1
2025-11-09,E0,Brentford,Newcastle,0,0.1,mondrian,1,1,1
2025-11-09,I1,Atalanta,Sassuolo,2,0.1,mondrian,1,1,0
2025-11-09,SP1,Mallorca,Getafe,0,0.1,mondrian,1,1,1
2025-11-09,E0,Aston Villa,Bournemouth,0,0.1,mondrian,1,1,1
2025-11-09,D1,Stuttgart,Augsburg,0,0.1,mondrian,1,1,0
2025-11-09,F1,Angers,Auxerre,0,0.1,mondrian,1,1,1
2025-11-09,SP1,Ath Bilbao,Oviedo,0,0.1,mondrian,1,1,0
2025-11-09,SP1,Valencia,Betis,1,0.1,mondrian,0,1,1
2025-11-09,D1,Freiburg,St Pauli,0,0.1,mondrian,1,1,1
2025-11-09,D1,Ein Frankfurt,Mainz,0,0.1,mondrian,1,1,1
2025-11-09,F1,Lorient,Toulouse,1,0.1,mondrian,1,1,1
2025-11-09,F1,Metz,Nice,0,0.1,mondrian,1,1,1
2025-11-09,F1,Lyon,Paris SG,2,0.1,mondrian,0,1,1
2025-11-09,SP1,Vallecano,Real Madrid,1,0.1,mondrian,0,1,1
2025-11-09,SP1,Celta,Barcelona,2,0.1,mondrian,0,1,1
2025-11-21,SP1,Valencia,Levante,0,0.1,mondrian,1,1,1
2025-11-21,D1,Mainz,Hoffenheim,1,0.1,mondrian,1,1,1
2025-11-21,F1,Nice,Marseille,2,0.1,mondrian,0,1,1
2025-11-22,SP1,Villarreal,Mallorca,0,0.1,mondrian,1,0,0
2025-11-22,SP1,Alaves,Celta,2,0.1,mondrian,1,1,1
2025-11-22,SP1,Barcelona,Ath Bilbao,0,0.1,mondrian,1,0,0
2025-11-22,SP1,Osasuna,Sociedad,2,0.1,mondrian,1,1,1
2025-11-22,D1,Augsburg,Hamburg,0,0.1,mondrian,1,1,1
2025-11-22,D1,FC Koln,Ein Frankfurt,2,0.1,mondrian,1,1,1
2025-11-22,I1,Udinese,Bologna,2,0.1,mondrian,1,1,1
2025-11-22,F1,Lens,Strasbourg,0,0.1,mondrian,1,1,1
2025-11-22,F1,Rennes,Monaco,0,0.1,mondrian,1,1,1
2025-11-22,F1,Paris SG,Le Havre,0,0.1,mondrian,1,0,0
2025-11-22,I1,Cagliari,Genoa,1,0.1,mondrian,0,1,1
2025-11-22,D1,Wolfsburg,Leverkusen,2,0.1,mondrian,0,1,1
2025-11-22,E0,Newcastle,Man City,0,0.1,mondrian,0,1,1
2025-11-22,I1,Napoli,Atalanta,0,0.1,mondrian,1,1,1
2025-11-22,E0,Bournemouth,West Ham,1,0.1,mondrian,1,1,1
2025-11-22,E0,Fulham,Sunderland,0,0.1,mondrian,1,1,1
2025-11-22,E0,Liverpool,Nott'm Forest,2,0.1,mondrian,1,1,0
2025-11-22,E0,Wolves,Crystal Palace,2,0.1,mondrian,0,1,1
2025-11-22,E0,Brighton,Brentford,0,0.1,mondrian,1,1,1
2025-11-22,E0,Burnley,Chelsea,2,0.1,mondrian,0,1,1
2025-11-22,I1,Fiorentina,Juventus,1,0.1,mondrian,0,1,1
2025-11-22,D1,Dortmund,Stuttgart,1,0.1,mondrian,1,1,1
2025-11-22,D1,Bayern Munich,Freiburg,0,0.1,mondrian,1,0,0
2025-11-22,D1,Heidenheim,M'gladbach,2,0.1,mondrian,0,1,1
2025-11-23,F1,Nantes,Lorient,1,0.1,mondrian,1,1,1
2025-11-23,I1,Inter,Milan,2,0.1,mondrian,1,1,1
2025-11-23,D1,RB Leipzig,Werder Bremen,0,0.1,mondrian,1,1,0
2025-11-23,I1,Lazio,Lecce,0,0.1,mondrian,1,1,0
2025-11-23,I1,Cremonese,Roma,2,0.1,mondrian,0,1,1
2025-11-23,I1,Verona,Parma,2,0.1,mondrian,1,1,1
2025-11-23,F1,Toulouse,Angers,2,0.1,mondrian,1,1,0
2025-11-23,F1,Brest,Metz,0,0.1,mondrian,1,1,1
2025-11-23,F1,Lille,Paris FC,0,0.1,mondrian,1,1,1
2025-11-23,E0,Leeds,Aston Villa,2,0.1,mondrian,0,1,1
2025-11-23,D1,St Pauli,Union Berlin,2,0.1,mondrian,1,1,1
2025-11-23,E0,Arsenal,Tottenham,0,0.1,mondrian,1,1,0
2025-11-23,SP1,Oviedo,Vallecano,1,0.1,mondrian,0,1,1
2025-11-23,SP1,Getafe,Ath Madrid,2,0.1,mondrian,0,1,1
2025-11-23,SP1,Betis,Girona,1,0.1,mondrian,1,1,0
2025-11-23,SP1,Elche,Real Madrid,1,0.1,mondrian,0,0,1
2025-11-23,F1,Auxerre,Lyon,1,0.1,mondrian,0,1,1
2025-11-24,E0,Man United,Everton,2,0.1,mondrian,1,1,1
2025-11-24,I1,Sassuolo,Pisa,1,0.1,mondrian,1,1,1
2025-11-24,I1,Torino,Como,2,0.1,mondrian,0,1,1
2025-11-24,SP1,Espanol,Sevilla,0,0.1,mondrian,1,1,1
2025-11-28,SP1,Getafe,Elche,0,0.1,mondrian,1,1,1
2025-11-28,I1,Como,Sassuolo,0,0.1,mondrian,1,1,1
2025-11-28,D1,M'gladbach,RB Leipzig,1,0.1,mondrian,1,1,1
2025-11-28,F1,Metz,Rennes,2,0.1,mondrian,0,1,1
2025-11-29,SP1,Levante,Ath Bilbao,2,0.1,mondrian,0,1,1
2025-11-29,E0,Everton,Newcastle,2,0.1,mondrian,1,1,1
2025-11-29,E0,Sunderland,Bournemouth,0,0.1,mondrian,0,1,1
2025-11-29,E0,Tottenham,Fulham,2,0.1,mondrian,1,1,1
2025-11-29,E0,Brentford,Burnley,0,0.1,mondrian,1,1,0
2025-11-29,F1,Monaco,Paris SG,0,0.1,mondrian,0,1,1
2025-11-29,SP1,Mallorca,Osasuna,1,0.1,mondrian,1,1,1
2025-11-29,F1,Paris FC,Auxerre,1,0.1,mondrian,1,1,1
2025-11-29,F1,Marseille,Toulouse,1,0.1,mondrian,1,1,1
2025-11-29,D1,Leverkusen,Dortmund,2,0.1,mondrian,1,1,1
2025-11-29,E0,Man City,Leeds,0,0.1,mondrian,1,0,0
2025-11-29,D1,Bayern Munich,St Pauli,0,0.1,mondrian,1,0,0
2025-11-29,D1,Hoffenheim,Augsburg,0,0.1,mondrian,1,1,1
2025-11-29,SP1,Ath Madrid,Oviedo,0,0.1,mondrian,1,0,0
2025-11-29,D1,Union Berlin,Heidenheim,2,0.1,mondrian,1,1,0
2025-11-29,D1,Werder Bremen,FC Koln,1,0.1,mondrian,1,1,1
2025-11-29,I1,Juventus,Cagliari,0,0.1,mondrian,1,0,0
2025-11-29,I1,Genoa,Verona,0,0.1,mondrian,1,1,1
2025-11-29,I1,Milan,Lazio,0,0.1,mondrian,1,1,0
2025-11-29,SP1,Barcelona,Alaves,0,0.1,mondrian,1,0,0
2025-11-29,I1,Parma,Udinese,2,0.1,mondrian,1,1,1
2025-11-30,D1,Hamburg,Stuttgart,0,0.1,mondrian,1,1,1
2025-11-30,F1,Le Havre,Lille,2,0.1,mondrian,0,1,1
2025-11-30,F1,Lyon,Nantes,0,0.1,mondrian,1,1,0
2025-11-30,F1,Lorient,Nice,0,0.1,mondrian,1,1,1
2025-11-30,SP1,Girona,Real Madrid,1,0.1,mondrian,0,0,1
2025-11-30,I1,Roma,Napoli,2,0.1,mondrian,1,1,1
2025-11-30,SP1,Sevilla,Betis,2,0.1,mondrian,1,1,1
2025-11-30,D1,Ein Frankfurt,Wolfsburg,1,0.1,mondrian,1,1,1
2025-11-30,SP1,Sociedad,Villarreal,2,0.1,mondrian,1,1,1
2025-11-30,D1,Freiburg,Mainz,0,0.1,mondrian,1,1,1
2025-11-30,SP1,Celta,Espanol,2,0.1,mondrian,1,1,1
2025-11-30,I1,Lecce,Torino,0,0.1,mondrian,1,1,1
2025-11-30,I1,Pisa,Inter,2,0.1,mondrian,0,0,1
2025-11-30,F1,Angers,Lens,2,0.1,mondrian,0,1,1
2025-11-30,F1,Strasbourg,Brest,2,0.1,mondrian,1,1,1
2025-11-30,E0,Crystal Palace,Man United,2,0.1,mondrian,1,1,1
2025-11-30,I1,Atalanta,Fiorentina,0,0.1,mondrian,1,1,0
2025-11-30,E0,Nott'm Forest,Brighton,2,0.1,mondrian,1,1,1
2025-11-30,E0,West Ham,Liverpool,2,0.1,mondrian,0,1,1
2025-11-30,E0,Chelsea,Arsenal,1,0.1,mondrian,1,1,1
2025-11-30,E0,Aston Villa,Wolves,0,0.1,mondrian,1,1,0
2025-12-01,SP1,Vallecano,Valencia,1,0.1,mondrian,1,1,1
2025-12-01,I1,Bologna,Cremonese,2,0.1,mondrian,1,1,0
2025-12-02,E0,Fulham,Man City,2,0.1,mondrian,0,1,1
2025-12-02,E0,Newcastle,Tottenham,1,0.1,mondrian,1,1,1
2025-12-02,SP1,Barcelona,Ath Madrid,0,0.1,mondrian,1,1,1
2025-12-02,E0,Bournemouth,Everton,2,0.1,mondrian,1,1,1
2025-12-03,E0,Wolves,Nott'm Forest,2,0.1,mondrian,1,1,1
2025-12-03,E0,Leeds,Chelsea,0,0.1,mondrian,0,1,1
2025-12-03,E0,Burnley,Crystal Palace,2,0.1,mondrian,0,1,1
2025-12-03,E0,Brighton,Aston Villa,2,0.1,mondrian,1,1,1
2025-12-03,E0,Liverpool,Sunderland,1,0.1,mondrian,1,0,0
2025-12-03,SP1,Ath Bilbao,Real Madrid,2,0.1,mondrian,0,1,1
2025-12-03,E0,Arsenal,Brentford,0,0.1,mondrian,1,1,0
2025-12-04,E0,Man United,West Ham,1,0.1,mondrian,1,0,0
2025-12-05,SP1,Oviedo,Mallorca,1,0.1,mondrian,1,1,1
2025-12-05,F1,Brest,Monaco,0,0.1,mondrian,0,1,1
2025-12-05,D1,Mainz,M'gladbach,2,0.1,mondrian,1,1,1
2025-12-05,F1,Lille,Marseille,0,0.1,mondrian,1,1,1
2025-12-06,E0,Newcastle,Burnley,0,0.1,mondrian,1,0,0
2025-12-06,F1,Nantes,Lens,2,0.1,mondrian,0,1,1
2025-12-06,E0,Everton,Nott'm Forest,0,0.1,mondrian,1,1,1
2025-12-06,E0,Man City,Sunderland,0,0.1,mondrian,1,0,0
2025-12-06,I1,Inter,Como,0,0.1,mondrian,1,1,0
2025-12-06,I1,Verona,Atalanta,0,0.1,mondrian,0,1,1
2025-12-06,E0,Bournemouth,Chelsea,1,0.1,mondrian,0,1,1
2025-12-06,F1,Paris SG,Rennes,0,0.1,mondrian,1,0,0
2025-12-06,E0,Tottenham,Brentford,0,0.1,mondrian,1,1,1
2025-12-06,E0,Aston Villa,Arsenal,0,0.1,mondrian,0,1,1
2025-12-06,E0,Leeds,Liverpool,1,0.1,mondrian,0,1,1
2025-12-06,SP1,Villarreal,Getafe,0,0.1,mondrian,1,1,0
2025-12-06,SP1,Ath Bilbao,Ath Madrid,0,0.1,mondrian,1,1,1
2025-12-06,F1,Toulouse,Strasbourg,0,0.1,mondrian,1,1,1
2025-12-06,D1,RB Leipzig,Ein Frankfurt,0,0.1,mondrian,1,1,1
2025-12-06,I1,Sassuolo,Fiorentina,0,0.1,mondrian,1,1,1
2025-12-06,D1,Augsburg,Leverkusen,0,0.1,mondrian,0,1,1
2025-12-06,SP1,Alaves,Sociedad,0,0.1,mondrian,1,1,1
2025-12-06,D1,Heidenheim,Freiburg,0,0.1,mondrian,0,1,1
2025-12-06,D1,Stuttgart,Bayern Munich,2,0.1,mondrian,0,1,1
2025-12-06,D1,Wolfsburg,Union Berlin,0,0.1,mondrian,1,1,1
2025-12-06,SP1,Betis,Barcelona,2,0.1,mondrian,0,1,1
2025-12-06,D1,FC Koln,St Pauli,1,0.1,mondrian,1,1,1
2025-12-07,D1,Hamburg,Werder Bremen,0,0.1,mondrian,1,1,1
2025-12-07,F1,Lorient,Lyon,0,0.1,mondrian,0,1,1
2025-12-07,SP1,Elche,Girona,0,0.1,mondrian,1,1,1
2025-12-07,E0,Brighton,West Ham,1,0.1,mondrian,1,1,0
2025-12-07,I1,Napoli,Juventus,0,0.1,mondrian,1,1,1
2025-12-07,D1,Dortmund,Hoffenheim,0,0.1,mondrian,1,1,1
2025-12-07,I1,Cremonese,Lecce,0,0.1,mondrian,1,1,1
2025-12-07,F1,Le Havre,Paris FC,1,0.1,mondrian,1,1,1
2025-12-07,I1,Lazio,Bologna,1,0.1,mondrian,1,1,1
2025-12-07,SP1,Real Madrid,Celta,2,0.1,mondrian,1,0,0
2025-12-07,E0,Fulham,Crystal Palace,2,0.1,mondrian,1,1,1
2025-12-07,I1,Cagliari,Roma,0,0.1,mondrian,0,1,1
2025-12-07,F1,Auxerre,Metz,0,0.1,mondrian,1,1,1
2025-12-07,F1,Nice,Angers,2,0.1,mondrian,1,1,1
2025-12-07,SP1,Valencia,Sevilla,1,0.1,mondrian,1,1,1
2025-12-07,SP1,Espanol,Vallecano,0,0.1,mondrian,1,1,1
2025-12-08,I1,Pisa,Parma,2,0.1,mondrian,1,1,1
2025-12-08,I1,Torino,Milan,2,0.1,mondrian,0,1,1
2025-12-08,I1,Udinese,Genoa,2,0.1,mondrian,1,1,1
2025-12-08,E0,Wolves,Man United,2,0.1,mondrian,0,1,1
2025-12-08,SP1,Osasuna,Levante,0,0.1,mondrian,1,1,1
2025-12-12,I1,Lecce,Pisa,0,0.1,mondrian,1,1,1
2025-12-12,F1,Angers,Nantes,0,0.1,mondrian,1,1,1
2025-12-12,D1,Union Berlin,RB Leipzig,0,0.1,mondrian,1,1,1
2025-12-12,SP1,Sociedad,Girona,2,0.1,mondrian,1,1,1
2025-12-13,SP1,Mallorca,Elche,0,0.1,mondrian,1,1,1
2025-12-13,E0,Chelsea,Everton,0,0.1,mondrian,1,1,1
2025-12-13,F1,Paris FC,Toulouse,2,0.1,mondrian,1,1,1
2025-12-13,I1,Parma,Lazio,2,0.1,mondrian,0,1,1
2025-12-13,I1,Atalanta,Cagliari,0,0.1,mondrian,1,0,0
2025-12-13,SP1,Getafe,Espanol,2,0.1,mondrian,1,1,1
2025-12-13,SP1,Barcelona,Osasuna,0,0.1,mondrian,1,0,0
2025-12-13,E0,Arsenal,Wolves,0,0.1,mondrian,1,0,0
2025-12-13,SP1,Ath Madrid,Valencia,0,0.1,mondrian,1,0,0
2025-12-13,I1,Torino,Cremonese,0,0.1,mondrian,1,1,1
2025-12-13,F1,Metz,Paris SG,2,0.1,mondrian,0,0,1
2025-12-13,F1,Rennes,Brest,0,0.1,mondrian,1,1,1
2025-12-13,D1,Leverkusen,FC Koln,0,0.1,mondrian,1,1,1
2025-12-13,D1,St Pauli,Heidenheim,0,0.1,mondrian,1,1,1
2025-12-13,D1,M'gladbach,Wolfsburg,2,0.1,mondrian,1,1,1
2025-12-13,D1,Hoffenheim,Hamburg,0,0.1,mondrian,1,1,1
2025-12-13,D1,Ein Frankfurt,Augsburg,0,0.1,mondrian,1,1,1
2025-12-13,E0,Burnley,Fulham,2,0.1,mondrian,0,1,1
2025-12-13,E0,Liverpool,Brighton,0,0.1,mondrian,1,1,1
2025-12-14,E0,Crystal Palace,Man City,2,0.1,mondrian,0,1,1
2025-12-14,I1,Bologna,Juventus,2,0.1,mondrian,0,1,1
2025-12-14,I1,Genoa,Inter,2,0.1,mondrian,0,1,1
2025-12-14,I1,Udinese,Napoli,0,0.1,mondrian,0,1,1
2025-12-14,F1,Marseille,Monaco,0,0.1,mondrian,1,1,1
2025-12-14,I1,Milan,Sassuolo,1,0.1,mondrian,1,1,0
2025-12-14,SP1,Celta,Ath Bilbao,0,0.1,mondrian,1,1,1
2025-12-14,E0,Nott'm Forest,Tottenham,0,0.1,mondrian,1,1,1
2025-12-14,I1,Fiorentina,Verona,2,0.1,mondrian,1,1,1
2025-12-14,E0,Sunderland,Newcastle,0,0.1,mondrian,0,1,1
2025-12-14,E0,West Ham,Aston Villa,2,0.1,mondrian,0,1,1
2025-12-14,D1,Werder Bremen,Stuttgart,2,0.1,mondrian,1,1,1
2025-12-14,D1,Bayern Munich,Mainz,1,0.1,mondrian,1,0,0
2025-12-14,F1,Strasbourg,Lorient,1,0.1,mondrian,1,1,1
2025-12-14,SP1,Alaves,Real Madrid,2,0.1,mondrian,0,1,1
2025-12-14,D1,Freiburg,Dortmund,1,0.1,mondrian,0,1,1
2025-12-14,SP1,Sevilla,Oviedo,0,0.1,mondrian,1,1,1
2025-12-14,F1,Lens,Nice,0,0.1,mondrian,1,1,0
2025-12-14,F1,Auxerre,Lille,2,0.1,mondrian,0,1,1
2025-12-14,F1,Lyon,Le Havre,0,0.1,mondrian,1,1,1
2025-12-14,E0,Brentford,Leeds,1,0.1,mondrian,1,1,1
2025-12-15,E0,Man United,Bournemouth,1,0.1,mondrian,1,1,1
2025-12-15,I1,Roma,Como,0,0.1,mondrian,1,1,1
2025-12-15,SP1,Vallecano,Betis,1,0.1,mondrian,1,1,1
2025-12-19,D1,Dortmund,M'gladbach,0,0.1,mondrian,1,1,0
2025-12-19,SP1,Valencia,Mallorca,1,0.1,mondrian,1,1,1
2025-12-20,I1,Juventus,Roma,0,0.1,mondrian,1,1,1
2025-12-20,E0,Everton,Arsenal,2,0.1,mondrian,0,1,1
2025-12-20,SP1,Levante,Sociedad,1,0.1,mondrian,1,1,1
2025-12-20,E0,Leeds,Crystal Palace,0,0.1,mondrian,1,1,1
2025-12-20,SP1,Osasuna,Alaves,0,0.1,mondrian,1,1,1
2025-12-20,SP1,Oviedo,Celta,1,0.1,mondrian,0,1,1
2025-12-20,E0,Man City,West Ham,0,0.1,mondrian,1,0,0
2025-12-20,E0,Wolves,Brentford,2,0.1,mondrian,0,1,1
2025-12-20,SP1,Real Madrid,Sevilla,0,0.1,mondrian,1,0,0
2025-12-20,I1,Lazio,Cremonese,1,0.1,mondrian,1,1,0
2025-12-20,E0,Tottenham,Liverpool,2,0.1,mondrian,0,1,1
2025-12-20,E0,Bournemouth,Burnley,1,0.1,mondrian,1,1,0
2025-12-20,E0,Brighton,Sunderland,1,0.1,mondrian,1,1,1
2025-12-20,D1,Augsburg,Werder Bremen,1,0.1,mondrian,1,1,1
2025-12-20,D1,FC Koln,Union Berlin,2,0.1,mondrian,1,1,1
2025-12-20,D1,RB Leipzig,Leverkusen,2,0.1,mondrian,1,1,1
2025-12-20,D1,Wolfsburg,Freiburg,2,0.1,mondrian,1,1,1
2025-12-20,D1,Stuttgart,Hoffenheim,1,0.1,mondrian,1,1,1
2025-12-20,D1,Hamburg,Ein Frankfurt,1,0.1,mondrian,1,1,1
2025-12-20,E0,Newcastle,Chelsea,1,0.1,mondrian,1,1,1
2025-12-21,SP1,Villarreal,Barcelona,2,0.1,mondrian,0,1,1
2025-12-21,SP1,Elche,Vallecano,0,0.1,mondrian,1,1,1
2025-12-21,SP1,Betis,Getafe,0,0.1,mondrian,1,1,0
2025-12-21,I1,Genoa,Atalanta,2,0.1,mondrian,0,1,1
2025-12-21,I1,Fiorentina,Udinese,0,0.1,mondrian,1,1,1
2025-12-21,I1,Sassuolo,Torino,2,0.1,mondrian,1,1,1
2025-12-21,D1,Heidenheim,Bayern Munich,2,0.1,mondrian,0,0,1
2025-12-21,I1,Cagliari,Pisa,1,0.1,mondrian,1,1,1
2025-12-21,E0,Aston Villa,Man United,0,0.1,mondrian,1,1,1
2025-12-21,SP1,Girona,Ath Madrid,2,0.1,mondrian,0,1,1
2025-12-21,D1,Mainz,St Pauli,1,0.1,mondrian,1,1,1
2025-12-22,SP1,Ath Bilbao,Espanol,2,0.1,mondrian,1,1,1
2025-12-22,E0,Fulham,Nott'm Forest,0,0.1,mondrian,1,1,1
2025-12-26,E0,Man United,Newcastle,0,0.1,mondrian,1,1,1
2025-12-27,E0,Nott'm Forest,Man City,2,0.1,mondrian,0,1,1
2025-12-27,E0,Brentford,Bournemouth,0,0.1,mondrian,1,1,1
2025-12-27,E0,Chelsea,Aston Villa,2,0.1,mondrian,1,1,1
2025-12-27,E0,West Ham,Fulham,2,0.1,mondrian,1,1,1
2025-12-27,E0,Arsenal,Brighton,0,0.1,mondrian,1,0,0
2025-12-27,E0,Liverpool,Wolves,0,0.1,mondrian,1,0,0
2025-12-27,I1,Udinese,Lazio,1,0.1,mondrian,0,1,1
2025-12-27,E0,Burnley,Everton,1,0.1,mondrian,0,1,1
2025-12-27,I1,Pisa,Juventus,2,0.1,mondrian,0,1,1
2025-12-27,I1,Torino,Cagliari,2,0.1,mondrian,1,1,1
2025-12-27,I1,Lecce,Como,2,0.1,mondrian,0,1,1
2025-12-27,I1,Parma,Fiorentina,0,0.1,mondrian,0,1,1
2025-12-28,I1,Atalanta,Inter,2,0.1,mondrian,0,1,1
2025-12-28,I1,Milan,Verona,0,0.1,mondrian,1,0,0
2025-12-28,I1,Cremonese,Napoli,2,0.1,mondrian,0,1,1
2025-12-28,E0,Crystal Palace,Tottenham,2,0.1,mondrian,1,1,1
2025-12-28,E0,Sunderland,Leeds,1,0.1,mondrian,1,1,1
2025-12-28,I1,Bologna,Sassuolo,1,0.1,mondrian,1,1,1
2025-12-29,I1,Roma,Genoa,0,0.1,mondrian,1,1,0
2025-12-30,E0,Man United,Wolves,1,0.1,mondrian,1,0,0
2025-12-30,E0,West Ham,Brighton,1,0.1,mondrian,0,1,1
2025-12-30,E0,Nott'm Forest,Everton,2,0.1,mondrian,1,1,1
2025-12-30,E0,Chelsea,Bournemouth,1,0.1,mondrian,1,1,1
2025-12-30,E0,Burnley,Newcastle,2,0.1,mondrian,0,1,1
2025-12-30,E0,Arsenal,Aston Villa,0,0.1,mondrian,1,0,0
2026-01-01,E0,Crystal Palace,Fulham,1,0.1,mondrian,1,1,1
2026-01-01,E0,Sunderland,Man City,1,0.1,mondrian,0,0,1
2026-01-01,E0,Liverpool,Leeds,1,0.1,mondrian,1,1,0
2026-01-01,E0,Brentford,Tottenham,1,0.1,mondrian,1,1,1
2026-01-02,I1,Cagliari,Milan,2,0.1,mondrian,0,1,1
2026-01-02,F1,Toulouse,Lens,2,0.1,mondrian,1,1,1
2026-01-02,SP1,Vallecano,Getafe,1,0.1,mondrian,1,1,1
2026-01-03,SP1,Espanol,Barcelona,2,0.1,mondrian,0,1,1
2026-01-03,I1,Sassuolo,Parma,1,0.1,mondrian,1,1,1
2026-01-03,F1,Monaco,Lyon,2,0.1,mondrian,1,1,1
2026-01-03,I1,Atalanta,Roma,0,0.1,mondrian,1,1,1
2026-01-03,I1,Juventus,Lecce,1,0.1,mondrian,1,0,0
2026-01-03,SP1,Elche,Villarreal,2,0.1,mondrian,1,1,1
2026-01-03,F1,Lille,Rennes,2,0.1,mondrian,1,1,1
2026-01-03,SP1,Celta,Valencia,0,0.1,mondrian,1,1,1
2026-01-03,I1,Genoa,Pisa,1,0.1,mondrian,1,1,1
2026-01-03,F1,Nice,Strasbourg,1,0.1,mondrian,1,1,1
2026-01-03,E0,Bournemouth,Arsenal,2,0.1,mondrian,0,1,1
2026-01-03,E0,Aston Villa,Nott'm Forest,0,0.1,mondrian,1,1,1
2026-01-03,E0,Brighton,Burnley,0,0.1,mondrian,1,1,0
2026-01-03,E0,Wolves,West Ham,0,0.1,mondrian,1,1,1
2026-01-03,SP1,Osasuna,Ath Bilbao,1,0.1,mondrian,1,1,1
2026-01-03,I1,Como,Udinese,0,0.1,mondrian,1,1,1
2026-01-04,SP1,Real Madrid,Betis,0,0.1,mondrian,1,1,0
2026-01-04,SP1,Sevilla,Levante,2,0.1,mondrian,1,1,1
2026-01-04,I1,Inter,Bologna,0,0.1,mondrian,1,0,0
2026-01-04,F1,Lorient,Metz,1,0.1,mondrian,1,1,1
2026-01-04,I1,Fiorentina,Cremonese,0,0.1,mondrian,1,1,1
2026-01-04,I1,Lazio,Napoli,2,0.1,mondrian,0,1,1
2026-01-04,SP1,Mallorca,Girona,2,0.1,mondrian,1,1,1
2026-01-04,I1,Verona,Torino,2,0.1,mondrian,1,1,1
2026-01-04,F1,Paris SG,Paris FC,0,0.1,mondrian,1,0,0
2026-01-04,SP1,Alaves,Oviedo,1,0.1,mondrian,1,1,0
2026-01-04,F1,Le Havre,Angers,0,0.1,mondrian,1,1,1
2026-01-04,E0,Fulham,Liverpool,1,0.1,mondrian,0,1,1
2026-01-04,F1,Marseille,Nantes,2,0.1,mondrian,1,0,0
2026-01-04,E0,Leeds,Man United,1,0.1,mondrian,1,1,1
2026-01-04,E0,Everton,Brentford,2,0.1,mondrian,1,1,1
2026-01-04,E0,Man City,Chelsea,1,0.1,mondrian,1,0,0
2026-01-04,F1,Brest,Auxerre,0,0.1,mondrian,1,1,1
2026-01-04,E0,Newcastle,Crystal Palace,0,0.1,mondrian,1,1,1
2026-01-04,E0,Tottenham,Sunderland,1,0.1,mondrian,1,1,1
2026-01-04,SP1,Sociedad,Ath Madrid,1,0.1,mondrian,0,1,1
2026-01-06,I1,Lecce,Roma,2,0.1,mondrian,0,1,1
2026-01-06,E0,West Ham,Nott'm Forest,2,0.1,mondrian,1,1,1
2026-01-06,I1,Sassuolo,Juventus,2,0.1,mondrian,0,1,1
2026-01-06,I1,Pisa,Como,2,0.1,mondrian,0,1,1
2026-01-07,E0,Man City,Brighton,1,0.1,mondrian,1,1,0
2026-01-07,E0,Burnley,Man United,1,0.1,mondrian,0,1,1
2026-01-07,E0,Brentford,Sunderland,0,0.1,mondrian,1,1,1
2026-01-07,E0,Everton,Wolves,1,0.1,mondrian,1,1,1
2026-01-07,E0,Newcastle,Leeds,0,0.1,mondrian,1,1,0
2026-01-07,E0,Fulham,Chelsea,0,0.1,mondrian,0,1,1
2026-01-07,E0,Bournemouth,Tottenham,0,0.1,mondrian,1,1,1
2026-01-07,E0,Crystal Palace,Aston Villa,1,0.1,mondrian,1,1,1
2026-01-07,I1,Bologna,Atalanta,2,0.1,mondrian,1,1,1
2026-01-07,I1,Napoli,Verona,1,0.1,mondrian,1,0,0
2026-01-07,I1,Parma,Inter,2,0.1,mondrian,0,0,1
2026-01-07,I1,Torino,Udinese,2,0.1,mondrian,1,1,1
2026-01-07,I1,Lazio,Fiorentina,1,0.1,mondrian,1,1,1
2026-01-08,I1,Milan,Genoa,1,0.1,mondrian,1,1,0
2026-01-08,E0,Arsenal,Liverpool,1,0.1,mondrian,1,1,0
2026-01-08,I1,Cremonese,Cagliari,1,0.1,mondrian,1,1,1
2026-01-09,D1,Ein Frankfurt,Dortmund,1,0.1,mondrian,0,1,1
2026-01-09,SP1,Getafe,Sociedad,2,0.1,mondrian,0,1,1
2026-01-10,D1,Heidenheim,FC Koln,1,0.1,mondrian,1,1,1
2026-01-10,SP1,Valencia,Elche,1,0.1,mondrian,1,1,1
2026-01-10,SP1,Girona,Osasuna,0,0.1,mondrian,1,1,1
2026-01-10,SP1,Villarreal,Alaves,0,0.1,mondrian,1,1,0
2026-01-10,D1,Leverkusen,Stuttgart,2,0.1,mondrian,1,1,1
2026-01-10,SP1,Oviedo,Betis,1,0.1,mondrian,0,1,1
2026-01-10,D1,Freiburg,Hamburg,0,0.1,mondrian,1,1,1
2026-01-10,D1,Union Berlin,Mainz,1,0.1,mondrian,1,1,1
2026-01-10,I1,Udinese,Pisa,1,0.1,mondrian,1,1,1
2026-01-10,I1,Como,Bologna,1,0.1,mondrian,1,1,1
2026-01-10,I1,Atalanta,Torino,0,0.1,mondrian,1,1,0
2026-01-10,I1,Roma,Sassuolo,0,0.1,mondrian,1,1,0
2026-01-11,I1,Lecce,Parma,2,0.1,mondrian,1,1,1
2026-01-11,D1,Bayern Munich,Wolfsburg,0,0.1,mondrian,1,0,0
2026-01-11,SP1,Levante,Espanol,1,0.1,mondrian,0,1,1
2026-01-11,I1,Verona,Lazio,2,0.1,mondrian,0,1,1
2026-01-11,D1,M'gladbach,Augsburg,0,0.1,mondrian,1,1,1
2026-01-11,I1,Inter,Napoli,1,0.1,mondrian,1,1,0
2026-01-11,I1,Fiorentina,Milan,1,0.1,mondrian,0,1,1
2026-01-11,SP1,Vallecano,Mallorca,0,0.1,mondrian,1,1,1
2026-01-12,I1,Juventus,Cremonese,0,0.1,mondrian,1,0,0
2026-01-12,I1,Genoa,Cagliari,0,0.1,mondrian,1,1,1
2026-01-12,SP1,Sevilla,Celta,2,0.1,mondrian,1,1,1
2026-01-13,D1,Mainz,Heidenheim,0,0.1,mondrian,1,1,1
2026-01-13,D1,Stuttgart,Ein Frankfurt,0,0.1,mondrian,1,1,1
2026-01-13,D1,Dortmund,Werder Bremen,0,0.1,mondrian,1,0,0
2026-01-14,I1,Napoli,Parma,1,0.1,mondrian,1,0,0
2026-01-14,D1,Wolfsburg,St Pauli,0,0.1,mondrian,1,1,1
2026-01-14,I1,Inter,Lecce,0,0.1,mondrian,1,0,0
2026-01-14,D1,FC Koln,Bayern Munich,2,0.1,mondrian,0,0,1
2026-01-14,D1,Hoffenheim,M'gladbach,0,0.1,mondrian,1,1,1
2026-01-14,D1,RB Leipzig,Freiburg,0,0.1,mondrian,1,1,1
2026-01-15,I1,Verona,Bologna,2,0.1,mondrian,0,1,1
2026-01-15,I1,Como,Milan,2,0.1,mondrian,1,1,1
2026-01-15,D1,Augsburg,Union Berlin,1,0.1,mondrian,1,1,1
2026-01-16,F1,Paris SG,Lille,0,0.1,mondrian,1,0,0
2026-01-16,SP1,Espanol,Girona,2,0.1,mondrian,1,1,1
2026-01-16,I1,Pisa,Atalanta,1,0.1,mondrian,0,1,1
2026-01-16,D1,Werder Bremen,Ein Frankfurt,1,0.1,mondrian,1,1,1
2026-01-16,F1,Monaco,Lorient,2,0.1,mondrian,1,1,1
2026-01-17,SP1,Osasuna,Oviedo,0,0.1,mondrian,1,1,1
2026-01-17,D1,Hoffenheim,Leverkusen,0,0.1,mondrian,1,1,1
2026-01-17,SP1,Betis,Villarreal,0,0.1,mondrian,1,1,1
2026-01-17,I1,Cagliari,Juventus,0,0.1,mondrian,0,1,1
2026-01-17,E0,Nott'm Forest,Arsenal,1,0.1,mondrian,0,1,1
2026-01-17,F1,Angers,Marseille,2,0.1,mondrian,0,1,1
2026-01-17,F1,Toulouse,Nice,0,0.1,mondrian,1,1,1
2026-01-17,F1,Lens,Auxerre,0,0.1,mondrian,1,1,0
2026-01-17,SP1,Mallorca,Ath Bilbao,0,0.1,mondrian,0,1,1
2026-01-17,I1,Napoli,Sassuolo,0,0.1,mondrian,1,1,0
2026-01-17,SP1,Real Madrid,Levante,0,0.1,mondrian,1,0,0
2026-01-17,D1,RB Leipzig,Bayern Munich,2,0.1,mondrian,0,1,1
2026-01-17,E0,Chelsea,Brentford,0,0.1,mondrian,1,1,1
2026-01-17,D1,Dortmund,St Pauli,0,0.1,mondrian,1,0,0
2026-01-17,E0,Tottenham,West Ham,2,0.1,mondrian,1,1,1
2026-01-17,E0,Sunderland,Crystal Palace,0,0.1,mondrian,1,1,1
2026-01-17,D1,FC Koln,Mainz,0,0.1,mondrian,1,1,1
2026-01-17,E0,Man United,Man City,0,0.1,mondrian,1,1,1
2026-01-17,I1,Udinese,Inter,2,0.1,mondrian,0,1,1
2026-01-17,D1,Wolfsburg,Heidenheim,1,0.1,mondrian,1,1,1
2026-01-17,E0,Liverpool,Burnley,1,0.1,mondrian,1,0,0
2026-01-17,E0,Leeds,Fulham,0,0.1,mondrian,1,1,1
2026-01-17,D1,Hamburg,M'gladbach,1,0.1,mondrian,1,1,1
2026-01-18,SP1,Ath Madrid,Alaves,0,0.1,mondrian,1,1,0
2026-01-18,SP1,Sociedad,Barcelona,0,0.1,mondrian,0,1,1
2026-01-18,SP1,Celta,Vallecano,0,0.1,mondrian,1,1,1
2026-01-18,D1,Stuttgart,Union Berlin,1,0.1,mondrian,1,1,0
2026-01-18,E0,Wolves,Newcastle,1,0.1,mondrian,0,1,1
2026-01-18,E0,Aston Villa,Everton,2,0.1,mondrian,1,1,0
2026-01-18,D1,Augsburg,Freiburg,1,0.1,mondrian,1,1,1
2026-01-18,SP1,Getafe,Valencia,2,0.1,mondrian,1,1,1
2026-01-18,I1,Torino,Roma,2,0.1,mondrian,0,1,1
2026-01-18,F1,Rennes,Le Havre,1,0.1,mondrian,1,1,1
2026-01-18,F1,Nantes,Paris FC,2,0.1,mondrian,1,1,1
2026-01-18,F1,Strasbourg,Metz,0,0.1,mondrian,1,1,0
2026-01-18,I1,Bologna,Fiorentina,2,0.1,mondrian,1,1,1
2026-01-18,I1,Parma,Genoa,1,0.1,mondrian,1,1,1
2026-01-18,I1,Milan,Lecce,0,0.1,mondrian,1,0,0
2026-01-18,F1,Lyon,Brest,0,0.1,mondrian,1,1,0
2026-01-19,I1,Lazio,Como,2,0.1,mondrian,1,1,1
2026-01-19,I1,Cremonese,Verona,1,0.1,mondrian,1,1,1
2026-01-19,SP1,Elche,Sevilla,1,0.1,mondrian,1,1,1
2026-01-19,E0,Brighton,Bournemouth,1,0.1,mondrian,1,1,1
2026-01-23,I1,Inter,Pisa,0,0.1,mondrian,1,0,0
2026-01-23,F1,Auxerre,Paris SG,2,0.1,mondrian,0,0,1
2026-01-23,SP1,Levante,Elche,0,0.1,mondrian,1,1,1
2026-01-23,D1,St Pauli,Hamburg,1,0.1,mondrian,1,1,1
2026-01-24,E0,Bournemouth,Liverpool,0,0.1,mondrian,0,1,1
2026-01-24,E0,Burnley,Tottenham,1,0.1,mondrian,0,1,1
2026-01-24,D1,Bayern Munich,Augsburg,2,0.1,mondrian,1,0,0
2026-01-24,E0,West Ham,Sunderland,0,0.1,mondrian,1,1,1
2026-01-24,SP1,Villarreal,Real Madrid,2,0.1,mondrian,0,1,1
2026-01-24,E0,Fulham,Brighton,0,0.1,mondrian,1,1,1
2026-01-24,E0,Man City,Wolves,0,0.1,mondrian,1,0,0
2026-01-24,SP1,Vallecano,Osasuna,2,0.1,mondrian,1,1,1
2026-01-24,SP1,Valencia,Espanol,0,0.1,mondrian,1,1,1
2026-01-24,D1,Heidenheim,RB Leipzig,2,0.1,mondrian,0,1,1
2026-01-24,D1,Ein Frankfurt,Hoffenheim,2,0.1,mondrian,1,1,1
2026-01-24,F1,Marseille,Lens,0,0.1,mondrian,1,1,1
2026-01-24,D1,Union Berlin,Dortmund,2,0.1,mondrian,0,1,1
2026-01-24,D1,Mainz,Wolfsburg,0,0.1,mondrian,1,1,1
2026-01-24,SP1,Sevilla,Ath Bilbao,0,0.1,mondrian,1,1,1
2026-01-24,I1,Lecce,Lazio,1,0.1,mondrian,0,1,1
2026-01-24,I1,Como,Torino,0,0.1,mondrian,1,1,0
2026-01-24,I1,Fiorentina,Cagliari,2,0.1,mondrian,1,1,1
2026-01-24,F1,Le Havre,Monaco,1,0.1,mondrian,0,1,1
2026-01-24,F1,Rennes,Lorient,2,0.1,mondrian,1,1,1
2026-01-24,D1,Leverkusen,Werder Bremen,0,0.1,mondrian,1,1,0
2026-01-25,F1,Brest,Toulouse,2,0.1,mondrian,1,1,1
2026-01-25,F1,Paris FC,Angers,1,0.1,mondrian,1,1,1
2026-01-25,F1,Metz,Lyon,2,0.1,mondrian,0,1,1
2026-01-25,F1,Nantes,Nice,2,0.1,mondrian,1,1,1
2026-01-25,F1,Lille,Strasbourg,2,0.1,mondrian,1,1,1
2026-01-25,SP1,Barcelona,Oviedo,0,0.1,mondrian,1,0,0
2026-01-25,I1,Roma,Milan,1,0.1,mondrian,1,1,1
2026-01-25,SP1,Sociedad,Celta,0,0.1,mondrian,1,1,1
2026-01-25,SP1,Ath Madrid,Mallorca,0,0.1,mondrian,1,0,0
2026-01-25,D1,M'gladbach,Stuttgart,2,0.1,mondrian,1,1,1
2026-01-25,I1,Atalanta,Parma,0,0.1,mondrian,1,0,0
2026-01-25,SP1,Alaves,Betis,0,0.1,mondrian,1,1,1
2026-01-25,E0,Brentford,Nott'm Forest,2,0.1,mondrian,1,1,1
2026-01-25,E0,Crystal Palace,Chelsea,2,0.1,mondrian,0,1,1
2026-01-25,E0,Newcastle,Aston Villa,2,0.1,mondrian,1,1,1
2026-01-25,D1,Freiburg,FC Koln,0,0.1,mondrian,1,1,1
2026-01-25,I1,Juventus,Napoli,0,0.1,mondrian,1,1,1
2026-01-25,E0,Arsenal,Man United,2,0.1,mondrian,1,1,0
2026-01-25,I1,Sassuolo,Cremonese,0,0.1,mondrian,1,1,1
2026-01-25,I1,Genoa,Bologna,0,0.1,mondrian,0,1,1
2026-01-26,I1,Verona,Udinese,2,0.1,mondrian,1,1,1
2026-01-26,E0,Everton,Leeds,1,0.1,mondrian,1,1,1
2026-01-26,SP1,Girona,Getafe,1,0.1,mondrian,1,1,1
2026-01-27,D1,Werder Bremen,Hoffenheim,2,0.1,mondrian,0,1,1
2026-01-27,D1,St Pauli,RB Leipzig,1,0.1,mondrian,0,1,1
2026-01-30,F1,Lens,Le Havre,0,0.1,mondrian,1,1,0
2026-01-30,SP1,Espanol,Alaves,2,0.1,mondrian,1,1,1
2026-01-30,D1,FC Koln,Wolfsburg,0,0.1,mondrian,1,1,1
2026-01-30,I1,Lazio,Genoa,0,0.1,mondrian,1,1,1
2026-01-31,D1,RB Leipzig,Mainz,2,0.1,mondrian,1,1,0
2026-01-31,D1,Werder Bremen,M'gladbach,1,0.1,mondrian,1,1,1
2026-01-31,D1,Hamburg,Bayern Munich,1,0.1,mondrian,0,0,1
2026-01-31,F1,Lorient,Nantes,0,0.1,mondrian,1,1,1
2026-01-31,D1,Ein Frankfurt,Leverkusen,2,0.1,mondrian,0,1,1
2026-01-31,F1,Paris FC,Marseille,1,0.1,mondrian,0,1,1
2026-01-31,F1,Monaco,Rennes,0,0.1,mondrian,1,1,1
2026-01-31,SP1,Elche,Barcelona,2,0.1,mondrian,0,0,1
2026-01-31,SP1,Levante,Ath Madrid,1,0.1,mondrian,0,1,1
2026-01-31,SP1,Osasuna,Villarreal,1,0.1,mondrian,1,1,1
2026-01-31,D1,Augsburg,St Pauli,0,0.1,mondrian,1,1,1
2026-01-31,D1,Hoffenheim,Union Berlin,0,0.1,mondrian,1,1,1
2026-01-31,SP1,Oviedo,Girona,0,0.1,mondrian,1,1,1
2026-01-31,I1,Cagliari,Verona,0,0.1,mondrian,1,1,1
2026-01-31,I1,Pisa,Sassuolo,2,0.1,mondrian,0,1,1
2026-01-31,I1,Napoli,Fiorentina,0,0.1,mondrian,1,1,1
2026-01-31,E0,Wolves,Bournemouth,2,0.1,mondrian,1,1,1
2026-01-31,E0,Leeds,Arsenal,2,0.1,mondrian,0,1,1
2026-01-31,E0,Chelsea,West Ham,0,0.1,mondrian,1,1,1
2026-01-31,E0,Liverpool,Newcastle,0,0.1,mondrian,1,1,1
2026-01-31,E0,Brighton,Everton,1,0.1,mondrian,1,1,1
2026-02-01,E0,Man United,Fulham,0,0.1,mondrian,1,1,0
2026-02-01,D1,Stuttgart,Freiburg,0,0.1,mondrian,1,1,1
2026-02-01,D1,Dortmund,Heidenheim,0,0.1,mondrian,1,0,0
2026-02-01,SP1,Ath Bilbao,Sociedad,1,0.1,mondrian,1,1,1
2026-02-01,SP1,Getafe,Celta,1,0.1,mondrian,1,1,1
2026-02-01,SP1,Betis,Valencia,0,0.1,mondrian,1,1,1
2026-02-01,SP1,Real Madrid,Vallecano,0,0.1,mondrian,1,0,0
2026-02-01,F1,Strasbourg,Paris SG,2,0.1,mondrian,0,1,1
2026-02-01,E0,Nott'm Forest,Crystal Palace,1,0.1,mondrian,1,1,1
2026-02-01,E0,Tottenham,Man City,1,0.1,mondrian,0,1,1
2026-02-01,I1,Torino,Lecce,0,0.1,mondrian,1,1,1
2026-02-01,F1,Nice,Brest,1,0.1,mondrian,1,1,1
2026-02-01,F1,Angers,Metz,0,0.1,mondrian,1,1,1
2026-02-01,F1,Lyon,Lille,0,0.1,mondrian,1,1,1
2026-02-01,I1,Parma,Juventus,2,0.1,mondrian,0,1,1
2026-02-01,I1,Cremonese,Inter,2,0.1,mondrian,0,0,1
2026-02-01,F1,Toulouse,Auxerre,1,0.1,mondrian,1,1,1
2026-02-01,I1,Como,Atalanta,1,0.1,mondrian,1,1,1
2026-02-01,E0,Aston Villa,Brentford,2,0.1,mondrian,1,1,1
2026-02-02,E0,Sunderland,Burnley,0,0.1,mondrian,1,1,1
2026-02-02,I1,Udinese,Roma,0,0.1,mondrian,0,1,1
2026-02-02,SP1,Mallorca,Sevilla,0,0.1,mondrian,1,1,1
2026-02-03,I1,Bologna,Milan,2,0.1,mondrian,0,1,1
2026-02-06,E0,Leeds,Nott'm Forest,0,0.1,mondrian,1,1,1
2026-02-06,D1,Union Berlin,Ein Frankfurt,1,0.1,mondrian,1,1,1
2026-02-06,F1,Metz,Lille,1,0.1,mondrian,0,1,1
2026-02-06,SP1,Celta,Osasuna,2,0.1,mondrian,1,1,1
2026-02-06,I1,Verona,Pisa,1,0.1,mondrian,1,1,1
2026-02-07,E0,Newcastle,Brentford,2,0.1,mondrian,1,1,1
2026-02-07,D1,Freiburg,Werder Bremen,0,0.1,mondrian,1,1,1
2026-02-07,D1,Mainz,Augsburg,0,0.1,mondrian,1,1,1
2026-02-07,D1,St Pauli,Stuttgart,0,0.1,mondrian,0,1,1
2026-02-07,D1,Wolfsburg,Dortmund,2,0.1,mondrian,0,1,1
2026-02-07,D1,Heidenheim,Hamburg,2,0.1,mondrian,1,1,1
2026-02-07,D1,M'gladbach,Leverkusen,1,0.1,mondrian,0,1,1
2026-02-07,SP1,Barcelona,Mallorca,0,0.1,mondrian,1,0,0
2026-02-07,SP1,Sociedad,Elche,0,0.1,mondrian,1,1,1
2026-02-07,F1,Nantes,Lyon,2,0.1,mondrian,0,1,1
2026-02-07,I1,Genoa,Napoli,2,0.1,mondrian,0,1,1
2026-02-07,F1,Lens,Rennes,0,0.1,mondrian,1,1,1
2026-02-07,E0,Man United,Tottenham,0,0.1,mondrian,1,1,1
2026-02-07,E0,Bournemouth,Aston Villa,1,0.1,mondrian,1,1,1
2026-02-07,I1,Fiorentina,Torino,1,0.1,mondrian,1,1,1
2026-02-07,E0,Burnley,West Ham,2,0.1,mondrian,0,1,1
2026-02-07,E0,Fulham,Everton,2,0.1,mondrian,1,1,1
2026-02-07,E0,Wolves,Chelsea,2,0.1,mondrian,0,1,1
2026-02-07,E0,Arsenal,Sunderland,0,0.1,mondrian,1,0,0
2026-02-07,F1,Brest,Lorient,0,0.1,mondrian,1,1,1
2026-02-08,F1,Angers,Toulouse,0,0.1,mondrian,0,1,1
2026-02-08,F1,Nice,Monaco,1,0.1,mondrian,0,1,1
2026-02-08,D1,Bayern Munich,Hoffenheim,0,0.1,mondrian,1,0,0
2026-02-08,F1,Auxerre,Paris FC,1,0.1,mondrian,1,1,1
2026-02-08,SP1,Sevilla,Girona,1,0.1,mondrian,1,1,1
2026-02-08,I1,Juventus,Lazio,1,0.1,mondrian,1,1,0
2026-02-08,D1,FC Koln,RB Leipzig,2,0.1,mondrian,0,1,1
2026-02-08,I1,Sassuolo,Inter,2,0.1,mondrian,0,1,1
2026-02-08,I1,Lecce,Udinese,0,0.1,mondrian,1,1,1
2026-02-08,F1,Paris SG,Marseille,0,0.1,mondrian,1,0,0
2026-02-08,SP1,Ath Bilbao,Levante,0,0.1,mondrian,1,1,0
2026-02-08,E0,Liverpool,Man City,2,0.1,mondrian,1,1,1
2026-02-08,E0,Brighton,Crystal Palace,2,0.1,mondrian,1,1,1
2026-02-08,SP1,Alaves,Getafe,2,0.1,mondrian,1,1,1
2026-02-08,SP1,Ath Madrid,Betis,2,0.1,mondrian,1,1,0
2026-02-08,I1,Bologna,Parma,2,0.1,mondrian,1,1,0
2026-02-08,SP1,Valencia,Real Madrid,2,0.1,mondrian,0,1,1
2026-02-08,F1,Le Havre,Strasbourg,0,0.1,mondrian,0,1,1
2026-02-09,SP1,Villarreal,Espanol,0,0.1,mondrian,1,1,1
2026-02-09,I1,Roma,Cagliari,0,0.1,mondrian,1,1,0
2026-02-09,I1,Atalanta,Cremonese,0,0.1,mondrian,1,0,0
2026-02-10,E0,Chelsea,Leeds,1,0.1,mondrian,1,1,0
2026-02-10,E0,Everton,Bournemouth,2,0.1,mondrian,1,1,1
2026-02-10,E0,Tottenham,Newcastle,2,0.1,mondrian,1,1,1
2026-02-10,E0,West Ham,Man United,1,0.1,mondrian,0,1,1
2026-02-11,E0,Aston Villa,Brighton,0,0.1,mondrian,1,1,1
2026-02-11,E0,Crystal Palace,Burnley,2,0.1,mondrian,1,1,0
2026-02-11,E0,Man City,Fulham,0,0.1,mondrian,1,0,0
2026-02-11,E0,Nott'm Forest,Wolves,1,0.1,mondrian,1,1,1
2026-02-11,E0,Sunderland,Liverpool,2,0.1,mondrian,0,1,1
2026-02-12,E0,Brentford,Arsenal,1,0.1,mondrian,0,1,1
2026-02-13,F1,Rennes,Paris SG,0,0.1,mondrian,0,0,1
2026-02-13,I1,Pisa,Milan,2,0.1,mondrian,0,1,1
2026-02-13,SP1,Elche,Osasuna,1,0.1,mondrian,1,1,1
2026-02-13,F1,Monaco,Nantes,0,0.1,mondrian,1,1,0
2026-02-13,D1,Dortmund,Mainz,0,0.1,mondrian,1,1,1
2026-02-14,F1,Paris FC,Lens,2,0.1,mondrian,0,1,1
2026-02-14,D1,Stuttgart,FC Koln,0,0.1,mondrian,1,0,0
2026-02-14,SP1,Real Madrid,Sociedad,0,0.1,mondrian,1,0,0
2026-02-14,SP1,Sevilla,Alaves,1,0.1,mondrian,1,1,1
2026-02-14,SP1,Getafe,Villarreal,0,0.1,mondrian,1,1,1
2026-02-14,D1,Ein Frankfurt,M'gladbach,0,0.1,mondrian,1,1,1
2026-02-14,F1,Lille,Brest,1,0.1,mondrian,1,1,0
2026-02-14,SP1,Espanol,Celta,1,0.1,mondrian,1,1,1
2026-02-14,D1,Werder Bremen,Bayern Munich,2,0.1,mondrian,0,0,1
2026-02-14,D1,Leverkusen,St Pauli,0,0.1,mondrian,1,1,0
2026-02-14,I1,Como,Fiorentina,2,0.1,mondrian,1,1,1
2026-02-14,I1,Lazio,Atalanta,2,0.1,mondrian,0,1,1
2026-02-14,I1,Inter,Juventus,0,0.1,mondrian,1,1,1
2026-02-14,D1,Hamburg,Union Berlin,0,0.1,mondrian,1,1,1
2026-02-14,D1,Hoffenheim,Freiburg,0,0.1,mondrian,1,1,1
2026-02-14,F1,Marseille,Strasbourg,1,0.1,mondrian,1,1,1
2026-02-15,I1,Parma,Verona,0,0.1,mondrian,1,1,1
2026-02-15,SP1,Levante,Valencia,2,0.1,mondrian,1,1,1
2026-02-15,SP1,Vallecano,Ath Madrid,0,0.1,mondrian,0,1,1
2026-02-15,D1,RB Leipzig,Wolfsburg,1,0.1,mondrian,1,1,0
2026-02-15,D1,Augsburg,Heidenheim,0,0.1,mondrian,1,1,1
2026-02-15,I1,Cremonese,Genoa,1,0.1,mondrian,0,1,1
2026-02-15,SP1,Mallorca,Betis,2,0.1,mondrian,1,1,1
2026-02-15,I1,Udinese,Sassuolo,2,0.1,mondrian,1,1,1
2026-02-15,SP1,Oviedo,Ath Bilbao,2,0.1,mondrian,0,1,1
2026-02-15,F1,Le Havre,Toulouse,0,0.1,mondrian,0,1,1
2026-02-15,I1,Napoli,Roma,1,0.1,mondrian,1,1,1
2026-02-15,F1,Lorient,Angers,0,0.1,mondrian,1,1,1
2026-02-15,F1,Lyon,Nice,0,0.1,mondrian,1,1,1
2026-02-15,F1,Metz,Auxerre,2,0.1,mondrian,1,1,1
2026-02-15,I1,Torino,Bologna,2,0.1,mondrian,1,1,1
2026-02-16,SP1,Girona,Barcelona,0,0.1,mondrian,0,0,1
2026-02-16,I1,Cagliari,Lecce,2,0.1,mondrian,1,1,1
2026-02-18,SP1,Levante,Villarreal,2,0.1,mondrian,0,1,1
2026-02-18,E0,Wolves,Arsenal,1,0.1,mondrian,0,0,1
2026-02-18,I1,Milan,Como,1,0.1,mondrian,1,1,1
2026-02-20,D1,Mainz,Hamburg,1,0.1,mondrian,1,1,1
2026-02-20,SP1,Ath Bilbao,Elche,0,0.1,mondrian,1,1,1
2026-02-20,F1,Brest,Marseille,0,0.1,mondrian,0,1,1
2026-02-20,I1,Sassuolo,Verona,0,0.1,mondrian,1,1,0
2026-02-21,I1,Lecce,Inter,2,0.1,mondrian,0,1,1
2026-02-21,D1,FC Koln,Hoffenheim,1,0.1,mondrian,0,1,1
2026-02-21,D1,Union Berlin,Leverkusen,0,0.1,mondrian,0,1,1
2026-02-21,E0,Man City,Newcastle,0,0.1,mondrian,1,1,1
2026-02-21,E0,Aston Villa,Leeds,1,0.1,mondrian,1,1,1
2026-02-21,E0,Brentford,Brighton,2,0.1,mondrian,1,1,1
2026-02-21,E0,Chelsea,Burnley,1,0.1,mondrian,1,0,0
2026-02-21,D1,Bayern Munich,Ein Frankfurt,0,0.1,mondrian,1,0,0
2026-02-21,I1,Cagliari,Lazio,1,0.1,mondrian,0,1,1
2026-02-21,I1,Juventus,Como,2,0.1,mondrian,1,1,1
2026-02-21,D1,RB Leipzig,Dortmund,1,0.1,mondrian,1,1,1
2026-02-21,D1,Wolfsburg,Augsburg,2,0.1,mondrian,1,1,1
2026-02-21,SP1,Osasuna,Real Madrid,0,0.1,mondrian,0,1,1
2026-02-21,F1,Paris SG,Metz,0,0.1,mondrian,1,0,0
2026-02-21,SP1,Betis,Vallecano,1,0.1,mondrian,1,1,1
2026-02-21,SP1,Ath Madrid,Espanol,0,0.1,mondrian,1,1,0
2026-02-21,F1,Lens,Monaco,2,0.1,mondrian,1,1,1
2026-02-21,F1,Toulouse,Paris FC,1,0.1,mondrian,1,1,1
2026-02-21,SP1,Sociedad,Oviedo,1,0.1,mondrian,1,1,0
2026-02-21,E0,West Ham,Bournemouth,1,0.1,mondrian,1,1,1
2026-02-22,E0,Tottenham,Arsenal,2,0.1,mondrian,0,1,1
2026-02-22,D1,Freiburg,M'gladbach,0,0.1,mondrian,1,1,1
2026-02-22,D1,St Pauli,Werder Bremen,0,0.1,mondrian,1,1,1
2026-02-22,SP1,Barcelona,Levante,0,0.1,mondrian,1,0,0
2026-02-22,I1,Genoa,Torino,0,0.1,mondrian,1,1,1
2026-02-22,I1,Atalanta,Napoli,0,0.1,mondrian,1,1,1
2026-02-22,E0,Sunderland,Fulham,2,0.1,mondrian,1,1,1
2026-02-22,D1,Heidenheim,Stuttgart,1,0.1,mondrian,0,1,1
2026-02-22,I1,Roma,Cremonese,0,0.1,mondrian,1,0,0
2026-02-22,F1,Auxerre,Rennes,2,0.1,mondrian,1,1,1
2026-02-22,SP1,Getafe,Sevilla,2,0.1,mondrian,1,1,1
2026-02-22,E0,Nott'm Forest,Liverpool,2,0.1,mondrian,0,1,1
2026-02-22,SP1,Celta,Mallorca,0,0.1,mondrian,1,1,1
2026-02-22,F1,Nice,Lorient,1,0.1,mondrian,1,1,1
2026-02-22,F1,Nantes,Le Havre,0,0.1,mondrian,1,1,1
2026-02-22,F1,Angers,Lille,2,0.1,mondrian,0,1,1
2026-02-22,I1,Milan,Parma,2,0.1,mondrian,1,0,0
2026-02-22,SP1,Villarreal,Valencia,0,0.1,mondrian,1,1,1
2026-02-22,F1,Strasbourg,Lyon,0,0.1,mondrian,1,1,1
2026-02-22,E0,Crystal Palace,Wolves,0,0.1,mondrian,1,1,1
2026-02-23,SP1,Alaves,Girona,1,0.1,mondrian,1,1,1
2026-02-23,E0,Everton,Man United,2,0.1,mondrian,0,1,1
2026-02-23,I1,Bologna,Udinese,0,0.1,mondrian,1,1,1
2026-02-23,I1,Fiorentina,Pisa,0,0.1,mondrian,1,1,0
2026-02-27,F1,Strasbourg,Lens,1,0.1,mondrian,1,1,1
2026-02-27,I1,Parma,Cagliari,1,0.1,mondrian,1,1,1
2026-02-27,D1,Augsburg,FC Koln,0,0.1,mondrian,1,1,1
2026-02-27,E0,Wolves,Aston Villa,0,0.1,mondrian,0,1,1
2026-02-27,SP1,Levante,Alaves,0,0.1,mondrian,1,1,1
2026-02-28,E0,Bournemouth,Sunderland,1,0.1,mondrian,1,1,1
2026-02-28,D1,Dortmund,Bayern Munich,2,0.1,mondrian,0,1,1
2026-02-28,D1,Werder Bremen,Heidenheim,0,0.1,mondrian,1,1,0
2026-02-28,D1,M'gladbach,Union Berlin,0,0.1,mondrian,1,1,1
2026-02-28,D1,Leverkusen,Mainz,1,0.1,mondrian,1,1,1
2026-02-28,E0,Leeds,Man City,2,0.1,mondrian,0,1,1
2026-02-28,E0,Newcastle,Everton,2,0.1,mondrian,1,1,1
2026-02-28,E0,Burnley,Brentford,2,0.1,mondrian,0,1,1
2026-02-28,D1,Hoffenheim,St Pauli,2,0.1,mondrian,1,1,0
2026-02-28,E0,Liverpool,West Ham,0,0.1,mondrian,1,0,0
2026-02-28,SP1,Vallecano,Ath Bilbao,1,0.1,mondrian,1,1,1
2026-02-28,SP1,Mallorca,Sociedad,2,0.1,mondrian,1,1,1
2026-02-28,SP1,Oviedo,Ath Madrid,2,0.1,mondrian,0,1,1
2026-02-28,I1,Inter,Genoa,0,0.1,mondrian,1,0,0
2026-02-28,I1,Verona,Napoli,2,0.1,mondrian,0,1,1
2026-02-28,SP1,Barcelona,Villarreal,0,0.1,mondrian,1,0,0
2026-02-28,F1,Monaco,Angers,0,0.1,mondrian,1,1,0
2026-02-28,F1,Rennes,Toulouse,0,0.1,mondrian,1,1,1
2026-02-28,I1,Como,Lecce,0,0.1,mondrian,1,1,0
2026-02-28,F1,Le Havre,Paris SG,2,0.1,mondrian,0,0,1
2026-03-01,SP1,Girona,Celta,2,0.1,mondrian,1,1,1
2026-03-01,F1,Lille,Nantes,0,0.1,mondrian,1,1,0
2026-03-01,E0,Man United,Crystal Palace,0,0.1,mondrian,1,1,0
2026-03-01,F1,Paris FC,Nice,0,0.1,mondrian,1,1,1
2026-03-01,E0,Brighton,Nott'm Forest,0,0.1,mondrian,1,1,1
2026-03-01,F1,Lorient,Auxerre,1,0.1,mondrian,1,1,1
2026-03-01,F1,Metz,Brest,2,0.1,mondrian,0,1,1
2026-03-01,F1,Marseille,Lyon,0,0.1,mondrian,1,1,1
2026-03-01,E0,Fulham,Tottenham,0,0.1,mondrian,1,1,1
2026-03-01,SP1,Betis,Sevilla,1,0.1,mondrian,1,1,1
2026-03-01,I1,Torino,Lazio,0,0.1,mondrian,1,1,1
2026-03-01,SP1,Elche,Espanol,1,0.1,mondrian,1,1,1
2026-03-01,SP1,Valencia,Osasuna,0,0.1,mondrian,1,1,1
2026-03-01,I1,Cremonese,Milan,2,0.1,mondrian,0,1,1
2026-03-01,I1,Roma,Juventus,1,0.1,mondrian,1,1,1
2026-03-01,I1,Sassuolo,Atalanta,0,0.1,mondrian,0,1,1
2026-03-01,D1,Ein Frankfurt,Freiburg,0,0.1,mondrian,1,1,1
2026-03-01,D1,Hamburg,RB Leipzig,2,0.1,mondrian,0,1,1
2026-03-01,E0,Arsenal,Chelsea,0,0.1,mondrian,1,1,0
2026-03-01,D1,Stuttgart,Wolfsburg,0,0.1,mondrian,1,0,0
2026-03-02,I1,Pisa,Bologna,2,0.1,mondrian,0,1,1
2026-03-02,SP1,Real Madrid,Getafe,2,0.1,mondrian,1,1,0
2026-03-02,I1,Udinese,Fiorentina,0,0.1,mondrian,0,1,1
2026-03-03,E0,Bournemouth,Brentford,1,0.1,mondrian,1,1,1
2026-03-03,E0,Everton,Burnley,0,0.1,mondrian,1,1,0
2026-03-03,E0,Leeds,Sunderland,2,0.1,mondrian,1,1,1
2026-03-03,E0,Wolves,Liverpool,0,0.1,mondrian,0,0,1
2026-03-04,SP1,Vallecano,Oviedo,0,0.1,mondrian,1,1,0
2026-03-04,E0,Fulham,West Ham,2,0.1,mondrian,1,1,1
2026-03-04,E0,Newcastle,Man United,0,0.1,mondrian,1,1,1
2026-03-04,E0,Aston Villa,Chelsea,2,0.1,mondrian,1,1,1
2026-03-04,D1,Hamburg,Leverkusen,2,0.1,mondrian,0,1,1
2026-03-04,E0,Man City,Nott'm Forest,1,0.1,mondrian,1,0,0
2026-03-04,E0,Brighton,Arsenal,2,0.1,mondrian,0,1,1
2026-03-05,E0,Tottenham,Crystal Palace,2,0.1,mondrian,1,1,1
2026-03-06,F1,Paris SG,Monaco,2,0.1,mondrian,1,0,0
2026-03-06,SP1,Celta,Real Madrid,2,0.1,mondrian,1,1,1
2026-03-06,D1,Bayern Munich,M'gladbach,0,0.1,mondrian,1,0,0
2026-03-06,I1,Napoli,Torino,0,0.1,mondrian,1,1,0
2026-03-07,I1,Atalanta,Udinese,1,0.1,mondrian,1,1,0
2026-03-07,SP1,Ath Madrid,Sociedad,0,0.1,mondrian,1,1,0
2026-03-07,SP1,Levante,Girona,1,0.1,mondrian,1,1,1
2026-03-07,SP1,Osasuna,Mallorca,1,0.1,mondrian,1,1,1
2026-03-07,F1,Nantes,Angers,2,0.1,mondrian,1,1,1
2026-03-07,D1,FC Koln,Dortmund,2,0.1,mondrian,0,1,1
2026-03-07,D1,Wolfsburg,Hamburg,2,0.1,mondrian,1,1,1
2026-03-07,I1,Cagliari,Como,2,0.1,mondrian,0,1,1
2026-03-07,I1,Juventus,Pisa,0,0.1,mondrian,1,0,0
2026-03-07,D1,RB Leipzig,Augsburg,0,0.1,mondrian,1,0,0
2026-03-07,D1,Mainz,Stuttgart,1,0.1,mondrian,0,1,1
2026-03-07,D1,Heidenheim,Hoffenheim,2,0.1,mondrian,0,1,1
2026-03-07,D1,Freiburg,Leverkusen,1,0.1,mondrian,1,1,1
2026-03-07,F1,Auxerre,Strasbourg,1,0.1,mondrian,0,1,1
2026-03-07,F1,Toulouse,Marseille,2,0.1,mondrian,1,1,1
2026-03-07,SP1,Ath Bilbao,Barcelona,2,0.1,mondrian,0,1,1
2026-03-08,SP1,Valencia,Alaves,0,0.1,mondrian,1,1,1
2026-03-08,I1,Fiorentina,Parma,1,0.1,mondrian,1,1,0
2026-03-08,I1,Genoa,Roma,0,0.1,mondrian,0,1,1
2026-03-08,I1,Lecce,Cremonese,0,0.1,mondrian,1,1,1
2026-03-08,I1,Milan,Inter,0,0.1,mondrian,0,1,1
2026-03-08,F1,Lille,Lorient,1,0.1,mondrian,1,1,0
2026-03-08,F1,Nice,Rennes,2,0.1,mondrian,1,1,1
2026-03-08,F1,Brest,Le Havre,0,0.1,mondrian,1,1,1
2026-03-08,F1,Lens,Metz,0,0.1,mondrian,1,0,0
2026-03-08,F1,Lyon,Paris FC,1,0.1,mondrian,1,1,1
2026-03-08,I1,Bologna,Verona,2,0.1,mondrian,1,1,0
2026-03-08,SP1,Getafe,Betis,0,0.1,mondrian,1,1,1
2026-03-08,D1,Union Berlin,Werder Bremen,2,0.1,mondrian,1,1,1
2026-03-08,D1,St Pauli,Ein Frankfurt,1,0.1,mondrian,1,1,1
2026-03-08,SP1,Villarreal,Elche,0,0.1,mondrian,1,1,0
2026-03-08,SP1,Sevilla,Vallecano,1,0.1,mondrian,1,1,1
2026-03-09,SP1,Espanol,Oviedo,1,0.1,mondrian,1,1,1
2026-03-09,I1,Lazio,Sassuolo,0,0.1,mondrian,1,1,1
2026-03-13,D1,M'gladbach,St Pauli,0,0.1,mondrian,1,1,1
2026-03-13,F1,Marseille,Auxerre,0,0.1,mondrian,1,1,0
2026-03-13,SP1,Alaves,Villarreal,1,0.1,mondrian,0,1,1
2026-03-13,I1,Torino,Parma,0,0.1,mondrian,1,1,1
2026-03-14,E0,Arsenal,Everton,0,0.1,mondrian,1,1,0
2026-03-14,I1,Napoli,Lecce,0,0.1,mondrian,1,1,0
2026-03-14,I1,Udinese,Juventus,2,0.1,mondrian,0,1,1
2026-03-14,D1,Hoffenheim,Wolfsburg,1,0.1,mondrian,1,1,0
2026-03-14,F1,Monaco,Brest,0,0.1,mondrian,1,1,0
2026-03-14,D1,Leverkusen,Bayern Munich,1,0.1,mondrian,0,1,1
2026-03-14,E0,West Ham,Man City,1,0.1,mondrian,0,1,1
2026-03-14,E0,Chelsea,Newcastle,2,0.1,mondrian,1,1,1
2026-03-14,E0,Sunderland,Brighton,2,0.1,mondrian,0,1,1
2026-03-14,I1,Inter,Atalanta,1,0.1,mondrian,1,1,0
2026-03-14,F1,Angers,Nice,2,0.1,mondrian,0,1,1
2026-03-14,F1,Lorient,Lens,0,0.1,mondrian,0,1,1
2026-03-14,D1,Hamburg,FC Koln,1,0.1,mondrian,1,1,1
2026-03-14,SP1,Ath Madrid,Getafe,0,0.1,mondrian,1,1,0
2026-03-14,D1,Ein Frankfurt,Heidenheim,0,0.1,mondrian,1,1,1
2026-03-14,E0,Burnley,Bournemouth,1,0.1,mondrian,0,1,1
2026-03-14,SP1,Real Madrid,Elche,0,0.1,mondrian,1,0,0
2026-03-14,SP1,Oviedo,Valencia,0,0.1,mondrian,1,1,1
2026-03-14,SP1,Girona,Ath Bilbao,0,0.1,mondrian,1,1,1
2026-03-14,D1,Dortmund,Augsburg,0,0.1,mondrian,1,1,0
2026-03-15,F1,Le Havre,Lyon,1,0.1,mondrian,0,1,1
2026-03-15,D1,Werder Bremen,Mainz,2,0.1,mondrian,1,1,1
2026-03-15,F1,Strasbourg,Paris FC,1,0.1,mondrian,1,1,1
2026-03-15,SP1,Mallorca,Espanol,0,0.1,mondrian,1,1,1
2026-03-15,SP1,Barcelona,Sevilla,0,0.1,mondrian,1,0,0
2026-03-15,SP1,Betis,Celta,1,0.1,mondrian,1,1,1
2026-03-15,SP1,Sociedad,Osasuna,0,0.1,mondrian,1,1,1
2026-03-15,F1,Metz,Toulouse,2,0.1,mondrian,0,1,1
2026-03-15,I1,Verona,Genoa,2,0.1,mondrian,0,1,1
2026-03-15,F1,Rennes,Lille,2,0.1,mondrian,1,1,1
2026-03-15,I1,Pisa,Cagliari,0,0.1,mondrian,1,1,1
2026-03-15,I1,Sassuolo,Bologna,2,0.1,mondrian,1,1,1
2026-03-15,I1,Lazio,Milan,0,0.1,mondrian,0,1,1
2026-03-15,E0,Liverpool,Tottenham,1,0.1,mondrian,1,0,0
2026-03-15,E0,Nott'm Forest,Fulham,1,0.1,mondrian,1,1,1
2026-03-15,E0,Man United,Aston Villa,0,0.1,mondrian,1,1,1
2026-03-15,E0,Crystal Palace,Leeds,1,0.1,mondrian,1,1,1
2026-03-15,D1,Stuttgart,RB Leipzig,0,0.1,mondrian,1,1,1
2026-03-15,I1,Como,Roma,0,0.1,mondrian,1,1,1
2026-03-15,D1,Freiburg,Union Berlin,2,0.1,mondrian,1,1,1
2026-03-16,I1,Cremonese,Fiorentina,2,0.1,mondrian,0,1,1
2026-03-16,E0,Brentford,Wolves,1,0.1,mondrian,1,1,0
2026-03-16,SP1,Vallecano,Levante,1,0.1,mondrian,1,1,1
2026-03-20,I1,Genoa,Udinese,2,0.1,mondrian,1,1,1
2026-03-20,SP1,Villarreal,Sociedad,0,0.1,mondrian,1,1,1
2026-03-20,I1,Cagliari,Napoli,2,0.1,mondrian,0,1,1
2026-03-20,E0,Bournemouth,Man United,1,0.1,mondrian,1,1,1
2026-03-20,D1,RB Leipzig,Hoffenheim,0,0.1,mondrian,1,1,1
2026-03-20,F1,Lens,Angers,0,0.1,mondrian,1,0,0
2026-03-21,E0,Fulham,Burnley,0,0.1,mondrian,1,1,0
2026-03-21,SP1,Elche,Mallorca,0,0.1,mondrian,1,1,1
2026-03-21,E0,Leeds,Brentford,1,0.1,mondrian,1,1,1
2026-03-21,F1,Nice,Paris SG,2,0.1,mondrian,0,1,1
2026-03-21,D1,Dortmund,Hamburg,0,0.1,mondrian,1,1,0
2026-03-21,D1,Wolfsburg,Werder Bremen,2,0.1,mondrian,1,1,1
2026-03-21,D1,Heidenheim,Leverkusen,1,0.1,mondrian,0,1,1
2026-03-21,D1,FC Koln,M'gladbach,1,0.1,mondrian,1,1,1
2026-03-21,E0,Brighton,Liverpool,0,0.1,mondrian,1,1,1
2026-03-21,F1,Auxerre,Brest,0,0.1,mondrian,1,1,1
2026-03-21,I1,Juventus,Sassuolo,1,0.1,mondrian,1,0,0
2026-03-21,E0,Everton,Chelsea,0,0.1,mondrian,0,1,1
2026-03-21,D1,Bayern Munich,Union Berlin,0,0.1,mondrian,1,0,0
2026-03-21,SP1,Sevilla,Valencia,2,0.1,mondrian,1,1,1
2026-03-21,SP1,Osasuna,Girona,0,0.1,mondrian,1,1,1
2026-03-21,I1,Parma,Cremonese,2,0.1,mondrian,1,1,1
2026-03-21,SP1,Espanol,Getafe,2,0.1,mondrian,1,1,1
2026-03-21,F1,Toulouse,Lorient,0,0.1,mondrian,1,1,1
2026-03-21,I1,Milan,Torino,0,0.1,mondrian,1,0,0
2026-03-21,SP1,Levante,Oviedo,0,0.1,mondrian,1,1,1
2026-03-22,E0,Tottenham,Nott'm Forest,2,0.1,mondrian,1,1,1
2026-03-22,SP1,Real Madrid,Ath Madrid,0,0.1,mondrian,1,1,1
2026-03-22,SP1,Ath Bilbao,Betis,0,0.1,mondrian,1,1,1
2026-03-22,SP1,Celta,Alaves,2,0.1,mondrian,1,1,1
2026-03-22,SP1,Barcelona,Vallecano,0,0.1,mondrian,1,0,0
2026-03-22,D1,Mainz,Ein Frankfurt,0,0.1,mondrian,1,1,1
2026-03-22,D1,St Pauli,Freiburg,2,0.1,mondrian,1,1,1
2026-03-22,E0,Newcastle,Sunderland,2,0.1,mondrian,1,1,0
2026-03-22,E0,Aston Villa,West Ham,0,0.1,mondrian,1,1,1
2026-03-22,D1,Augsburg,Stuttgart,2,0.1,mondrian,0,1,1
2026-03-22,F1,Nantes,Strasbourg,2,0.1,mondrian,0,1,1
2026-03-22,F1,Rennes,Metz,1,0.1,mondrian,1,0,0
2026-03-22,F1,Paris FC,Le Havre,0,0.1,mondrian,1,1,1
2026-03-22,F1,Marseille,Lille,2,0.1,mondrian,1,1,1
2026-03-22,F1,Lyon,Monaco,2,0.1,mondrian,1,1,1
2026-03-22,I1,Fiorentina,Inter,1,0.1,mondrian,0,1,1
2026-03-22,I1,Como,Pisa,0,0.1,mondrian,1,0,0
2026-03-22,I1,Bologna,Lazio,2,0.1,mondrian,1,1,1
2026-03-22,I1,Atalanta,Verona,0,0.1,mondrian,1,1,0
2026-03-22,I1,Roma,Lecce,0,0.1,mondrian,1,1,0
2026-04-03,F1,Paris SG,Toulouse,0,0.1,mondrian,1,0,0
2026-04-03,SP1,Vallecano,Elche,0,0.1,mondrian,1,1,1
2026-04-04,D1,Stuttgart,Dortmund,2,0.1,mondrian,1,1,1
2026-04-04,D1,Werder Bremen,RB Leipzig,2,0.1,mondrian,0,1,1
2026-04-04,I1,Verona,Fiorentina,2,0.1,mondrian,0,1,1
2026-04-04,F1,Lille,Lens,0,0.1,mondrian,1,1,1
2026-04-04,F1,Brest,Rennes,2,0.1,mondrian,0,1,1
2026-04-04,F1,Strasbourg,Nice,0,0.1,mondrian,1,1,1
2026-04-04,D1,M'gladbach,Heidenheim,1,0.1,mondrian,1,1,0
2026-04-04,I1,Lazio,Parma,1,0.1,mondrian,1,1,1
2026-04-04,SP1,Sociedad,Levante,0,0.1,mondrian,1,1,0
2026-04-04,D1,Freiburg,Bayern Munich,2,0.1,mondrian,0,1,1
2026-04-04,D1,Hamburg,Augsburg,1,0.1,mondrian,1,1,1
2026-04-04,D1,Hoffenheim,Mainz,2,0.1,mondrian,1,1,1
2026-04-04,SP1,Ath Madrid,Barcelona,2,0.1,mondrian,0,1,1
2026-04-04,SP1,Betis,Espanol,1,0.1,mondrian,1,1,1
2026-04-04,SP1,Mallorca,Real Madrid,0,0.1,mondrian,0,1,1
2026-04-04,D1,Leverkusen,Wolfsburg,0,0.1,mondrian,1,1,0
2026-04-04,I1,Sassuolo,Cagliari,0,0.1,mondrian,1,1,1
2026-04-05,F1,Le Havre,Auxerre,1,0.1,mondrian,1,1,1
2026-04-05,I1,Cremonese,Bologna,2,0.1,mondrian,0,1,1
2026-04-05,I1,Pisa,Torino,2,0.1,mondrian,1,1,1
2026-04-05,F1,Monaco,Marseille,0,0.1,mondrian,1,1,1
2026-04-05,SP1,Alaves,Osasuna,1,0.1,mondrian,1,1,1
2026-04-05,SP1,Oviedo,Sevilla,0,0.1,mondrian,1,1,1
2026-04-05,SP1,Valencia,Celta,2,0.1,mondrian,1,1,1
2026-04-05,F1,Lorient,Paris FC,1,0.1,mondrian,1,1,1
2026-04-05,F1,Angers,Lyon,1,0.1,mondrian,0,1,1
2026-04-05,I1,Inter,Roma,0,0.1,mondrian,1,1,0
2026-04-05,F1,Metz,Nantes,1,0.1,mondrian,1,1,1
2026-04-05,D1,Ein Frankfurt,FC Koln,1,0.1,mondrian,1,1,1
2026-04-05,D1,Union Berlin,St Pauli,1,0.1,mondrian,1,1,1
2026-04-05,SP1,Getafe,Ath Bilbao,0,0.1,mondrian,0,1,1
2026-04-06,SP1,Girona,Villarreal,0,0.1,mondrian,1,1,1
2026-04-06,I1,Udinese,Como,1,0.1,mondrian,0,1,1
2026-04-06,I1,Juventus,Genoa,0,0.1,mondrian,1,1,0
2026-04-06,I1,Lecce,Atalanta,2,0.1,mondrian,0,1,1
2026-04-06,I1,Napoli,Milan,0,0.1,mondrian,1,1,1
2026-04-10,SP1,Real Madrid,Girona,1,0.1,mondrian,1,0,0
2026-04-10,F1,Marseille,Metz,0,0.1,mondrian,1,0,0
2026-04-10,F1,Paris FC,Monaco,0,0.1,mondrian,0,1,1
2026-04-10,E0,West Ham,Wolves,0,0.1,mondrian,1,1,1
2026-04-10,I1,Roma,Pisa,0,0.1,mondrian,1,0,0
2026-04-10,D1,Augsburg,Hoffenheim,1,0.1,mondrian,0,1,1
2026-04-11,SP1,Elche,Valencia,0,0.1,mondrian,1,1,1
2026-04-11,SP1,Sociedad,Alaves,1,0.1,mondrian,1,1,1
2026-04-11,D1,Heidenheim,Union Berlin,0,0.1,mondrian,1,1,1
2026-04-11,D1,Dortmund,Leverkusen,2,0.1,mondrian,1,1,1
2026-04-11,I1,Torino,Verona,0,0.1,mondrian,1,1,1
2026-04-11,E0,Brentford,Everton,1,0.1,mondrian,1,1,1
2026-04-11,SP1,Barcelona,Espanol,0,0.1,mondrian,1,0,0
2026-04-11,I1,Cagliari,Cremonese,0,0.1,mondrian,1,1,1
2026-04-11,E0,Arsenal,Bournemouth,2,0.1,mondrian,1,1,0
2026-04-11,E0,Liverpool,Fulham,0,0.1,mondrian,1,1,1
2026-04-11,E0,Burnley,Brighton,2,0.1,mondrian,0,1,1
2026-04-11,D1,RB Leipzig,M'gladbach,0,0.1,mondrian,1,0,0
2026-04-11,D1,Wolfsburg,Ein Frankfurt,2,0.1,mondrian,1,1,1
2026-04-11,D1,St Pauli,Bayern Munich,2,0.1,mondrian,0,0,1
2026-04-11,I1,Atalanta,Juventus,2,0.1,mondrian,1,1,1
2026-04-11,F1,Rennes,Angers,0,0.1,mondrian,1,0,0
2026-04-11,SP1,Sevilla,Ath Madrid,0,0.1,mondrian,1,1,1
2026-04-11,I1,Milan,Udinese,2,0.1,mondrian,1,1,0
2026-04-11,F1,Auxerre,Nantes,1,0.1,mondrian,1,1,1
2026-04-12,I1,Bologna,Lecce,0,0.1,mondrian,1,1,1
2026-04-12,E0,Chelsea,Man City,2,0.1,mondrian,0,1,1
2026-04-12,E0,Sunderland,Tottenham,0,0.1,mondrian,1,1,1
2026-04-12,E0,Nott'm Forest,Aston Villa,1,0.1,mondrian,1,1,1
2026-04-12,E0,Crystal Palace,Newcastle,0,0.1,mondrian,1,1,1
2026-04-12,I1,Como,Inter,2,0.1,mondrian,1,1,1
2026-04-12,I1,Genoa,Sassuolo,0,0.1,mondrian,1,1,1
2026-04-12,I1,Parma,Napoli,1,0.1,mondrian,0,1,1
2026-04-12,F1,Lyon,Lorient,0,0.1,mondrian,1,1,1
2026-04-12,SP1,Celta,Oviedo,2,0.1,mondrian,1,1,1
2026-04-12,F1,Nice,Le Havre,1,0.1,mondrian,1,1,1
2026-04-12,D1,FC Koln,Werder Bremen,0,0.1,mondrian,1,1,1
2026-04-12,D1,Stuttgart,Hamburg,0,0.1,mondrian,1,0,0
2026-04-12,D1,Mainz,Freiburg,2,0.1,mondrian,1,1,1
2026-04-12,SP1,Ath Bilbao,Villarreal,2,0.1,mondrian,1,1,1
2026-04-12,SP1,Mallorca,Vallecano,0,0.1,mondrian,1,1,1
2026-04-12,SP1,Osasuna,Betis,1,0.1,mondrian,1,1,1
2026-04-12,F1,Toulouse,Lille,2,0.1,mondrian,0,1,1
2026-04-13,SP1,Levante,Getafe,0,0.1,mondrian,1,1,1
2026-04-13,E0,Man United,Leeds,2,0.1,mondrian,1,1,0
2026-04-13,I1,Fiorentina,Lazio,0,0.1,mondrian,1,1,1
2026-04-17,D1,St Pauli,FC Koln,1,0.1,mondrian,1,1,1
2026-04-17,F1,Lens,Toulouse,0,0.1,mondrian,1,1,0
2026-04-17,I1,Sassuolo,Como,0,0.1,mondrian,0,1,1
2026-04-17,I1,Inter,Cagliari,0,0.1,mondrian,1,0,0
2026-04-18,E0,Brentford,Fulham,1,0.1,mondrian,1,1,1
2026-04-18,E0,Leeds,Wolves,0,0.1,mondrian,1,1,0
2026-04-18,D1,Ein Frankfurt,RB Leipzig,2,0.1,mondrian,1,1,1
2026-04-18,D1,Werder Bremen,Hamburg,0,0.1,mondrian,1,1,1
2026-04-18,D1,Union Berlin,Wolfsburg,2,0.1,mondrian,1,1,1
2026-04-18,D1,Leverkusen,Augsburg,2,0.1,mondrian,1,0,0
2026-04-18,D1,Hoffenheim,Dortmund,0,0.1,mondrian,1,1,1
2026-04-18,I1,Roma,Atalanta,1,0.1,mondrian,1,1,1
2026-04-18,I1,Udinese,Parma,2,0.1,mondrian,1,1,1
2026-04-18,I1,Napoli,Lazio,2,0.1,mondrian,1,1,0
2026-04-18,E0,Newcastle,Bournemouth,2,0.1,mondrian,1,1,1
2026-04-18,E0,Chelsea,Man United,2,0.1,mondrian,1,1,1
2026-04-18,F1,Lorient,Marseille,0,0.1,mondrian,0,1,1
2026-04-18,E0,Tottenham,Brighton,1,0.1,mondrian,1,1,1
2026-04-18,F1,Lille,Nice,1,0.1,mondrian,1,1,0
2026-04-18,F1,Angers,Le Havre,1,0.1,mondrian,0,1,1
2026-04-19,E0,Nott'm Forest,Burnley,0,0.1,mondrian,1,1,0
2026-04-19,F1,Nantes,Brest,1,0.1,mondrian,1,1,1
2026-04-19,I1,Juventus,Bologna,0,0.1,mondrian,1,1,0
2026-04-19,I1,Pisa,Genoa,2,0.1,mondrian,1,1,1
2026-04-19,I1,Verona,Milan,2,0.1,mondrian,0,1,1
2026-04-19,I1,Cremonese,Torino,1,0.1,mondrian,1,1,1
2026-04-19,D1,M'gladbach,Mainz,1,0.1,mondrian,1,1,1
2026-04-19,D1,Bayern Munich,Stuttgart,0,0.1,mondrian,1,0,0
2026-04-19,F1,Strasbourg,Rennes,2,0.1,mondrian,0,1,1
2026-04-19,F1,Metz,Paris FC,2,0.1,mondrian,1,1,1
2026-04-19,E0,Man City,Arsenal,0,0.1,mondrian,1,1,1
2026-04-19,E0,Aston Villa,Sunderland,0,0.1,mondrian,1,1,1
2026-04-19,E0,Everton,Liverpool,2,0.1,mondrian,0,1,1
2026-04-19,F1,Monaco,Auxerre,1,0.1,mondrian,1,1,1
2026-04-19,D1,Freiburg,Heidenheim,0,0.1,mondrian,1,1,1
2026-04-19,F1,Paris SG,Lyon,2,0.1,mondrian,1,0,0
2026-04-20,I1,Lecce,Fiorentina,1,0.1,mondrian,0,1,1
2026-04-20,E0,Crystal Palace,West Ham,1,0.1,mondrian,1,1,1
2026-04-21,SP1,Girona,Betis,2,0.1,mondrian,1,1,1
2026-04-21,SP1,Real Madrid,Alaves,0,0.1,mondrian,1,0,0
2026-04-21,E0,Brighton,Chelsea,0,0.1,mondrian,1,1,1
2026-04-21,SP1,Mallorca,Valencia,1,0.1,mondrian,1,1,1
2026-04-21,SP1,Ath Bilbao,Osasuna,0,0.1,mondrian,1,1,1
2026-04-22,SP1,Sociedad,Getafe,2,0.1,mondrian,1,1,1
2026-04-22,F1,Paris SG,Nantes,0,0.1,mondrian,1,0,0
2026-04-22,E0,Bournemouth,Leeds,1,0.1,mondrian,1,1,1
2026-04-22,E0,Burnley,Man City,2,0.1,mondrian,0,0,1
2026-04-22,SP1,Elche,Ath Madrid,0,0.1,mondrian,1,1,1
2026-04-22,SP1,Barcelona,Celta,0,0.1,mondrian,1,0,0
2026-04-23,SP1,Oviedo,Villarreal,1,0.1,mondrian,0,1,1
2026-04-23,SP1,Vallecano,Espanol,0,0.1,mondrian,1,1,1
2026-04-23,SP1,Levante,Sevilla,0,0.1,mondrian,1,1,1
2026-04-24,E0,Sunderland,Nott'm Forest,2,0.1,mondrian,1,1,1
2026-04-24,SP1,Betis,Real Madrid,1,0.1,mondrian,0,1,1
2026-04-24,D1,RB Leipzig,Union Berlin,0,0.1,mondrian,1,1,0
2026-04-24,F1,Brest,Lens,1,0.1,mondrian,0,1,1
2026-04-24,I1,Napoli,Cremonese,0,0.1,mondrian,1,0,0
2026-04-25,F1,Toulouse,Monaco,1,0.1,mondrian,0,1,1
2026-04-25,SP1,Valencia,Girona,0,0.1,mondrian,1,1,1
2026-04-25,SP1,Alaves,Mallorca,0,0.1,mondrian,1,1,1
2026-04-25,SP1,Ath Madrid,Ath Bilbao,0,0.1,mondrian,1,1,1
2026-04-25,SP1,Getafe,Barcelona,2,0.1,mondrian,0,1,1
2026-04-25,E0,Arsenal,Newcastle,0,0.1,mondrian,1,0,0
2026-04-25,E0,Wolves,Tottenham,2,0.1,mondrian,0,1,1
2026-04-25,E0,West Ham,Everton,0,0.1,mondrian,1,1,1
2026-04-25,F1,Lyon,Auxerre,0,0.1,mondrian,1,1,0
2026-04-25,F1,Angers,Paris SG,2,0.1,mondrian,0,0,1
2026-04-25,D1,Mainz,Bayern Munich,2,0.1,mondrian,0,1,1
2026-04-25,I1,Bologna,Roma,2,0.1,mondrian,0,1,1
2026-04-25,I1,Parma,Pisa,0,0.1,mondrian,1,1,1
2026-04-25,E0,Liverpool,Crystal Palace,0,0.1,mondrian,1,1,1
2026-04-25,D1,Wolfsburg,M'gladbach,1,0.1,mondrian,1,1,1
2026-04-25,D1,Heidenheim,St Pauli,0,0.1,mondrian,1,1,1
2026-04-25,D1,Hamburg,Hoffenheim,2,0.1,mondrian,0,1,1
2026-04-25,D1,Augsburg,Ein Frankfurt,1,0.1,mondrian,1,1,1
2026-04-25,E0,Fulham,Aston Villa,0,0.1,mondrian,1,1,1
2026-04-25,I1,Verona,Lecce,1,0.1,mondrian,1,1,1
2026-04-25,D1,FC Koln,Leverkusen,2,0.1,mondrian,0,1,1
2026-04-26,SP1,Vallecano,Sociedad,1,0.1,mondrian,1,1,1
2026-04-26,D1,Dortmund,Freiburg,0,0.1,mondrian,1,0,0
2026-04-26,F1,Marseille,Nice,1,0.1,mondrian,1,1,1
2026-04-26,F1,Rennes,Nantes,0,0.1,mondrian,1,1,0
2026-04-26,F1,Paris FC,Lille,2,0.1,mondrian,0,1,1
2026-04-26,D1,Stuttgart,Werder Bremen,1,0.1,mondrian,1,1,0
2026-04-26,F1,Le Havre,Metz,1,0.1,mondrian,1,1,1
2026-04-26,I1,Torino,Inter,1,0.1,mondrian,0,0,1
2026-04-26,SP1,Osasuna,Sevilla,0,0.1,mondrian,1,1,1
2026-04-26,I1,Milan,Juventus,1,0.1,mondrian,1,1,1
2026-04-26,I1,Genoa,Como,2,0.1,mondrian,0,1,1
2026-04-26,I1,Fiorentina,Sassuolo,1,0.1,mondrian,1,1,1
2026-04-26,SP1,Villarreal,Celta,0,0.1,mondrian,1,1,1
2026-04-26,F1,Lorient,Strasbourg,2,0.1,mondrian,1,1,1
2026-04-26,SP1,Oviedo,Elche,2,0.1,mondrian,1,1,1
2026-04-27,I1,Lazio,Udinese,1,0.1,mondrian,1,1,1
2026-04-27,SP1,Espanol,Levante,1,0.1,mondrian,1,1,1
2026-04-27,E0,Man United,Brentford,0,0.1,mondrian,1,1,1
2026-04-27,I1,Cagliari,Atalanta,0,0.1,mondrian,0,1,1
2026-05-01,SP1,Girona,Mallorca,2,0.1,mondrian,1,1,1
2026-05-01,I1,Pisa,Lecce,2,0.1,mondrian,0,1,1
2026-05-01,E0,Leeds,Burnley,0,0.1,mondrian,1,0,0
2026-05-02,F1,Nantes,Marseille,0,0.1,mondrian,0,1,1
2026-05-02,D1,Bayern Munich,Heidenheim,1,0.1,mondrian,1,0,0
2026-05-02,F1,Metz,Monaco,2,0.1,mondrian,0,0,1
2026-05-02,F1,Nice,Lens,1,0.1,mondrian,0,1,1
2026-05-02,D1,Ein Frankfurt,Hamburg,2,0.1,mondrian,1,1,1
2026-05-02,D1,Hoffenheim,Stuttgart,1,0.1,mondrian,1,1,1
2026-05-02,D1,Werder Bremen,Augsburg,2,0.1,mondrian,1,1,1
2026-05-02,D1,Leverkusen,RB Leipzig,0,0.1,mondrian,1,1,1
2026-05-02,F1,Paris SG,Lorient,1,0.1,mondrian,1,0,0
2026-05-02,I1,Atalanta,Genoa,1,0.1,mondrian,1,1,0
2026-05-02,D1,Union Berlin,FC Koln,1,0.1,mondrian,1,1,1
2026-05-02,I1,Como,Napoli,1,0.1,mondrian,1,1,1
2026-05-02,I1,Udinese,Torino,0,0.1,mondrian,1,1,1
2026-05-02,SP1,Alaves,Ath Bilbao,2,0.1,mondrian,1,1,1
2026-05-02,SP1,Valencia,Ath Madrid,2,0.1,mondrian,1,1,1
2026-05-02,SP1,Villarreal,Levante,0,0.1,mondrian,1,1,1
2026-05-02,SP1,Osasuna,Barcelona,2,0.1,mondrian,0,1,1
2026-05-02,E0,Newcastle,Brighton,0,0.1,mondrian,1,1,1
2026-05-02,E0,Wolves,Sunderland,1,0.1,mondrian,0,1,1
2026-05-02,E0,Arsenal,Fulham,0,0.1,mondrian,1,1,0
2026-05-02,E0,Brentford,West Ham,0,0.1,mondrian,1,1,1
2026-05-03,E0,Aston Villa,Tottenham,2,0.1,mondrian,1,1,1
2026-05-03,I1,Bologna,Cagliari,1,0.1,mondrian,1,1,1
2026-05-03,I1,Sassuolo,Milan,0,0.1,mondrian,0,1,1
2026-05-03,I1,Juventus,Verona,1,0.1,mondrian,1,0,0
2026-05-03,I1,Inter,Parma,0,0.1,mondrian,1,0,0
2026-05-03,SP1,Betis,Oviedo,0,0.1,mondrian,1,1,0
2026-05-03,SP1,Espanol,Real Madrid,2,0.1,mondrian,0,1,1
2026-05-03,SP1,Getafe,Vallecano,2,0.1,mondrian,1,1,1
2026-05-03,E0,Man United,Liverpool,0,0.1,mondrian,1,1,1
2026-05-03,D1,Freiburg,Wolfsburg,1,0.1,mondrian,1,1,1
2026-05-03,F1,Lyon,Rennes,0,0.1,mondrian,1,1,1
2026-05-03,F1,Strasbourg,Toulouse,2,0.1,mondrian,1,1,1
2026-05-03,F1,Paris FC,Brest,0,0.1,mondrian,1,1,1
2026-05-03,F1,Auxerre,Angers,0,0.1,mondrian,1,1,1
2026-05-03,F1,Lille,Le Havre,1,0.1,mondrian,1,1,0
2026-05-03,D1,St Pauli,Mainz,2,0.1,mondrian,1,1,1
2026-05-03,D1,M'gladbach,Dortmund,0,0.1,mondrian,0,1,1
2026-05-03,E0,Bournemouth,Crystal Palace,0,0.1,mondrian,1,1,0
2026-05-03,SP1,Celta,Elche,0,0.1,mondrian,1,1,1
2026-05-04,I1,Roma,Fiorentina,0,0.1,mondrian,1,1,0
2026-05-04,E0,Everton,Man City,1,0.1,mondrian,0,1,1
2026-05-04,E0,Chelsea,Nott'm Forest,2,0.1,mondrian,1,1,0
2026-05-04,I1,Cremonese,Lazio,2,0.1,mondrian,1,1,1
2026-05-04,SP1,Sevilla,Sociedad,0,0.1,mondrian,1,1,1
2026-05-08,F1,Lens,Nantes,0,0.1,mondrian,1,0,0
2026-05-08,D1,Dortmund,Ein Frankfurt,0,0.1,mondrian,1,1,1
2026-05-08,I1,Torino,Sassuolo,0,0.1,mondrian,1,1,1
2026-05-08,SP1,Levante,Osasuna,0,0.1,mondrian,1,1,1
2026-05-09,I1,Cagliari,Udinese,2,0.1,mondrian,1,1,1
2026-05-09,SP1,Sociedad,Betis,1,0.1,mondrian,1,1,1
2026-05-09,SP1,Ath Madrid,Celta,2,0.1,mondrian,1,1,1
2026-05-09,SP1,Sevilla,Espanol,0,0.1,mondrian,1,1,1
2026-05-09,SP1,Elche,Alaves,1,0.1,mondrian,1,1,1
2026-05-09,D1,RB Leipzig,St Pauli,0,0.1,mondrian,1,0,0
2026-05-09,I1,Lecce,Juventus,2,0.1,mondrian,0,1,1
2026-05-09,D1,Augsburg,M'gladbach,0,0.1,mondrian,1,1,1
2026-05-09,E0,Brighton,Wolves,0,0.1,mondrian,1,0,0
2026-05-09,E0,Sunderland,Man United,1,0.1,mondrian,0,1,1
2026-05-09,E0,Fulham,Bournemouth,2,0.1,mondrian,1,1,1
2026-05-09,E0,Liverpool,Chelsea,1,0.1,mondrian,1,1,1
2026-05-09,D1,Wolfsburg,Bayern Munich,2,0.1,mondrian,0,0,1
2026-05-09,D1,Stuttgart,Leverkusen,0,0.1,mondrian,1,1,1
2026-05-09,D1,Hoffenheim,Werder Bremen,0,0.1,mondrian,1,1,0
2026-05-09,I1,Lazio,Inter,2,0.1,mondrian,0,1,1
2026-05-09,E0,Man City,Brentford,0,0.1,mondrian,1,0,0
2026-05-10,D1,FC Koln,Heidenheim,2,0.1,mondrian,1,1,1
2026-05-10,E0,West Ham,Arsenal,2,0.1,mondrian,0,1,1
2026-05-10,F1,Paris SG,Brest,0,0.1,mondrian,1,0,0
2026-05-10,F1,Rennes,Paris FC,0,0.1,mondrian,1,1,1
2026-05-10,SP1,Mallorca,Villarreal,1,0.1,mondrian,1,1,1
2026-05-10,D1,Hamburg,Freiburg,0,0.1,mondrian,1,1,1
2026-05-10,SP1,Oviedo,Getafe,1,0.1,mondrian,1,1,1
2026-05-10,SP1,Barcelona,Real Madrid,0,0.1,mondrian,1,1,1
2026-05-10,D1,Mainz,Union Berlin,2,0.1,mondrian,1,1,1
2026-05-10,F1,Monaco,Lille,2,0.1,mondrian,1,1,1
2026-05-10,SP1,Ath Bilbao,Valencia,2,0.1,mondrian,1,1,0
2026-05-10,F1,Metz,Lorient,2,0.1,mondrian,1,1,1
2026-05-10,F1,Angers,Strasbourg,1,0.1,mondrian,1,1,1
2026-05-10,F1,Auxerre,Nice,0,0.1,mondrian,1,1,1
2026-05-10,I1,Milan,Atalanta,2,0.1,mondrian,1,1,1
2026-05-10,F1,Toulouse,Lyon,0,0.1,mondrian,0,1,1
2026-05-10,E0,Nott'm Forest,Newcastle,1,0.1,mondrian,0,1,1
2026-05-10,E0,Crystal Palace,Everton,1,0.1,mondrian,1,1,1
2026-05-10,E0,Burnley,Aston Villa,1,0.1,mondrian,0,1,1
2026-05-10,I1,Verona,Como,2,0.1,mondrian,0,1,1
2026-05-10,I1,Cremonese,Pisa,0,0.1,mondrian,1,1,1
2026-05-10,I1,Fiorentina,Genoa,1,0.1,mondrian,1,1,1
2026-05-10,I1,Parma,Roma,2,0.1,mondrian,0,1,1
2026-05-10,F1,Le Havre,Marseille,2,0.1,mondrian,0,1,1
2026-05-11,E0,Tottenham,Leeds,1,0.1,mondrian,1,1,1
2026-05-11,SP1,Vallecano,Girona,1,0.1,mondrian,1,1,1
2026-05-11,I1,Napoli,Bologna,2,0.1,mondrian,1,1,0
2026-05-12,SP1,Osasuna,Ath Madrid,2,0.1,mondrian,1,1,1
2026-05-12,SP1,Betis,Elche,0,0.1,mondrian,1,1,1
2026-05-12,SP1,Celta,Levante,2,0.1,mondrian,1,1,1
2026-05-13,E0,Man City,Crystal Palace,0,0.1,mondrian,1,0,0
2026-05-13,SP1,Espanol,Ath Bilbao,0,0.1,mondrian,1,1,1
2026-05-13,SP1,Villarreal,Sevilla,2,0.1,mondrian,1,1,1
2026-05-13,SP1,Alaves,Barcelona,0,0.1,mondrian,1,1,1
2026-05-13,SP1,Getafe,Mallorca,0,0.1,mondrian,1,1,1
2026-05-13,F1,Lens,Paris SG,2,0.1,mondrian,0,1,1
2026-05-13,F1,Brest,Strasbourg,2,0.1,mondrian,0,1,1
2026-05-14,SP1,Girona,Sociedad,1,0.1,mondrian,1,1,1
2026-05-14,SP1,Real Madrid,Oviedo,0,0.1,mondrian,1,0,0
2026-05-14,SP1,Valencia,Vallecano,1,0.1,mondrian,1,1,1
2026-05-15,E0,Aston Villa,Liverpool,0,0.1,mondrian,1,1,1
2026-05-16,D1,Union Berlin,Augsburg,0,0.1,mondrian,1,1,1
2026-05-16,D1,M'gladbach,Hoffenheim,0,0.1,mondrian,0,1,1
2026-05-16,D1,Bayern Munich,FC Koln,0,0.1,mondrian,1,0,0
2026-05-16,D1,Ein Frankfurt,Stuttgart,1,0.1,mondrian,0,1,1
2026-05-16,D1,Freiburg,RB Leipzig,0,0.1,mondrian,1,1,1
2026-05-16,D1,Heidenheim,Mainz,2,0.1,mondrian,1,1,1
2026-05-16,D1,Leverkusen,Hamburg,1,0.1,mondrian,1,0,0
2026-05-16,D1,Werder Bremen,Dortmund,2,0.1,mondrian,0,1,1
2026-05-16,D1,St Pauli,Wolfsburg,2,0.1,mondrian,1,1,1
2026-05-17,E0,Wolves,Fulham,1,0.1,mondrian,0,1,1
2026-05-17,E0,Leeds,Brighton,0,0.1,mondrian,0,1,1
2026-05-17,E0,Everton,Sunderland,2,0.1,mondrian,1,1,1
2026-05-17,I1,Como,Parma,0,0.1,mondrian,1,0,0
2026-05-17,F1,Paris FC,Paris SG,0,0.1,mondrian,0,0,1
2026-05-17,E0,Newcastle,West Ham,0,0.1,mondrian,1,1,1
2026-05-17,SP1,Ath Bilbao,Celta,1,0.1,mondrian,1,1,1
2026-05-17,F1,Strasbourg,Monaco,0,0.1,mondrian,0,1,1
2026-05-17,SP1,Vallecano,Villarreal,0,0.1,mondrian,1,1,1
2026-05-17,SP1,Elche,Getafe,0,0.1,mondrian,1,1,1
2026-05-17,SP1,Oviedo,Alaves,2,0.1,mondrian,0,1,1
2026-05-17,SP1,Sevilla,Real Madrid,2,0.1,mondrian,0,1,1
2026-05-17,SP1,Sociedad,Valencia,2,0.1,mondrian,1,1,1
2026-05-17,SP1,Barcelona,Betis,0,0.1,mondrian,1,0,0
2026-05-17,SP1,Osasuna,Espanol,2,0.1,mondrian,1,1,1
2026-05-17,SP1,Levante,Mallorca,0,0.1,mondrian,1,1,1
2026-05-17,I1,Genoa,Milan,2,0.1,mondrian,0,1,1
2026-05-17,I1,Pisa,Napoli,2,0.1,mondrian,0,1,1
2026-05-17,I1,Juventus,Fiorentina,2,0.1,mondrian,1,0,0
2026-05-17,SP1,Ath Madrid,Girona,0,0.1,mondrian,1,1,1
2026-05-17,E0,Brentford,Crystal Palace,1,0.1,mondrian,1,1,1
2026-05-17,F1,Nantes,Toulouse,1,0.1,mondrian,1,1,1
2026-05-17,F1,Nice,Metz,1,0.1,mondrian,1,0,0
2026-05-17,F1,Lyon,Lens,2,0.1,mondrian,1,1,0
2026-05-17,F1,Lorient,Le Havre,2,0.1,mondrian,1,1,1
2026-05-17,E0,Man United,Nott'm Forest,0,0.1,mondrian,1,1,0
2026-05-17,F1,Marseille,Rennes,0,0.1,mondrian,1,1,1
2026-05-17,F1,Brest,Angers,1,0.1,mondrian,1,1,1
2026-05-17,I1,Udinese,Cremonese,2,0.1,mondrian,1,1,1
2026-05-17,I1,Sassuolo,Lecce,2,0.1,mondrian,1,1,1
2026-05-17,I1,Cagliari,Torino,0,0.1,mondrian,1,1,1
2026-05-17,I1,Atalanta,Bologna,2,0.1,mondrian,1,1,1
2026-05-17,I1,Inter,Verona,1,0.1,mondrian,1,0,0
2026-05-17,I1,Roma,Lazio,0,0.1,mondrian,1,1,0
2026-05-17,F1,Lille,Auxerre,2,0.1,mondrian,1,1,0
2026-05-18,E0,Arsenal,Burnley,0,0.1,mondrian,1,0,0
2026-05-19,E0,Chelsea,Tottenham,0,0.1,mondrian,1,1,1
2026-05-19,E0,Bournemouth,Man City,1,0.1,mondrian,0,1,1
2026-05-22,I1,Fiorentina,Atalanta,1,0.1,mondrian,1,1,1
2026-05-23,I1,Bologna,Inter,1,0.1,mondrian,0,1,1
2026-05-23,SP1,Valencia,Barcelona,0,0.1,mondrian,0,1,1
2026-05-23,SP1,Betis,Levante,0,0.1,mondrian,1,1,1
2026-05-23,SP1,Alaves,Vallecano,2,0.1,mondrian,1,1,1
2026-05-23,SP1,Celta,Sevilla,0,0.1,mondrian,1,1,1
2026-05-23,SP1,Girona,Elche,1,0.1,mondrian,1,1,1
2026-05-23,SP1,Getafe,Osasuna,0,0.1,mondrian,1,1,1
2026-05-23,SP1,Mallorca,Oviedo,0,0.1,mondrian,1,1,0
2026-05-23,I1,Lazio,Pisa,0,0.1,mondrian,1,1,1
2026-05-23,SP1,Real Madrid,Ath Bilbao,0,0.1,mondrian,1,1,0
2026-05-23,SP1,Espanol,Sociedad,1,0.1,mondrian,1,1,1
2026-05-24,E0,Fulham,Newcastle,0,0.1,mondrian,1,1,1
2026-05-24,E0,Liverpool,Brentford,1,0.1,mondrian,1,1,1
2026-05-24,E0,Man City,Aston Villa,2,0.1,mondrian,1,0,0
2026-05-24,E0,Nott'm Forest,Bournemouth,1,0.1,mondrian,0,1,1
2026-05-24,E0,Sunderland,Chelsea,0,0.1,mondrian,0,1,1
2026-05-24,E0,Tottenham,Everton,0,0.1,mondrian,1,1,1
2026-05-24,I1,Verona,Roma,2,0.1,mondrian,0,0,1
2026-05-24,E0,Burnley,Wolves,1,0.1,mondrian,1,1,1
2026-05-24,I1,Milan,Cagliari,2,0.1,mondrian,1,0,0
2026-05-24,I1,Lecce,Genoa,0,0.1,mondrian,1,1,1
2026-05-24,I1,Cremonese,Como,2,0.1,mondrian,0,1,1
2026-05-24,I1,Napoli,Udinese,0,0.1,mondrian,1,1,0
2026-05-24,I1,Parma,Sassuolo,0,0.1,mondrian,0,1,1
2026-05-24,E0,Crystal Palace,Arsenal,2,0.1,mondrian,0,1,1
2026-05-24,E0,Brighton,Man United,2,0.1,mondrian,1,1,1
2026-05-24,E0,West Ham,Leeds,0,0.1,mondrian,1,1,1
2026-05-24,I1,Torino,Juventus,1,0.1,mondrian,0,1,1
2026-05-24,SP1,Villarreal,Ath Madrid,0,0.1,mondrian,1,1,1
2025-08-15,SP1,Girona,Vallecano,2,0.1,adaptive_mondrian_g0.02,1,1,1
2025-08-15,E0,Liverpool,Bournemouth,0,0.1,adaptive_mondrian_g0.02,1,0,0
2025-08-15,F1,Rennes,Marseille,0,0.1,adaptive_mondrian_g0.02,0,1,1
2025-08-15,SP1,Villarreal,Oviedo,0,0.1,adaptive_mondrian_g0.02,1,1,0
2025-08-16,SP1,Valencia,Sociedad,1,0.1,adaptive_mondrian_g0.02,1,1,1
2025-08-16,F1,Monaco,Le Havre,0,0.1,adaptive_mondrian_g0.02,1,0,0
2025-08-16,F1,Nice,Toulouse,2,0.1,adaptive_mondrian_g0.02,1,1,1
2025-08-16,F1,Lens,Lyon,2,0.1,adaptive_mondrian_g0.02,1,1,1
2025-08-16,SP1,Mallorca,Barcelona,2,0.1,adaptive_mondrian_g0.02,0,0,1
2025-08-16,E0,Aston Villa,Newcastle,1,0.1,adaptive_mondrian_g0.02,1,1,1
2025-08-16,SP1,Alaves,Levante,0,0.1,adaptive_mondrian_g0.02,1,1,1
2025-08-16,E0,Wolves,Man City,2,0.1,adaptive_mondrian_g0.02,0,1,1
2025-08-16,E0,Tottenham,Burnley,0,0.1,adaptive_mondrian_g0.02,1,1,0
2025-08-16,E0,Sunderland,West Ham,0,0.1,adaptive_mondrian_g0.02,1,1,1
2025-08-16,E0,Brighton,Fulham,1,0.1,adaptive_mondrian_g0.02,1,1,1
2025-08-17,F1,Auxerre,Lorient,0,0.1,adaptive_mondrian_g0.02,1,1,1
2025-08-17,SP1,Espanol,Ath Madrid,0,0.1,adaptive_mondrian_g0.02,0,1,1
2025-08-17,SP1,Ath Bilbao,Sevilla,0,0.1,adaptive_mondrian_g0.02,1,1,0
2025-08-17,SP1,Celta,Getafe,2,0.1,adaptive_mondrian_g0.02,1,1,0
2025-08-17,E0,Man United,Arsenal,2,0.1,adaptive_mondrian_g0.02,0,1,1
2025-08-17,F1,Angers,Paris FC,0,0.1,adaptive_mondrian_g0.02,1,1,1
2025-08-17,E0,Nott'm Forest,Brentford,0,0.1,adaptive_mondrian_g0.02,1,1,1
2025-08-17,E0,Chelsea,Crystal Palace,1,0.1,adaptive_mondrian_g0.02,1,1,1
2025-08-17,F1,Metz,Strasbourg,2,0.1,adaptive_mondrian_g0.02,0,1,1
2025-08-17,F1,Brest,Lille,1,0.1,adaptive_mondrian_g0.02,1,1,1
2025-08-17,F1,Nantes,Paris SG,2,0.1,adaptive_mondrian_g0.02,0,0,1
2025-08-18,SP1,Elche,Betis,1,0.1,adaptive_mondrian_g0.02,1,1,1
2025-08-18,E0,Leeds,Everton,0,0.1,adaptive_mondrian_g0.02,1,1,1
2025-08-19,SP1,Real Madrid,Osasuna,0,0.1,adaptive_mondrian_g0.02,1,0,0
2025-08-22,F1,Paris SG,Angers,0,0.1,adaptive_mondrian_g0.02,1,0,0
2025-08-22,E0,West Ham,Chelsea,2,0.1,adaptive_mondrian_g0.02,0,1,1
2025-08-22,D1,Bayern Munich,RB Leipzig,0,0.1,adaptive_mondrian_g0.02,1,0,0
2025-08-22,SP1,Betis,Alaves,0,0.1,adaptive_mondrian_g0.02,1,1,1
2025-08-23,I1,Genoa,Lecce,1,0.1,adaptive_mondrian_g0.02,1,1,0
2025-08-23,I1,Milan,Cremonese,2,0.1,adaptive_mondrian_g0.02,1,0,0
2025-08-23,E0,Bournemouth,Wolves,0,0.1,adaptive_mondrian_g0.02,1,1,1
2025-08-23,D1,Ein Frankfurt,Werder Bremen,0,0.1,adaptive_mondrian_g0.02,1,0,0
2025-08-23,D1,Freiburg,Augsburg,2,0.1,adaptive_mondrian_g0.02,1,1,1
2025-08-23,F1,Marseille,Paris FC,0,0.1,adaptive_mondrian_g0.02,1,0,0
2025-08-23,F1,Lyon,Metz,0,0.1,adaptive_mondrian_g0.02,1,0,0
2025-08-23,F1,Nice,Auxerre,0,0.1,adaptive_mondrian_g0.02,1,1,1
2025-08-23,SP1,Ath Madrid,Elche,1,0.1,adaptive_mondrian_g0.02,1,0,0
2025-08-23,SP1,Levante,Barcelona,2,0.1,adaptive_mondrian_g0.02,0,0,1
2025-08-23,I1,Sassuolo,Napoli,2,0.1,adaptive_mondrian_g0.02,0,1,1
2025-08-23,E0,Brentford,Aston Villa,0,0.1,adaptive_mondrian_g0.02,0,1,1
2025-08-23,E0,Man City,Tottenham,2,0.1,adaptive_mondrian_g0.02,1,1,0
2025-08-23,I1,Roma,Bologna,0,0.1,adaptive_mondrian_g0.02,1,1,1
2025-08-23,D1,Leverkusen,Hoffenheim,2,0.1,adaptive_mondrian_g0.02,1,1,1
2025-08-23,D1,Union Berlin,Stuttgart,0,0.1,adaptive_mondrian_g0.02,0,1,1
2025-08-23,D1,Heidenheim,Wolfsburg,2,0.1,adaptive_mondrian_g0.02,1,1,1
2025-08-23,SP1,Mallorca,Celta,1,0.1,adaptive_mondrian_g0.02,0,1,1
2025-08-23,E0,Arsenal,Leeds,0,0.1,adaptive_mondrian_g0.02,1,0,0
2025-08-23,E0,Burnley,Sunderland,0,0.1,adaptive_mondrian_g0.02,1,1,1
2025-08-23,D1,St Pauli,Dortmund,1,0.1,adaptive_mondrian_g0.02,0,1,1
2025-08-24,SP1,Sociedad,Espanol,1,0.1,adaptive_mondrian_g0.02,1,1,1
2025-08-24,E0,Everton,Brighton,0,0.1,adaptive_mondrian_g0.02,1,1,1
2025-08-24,SP1,Oviedo,Real Madrid,2,0.1,adaptive_mondrian_g0.02,0,0,1
2025-08-24,SP1,Villarreal,Girona,0,0.1,adaptive_mondrian_g0.02,1,1,0
2025-08-24,I1,Cagliari,Fiorentina,1,0.1,adaptive_mondrian_g0.02,1,1,1
2025-08-24,I1,Como,Lazio,0,0.1,adaptive_mondrian_g0.02,1,1,1
2025-08-24,E0,Crystal Palace,Nott'm Forest,1,0.1,adaptive_mondrian_g0.02,1,1,1
2025-08-24,E0,Fulham,Man United,1,0.1,adaptive_mondrian_g0.02,1,1,1
2025-08-24,F1,Lille,Monaco,0,0.1,adaptive_mondrian_g0.02,1,1,1
2025-08-24,I1,Juventus,Parma,0,0.1,adaptive_mondrian_g0.02,1,1,0
2025-08-24,D1,M'gladbach,Hamburg,1,0.1,adaptive_mondrian_g0.02,1,1,1
2025-08-24,D1,Mainz,FC Koln,2,0.1,adaptive_mondrian_g0.02,1,1,1
2025-08-24,F1,Toulouse,Brest,0,0.1,adaptive_mondrian_g0.02,1,1,1
2025-08-24,F1,Strasbourg,Nantes,0,0.1,adaptive_mondrian_g0.02,1,1,1
2025-08-24,F1,Le Havre,Lens,2,0.1,adaptive_mondrian_g0.02,0,1,1
2025-08-24,F1,Lorient,Rennes,0,0.1,adaptive_mondrian_g0.02,1,1,1
2025-08-24,SP1,Osasuna,Valencia,0,0.1,adaptive_mondrian_g0.02,1,1,1
2025-08-24,I1,Atalanta,Pisa,1,0.1,adaptive_mondrian_g0.02,1,1,0
2025-08-25,SP1,Ath Bilbao,Vallecano,0,0.1,adaptive_mondrian_g0.02,1,1,0
2025-08-25,SP1,Sevilla,Getafe,2,0.1,adaptive_mondrian_g0.02,1,1,1
2025-08-25,E0,Newcastle,Liverpool,2,0.1,adaptive_mondrian_g0.02,1,1,1
2025-08-25,I1,Inter,Torino,0,0.1,adaptive_mondrian_g0.02,1,0,0
2025-08-25,I1,Udinese,Verona,1,0.1,adaptive_mondrian_g0.02,1,1,1
2025-08-27,SP1,Celta,Betis,1,0.1,adaptive_mondrian_g0.02,1,1,1
2025-08-29,F1,Lens,Brest,0,0.1,adaptive_mondrian_g0.02,1,1,1
2025-08-29,D1,Hamburg,St Pauli,2,0.1,adaptive_mondrian_g0.02,1,1,1
2025-08-29,SP1,Valencia,Getafe,0,0.1,adaptive_mondrian_g0.02,1,1,1
2025-08-29,SP1,Elche,Levante,0,0.1,adaptive_mondrian_g0.02,1,1,1
2025-08-29,I1,Lecce,Milan,2,0.1,adaptive_mondrian_g0.02,0,1,1
2025-08-29,I1,Cremonese,Sassuolo,0,0.1,adaptive_mondrian_g0.02,1,1,1
2025-08-30,SP1,Real Madrid,Mallorca,0,0.1,adaptive_mondrian_g0.02,1,0,0
2025-08-30,I1,Pisa,Roma,2,0.1,adaptive_mondrian_g0.02,0,1,1
2025-08-30,F1,Nantes,Auxerre,0,0.1,adaptive_mondrian_g0.02,1,1,1
2025-08-30,F1,Toulouse,Paris SG,2,0.1,adaptive_mondrian_g0.02,0,0,1
2025-08-30,D1,Augsburg,Bayern Munich,2,0.1,adaptive_mondrian_g0.02,0,0,1
2025-08-30,D1,Werder Bremen,Leverkusen,1,0.1,adaptive_mondrian_g0.02,0,1,1
2025-08-30,D1,Stuttgart,M'gladbach,0,0.1,adaptive_mondrian_g0.02,1,1,1
2025-08-30,D1,RB Leipzig,Heidenheim,0,0.1,adaptive_mondrian_g0.02,1,0,0
2025-08-30,D1,Hoffenheim,Ein Frankfurt,2,0.1,adaptive_mondrian_g0.02,1,1,1
2025-08-30,SP1,Girona,Sevilla,2,0.1,adaptive_mondrian_g0.02,1,1,1
2025-08-30,F1,Lorient,Lille,2,0.1,adaptive_mondrian_g0.02,0,1,1
2025-08-30,E0,Chelsea,Fulham,0,0.1,adaptive_mondrian_g0.02,1,1,1
2025-08-30,E0,Sunderland,Brentford,0,0.1,adaptive_mondrian_g0.02,1,1,1
2025-08-30,I1,Parma,Atalanta,1,0.1,adaptive_mondrian_g0.02,0,1,1
2025-08-30,SP1,Alaves,Ath Madrid,1,0.1,adaptive_mondrian_g0.02,0,1,1
2025-08-30,I1,Bologna,Como,0,0.1,adaptive_mondrian_g0.02,1,1,1
2025-08-30,I1,Napoli,Cagliari,0,0.1,adaptive_mondrian_g0.02,1,1,0
2025-08-30,E0,Wolves,Everton,2,0.1,adaptive_mondrian_g0.02,0,1,1
2025-08-30,E0,Tottenham,Bournemouth,2,0.1,adaptive_mondrian_g0.02,1,1,1
2025-08-30,SP1,Oviedo,Sociedad,0,0.1,adaptive_mondrian_g0.02,0,1,1
2025-08-30,E0,Man United,Burnley,0,0.1,adaptive_mondrian_g0.02,1,0,0
2025-08-30,E0,Leeds,Newcastle,1,0.1,adaptive_mondrian_g0.02,0,1,1
2025-08-31,I1,Inter,Udinese,2,0.1,adaptive_mondrian_g0.02,1,0,0
2025-08-31,SP1,Vallecano,Barcelona,1,0.1,adaptive_mondrian_g0.02,0,0,1
2025-08-31,F1,Lyon,Marseille,0,0.1,adaptive_mondrian_g0.02,1,1,1
2025-08-31,F1,Paris FC,Metz,0,0.1,adaptive_mondrian_g0.02,1,1,1
2025-08-31,F1,Monaco,Strasbourg,0,0.1,adaptive_mondrian_g0.02,1,0,0
2025-08-31,F1,Le Havre,Nice,0,0.1,adaptive_mondrian_g0.02,1,1,1
2025-08-31,I1,Genoa,Juventus,2,0.1,adaptive_mondrian_g0.02,0,1,1
2025-08-31,I1,Torino,Fiorentina,1,0.1,adaptive_mondrian_g0.02,0,1,1
2025-08-31,D1,Wolfsburg,Mainz,1,0.1,adaptive_mondrian_g0.02,1,1,1
2025-08-31,E0,Nott'm Forest,West Ham,2,0.1,adaptive_mondrian_g0.02,1,1,0
2025-08-31,D1,Dortmund,Union Berlin,0,0.1,adaptive_mondrian_g0.02,1,0,0
2025-08-31,SP1,Espanol,Osasuna,0,0.1,adaptive_mondrian_g0.02,1,1,1
2025-08-31,E0,Aston Villa,Crystal Palace,2,0.1,adaptive_mondrian_g0.02,1,1,1
2025-08-31,E0,Brighton,Man City,0,0.1,adaptive_mondrian_g0.02,0,1,1
2025-08-31,I1,Lazio,Verona,0,0.1,adaptive_mondrian_g0.02,1,1,0
2025-08-31,D1,FC Koln,Freiburg,0,0.1,adaptive_mondrian_g0.02,1,1,1
2025-08-31,SP1,Betis,Ath Bilbao,2,0.1,adaptive_mondrian_g0.02,0,1,1
2025-08-31,E0,Liverpool,Arsenal,0,0.1,adaptive_mondrian_g0.02,1,1,1
2025-08-31,SP1,Celta,Villarreal,1,0.1,adaptive_mondrian_g0.02,0,1,1
2025-08-31,F1,Angers,Rennes,1,0.1,adaptive_mondrian_g0.02,0,1,1
2025-09-12,D1,Leverkusen,Ein Frankfurt,0,0.1,adaptive_mondrian_g0.02,1,1,1
2025-09-12,F1,Marseille,Lorient,0,0.1,adaptive_mondrian_g0.02,1,0,0
2025-09-12,SP1,Sevilla,Elche,1,0.1,adaptive_mondrian_g0.02,1,1,1
2025-09-13,SP1,Sociedad,Real Madrid,2,0.1,adaptive_mondrian_g0.02,0,1,1
2025-09-13,E0,Bournemouth,Brighton,0,0.1,adaptive_mondrian_g0.02,1,1,1
2025-09-13,E0,Crystal Palace,Sunderland,1,0.1,adaptive_mondrian_g0.02,1,1,0
2025-09-13,E0,Everton,Aston Villa,1,0.1,adaptive_mondrian_g0.02,1,1,1
2025-09-13,E0,Fulham,Leeds,0,0.1,adaptive_mondrian_g0.02,1,1,1
2025-09-13,E0,Newcastle,Wolves,0,0.1,adaptive_mondrian_g0.02,1,0,0
2025-09-13,SP1,Getafe,Oviedo,0,0.1,adaptive_mondrian_g0.02,1,1,1
2025-09-13,SP1,Ath Bilbao,Alaves,2,0.1,adaptive_mondrian_g0.02,1,1,0
2025-09-13,SP1,Ath Madrid,Villarreal,0,0.1,adaptive_mondrian_g0.02,1,1,1
2025-09-13,I1,Cagliari,Parma,0,0.1,adaptive_mondrian_g0.02,1,1,1
2025-09-13,E0,West Ham,Tottenham,2,0.1,adaptive_mondrian_g0.02,0,1,1
2025-09-13,I1,Juventus,Inter,0,0.1,adaptive_mondrian_g0.02,1,1,1
2025-09-13,E0,Arsenal,Nott'm Forest,0,0.1,adaptive_mondrian_g0.02,1,0,0
2025-09-13,F1,Auxerre,Monaco,2,0.1,adaptive_mondrian_g0.02,0,1,1
2025-09-13,I1,Fiorentina,Napoli,2,0.1,adaptive_mondrian_g0.02,0,1,1
2025-09-13,D1,Heidenheim,Dortmund,2,0.1,adaptive_mondrian_g0.02,0,1,1
2025-09-13,D1,Mainz,RB Leipzig,2,0.1,adaptive_mondrian_g0.02,1,1,1
2025-09-13,D1,Union Berlin,Hoffenheim,2,0.1,adaptive_mondrian_g0.02,1,1,1
2025-09-13,D1,Freiburg,Stuttgart,0,0.1,adaptive_mondrian_g0.02,1,1,1
2025-09-13,F1,Nice,Nantes,0,0.1,adaptive_mondrian_g0.02,1,1,0
2025-09-13,D1,Bayern Munich,Hamburg,0,0.1,adaptive_mondrian_g0.02,1,0,0
2025-09-13,E0,Brentford,Chelsea,1,0.1,adaptive_mondrian_g0.02,0,1,1
2025-09-13,D1,Wolfsburg,FC Koln,1,0.1,adaptive_mondrian_g0.02,1,1,1
2025-09-14,I1,Roma,Torino,2,0.1,adaptive_mondrian_g0.02,1,1,0
2025-09-14,I1,Pisa,Udinese,2,0.1,adaptive_mondrian_g0.02,1,1,1
2025-09-14,I1,Milan,Bologna,0,0.1,adaptive_mondrian_g0.02,1,1,1
2025-09-14,D1,M'gladbach,Werder Bremen,2,0.1,adaptive_mondrian_g0.02,1,1,1
2025-09-14,SP1,Celta,Girona,1,0.1,adaptive_mondrian_g0.02,1,1,1
2025-09-14,SP1,Levante,Betis,1,0.1,adaptive_mondrian_g0.02,0,1,1
2025-09-14,SP1,Osasuna,Vallecano,0,0.1,adaptive_mondrian_g0.02,1,1,1
2025-09-14,SP1,Barcelona,Valencia,0,0.1,adaptive_mondrian_g0.02,1,0,0
2025-09-14,I1,Atalanta,Lecce,0,0.1,adaptive_mondrian_g0.02,1,1,0
2025-09-14,E0,Burnley,Liverpool,2,0.1,adaptive_mondrian_g0.02,0,0,1
2025-09-14,D1,St Pauli,Augsburg,0,0.1,adaptive_mondrian_g0.02,1,1,1
2025-09-14,F1,Rennes,Lyon,0,0.1,adaptive_mondrian_g0.02,1,1,1
2025-09-14,F1,Strasbourg,Le Havre,0,0.1,adaptive_mondrian_g0.02,1,1,1
2025-09-14,F1,Paris SG,Lens,0,0.1,adaptive_mondrian_g0.02,1,0,0
2025-09-14,F1,Metz,Angers,1,0.1,adaptive_mondrian_g0.02,1,1,1
2025-09-14,F1,Brest,Paris FC,2,0.1,adaptive_mondrian_g0.02,1,1,1
2025-09-14,F1,Lille,Toulouse,0,0.1,adaptive_mondrian_g0.02,1,1,1
2025-09-14,E0,Man City,Man United,0,0.1,adaptive_mondrian_g0.02,1,1,1
2025-09-14,I1,Sassuolo,Lazio,0,0.1,adaptive_mondrian_g0.02,0,1,1
2025-09-15,I1,Como,Genoa,1,0.1,adaptive_mondrian_g0.02,1,1,1
2025-09-15,I1,Verona,Cremonese,1,0.1,adaptive_mondrian_g0.02,1,1,1
2025-09-15,SP1,Espanol,Mallorca,0,0.1,adaptive_mondrian_g0.02,1,1,1
2025-09-19,F1,Lyon,Angers,0,0.1,adaptive_mondrian_g0.02,1,1,0
2025-09-19,SP1,Betis,Sociedad,0,0.1,adaptive_mondrian_g0.02,1,1,1
2025-09-19,D1,Stuttgart,St Pauli,0,0.1,adaptive_mondrian_g0.02,1,1,1
2025-09-19,I1,Lecce,Cagliari,2,0.1,adaptive_mondrian_g0.02,1,1,1
2025-09-20,D1,RB Leipzig,FC Koln,0,0.1,adaptive_mondrian_g0.02,1,1,1
2025-09-20,F1,Nantes,Rennes,1,0.1,adaptive_mondrian_g0.02,0,1,1
2025-09-20,F1,Brest,Nice,0,0.1,adaptive_mondrian_g0.02,0,1,1
2025-09-20,F1,Lens,Lille,0,0.1,adaptive_mondrian_g0.02,1,1,1
2025-09-20,SP1,Valencia,Ath Bilbao,0,0.1,adaptive_mondrian_g0.02,0,1,1
2025-09-20,SP1,Villarreal,Osasuna,0,0.1,adaptive_mondrian_g0.02,1,1,1
2025-09-20,SP1,Alaves,Sevilla,2,0.1,adaptive_mondrian_g0.02,1,1,1
2025-09-20,D1,Werder Bremen,Freiburg,2,0.1,adaptive_mondrian_g0.02,1,1,1
2025-09-20,E0,Fulham,Brentford,0,0.1,adaptive_mondrian_g0.02,1,1,1
2025-09-20,E0,Man United,Chelsea,0,0.1,adaptive_mondrian_g0.02,1,1,1
2025-09-20,E0,Wolves,Leeds,2,0.1,adaptive_mondrian_g0.02,0,1,1
2025-09-20,SP1,Real Madrid,Espanol,0,0.1,adaptive_mondrian_g0.02,1,0,0
2025-09-20,E0,Burnley,Nott'm Forest,1,0.1,adaptive_mondrian_g0.02,0,1,1
2025-09-20,E0,West Ham,Crystal Palace,2,0.1,adaptive_mondrian_g0.02,0,1,1
2025-09-20,D1,Hoffenheim,Bayern Munich,2,0.1,adaptive_mondrian_g0.02,0,0,1
2025-09-20,D1,Hamburg,Heidenheim,0,0.1,adaptive_mondrian_g0.02,1,1,1
2025-09-20,D1,Augsburg,Mainz,2,0.1,adaptive_mondrian_g0.02,1,1,1
2025-09-20,I1,Verona,Juventus,1,0.1,adaptive_mondrian_g0.02,0,1,1
2025-09-20,I1,Bologna,Genoa,0,0.1,adaptive_mondrian_g0.02,1,1,1
2025-09-20,SP1,Girona,Levante,2,0.1,adaptive_mondrian_g0.02,1,1,1
2025-09-20,E0,Liverpool,Everton,0,0.1,adaptive_mondrian_g0.02,1,1,0
2025-09-20,E0,Brighton,Tottenham,1,0.1,adaptive_mondrian_g0.02,1,1,1
2025-09-20,I1,Udinese,Milan,2,0.1,adaptive_mondrian_g0.02,0,1,1
2025-09-21,F1,Auxerre,Toulouse,0,0.1,adaptive_mondrian_g0.02,0,1,1
2025-09-21,I1,Torino,Atalanta,2,0.1,adaptive_mondrian_g0.02,0,1,1
2025-09-21,D1,Dortmund,Wolfsburg,0,0.1,adaptive_mondrian_g0.02,1,0,1
2025-09-21,I1,Cremonese,Parma,1,0.1,adaptive_mondrian_g0.02,0,1,1
2025-09-21,I1,Fiorentina,Como,2,0.1,adaptive_mondrian_g0.02,1,1,1
2025-09-21,F1,Monaco,Metz,0,0.1,adaptive_mondrian_g0.02,1,0,0
2025-09-21,D1,Ein Frankfurt,Union Berlin,2,0.1,adaptive_mondrian_g0.02,1,1,1
2025-09-21,F1,Le Havre,Lorient,1,0.1,adaptive_mondrian_g0.02,1,1,1
2025-09-21,F1,Paris FC,Strasbourg,2,0.1,adaptive_mondrian_g0.02,1,1,1
2025-09-21,I1,Inter,Sassuolo,0,0.1,adaptive_mondrian_g0.02,1,0,0
2025-09-21,E0,Sunderland,Aston Villa,1,0.1,adaptive_mondrian_g0.02,0,1,1
2025-09-21,E0,Arsenal,Man City,1,0.1,adaptive_mondrian_g0.02,1,1,1
2025-09-21,D1,Leverkusen,M'gladbach,1,0.1,adaptive_mondrian_g0.02,1,0,0
2025-09-21,I1,Lazio,Roma,2,0.1,adaptive_mondrian_g0.02,1,1,1
2025-09-21,E0,Bournemouth,Newcastle,1,0.1,adaptive_mondrian_g0.02,1,1,1
2025-09-21,SP1,Barcelona,Getafe,0,0.1,adaptive_mondrian_g0.02,1,0,0
2025-09-21,SP1,Elche,Oviedo,0,0.1,adaptive_mondrian_g0.02,1,1,1
2025-09-21,SP1,Mallorca,Ath Madrid,1,0.1,adaptive_mondrian_g0.02,0,1,1
2025-09-21,SP1,Vallecano,Celta,1,0.1,adaptive_mondrian_g0.02,1,1,1
2025-09-22,I1,Napoli,Pisa,0,0.1,adaptive_mondrian_g0.02,1,0,0
2025-09-22,F1,Marseille,Paris SG,0,0.1,adaptive_mondrian_g0.02,0,1,1
2025-09-23,SP1,Espanol,Valencia,1,0.1,adaptive_mondrian_g0.02,1,1,1
2025-09-23,SP1,Ath Bilbao,Girona,1,0.1,adaptive_mondrian_g0.02,1,1,0
2025-09-23,SP1,Levante,Real Madrid,2,0.1,adaptive_mondrian_g0.02,0,0,1
2025-09-23,SP1,Sevilla,Villarreal,2,0.1,adaptive_mondrian_g0.02,0,1,1
2025-09-24,SP1,Sociedad,Mallorca,0,0.1,adaptive_mondrian_g0.02,1,1,1
2025-09-24,SP1,Ath Madrid,Vallecano,0,0.1,adaptive_mondrian_g0.02,1,1,0
2025-09-24,SP1,Getafe,Alaves,1,0.1,adaptive_mondrian_g0.02,1,1,1
2025-09-25,SP1,Osasuna,Elche,1,0.1,adaptive_mondrian_g0.02,1,1,1
2025-09-25,SP1,Oviedo,Barcelona,2,0.1,adaptive_mondrian_g0.02,0,0,1
2025-09-26,SP1,Girona,Espanol,1,0.1,adaptive_mondrian_g0.02,1,1,1
2025-09-26,D1,Bayern Munich,Werder Bremen,0,0.1,adaptive_mondrian_g0.02,1,0,0
2025-09-26,F1,Strasbourg,Marseille,2,0.1,adaptive_mondrian_g0.02,0,1,1
2025-09-27,I1,Como,Cremonese,1,0.1,adaptive_mondrian_g0.02,1,1,0
2025-09-27,E0,Brentford,Man United,0,0.1,adaptive_mondrian_g0.02,0,1,1
2025-09-27,I1,Juventus,Atalanta,1,0.1,adaptive_mondrian_g0.02,1,1,1
2025-09-27,I1,Cagliari,Inter,2,0.1,adaptive_mondrian_g0.02,0,1,1
2025-09-27,E0,Man City,Burnley,0,0.1,adaptive_mondrian_g0.02,1,0,0
2025-09-27,E0,Nott'm Forest,Sunderland,2,0.1,adaptive_mondrian_g0.02,1,1,1
2025-09-27,D1,M'gladbach,Ein Frankfurt,2,0.1,adaptive_mondrian_g0.02,1,1,1
2025-09-27,E0,Leeds,Bournemouth,1,0.1,adaptive_mondrian_g0.02,1,1,1
2025-09-27,E0,Crystal Palace,Liverpool,0,0.1,adaptive_mondrian_g0.02,0,1,1
2025-09-27,E0,Tottenham,Wolves,1,0.1,adaptive_mondrian_g0.02,1,1,0
2025-09-27,D1,Wolfsburg,RB Leipzig,2,0.1,adaptive_mondrian_g0.02,1,1,1
2025-09-27,F1,Paris SG,Auxerre,0,0.1,adaptive_mondrian_g0.02,1,0,0
2025-09-27,D1,Mainz,Dortmund,2,0.1,adaptive_mondrian_g0.02,0,1,1
2025-09-27,D1,St Pauli,Leverkusen,2,0.1,adaptive_mondrian_g0.02,1,1,1
2025-09-27,SP1,Ath Madrid,Real Madrid,0,0.1,adaptive_mondrian_g0.02,1,1,1
2025-09-27,SP1,Mallorca,Alaves,0,0.1,adaptive_mondrian_g0.02,1,1,1
2025-09-27,F1,Toulouse,Nantes,1,0.1,adaptive_mondrian_g0.02,1,1,0
2025-09-27,SP1,Getafe,Levante,1,0.1,adaptive_mondrian_g0.02,1,1,1
2025-09-27,SP1,Villarreal,Ath Bilbao,0,0.1,adaptive_mondrian_g0.02,1,1,1
2025-09-27,E0,Chelsea,Brighton,2,0.1,adaptive_mondrian_g0.02,1,1,1
2025-09-27,D1,Heidenheim,Augsburg,0,0.1,adaptive_mondrian_g0.02,1,1,1
2025-09-27,F1,Lorient,Monaco,0,0.1,adaptive_mondrian_g0.02,0,1,1
2025-09-28,D1,Freiburg,Hoffenheim,1,0.1,adaptive_mondrian_g0.02,1,1,1
2025-09-28,E0,Newcastle,Arsenal,2,0.1,adaptive_mondrian_g0.02,1,1,1
2025-09-28,F1,Metz,Le Havre,1,0.1,adaptive_mondrian_g0.02,1,1,1
2025-09-28,SP1,Elche,Celta,0,0.1,adaptive_mondrian_g0.02,1,1,1
2025-09-28,SP1,Barcelona,Sociedad,0,0.1,adaptive_mondrian_g0.02,1,0,0
2025-09-28,SP1,Betis,Osasuna,0,0.1,adaptive_mondrian_g0.02,1,1,1
2025-09-28,D1,FC Koln,Stuttgart,2,0.1,adaptive_mondrian_g0.02,1,1,1
2025-09-28,F1,Rennes,Lens,1,0.1,adaptive_mondrian_g0.02,1,1,1
2025-09-28,D1,Union Berlin,Hamburg,1,0.1,adaptive_mondrian_g0.02,1,1,1
2025-09-28,I1,Roma,Verona,0,0.1,adaptive_mondrian_g0.02,1,0,0
2025-09-28,I1,Milan,Napoli,0,0.1,adaptive_mondrian_g0.02,1,1,1
2025-09-28,I1,Lecce,Bologna,1,0.1,adaptive_mondrian_g0.02,0,1,1
2025-09-28,F1,Lille,Lyon,2,0.1,adaptive_mondrian_g0.02,1,1,1
2025-09-28,I1,Pisa,Fiorentina,1,0.1,adaptive_mondrian_g0.02,1,1,1
2025-09-28,I1,Sassuolo,Udinese,0,0.1,adaptive_mondrian_g0.02,1,1,1
2025-09-28,SP1,Vallecano,Sevilla,2,0.1,adaptive_mondrian_g0.02,1,1,1
2025-09-28,E0,Aston Villa,Fulham,0,0.1,adaptive_mondrian_g0.02,1,1,1
2025-09-28,F1,Angers,Brest,2,0.1,adaptive_mondrian_g0.02,1,1,1
2025-09-28,F1,Nice,Paris FC,1,0.1,adaptive_mondrian_g0.02,1,1,1
2025-09-29,E0,Everton,West Ham,1,0.1,adaptive_mondrian_g0.02,1,1,0
2025-09-29,I1,Genoa,Lazio,2,0.1,adaptive_mondrian_g0.02,1,1,1
2025-09-29,I1,Parma,Torino,0,0.1,adaptive_mondrian_g0.02,1,1,1
2025-09-30,SP1,Valencia,Oviedo,2,0.1,adaptive_mondrian_g0.02,1,1,0
2025-10-03,D1,Hoffenheim,FC Koln,2,0.1,adaptive_mondrian_g0.02,1,1,1
2025-10-03,I1,Verona,Sassuolo,2,0.1,adaptive_mondrian_g0.02,1,1,1
2025-10-03,E0,Bournemouth,Fulham,0,0.1,adaptive_mondrian_g0.02,1,1,1
2025-10-03,SP1,Osasuna,Getafe,0,0.1,adaptive_mondrian_g0.02,1,1,1
2025-10-03,F1,Paris FC,Lorient,0,0.1,adaptive_mondrian_g0.02,1,1,1
2025-10-04,F1,Brest,Nantes,1,0.1,adaptive_mondrian_g0.02,1,1,1
2025-10-04,I1,Atalanta,Como,1,0.1,adaptive_mondrian_g0.02,1,1,1
2025-10-04,E0,Leeds,Tottenham,2,0.1,adaptive_mondrian_g0.02,1,1,1
2025-10-04,E0,Arsenal,West Ham,0,0.1,adaptive_mondrian_g0.02,1,0,0
2025-10-04,E0,Man United,Sunderland,0,0.1,adaptive_mondrian_g0.02,1,0,1
2025-10-04,E0,Chelsea,Liverpool,0,0.1,adaptive_mondrian_g0.02,1,1,1
2025-10-04,I1,Parma,Lecce,2,0.1,adaptive_mondrian_g0.02,1,1,1
2025-10-04,I1,Inter,Cremonese,0,0.1,adaptive_mondrian_g0.02,1,0,0
2025-10-04,F1,Auxerre,Lens,2,0.1,adaptive_mondrian_g0.02,0,1,1
2025-10-04,F1,Metz,Marseille,2,0.1,adaptive_mondrian_g0.02,0,1,1
2025-10-04,D1,Leverkusen,Union Berlin,0,0.1,adaptive_mondrian_g0.02,1,1,1
2025-10-04,D1,Augsburg,Wolfsburg,0,0.1,adaptive_mondrian_g0.02,1,1,1
2025-10-04,D1,Dortmund,RB Leipzig,1,0.1,adaptive_mondrian_g0.02,1,0,1
2025-10-04,D1,Werder Bremen,St Pauli,0,0.1,adaptive_mondrian_g0.02,1,1,1
2025-10-04,D1,Ein Frankfurt,Bayern Munich,2,0.1,adaptive_mondrian_g0.02,0,0,1
2025-10-04,SP1,Oviedo,Levante,2,0.1,adaptive_mondrian_g0.02,1,1,1
2025-10-04,SP1,Girona,Valencia,0,0.1,adaptive_mondrian_g0.02,1,1,1
2025-10-04,SP1,Ath Bilbao,Mallorca,0,0.1,adaptive_mondrian_g0.02,1,1,0
2025-10-04,SP1,Real Madrid,Villarreal,0,0.1,adaptive_mondrian_g0.02,1,0,0
2025-10-04,I1,Lazio,Torino,1,0.1,adaptive_mondrian_g0.02,1,1,1
2025-10-05,I1,Napoli,Genoa,0,0.1,adaptive_mondrian_g0.02,1,1,0
2025-10-05,I1,Fiorentina,Roma,2,0.1,adaptive_mondrian_g0.02,1,1,1
2025-10-05,I1,Bologna,Pisa,0,0.1,adaptive_mondrian_g0.02,1,1,0
2025-10-05,I1,Udinese,Cagliari,1,0.1,adaptive_mondrian_g0.02,1,1,1
2025-10-05,F1,Lille,Paris SG,1,0.1,adaptive_mondrian_g0.02,0,1,1
2025-10-05,D1,Hamburg,Mainz,0,0.1,adaptive_mondrian_g0.02,1,1,1
2025-10-05,F1,Monaco,Nice,1,0.1,adaptive_mondrian_g0.02,1,1,1
2025-10-05,F1,Le Havre,Rennes,1,0.1,adaptive_mondrian_g0.02,0,1,1
2025-10-05,I1,Juventus,Milan,1,0.1,adaptive_mondrian_g0.02,1,1,1
2025-10-05,F1,Lyon,Toulouse,2,0.1,adaptive_mondrian_g0.02,1,1,1
2025-10-05,E0,Aston Villa,Burnley,0,0.1,adaptive_mondrian_g0.02,1,1,0
2025-10-05,D1,Stuttgart,Heidenheim,0,0.1,adaptive_mondrian_g0.02,1,0,0
2025-10-05,E0,Brentford,Man City,2,0.1,adaptive_mondrian_g0.02,0,1,1
2025-10-05,E0,Everton,Crystal Palace,0,0.1,adaptive_mondrian_g0.02,1,1,1
2025-10-05,E0,Newcastle,Nott'm Forest,0,0.1,adaptive_mondrian_g0.02,1,0,0
2025-10-05,D1,M'gladbach,Freiburg,1,0.1,adaptive_mondrian_g0.02,1,1,1
2025-10-05,SP1,Alaves,Elche,0,0.1,adaptive_mondrian_g0.02,1,1,1
2025-10-05,F1,Strasbourg,Angers,0,0.1,adaptive_mondrian_g0.02,1,1,1
2025-10-05,SP1,Espanol,Betis,2,0.1,adaptive_mondrian_g0.02,1,1,1
2025-10-05,SP1,Sociedad,Vallecano,2,0.1,adaptive_mondrian_g0.02,1,1,1
2025-10-05,SP1,Celta,Ath Madrid,1,0.1,adaptive_mondrian_g0.02,0,1,1
2025-10-05,E0,Wolves,Brighton,1,0.1,adaptive_mondrian_g0.02,0,1,1
2025-10-05,SP1,Sevilla,Barcelona,0,0.1,adaptive_mondrian_g0.02,0,0,1
2025-10-17,SP1,Oviedo,Espanol,2,0.1,adaptive_mondrian_g0.02,1,1,1
2025-10-17,F1,Paris SG,Strasbourg,1,0.1,adaptive_mondrian_g0.02,1,0,0
2025-10-17,D1,Union Berlin,M'gladbach,0,0.1,adaptive_mondrian_g0.02,1,1,1
2025-10-18,SP1,Sevilla,Mallorca,2,0.1,adaptive_mondrian_g0.02,1,1,1
2025-10-18,E0,Sunderland,Wolves,0,0.1,adaptive_mondrian_g0.02,1,1,1
2025-10-18,E0,Brighton,Newcastle,0,0.1,adaptive_mondrian_g0.02,1,1,1
2025-10-18,F1,Angers,Monaco,1,0.1,adaptive_mondrian_g0.02,0,1,1
2025-10-18,E0,Crystal Palace,Bournemouth,1,0.1,adaptive_mondrian_g0.02,1,1,1
2025-10-18,E0,Man City,Everton,0,0.1,adaptive_mondrian_g0.02,1,0,0
2025-10-18,D1,Heidenheim,Werder Bremen,1,0.1,adaptive_mondrian_g0.02,1,1,1
2025-10-18,E0,Burnley,Leeds,0,0.1,adaptive_mondrian_g0.02,0,1,1
2025-10-18,E0,Nott'm Forest,Chelsea,2,0.1,adaptive_mondrian_g0.02,1,1,1
2025-10-18,F1,Nice,Lyon,0,0.1,adaptive_mondrian_g0.02,1,1,1
2025-10-18,D1,FC Koln,Augsburg,1,0.1,adaptive_mondrian_g0.02,1,1,1
2025-10-18,F1,Marseille,Le Havre,0,0.1,adaptive_mondrian_g0.02,1,0,0
2025-10-18,D1,RB Leipzig,Hamburg,0,0.1,adaptive_mondrian_g0.02,1,0,0
2025-10-18,I1,Roma,Inter,2,0.1,adaptive_mondrian_g0.02,0,1,1
2025-10-18,I1,Torino,Napoli,0,0.1,adaptive_mondrian_g0.02,0,1,1
2025-10-18,I1,Pisa,Verona,1,0.1,adaptive_mondrian_g0.02,1,1,1
2025-10-18,I1,Lecce,Sassuolo,1,0.1,adaptive_mondrian_g0.02,1,1,1
2025-10-18,SP1,Ath Madrid,Osasuna,0,0.1,adaptive_mondrian_g0.02,1,0,0
2025-10-18,E0,Fulham,Arsenal,2,0.1,adaptive_mondrian_g0.02,0,1,1
2025-10-18,SP1,Barcelona,Girona,0,0.1,adaptive_mondrian_g0.02,1,0,0
2025-10-18,D1,Mainz,Leverkusen,2,0.1,adaptive_mondrian_g0.02,1,1,1
2025-10-18,D1,Bayern Munich,Dortmund,0,0.1,adaptive_mondrian_g0.02,1,0,0
2025-10-18,D1,Wolfsburg,Stuttgart,2,0.1,adaptive_mondrian_g0.02,1,1,1
2025-10-18,SP1,Villarreal,Betis,1,0.1,adaptive_mondrian_g0.02,1,1,1
2025-10-19,I1,Genoa,Parma,1,0.1,adaptive_mondrian_g0.02,1,1,1
2025-10-19,I1,Cagliari,Bologna,2,0.1,adaptive_mondrian_g0.02,0,1,1
2025-10-19,I1,Como,Juventus,0,0.1,adaptive_mondrian_g0.02,1,1,1
2025-10-19,F1,Lorient,Brest,1,0.1,adaptive_mondrian_g0.02,1,1,1
2025-10-19,F1,Nantes,Lille,2,0.1,adaptive_mondrian_g0.02,0,1,1
2025-10-19,F1,Toulouse,Metz,0,0.1,adaptive_mondrian_g0.02,1,0,0
2025-10-19,F1,Rennes,Auxerre,1,0.1,adaptive_mondrian_g0.02,1,1,1
2025-10-19,I1,Atalanta,Lazio,1,0.1,adaptive_mondrian_g0.02,1,1,1
2025-10-19,SP1,Getafe,Real Madrid,2,0.1,adaptive_mondrian_g0.02,0,0,1
2025-10-19,D1,St Pauli,Hoffenheim,2,0.1,adaptive_mondrian_g0.02,1,1,1
2025-10-19,SP1,Levante,Vallecano,2,0.1,adaptive_mondrian_g0.02,1,1,1
2025-10-19,SP1,Celta,Sociedad,1,0.1,adaptive_mondrian_g0.02,1,1,1
2025-10-19,D1,Freiburg,Ein Frankfurt,1,0.1,adaptive_mondrian_g0.02,1,1,1
2025-10-19,E0,Tottenham,Aston Villa,2,0.1,adaptive_mondrian_g0.02,1,1,1
2025-10-19,E0,Liverpool,Man United,2,0.1,adaptive_mondrian_g0.02,1,0,1
2025-10-19,I1,Milan,Fiorentina,0,0.1,adaptive_mondrian_g0.02,1,1,0
2025-10-19,F1,Lens,Paris FC,0,0.1,adaptive_mondrian_g0.02,1,1,1
2025-10-19,SP1,Elche,Ath Bilbao,1,0.1,adaptive_mondrian_g0.02,0,1,1
2025-10-20,I1,Cremonese,Udinese,1,0.1,adaptive_mondrian_g0.02,1,1,1
2025-10-20,SP1,Alaves,Valencia,1,0.1,adaptive_mondrian_g0.02,1,1,1
2025-10-20,E0,West Ham,Brentford,2,0.1,adaptive_mondrian_g0.02,1,1,1
2025-10-24,D1,Werder Bremen,Union Berlin,0,0.1,adaptive_mondrian_g0.02,1,1,1
2025-10-24,SP1,Sociedad,Sevilla,0,0.1,adaptive_mondrian_g0.02,1,1,1
2025-10-24,F1,Paris FC,Nantes,2,0.1,adaptive_mondrian_g0.02,1,0,0
2025-10-24,E0,Leeds,West Ham,0,0.1,adaptive_mondrian_g0.02,1,1,0
2025-10-24,I1,Milan,Pisa,1,0.1,adaptive_mondrian_g0.02,1,0,0
2025-10-25,SP1,Ath Bilbao,Getafe,2,0.1,adaptive_mondrian_g0.02,1,1,0
2025-10-25,D1,Dortmund,FC Koln,0,0.1,adaptive_mondrian_g0.02,1,0,0
2025-10-25,D1,M'gladbach,Bayern Munich,2,0.1,adaptive_mondrian_g0.02,0,0,1
2025-10-25,E0,Chelsea,Sunderland,2,0.1,adaptive_mondrian_g0.02,1,0,0
2025-10-25,D1,Hamburg,Wolfsburg,2,0.1,adaptive_mondrian_g0.02,1,1,1
2025-10-25,D1,Ein Frankfurt,St Pauli,0,0.1,adaptive_mondrian_g0.02,1,0,0
2025-10-25,D1,Augsburg,RB Leipzig,2,0.1,adaptive_mondrian_g0.02,0,1,1
2025-10-25,E0,Newcastle,Fulham,0,0.1,adaptive_mondrian_g0.02,1,1,0
2025-10-25,E0,Brentford,Liverpool,0,0.1,adaptive_mondrian_g0.02,0,1,1
2025-10-25,SP1,Valencia,Villarreal,2,0.1,adaptive_mondrian_g0.02,0,1,1
2025-10-25,E0,Man United,Brighton,0,0.1,adaptive_mondrian_g0.02,1,1,1
2025-10-25,D1,Hoffenheim,Heidenheim,0,0.1,adaptive_mondrian_g0.02,1,0,0
2025-10-25,SP1,Espanol,Elche,0,0.1,adaptive_mondrian_g0.02,1,1,1
2025-10-25,I1,Parma,Como,1,0.1,adaptive_mondrian_g0.02,0,1,1
2025-10-25,I1,Napoli,Inter,0,0.1,adaptive_mondrian_g0.02,0,1,1
2025-10-25,I1,Udinese,Lecce,0,0.1,adaptive_mondrian_g0.02,1,1,1
2025-10-25,F1,Brest,Paris SG,2,0.1,adaptive_mondrian_g0.02,0,0,1
2025-10-25,F1,Monaco,Toulouse,0,0.1,adaptive_mondrian_g0.02,1,1,1
2025-10-25,F1,Lens,Marseille,0,0.1,adaptive_mondrian_g0.02,1,1,1
2025-10-25,SP1,Girona,Oviedo,1,0.1,adaptive_mondrian_g0.02,1,1,0
2025-10-25,I1,Cremonese,Atalanta,1,0.1,adaptive_mondrian_g0.02,0,0,1
2025-10-26,E0,Aston Villa,Man City,0,0.1,adaptive_mondrian_g0.02,0,1,1
2025-10-26,E0,Arsenal,Crystal Palace,0,0.1,adaptive_mondrian_g0.02,1,0,0
2025-10-26,D1,Leverkusen,Freiburg,0,0.1,adaptive_mondrian_g0.02,1,1,1
2025-10-26,SP1,Mallorca,Levante,1,0.1,adaptive_mondrian_g0.02,1,1,1
2025-10-26,SP1,Vallecano,Alaves,0,0.1,adaptive_mondrian_g0.02,1,1,1
2025-10-26,SP1,Osasuna,Celta,2,0.1,adaptive_mondrian_g0.02,1,1,1
2025-10-26,E0,Everton,Tottenham,2,0.1,adaptive_mondrian_g0.02,1,1,1
2025-10-26,E0,Bournemouth,Nott'm Forest,0,0.1,adaptive_mondrian_g0.02,1,1,1
2025-10-26,SP1,Real Madrid,Barcelona,0,0.1,adaptive_mondrian_g0.02,1,0,1
2025-10-26,E0,Wolves,Burnley,2,0.1,adaptive_mondrian_g0.02,1,1,1
2025-10-26,F1,Auxerre,Le Havre,2,0.1,adaptive_mondrian_g0.02,1,1,1
2025-10-26,F1,Angers,Lorient,0,0.1,adaptive_mondrian_g0.02,1,1,1
2025-10-26,I1,Fiorentina,Bologna,1,0.1,adaptive_mondrian_g0.02,1,1,1
2025-10-26,I1,Verona,Cagliari,1,0.1,adaptive_mondrian_g0.02,1,1,1
2025-10-26,I1,Sassuolo,Roma,2,0.1,adaptive_mondrian_g0.02,0,1,1
2025-10-26,I1,Lazio,Juventus,0,0.1,adaptive_mondrian_g0.02,0,1,1
2025-10-26,F1,Lille,Metz,0,0.1,adaptive_mondrian_g0.02,1,0,0
2025-10-26,F1,Lyon,Strasbourg,0,0.1,adaptive_mondrian_g0.02,1,1,1
2025-10-26,I1,Torino,Genoa,0,0.1,adaptive_mondrian_g0.02,1,1,1
2025-10-26,F1,Rennes,Nice,2,0.1,adaptive_mondrian_g0.02,1,1,1
2025-10-26,D1,Stuttgart,Mainz,0,0.1,adaptive_mondrian_g0.02,1,1,1
2025-10-27,SP1,Betis,Ath Madrid,2,0.1,adaptive_mondrian_g0.02,1,1,1
2025-10-28,I1,Lecce,Napoli,2,0.1,adaptive_mondrian_g0.02,0,1,1
2025-10-28,I1,Atalanta,Milan,1,0.1,adaptive_mondrian_g0.02,1,1,1
2025-10-29,F1,Toulouse,Rennes,1,0.1,adaptive_mondrian_g0.02,1,1,1
2025-10-29,I1,Bologna,Torino,1,0.1,adaptive_mondrian_g0.02,1,1,0
2025-10-29,F1,Marseille,Angers,1,0.1,adaptive_mondrian_g0.02,1,0,0
2025-10-29,I1,Inter,Fiorentina,0,0.1,adaptive_mondrian_g0.02,1,0,0
2025-10-29,F1,Le Havre,Brest,0,0.1,adaptive_mondrian_g0.02,1,1,1
2025-10-29,I1,Genoa,Cremonese,2,0.1,adaptive_mondrian_g0.02,1,1,0
2025-10-29,I1,Roma,Parma,0,0.1,adaptive_mondrian_g0.02,1,1,0
2025-10-29,F1,Lorient,Paris SG,1,0.1,adaptive_mondrian_g0.02,0,0,1
2025-10-29,I1,Como,Verona,0,0.1,adaptive_mondrian_g0.02,1,1,0
2025-10-29,F1,Metz,Lens,0,0.1,adaptive_mondrian_g0.02,0,0,1
2025-10-29,I1,Juventus,Udinese,0,0.1,adaptive_mondrian_g0.02,1,0,0
2025-10-29,F1,Nice,Lille,0,0.1,adaptive_mondrian_g0.02,0,1,1
2025-10-29,F1,Strasbourg,Auxerre,0,0.1,adaptive_mondrian_g0.02,1,1,0
2025-10-29,F1,Nantes,Monaco,2,0.1,adaptive_mondrian_g0.02,0,1,1
2025-10-29,F1,Paris FC,Lyon,1,0.1,adaptive_mondrian_g0.02,1,1,1
2025-10-30,I1,Cagliari,Sassuolo,2,0.1,adaptive_mondrian_g0.02,1,1,1
2025-10-30,I1,Pisa,Lazio,1,0.1,adaptive_mondrian_g0.02,1,1,1
2025-10-31,SP1,Getafe,Girona,0,0.1,adaptive_mondrian_g0.02,1,1,1
2025-10-31,D1,Augsburg,Dortmund,2,0.1,adaptive_mondrian_g0.02,0,0,1
2025-11-01,E0,Nott'm Forest,Man United,1,0.1,adaptive_mondrian_g0.02,1,1,1
2025-11-01,E0,Crystal Palace,Brentford,0,0.1,adaptive_mondrian_g0.02,1,1,1
2025-11-01,E0,Brighton,Leeds,0,0.1,adaptive_mondrian_g0.02,1,1,1
2025-11-01,SP1,Villarreal,Vallecano,0,0.1,adaptive_mondrian_g0.02,1,1,1
2025-11-01,SP1,Ath Madrid,Sevilla,0,0.1,adaptive_mondrian_g0.02,1,0,0
2025-11-01,SP1,Sociedad,Ath Bilbao,0,0.1,adaptive_mondrian_g0.02,1,1,1
2025-11-01,E0,Liverpool,Aston Villa,0,0.1,adaptive_mondrian_g0.02,1,0,1
2025-11-01,E0,Tottenham,Chelsea,2,0.1,adaptive_mondrian_g0.02,1,1,1
2025-11-01,E0,Fulham,Wolves,0,0.1,adaptive_mondrian_g0.02,1,1,1
2025-11-01,E0,Burnley,Arsenal,2,0.1,adaptive_mondrian_g0.02,0,0,1
2025-11-01,D1,Bayern Munich,Leverkusen,0,0.1,adaptive_mondrian_g0.02,1,0,0
2025-11-01,SP1,Real Madrid,Valencia,0,0.1,adaptive_mondrian_g0.02,1,0,0
2025-11-01,F1,Auxerre,Marseille,2,0.1,adaptive_mondrian_g0.02,0,1,1
2025-11-01,D1,St Pauli,M'gladbach,2,0.1,adaptive_mondrian_g0.02,1,1,1
2025-11-01,F1,Monaco,Paris FC,2,0.1,adaptive_mondrian_g0.02,1,1,1
2025-11-01,D1,Mainz,Werder Bremen,1,0.1,adaptive_mondrian_g0.02,1,1,1
2025-11-01,D1,RB Leipzig,Stuttgart,0,0.1,adaptive_mondrian_g0.02,1,1,1
2025-11-01,I1,Cremonese,Juventus,2,0.1,adaptive_mondrian_g0.02,0,0,1
2025-11-01,D1,Heidenheim,Ein Frankfurt,1,0.1,adaptive_mondrian_g0.02,1,1,1
2025-11-01,D1,Union Berlin,Freiburg,1,0.1,adaptive_mondrian_g0.02,1,1,1
2025-11-01,F1,Paris SG,Nice,0,0.1,adaptive_mondrian_g0.02,1,0,0
2025-11-01,I1,Napoli,Como,1,0.1,adaptive_mondrian_g0.02,1,1,1
2025-11-01,I1,Udinese,Atalanta,0,0.1,adaptive_mondrian_g0.02,0,1,1
2025-11-02,F1,Lens,Lorient,0,0.1,adaptive_mondrian_g0.02,1,1,0
2025-11-02,E0,West Ham,Newcastle,0,0.1,adaptive_mondrian_g0.02,0,1,1
2025-11-02,E0,Man City,Bournemouth,0,0.1,adaptive_mondrian_g0.02,1,0,0
2025-11-02,D1,FC Koln,Hamburg,0,0.1,adaptive_mondrian_g0.02,1,1,1
2025-11-02,D1,Wolfsburg,Hoffenheim,2,0.1,adaptive_mondrian_g0.02,1,1,1
2025-11-02,I1,Fiorentina,Lecce,2,0.1,adaptive_mondrian_g0.02,1,1,0
2025-11-02,F1,Rennes,Strasbourg,0,0.1,adaptive_mondrian_g0.02,1,1,1
2025-11-02,SP1,Barcelona,Elche,0,0.1,adaptive_mondrian_g0.02,1,0,0
2025-11-02,F1,Lille,Angers,0,0.1,adaptive_mondrian_g0.02,1,0,0
2025-11-02,I1,Torino,Pisa,1,0.1,adaptive_mondrian_g0.02,1,1,0
2025-11-02,F1,Toulouse,Le Havre,1,0.1,adaptive_mondrian_g0.02,1,1,0
2025-11-02,F1,Brest,Lyon,1,0.1,adaptive_mondrian_g0.02,1,1,1
2025-11-02,I1,Parma,Bologna,2,0.1,adaptive_mondrian_g0.02,0,1,1
2025-11-02,I1,Milan,Roma,0,0.1,adaptive_mondrian_g0.02,1,1,1
2025-11-02,SP1,Betis,Mallorca,0,0.1,adaptive_mondrian_g0.02,1,1,0
2025-11-02,I1,Verona,Inter,2,0.1,adaptive_mondrian_g0.02,0,0,1
2025-11-02,SP1,Levante,Celta,2,0.1,adaptive_mondrian_g0.02,1,1,1
2025-11-02,SP1,Alaves,Espanol,0,0.1,adaptive_mondrian_g0.02,1,1,1
2025-11-02,F1,Nantes,Metz,2,0.1,adaptive_mondrian_g0.02,1,1,1
2025-11-03,E0,Sunderland,Everton,1,0.1,adaptive_mondrian_g0.02,1,1,1
2025-11-03,I1,Sassuolo,Genoa,2,0.1,adaptive_mondrian_g0.02,1,1,1
2025-11-03,I1,Lazio,Cagliari,0,0.1,adaptive_mondrian_g0.02,1,1,0
2025-11-03,SP1,Oviedo,Osasuna,1,0.1,adaptive_mondrian_g0.02,1,1,1
2025-11-07,SP1,Elche,Sociedad,1,0.1,adaptive_mondrian_g0.02,1,1,1
2025-11-07,D1,Werder Bremen,Wolfsburg,0,0.1,adaptive_mondrian_g0.02,1,1,1
2025-11-07,I1,Pisa,Cremonese,0,0.1,adaptive_mondrian_g0.02,1,1,1
2025-11-07,F1,Paris FC,Rennes,2,0.1,adaptive_mondrian_g0.02,1,1,1
2025-11-08,F1,Le Havre,Nantes,1,0.1,adaptive_mondrian_g0.02,1,1,1
2025-11-08,F1,Marseille,Brest,0,0.1,adaptive_mondrian_g0.02,1,0,0
2025-11-08,E0,West Ham,Burnley,0,0.1,adaptive_mondrian_g0.02,1,1,1
2025-11-08,E0,Sunderland,Arsenal,1,0.1,adaptive_mondrian_g0.02,0,0,1
2025-11-08,E0,Chelsea,Wolves,0,0.1,adaptive_mondrian_g0.02,1,0,0
2025-11-08,SP1,Girona,Alaves,0,0.1,adaptive_mondrian_g0.02,1,1,1
2025-11-08,SP1,Ath Madrid,Levante,0,0.1,adaptive_mondrian_g0.02,1,0,0
2025-11-08,F1,Monaco,Lens,2,0.1,adaptive_mondrian_g0.02,1,1,1
2025-11-08,SP1,Sevilla,Osasuna,0,0.1,adaptive_mondrian_g0.02,1,1,1
2025-11-08,E0,Everton,Fulham,0,0.1,adaptive_mondrian_g0.02,1,1,1
2025-11-08,E0,Tottenham,Man United,1,0.1,adaptive_mondrian_g0.02,1,1,1
2025-11-08,SP1,Espanol,Villarreal,2,0.1,adaptive_mondrian_g0.02,1,1,1
2025-11-08,D1,Hamburg,Dortmund,1,0.1,adaptive_mondrian_g0.02,1,1,1
2025-11-08,D1,Hoffenheim,RB Leipzig,0,0.1,adaptive_mondrian_g0.02,1,1,1
2025-11-08,D1,Leverkusen,Heidenheim,0,0.1,adaptive_mondrian_g0.02,1,0,0
2025-11-08,D1,Union Berlin,Bayern Munich,1,0.1,adaptive_mondrian_g0.02,0,0,1
2025-11-08,I1,Lecce,Verona,1,0.1,adaptive_mondrian_g0.02,1,1,1
2025-11-08,I1,Juventus,Torino,1,0.1,adaptive_mondrian_g0.02,1,1,0
2025-11-08,I1,Parma,Milan,1,0.1,adaptive_mondrian_g0.02,0,1,1
2025-11-08,D1,M'gladbach,FC Koln,0,0.1,adaptive_mondrian_g0.02,1,1,1
2025-11-08,I1,Como,Cagliari,1,0.1,adaptive_mondrian_g0.02,1,1,0
2025-11-09,I1,Genoa,Fiorentina,1,0.1,adaptive_mondrian_g0.02,1,1,1
2025-11-09,E0,Man City,Liverpool,0,0.1,adaptive_mondrian_g0.02,1,1,1
2025-11-09,E0,Nott'm Forest,Leeds,0,0.1,adaptive_mondrian_g0.02,1,1,1
2025-11-09,E0,Crystal Palace,Brighton,1,0.1,adaptive_mondrian_g0.02,1,1,1
2025-11-09,F1,Strasbourg,Lille,0,0.1,adaptive_mondrian_g0.02,1,1,1
2025-11-09,I1,Roma,Udinese,0,0.1,adaptive_mondrian_g0.02,1,1,0
2025-11-09,I1,Inter,Lazio,0,0.1,adaptive_mondrian_g0.02,1,0,0
2025-11-09,I1,Bologna,Napoli,0,0.1,adaptive_mondrian_g0.02,1,1,1
2025-11-09,E0,Brentford,Newcastle,0,0.1,adaptive_mondrian_g0.02,1,1,1
2025-11-09,I1,Atalanta,Sassuolo,2,0.1,adaptive_mondrian_g0.02,1,0,0
2025-11-09,SP1,Mallorca,Getafe,0,0.1,adaptive_mondrian_g0.02,1,1,1
2025-11-09,E0,Aston Villa,Bournemouth,0,0.1,adaptive_mondrian_g0.02,1,1,1
2025-11-09,D1,Stuttgart,Augsburg,0,0.1,adaptive_mondrian_g0.02,1,1,0
2025-11-09,F1,Angers,Auxerre,0,0.1,adaptive_mondrian_g0.02,1,1,1
2025-11-09,SP1,Ath Bilbao,Oviedo,0,0.1,adaptive_mondrian_g0.02,1,1,0
2025-11-09,SP1,Valencia,Betis,1,0.1,adaptive_mondrian_g0.02,0,1,1
2025-11-09,D1,Freiburg,St Pauli,0,0.1,adaptive_mondrian_g0.02,1,1,0
2025-11-09,D1,Ein Frankfurt,Mainz,0,0.1,adaptive_mondrian_g0.02,1,1,1
2025-11-09,F1,Lorient,Toulouse,1,0.1,adaptive_mondrian_g0.02,1,1,1
2025-11-09,F1,Metz,Nice,0,0.1,adaptive_mondrian_g0.02,1,1,1
2025-11-09,F1,Lyon,Paris SG,2,0.1,adaptive_mondrian_g0.02,0,1,1
2025-11-09,SP1,Vallecano,Real Madrid,1,0.1,adaptive_mondrian_g0.02,0,0,1
2025-11-09,SP1,Celta,Barcelona,2,0.1,adaptive_mondrian_g0.02,0,1,1
2025-11-21,SP1,Valencia,Levante,0,0.1,adaptive_mondrian_g0.02,1,1,1
2025-11-21,D1,Mainz,Hoffenheim,1,0.1,adaptive_mondrian_g0.02,1,1,1
2025-11-21,F1,Nice,Marseille,2,0.1,adaptive_mondrian_g0.02,0,1,1
2025-11-22,SP1,Villarreal,Mallorca,0,0.1,adaptive_mondrian_g0.02,1,0,0
2025-11-22,SP1,Alaves,Celta,2,0.1,adaptive_mondrian_g0.02,1,1,1
2025-11-22,SP1,Barcelona,Ath Bilbao,0,0.1,adaptive_mondrian_g0.02,1,0,0
2025-11-22,SP1,Osasuna,Sociedad,2,0.1,adaptive_mondrian_g0.02,1,1,1
2025-11-22,D1,Augsburg,Hamburg,0,0.1,adaptive_mondrian_g0.02,1,1,1
2025-11-22,D1,FC Koln,Ein Frankfurt,2,0.1,adaptive_mondrian_g0.02,1,1,1
2025-11-22,I1,Udinese,Bologna,2,0.1,adaptive_mondrian_g0.02,1,1,1
2025-11-22,F1,Lens,Strasbourg,0,0.1,adaptive_mondrian_g0.02,1,1,1
2025-11-22,F1,Rennes,Monaco,0,0.1,adaptive_mondrian_g0.02,1,1,1
2025-11-22,F1,Paris SG,Le Havre,0,0.1,adaptive_mondrian_g0.02,1,0,0
2025-11-22,I1,Cagliari,Genoa,1,0.1,adaptive_mondrian_g0.02,0,1,1
2025-11-22,D1,Wolfsburg,Leverkusen,2,0.1,adaptive_mondrian_g0.02,0,1,1
2025-11-22,E0,Newcastle,Man City,0,0.1,adaptive_mondrian_g0.02,0,1,1
2025-11-22,I1,Napoli,Atalanta,0,0.1,adaptive_mondrian_g0.02,1,1,1
2025-11-22,E0,Bournemouth,West Ham,1,0.1,adaptive_mondrian_g0.02,1,1,0
2025-11-22,E0,Fulham,Sunderland,0,0.1,adaptive_mondrian_g0.02,1,1,1
2025-11-22,E0,Liverpool,Nott'm Forest,2,0.1,adaptive_mondrian_g0.02,1,0,0
2025-11-22,E0,Wolves,Crystal Palace,2,0.1,adaptive_mondrian_g0.02,0,1,1
2025-11-22,E0,Brighton,Brentford,0,0.1,adaptive_mondrian_g0.02,1,1,1
2025-11-22,E0,Burnley,Chelsea,2,0.1,adaptive_mondrian_g0.02,0,1,1
2025-11-22,I1,Fiorentina,Juventus,1,0.1,adaptive_mondrian_g0.02,0,1,1
2025-11-22,D1,Dortmund,Stuttgart,1,0.1,adaptive_mondrian_g0.02,1,1,1
2025-11-22,D1,Bayern Munich,Freiburg,0,0.1,adaptive_mondrian_g0.02,1,0,0
2025-11-22,D1,Heidenheim,M'gladbach,2,0.1,adaptive_mondrian_g0.02,0,1,1
2025-11-23,F1,Nantes,Lorient,1,0.1,adaptive_mondrian_g0.02,1,1,1
2025-11-23,I1,Inter,Milan,2,0.1,adaptive_mondrian_g0.02,1,1,1
2025-11-23,D1,RB Leipzig,Werder Bremen,0,0.1,adaptive_mondrian_g0.02,1,0,0
2025-11-23,I1,Lazio,Lecce,0,0.1,adaptive_mondrian_g0.02,1,1,0
2025-11-23,I1,Cremonese,Roma,2,0.1,adaptive_mondrian_g0.02,0,1,1
2025-11-23,I1,Verona,Parma,2,0.1,adaptive_mondrian_g0.02,1,1,1
2025-11-23,F1,Toulouse,Angers,2,0.1,adaptive_mondrian_g0.02,1,1,0
2025-11-23,F1,Brest,Metz,0,0.1,adaptive_mondrian_g0.02,1,1,1
2025-11-23,F1,Lille,Paris FC,0,0.1,adaptive_mondrian_g0.02,1,1,0
2025-11-23,E0,Leeds,Aston Villa,2,0.1,adaptive_mondrian_g0.02,0,1,1
2025-11-23,D1,St Pauli,Union Berlin,2,0.1,adaptive_mondrian_g0.02,1,1,1
2025-11-23,E0,Arsenal,Tottenham,0,0.1,adaptive_mondrian_g0.02,1,1,0
2025-11-23,SP1,Oviedo,Vallecano,1,0.1,adaptive_mondrian_g0.02,0,1,1
2025-11-23,SP1,Getafe,Ath Madrid,2,0.1,adaptive_mondrian_g0.02,0,1,1
2025-11-23,SP1,Betis,Girona,1,0.1,adaptive_mondrian_g0.02,1,0,0
2025-11-23,SP1,Elche,Real Madrid,1,0.1,adaptive_mondrian_g0.02,0,0,1
2025-11-23,F1,Auxerre,Lyon,1,0.1,adaptive_mondrian_g0.02,0,1,1
2025-11-24,E0,Man United,Everton,2,0.1,adaptive_mondrian_g0.02,1,1,1
2025-11-24,I1,Sassuolo,Pisa,1,0.1,adaptive_mondrian_g0.02,1,1,1
2025-11-24,I1,Torino,Como,2,0.1,adaptive_mondrian_g0.02,0,1,1
2025-11-24,SP1,Espanol,Sevilla,0,0.1,adaptive_mondrian_g0.02,1,1,1
2025-11-28,SP1,Getafe,Elche,0,0.1,adaptive_mondrian_g0.02,1,1,1
2025-11-28,I1,Como,Sassuolo,0,0.1,adaptive_mondrian_g0.02,1,1,1
2025-11-28,D1,M'gladbach,RB Leipzig,1,0.1,adaptive_mondrian_g0.02,1,1,1
2025-11-28,F1,Metz,Rennes,2,0.1,adaptive_mondrian_g0.02,0,1,1
2025-11-29,SP1,Levante,Ath Bilbao,2,0.1,adaptive_mondrian_g0.02,0,1,1
2025-11-29,E0,Everton,Newcastle,2,0.1,adaptive_mondrian_g0.02,1,1,1
2025-11-29,E0,Sunderland,Bournemouth,0,0.1,adaptive_mondrian_g0.02,0,1,1
2025-11-29,E0,Tottenham,Fulham,2,0.1,adaptive_mondrian_g0.02,1,1,1
2025-11-29,E0,Brentford,Burnley,0,0.1,adaptive_mondrian_g0.02,1,1,0
2025-11-29,F1,Monaco,Paris SG,0,0.1,adaptive_mondrian_g0.02,0,1,1
2025-11-29,SP1,Mallorca,Osasuna,1,0.1,adaptive_mondrian_g0.02,1,1,1
2025-11-29,F1,Paris FC,Auxerre,1,0.1,adaptive_mondrian_g0.02,1,1,1
2025-11-29,F1,Marseille,Toulouse,1,0.1,adaptive_mondrian_g0.02,1,1,0
2025-11-29,D1,Leverkusen,Dortmund,2,0.1,adaptive_mondrian_g0.02,1,1,1
2025-11-29,E0,Man City,Leeds,0,0.1,adaptive_mondrian_g0.02,1,0,0
2025-11-29,D1,Bayern Munich,St Pauli,0,0.1,adaptive_mondrian_g0.02,1,0,0
2025-11-29,D1,Hoffenheim,Augsburg,0,0.1,adaptive_mondrian_g0.02,1,1,1
2025-11-29,SP1,Ath Madrid,Oviedo,0,0.1,adaptive_mondrian_g0.02,1,0,0
2025-11-29,D1,Union Berlin,Heidenheim,2,0.1,adaptive_mondrian_g0.02,1,1,0
2025-11-29,D1,Werder Bremen,FC Koln,1,0.1,adaptive_mondrian_g0.02,1,1,1
2025-11-29,I1,Juventus,Cagliari,0,0.1,adaptive_mondrian_g0.02,1,0,0
2025-11-29,I1,Genoa,Verona,0,0.1,adaptive_mondrian_g0.02,1,1,1
2025-11-29,I1,Milan,Lazio,0,0.1,adaptive_mondrian_g0.02,1,1,0
2025-11-29,SP1,Barcelona,Alaves,0,0.1,adaptive_mondrian_g0.02,1,0,0
2025-11-29,I1,Parma,Udinese,2,0.1,adaptive_mondrian_g0.02,1,1,1
2025-11-30,D1,Hamburg,Stuttgart,0,0.1,adaptive_mondrian_g0.02,1,1,1
2025-11-30,F1,Le Havre,Lille,2,0.1,adaptive_mondrian_g0.02,0,1,1
2025-11-30,F1,Lyon,Nantes,0,0.1,adaptive_mondrian_g0.02,1,0,0
2025-11-30,F1,Lorient,Nice,0,0.1,adaptive_mondrian_g0.02,1,1,1
2025-11-30,SP1,Girona,Real Madrid,1,0.1,adaptive_mondrian_g0.02,0,0,1
2025-11-30,I1,Roma,Napoli,2,0.1,adaptive_mondrian_g0.02,1,1,1
2025-11-30,SP1,Sevilla,Betis,2,0.1,adaptive_mondrian_g0.02,1,1,1
2025-11-30,D1,Ein Frankfurt,Wolfsburg,1,0.1,adaptive_mondrian_g0.02,1,1,1
2025-11-30,SP1,Sociedad,Villarreal,2,0.1,adaptive_mondrian_g0.02,1,1,1
2025-11-30,D1,Freiburg,Mainz,0,0.1,adaptive_mondrian_g0.02,1,1,1
2025-11-30,SP1,Celta,Espanol,2,0.1,adaptive_mondrian_g0.02,1,1,1
2025-11-30,I1,Lecce,Torino,0,0.1,adaptive_mondrian_g0.02,1,1,1
2025-11-30,I1,Pisa,Inter,2,0.1,adaptive_mondrian_g0.02,0,0,1
2025-11-30,F1,Angers,Lens,2,0.1,adaptive_mondrian_g0.02,0,1,1
2025-11-30,F1,Strasbourg,Brest,2,0.1,adaptive_mondrian_g0.02,1,1,1
2025-11-30,E0,Crystal Palace,Man United,2,0.1,adaptive_mondrian_g0.02,1,1,1
2025-11-30,I1,Atalanta,Fiorentina,0,0.1,adaptive_mondrian_g0.02,1,1,0
2025-11-30,E0,Nott'm Forest,Brighton,2,0.1,adaptive_mondrian_g0.02,1,1,1
2025-11-30,E0,West Ham,Liverpool,2,0.1,adaptive_mondrian_g0.02,0,0,1
2025-11-30,E0,Chelsea,Arsenal,1,0.1,adaptive_mondrian_g0.02,1,1,1
2025-11-30,E0,Aston Villa,Wolves,0,0.1,adaptive_mondrian_g0.02,1,1,0
2025-12-01,SP1,Vallecano,Valencia,1,0.1,adaptive_mondrian_g0.02,1,1,1
2025-12-01,I1,Bologna,Cremonese,2,0.1,adaptive_mondrian_g0.02,1,1,0
2025-12-02,E0,Fulham,Man City,2,0.1,adaptive_mondrian_g0.02,0,1,1
2025-12-02,E0,Newcastle,Tottenham,1,0.1,adaptive_mondrian_g0.02,1,1,1
2025-12-02,SP1,Barcelona,Ath Madrid,0,0.1,adaptive_mondrian_g0.02,1,1,1
2025-12-02,E0,Bournemouth,Everton,2,0.1,adaptive_mondrian_g0.02,1,1,1
2025-12-03,E0,Wolves,Nott'm Forest,2,0.1,adaptive_mondrian_g0.02,0,1,1
2025-12-03,E0,Leeds,Chelsea,0,0.1,adaptive_mondrian_g0.02,0,1,1
2025-12-03,E0,Burnley,Crystal Palace,2,0.1,adaptive_mondrian_g0.02,0,1,1
2025-12-03,E0,Brighton,Aston Villa,2,0.1,adaptive_mondrian_g0.02,1,1,1
2025-12-03,E0,Liverpool,Sunderland,1,0.1,adaptive_mondrian_g0.02,1,0,0
2025-12-03,SP1,Ath Bilbao,Real Madrid,2,0.1,adaptive_mondrian_g0.02,0,1,1
2025-12-03,E0,Arsenal,Brentford,0,0.1,adaptive_mondrian_g0.02,1,1,0
2025-12-04,E0,Man United,West Ham,1,0.1,adaptive_mondrian_g0.02,1,0,0
2025-12-05,SP1,Oviedo,Mallorca,1,0.1,adaptive_mondrian_g0.02,1,1,1
2025-12-05,F1,Brest,Monaco,0,0.1,adaptive_mondrian_g0.02,0,1,1
2025-12-05,D1,Mainz,M'gladbach,2,0.1,adaptive_mondrian_g0.02,1,1,1
2025-12-05,F1,Lille,Marseille,0,0.1,adaptive_mondrian_g0.02,1,1,1
2025-12-06,E0,Newcastle,Burnley,0,0.1,adaptive_mondrian_g0.02,1,0,0
2025-12-06,F1,Nantes,Lens,2,0.1,adaptive_mondrian_g0.02,0,1,1
2025-12-06,E0,Everton,Nott'm Forest,0,0.1,adaptive_mondrian_g0.02,1,1,1
2025-12-06,E0,Man City,Sunderland,0,0.1,adaptive_mondrian_g0.02,1,0,0
2025-12-06,I1,Inter,Como,0,0.1,adaptive_mondrian_g0.02,1,1,0
2025-12-06,I1,Verona,Atalanta,0,0.1,adaptive_mondrian_g0.02,0,1,1
2025-12-06,E0,Bournemouth,Chelsea,1,0.1,adaptive_mondrian_g0.02,0,1,1
2025-12-06,F1,Paris SG,Rennes,0,0.1,adaptive_mondrian_g0.02,1,0,0
2025-12-06,E0,Tottenham,Brentford,0,0.1,adaptive_mondrian_g0.02,1,1,1
2025-12-06,E0,Aston Villa,Arsenal,0,0.1,adaptive_mondrian_g0.02,0,1,1
2025-12-06,E0,Leeds,Liverpool,1,0.1,adaptive_mondrian_g0.02,0,1,1
2025-12-06,SP1,Villarreal,Getafe,0,0.1,adaptive_mondrian_g0.02,1,1,0
2025-12-06,SP1,Ath Bilbao,Ath Madrid,0,0.1,adaptive_mondrian_g0.02,1,1,1
2025-12-06,F1,Toulouse,Strasbourg,0,0.1,adaptive_mondrian_g0.02,1,1,1
2025-12-06,D1,RB Leipzig,Ein Frankfurt,0,0.1,adaptive_mondrian_g0.02,1,1,1
2025-12-06,I1,Sassuolo,Fiorentina,0,0.1,adaptive_mondrian_g0.02,1,1,1
2025-12-06,D1,Augsburg,Leverkusen,0,0.1,adaptive_mondrian_g0.02,0,1,1
2025-12-06,SP1,Alaves,Sociedad,0,0.1,adaptive_mondrian_g0.02,1,1,1
2025-12-06,D1,Heidenheim,Freiburg,0,0.1,adaptive_mondrian_g0.02,0,1,1
2025-12-06,D1,Stuttgart,Bayern Munich,2,0.1,adaptive_mondrian_g0.02,0,1,1
2025-12-06,D1,Wolfsburg,Union Berlin,0,0.1,adaptive_mondrian_g0.02,1,1,1
2025-12-06,SP1,Betis,Barcelona,2,0.1,adaptive_mondrian_g0.02,0,1,1
2025-12-06,D1,FC Koln,St Pauli,1,0.1,adaptive_mondrian_g0.02,1,1,1
2025-12-07,D1,Hamburg,Werder Bremen,0,0.1,adaptive_mondrian_g0.02,1,1,1
2025-12-07,F1,Lorient,Lyon,0,0.1,adaptive_mondrian_g0.02,1,1,1
2025-12-07,SP1,Elche,Girona,0,0.1,adaptive_mondrian_g0.02,1,1,1
2025-12-07,E0,Brighton,West Ham,1,0.1,adaptive_mondrian_g0.02,1,1,0
2025-12-07,I1,Napoli,Juventus,0,0.1,adaptive_mondrian_g0.02,1,1,1
2025-12-07,D1,Dortmund,Hoffenheim,0,0.1,adaptive_mondrian_g0.02,1,1,0
2025-12-07,I1,Cremonese,Lecce,0,0.1,adaptive_mondrian_g0.02,1,1,1
2025-12-07,F1,Le Havre,Paris FC,1,0.1,adaptive_mondrian_g0.02,1,1,1
2025-12-07,I1,Lazio,Bologna,1,0.1,adaptive_mondrian_g0.02,1,1,1
2025-12-07,SP1,Real Madrid,Celta,2,0.1,adaptive_mondrian_g0.02,1,0,0
2025-12-07,E0,Fulham,Crystal Palace,2,0.1,adaptive_mondrian_g0.02,1,1,1
2025-12-07,I1,Cagliari,Roma,0,0.1,adaptive_mondrian_g0.02,0,1,1
2025-12-07,F1,Auxerre,Metz,0,0.1,adaptive_mondrian_g0.02,1,1,1
2025-12-07,F1,Nice,Angers,2,0.1,adaptive_mondrian_g0.02,1,1,0
2025-12-07,SP1,Valencia,Sevilla,1,0.1,adaptive_mondrian_g0.02,1,1,1
2025-12-07,SP1,Espanol,Vallecano,0,0.1,adaptive_mondrian_g0.02,1,1,1
2025-12-08,I1,Pisa,Parma,2,0.1,adaptive_mondrian_g0.02,1,1,1
2025-12-08,I1,Torino,Milan,2,0.1,adaptive_mondrian_g0.02,0,1,1
2025-12-08,I1,Udinese,Genoa,2,0.1,adaptive_mondrian_g0.02,1,1,1
2025-12-08,E0,Wolves,Man United,2,0.1,adaptive_mondrian_g0.02,0,1,1
2025-12-08,SP1,Osasuna,Levante,0,0.1,adaptive_mondrian_g0.02,1,1,1
2025-12-12,I1,Lecce,Pisa,0,0.1,adaptive_mondrian_g0.02,1,1,1
2025-12-12,F1,Angers,Nantes,0,0.1,adaptive_mondrian_g0.02,1,1,1
2025-12-12,D1,Union Berlin,RB Leipzig,0,0.1,adaptive_mondrian_g0.02,1,1,1
2025-12-12,SP1,Sociedad,Girona,2,0.1,adaptive_mondrian_g0.02,1,1,1
2025-12-13,SP1,Mallorca,Elche,0,0.1,adaptive_mondrian_g0.02,1,1,1
2025-12-13,E0,Chelsea,Everton,0,0.1,adaptive_mondrian_g0.02,1,1,1
2025-12-13,F1,Paris FC,Toulouse,2,0.1,adaptive_mondrian_g0.02,1,1,1
2025-12-13,I1,Parma,Lazio,2,0.1,adaptive_mondrian_g0.02,1,1,1
2025-12-13,I1,Atalanta,Cagliari,0,0.1,adaptive_mondrian_g0.02,1,0,0
2025-12-13,SP1,Getafe,Espanol,2,0.1,adaptive_mondrian_g0.02,1,1,1
2025-12-13,SP1,Barcelona,Osasuna,0,0.1,adaptive_mondrian_g0.02,1,0,0
2025-12-13,E0,Arsenal,Wolves,0,0.1,adaptive_mondrian_g0.02,1,0,0
2025-12-13,SP1,Ath Madrid,Valencia,0,0.1,adaptive_mondrian_g0.02,1,0,0
2025-12-13,I1,Torino,Cremonese,0,0.1,adaptive_mondrian_g0.02,1,1,1
2025-12-13,F1,Metz,Paris SG,2,0.1,adaptive_mondrian_g0.02,0,0,1
2025-12-13,F1,Rennes,Brest,0,0.1,adaptive_mondrian_g0.02,1,1,1
2025-12-13,D1,Leverkusen,FC Koln,0,0.1,adaptive_mondrian_g0.02,1,1,1
2025-12-13,D1,St Pauli,Heidenheim,0,0.1,adaptive_mondrian_g0.02,1,1,1
2025-12-13,D1,M'gladbach,Wolfsburg,2,0.1,adaptive_mondrian_g0.02,1,1,1
2025-12-13,D1,Hoffenheim,Hamburg,0,0.1,adaptive_mondrian_g0.02,1,1,1
2025-12-13,D1,Ein Frankfurt,Augsburg,0,0.1,adaptive_mondrian_g0.02,1,1,1
2025-12-13,E0,Burnley,Fulham,2,0.1,adaptive_mondrian_g0.02,1,1,1
2025-12-13,E0,Liverpool,Brighton,0,0.1,adaptive_mondrian_g0.02,1,1,1
2025-12-14,E0,Crystal Palace,Man City,2,0.1,adaptive_mondrian_g0.02,0,1,1
2025-12-14,I1,Bologna,Juventus,2,0.1,adaptive_mondrian_g0.02,1,1,1
2025-12-14,I1,Genoa,Inter,2,0.1,adaptive_mondrian_g0.02,0,1,1
2025-12-14,I1,Udinese,Napoli,0,0.1,adaptive_mondrian_g0.02,0,1,1
2025-12-14,F1,Marseille,Monaco,0,0.1,adaptive_mondrian_g0.02,1,1,1
2025-12-14,I1,Milan,Sassuolo,1,0.1,adaptive_mondrian_g0.02,1,1,0
2025-12-14,SP1,Celta,Ath Bilbao,0,0.1,adaptive_mondrian_g0.02,1,1,1
2025-12-14,E0,Nott'm Forest,Tottenham,0,0.1,adaptive_mondrian_g0.02,1,1,1
2025-12-14,I1,Fiorentina,Verona,2,0.1,adaptive_mondrian_g0.02,1,1,1
2025-12-14,E0,Sunderland,Newcastle,0,0.1,adaptive_mondrian_g0.02,1,1,1
2025-12-14,E0,West Ham,Aston Villa,2,0.1,adaptive_mondrian_g0.02,1,1,1
2025-12-14,D1,Werder Bremen,Stuttgart,2,0.1,adaptive_mondrian_g0.02,1,1,1
2025-12-14,D1,Bayern Munich,Mainz,1,0.1,adaptive_mondrian_g0.02,1,0,0
2025-12-14,F1,Strasbourg,Lorient,1,0.1,adaptive_mondrian_g0.02,1,1,1
2025-12-14,SP1,Alaves,Real Madrid,2,0.1,adaptive_mondrian_g0.02,0,1,1
2025-12-14,D1,Freiburg,Dortmund,1,0.1,adaptive_mondrian_g0.02,0,1,1
2025-12-14,SP1,Sevilla,Oviedo,0,0.1,adaptive_mondrian_g0.02,1,1,1
2025-12-14,F1,Lens,Nice,0,0.1,adaptive_mondrian_g0.02,1,1,0
2025-12-14,F1,Auxerre,Lille,2,0.1,adaptive_mondrian_g0.02,0,1,1
2025-12-14,F1,Lyon,Le Havre,0,0.1,adaptive_mondrian_g0.02,1,1,0
2025-12-14,E0,Brentford,Leeds,1,0.1,adaptive_mondrian_g0.02,1,1,1
2025-12-15,E0,Man United,Bournemouth,1,0.1,adaptive_mondrian_g0.02,1,1,1
2025-12-15,I1,Roma,Como,0,0.1,adaptive_mondrian_g0.02,1,1,1
2025-12-15,SP1,Vallecano,Betis,1,0.1,adaptive_mondrian_g0.02,1,1,1
2025-12-19,D1,Dortmund,M'gladbach,0,0.1,adaptive_mondrian_g0.02,1,1,0
2025-12-19,SP1,Valencia,Mallorca,1,0.1,adaptive_mondrian_g0.02,1,1,1
2025-12-20,I1,Juventus,Roma,0,0.1,adaptive_mondrian_g0.02,1,1,0
2025-12-20,E0,Everton,Arsenal,2,0.1,adaptive_mondrian_g0.02,0,1,1
2025-12-20,SP1,Levante,Sociedad,1,0.1,adaptive_mondrian_g0.02,1,1,1
2025-12-20,E0,Leeds,Crystal Palace,0,0.1,adaptive_mondrian_g0.02,1,1,1
2025-12-20,SP1,Osasuna,Alaves,0,0.1,adaptive_mondrian_g0.02,1,1,1
2025-12-20,SP1,Oviedo,Celta,1,0.1,adaptive_mondrian_g0.02,1,1,1
2025-12-20,E0,Man City,West Ham,0,0.1,adaptive_mondrian_g0.02,1,0,0
2025-12-20,E0,Wolves,Brentford,2,0.1,adaptive_mondrian_g0.02,1,1,1
2025-12-20,SP1,Real Madrid,Sevilla,0,0.1,adaptive_mondrian_g0.02,1,0,0
2025-12-20,I1,Lazio,Cremonese,1,0.1,adaptive_mondrian_g0.02,1,1,0
2025-12-20,E0,Tottenham,Liverpool,2,0.1,adaptive_mondrian_g0.02,0,1,1
2025-12-20,E0,Bournemouth,Burnley,1,0.1,adaptive_mondrian_g0.02,1,1,0
2025-12-20,E0,Brighton,Sunderland,1,0.1,adaptive_mondrian_g0.02,1,1,1
2025-12-20,D1,Augsburg,Werder Bremen,1,0.1,adaptive_mondrian_g0.02,1,1,1
2025-12-20,D1,FC Koln,Union Berlin,2,0.1,adaptive_mondrian_g0.02,1,1,1
2025-12-20,D1,RB Leipzig,Leverkusen,2,0.1,adaptive_mondrian_g0.02,1,1,1
2025-12-20,D1,Wolfsburg,Freiburg,2,0.1,adaptive_mondrian_g0.02,1,1,1
2025-12-20,D1,Stuttgart,Hoffenheim,1,0.1,adaptive_mondrian_g0.02,1,1,1
2025-12-20,D1,Hamburg,Ein Frankfurt,1,0.1,adaptive_mondrian_g0.02,1,1,1
2025-12-20,E0,Newcastle,Chelsea,1,0.1,adaptive_mondrian_g0.02,1,1,1
2025-12-21,SP1,Villarreal,Barcelona,2,0.1,adaptive_mondrian_g0.02,0,1,1
2025-12-21,SP1,Elche,Vallecano,0,0.1,adaptive_mondrian_g0.02,1,1,1
2025-12-21,SP1,Betis,Getafe,0,0.1,adaptive_mondrian_g0.02,1,1,0
2025-12-21,I1,Genoa,Atalanta,2,0.1,adaptive_mondrian_g0.02,0,1,1
2025-12-21,I1,Fiorentina,Udinese,0,0.1,adaptive_mondrian_g0.02,1,1,1
2025-12-21,I1,Sassuolo,Torino,2,0.1,adaptive_mondrian_g0.02,1,1,1
2025-12-21,D1,Heidenheim,Bayern Munich,2,0.1,adaptive_mondrian_g0.02,0,0,1
2025-12-21,I1,Cagliari,Pisa,1,0.1,adaptive_mondrian_g0.02,1,1,1
2025-12-21,E0,Aston Villa,Man United,0,0.1,adaptive_mondrian_g0.02,1,1,1
2025-12-21,SP1,Girona,Ath Madrid,2,0.1,adaptive_mondrian_g0.02,0,1,1
2025-12-21,D1,Mainz,St Pauli,1,0.1,adaptive_mondrian_g0.02,1,1,1
2025-12-22,SP1,Ath Bilbao,Espanol,2,0.1,adaptive_mondrian_g0.02,1,1,0
2025-12-22,E0,Fulham,Nott'm Forest,0,0.1,adaptive_mondrian_g0.02,1,1,1
2025-12-26,E0,Man United,Newcastle,0,0.1,adaptive_mondrian_g0.02,1,1,1
2025-12-27,E0,Nott'm Forest,Man City,2,0.1,adaptive_mondrian_g0.02,0,1,1
2025-12-27,E0,Brentford,Bournemouth,0,0.1,adaptive_mondrian_g0.02,1,1,1
2025-12-27,E0,Chelsea,Aston Villa,2,0.1,adaptive_mondrian_g0.02,1,1,1
2025-12-27,E0,West Ham,Fulham,2,0.1,adaptive_mondrian_g0.02,1,1,1
2025-12-27,E0,Arsenal,Brighton,0,0.1,adaptive_mondrian_g0.02,1,0,0
2025-12-27,E0,Liverpool,Wolves,0,0.1,adaptive_mondrian_g0.02,1,0,0
2025-12-27,I1,Udinese,Lazio,1,0.1,adaptive_mondrian_g0.02,0,1,1
2025-12-27,E0,Burnley,Everton,1,0.1,adaptive_mondrian_g0.02,0,1,1
2025-12-27,I1,Pisa,Juventus,2,0.1,adaptive_mondrian_g0.02,0,1,1
2025-12-27,I1,Torino,Cagliari,2,0.1,adaptive_mondrian_g0.02,1,1,0
2025-12-27,I1,Lecce,Como,2,0.1,adaptive_mondrian_g0.02,0,1,1
2025-12-27,I1,Parma,Fiorentina,0,0.1,adaptive_mondrian_g0.02,0,1,1
2025-12-28,I1,Atalanta,Inter,2,0.1,adaptive_mondrian_g0.02,1,1,1
2025-12-28,I1,Milan,Verona,0,0.1,adaptive_mondrian_g0.02,1,0,0
2025-12-28,I1,Cremonese,Napoli,2,0.1,adaptive_mondrian_g0.02,0,1,1
2025-12-28,E0,Crystal Palace,Tottenham,2,0.1,adaptive_mondrian_g0.02,1,1,1
2025-12-28,E0,Sunderland,Leeds,1,0.1,adaptive_mondrian_g0.02,1,1,1
2025-12-28,I1,Bologna,Sassuolo,1,0.1,adaptive_mondrian_g0.02,1,1,1
2025-12-29,I1,Roma,Genoa,0,0.1,adaptive_mondrian_g0.02,1,1,0
2025-12-30,E0,Man United,Wolves,1,0.1,adaptive_mondrian_g0.02,1,0,0
2025-12-30,E0,West Ham,Brighton,1,0.1,adaptive_mondrian_g0.02,0,1,1
2025-12-30,E0,Nott'm Forest,Everton,2,0.1,adaptive_mondrian_g0.02,1,1,1
2025-12-30,E0,Chelsea,Bournemouth,1,0.1,adaptive_mondrian_g0.02,1,1,0
2025-12-30,E0,Burnley,Newcastle,2,0.1,adaptive_mondrian_g0.02,0,1,1
2025-12-30,E0,Arsenal,Aston Villa,0,0.1,adaptive_mondrian_g0.02,1,0,0
2026-01-01,E0,Crystal Palace,Fulham,1,0.1,adaptive_mondrian_g0.02,1,1,1
2026-01-01,E0,Sunderland,Man City,1,0.1,adaptive_mondrian_g0.02,0,0,1
2026-01-01,E0,Liverpool,Leeds,1,0.1,adaptive_mondrian_g0.02,1,1,0
2026-01-01,E0,Brentford,Tottenham,1,0.1,adaptive_mondrian_g0.02,1,1,1
2026-01-02,I1,Cagliari,Milan,2,0.1,adaptive_mondrian_g0.02,0,1,1
2026-01-02,F1,Toulouse,Lens,2,0.1,adaptive_mondrian_g0.02,1,1,1
2026-01-02,SP1,Vallecano,Getafe,1,0.1,adaptive_mondrian_g0.02,1,1,0
2026-01-03,SP1,Espanol,Barcelona,2,0.1,adaptive_mondrian_g0.02,0,1,1
2026-01-03,I1,Sassuolo,Parma,1,0.1,adaptive_mondrian_g0.02,1,1,1
2026-01-03,F1,Monaco,Lyon,2,0.1,adaptive_mondrian_g0.02,1,1,1
2026-01-03,I1,Atalanta,Roma,0,0.1,adaptive_mondrian_g0.02,1,1,1
2026-01-03,I1,Juventus,Lecce,1,0.1,adaptive_mondrian_g0.02,1,0,0
2026-01-03,SP1,Elche,Villarreal,2,0.1,adaptive_mondrian_g0.02,1,1,1
2026-01-03,F1,Lille,Rennes,2,0.1,adaptive_mondrian_g0.02,1,1,0
2026-01-03,SP1,Celta,Valencia,0,0.1,adaptive_mondrian_g0.02,1,1,1
2026-01-03,I1,Genoa,Pisa,1,0.1,adaptive_mondrian_g0.02,1,1,0
2026-01-03,F1,Nice,Strasbourg,1,0.1,adaptive_mondrian_g0.02,1,1,1
2026-01-03,E0,Bournemouth,Arsenal,2,0.1,adaptive_mondrian_g0.02,0,1,1
2026-01-03,E0,Aston Villa,Nott'm Forest,0,0.1,adaptive_mondrian_g0.02,1,1,1
2026-01-03,E0,Brighton,Burnley,0,0.1,adaptive_mondrian_g0.02,1,1,0
2026-01-03,E0,Wolves,West Ham,0,0.1,adaptive_mondrian_g0.02,1,1,1
2026-01-03,SP1,Osasuna,Ath Bilbao,1,0.1,adaptive_mondrian_g0.02,1,1,1
2026-01-03,I1,Como,Udinese,0,0.1,adaptive_mondrian_g0.02,1,1,0
2026-01-04,SP1,Real Madrid,Betis,0,0.1,adaptive_mondrian_g0.02,1,1,0
2026-01-04,SP1,Sevilla,Levante,2,0.1,adaptive_mondrian_g0.02,1,1,0
2026-01-04,I1,Inter,Bologna,0,0.1,adaptive_mondrian_g0.02,1,0,0
2026-01-04,F1,Lorient,Metz,1,0.1,adaptive_mondrian_g0.02,1,1,1
2026-01-04,I1,Fiorentina,Cremonese,0,0.1,adaptive_mondrian_g0.02,1,1,0
2026-01-04,I1,Lazio,Napoli,2,0.1,adaptive_mondrian_g0.02,0,1,1
2026-01-04,SP1,Mallorca,Girona,2,0.1,adaptive_mondrian_g0.02,1,1,1
2026-01-04,I1,Verona,Torino,2,0.1,adaptive_mondrian_g0.02,1,1,1
2026-01-04,F1,Paris SG,Paris FC,0,0.1,adaptive_mondrian_g0.02,1,0,0
2026-01-04,SP1,Alaves,Oviedo,1,0.1,adaptive_mondrian_g0.02,1,1,0
2026-01-04,F1,Le Havre,Angers,0,0.1,adaptive_mondrian_g0.02,1,1,1
2026-01-04,E0,Fulham,Liverpool,1,0.1,adaptive_mondrian_g0.02,0,1,1
2026-01-04,F1,Marseille,Nantes,2,0.1,adaptive_mondrian_g0.02,1,0,0
2026-01-04,E0,Leeds,Man United,1,0.1,adaptive_mondrian_g0.02,1,1,1
2026-01-04,E0,Everton,Brentford,2,0.1,adaptive_mondrian_g0.02,1,1,1
2026-01-04,E0,Man City,Chelsea,1,0.1,adaptive_mondrian_g0.02,1,0,0
2026-01-04,F1,Brest,Auxerre,0,0.1,adaptive_mondrian_g0.02,1,1,1
2026-01-04,E0,Newcastle,Crystal Palace,0,0.1,adaptive_mondrian_g0.02,1,1,0
2026-01-04,E0,Tottenham,Sunderland,1,0.1,adaptive_mondrian_g0.02,1,1,1
2026-01-04,SP1,Sociedad,Ath Madrid,1,0.1,adaptive_mondrian_g0.02,0,1,1
2026-01-06,I1,Lecce,Roma,2,0.1,adaptive_mondrian_g0.02,0,1,1
2026-01-06,E0,West Ham,Nott'm Forest,2,0.1,adaptive_mondrian_g0.02,1,1,1
2026-01-06,I1,Sassuolo,Juventus,2,0.1,adaptive_mondrian_g0.02,0,1,1
2026-01-06,I1,Pisa,Como,2,0.1,adaptive_mondrian_g0.02,0,1,1
2026-01-07,E0,Man City,Brighton,1,0.1,adaptive_mondrian_g0.02,1,1,0
2026-01-07,E0,Burnley,Man United,1,0.1,adaptive_mondrian_g0.02,0,1,1
2026-01-07,E0,Brentford,Sunderland,0,0.1,adaptive_mondrian_g0.02,1,1,1
2026-01-07,E0,Everton,Wolves,1,0.1,adaptive_mondrian_g0.02,1,1,1
2026-01-07,E0,Newcastle,Leeds,0,0.1,adaptive_mondrian_g0.02,1,1,0
2026-01-07,E0,Fulham,Chelsea,0,0.1,adaptive_mondrian_g0.02,0,1,1
2026-01-07,E0,Bournemouth,Tottenham,0,0.1,adaptive_mondrian_g0.02,1,1,1
2026-01-07,E0,Crystal Palace,Aston Villa,1,0.1,adaptive_mondrian_g0.02,1,1,1
2026-01-07,I1,Bologna,Atalanta,2,0.1,adaptive_mondrian_g0.02,1,1,1
2026-01-07,I1,Napoli,Verona,1,0.1,adaptive_mondrian_g0.02,1,0,0
2026-01-07,I1,Parma,Inter,2,0.1,adaptive_mondrian_g0.02,0,1,1
2026-01-07,I1,Torino,Udinese,2,0.1,adaptive_mondrian_g0.02,1,1,1
2026-01-07,I1,Lazio,Fiorentina,1,0.1,adaptive_mondrian_g0.02,1,1,1
2026-01-08,I1,Milan,Genoa,1,0.1,adaptive_mondrian_g0.02,1,1,0
2026-01-08,E0,Arsenal,Liverpool,1,0.1,adaptive_mondrian_g0.02,1,1,0
2026-01-08,I1,Cremonese,Cagliari,1,0.1,adaptive_mondrian_g0.02,1,1,1
2026-01-09,D1,Ein Frankfurt,Dortmund,1,0.1,adaptive_mondrian_g0.02,0,1,1
2026-01-09,SP1,Getafe,Sociedad,2,0.1,adaptive_mondrian_g0.02,0,1,1
2026-01-10,D1,Heidenheim,FC Koln,1,0.1,adaptive_mondrian_g0.02,1,1,1
2026-01-10,SP1,Valencia,Elche,1,0.1,adaptive_mondrian_g0.02,1,1,1
2026-01-10,SP1,Girona,Osasuna,0,0.1,adaptive_mondrian_g0.02,1,1,1
2026-01-10,SP1,Villarreal,Alaves,0,0.1,adaptive_mondrian_g0.02,1,1,0
2026-01-10,D1,Leverkusen,Stuttgart,2,0.1,adaptive_mondrian_g0.02,1,1,1
2026-01-10,SP1,Oviedo,Betis,1,0.1,adaptive_mondrian_g0.02,0,1,1
2026-01-10,D1,Freiburg,Hamburg,0,0.1,adaptive_mondrian_g0.02,1,1,0
2026-01-10,D1,Union Berlin,Mainz,1,0.1,adaptive_mondrian_g0.02,1,1,1
2026-01-10,I1,Udinese,Pisa,1,0.1,adaptive_mondrian_g0.02,1,1,1
2026-01-10,I1,Como,Bologna,1,0.1,adaptive_mondrian_g0.02,1,1,1
2026-01-10,I1,Atalanta,Torino,0,0.1,adaptive_mondrian_g0.02,1,1,0
2026-01-10,I1,Roma,Sassuolo,0,0.1,adaptive_mondrian_g0.02,1,1,0
2026-01-11,I1,Lecce,Parma,2,0.1,adaptive_mondrian_g0.02,1,1,1
2026-01-11,D1,Bayern Munich,Wolfsburg,0,0.1,adaptive_mondrian_g0.02,1,0,0
2026-01-11,SP1,Levante,Espanol,1,0.1,adaptive_mondrian_g0.02,0,1,1
2026-01-11,I1,Verona,Lazio,2,0.1,adaptive_mondrian_g0.02,0,1,1
2026-01-11,D1,M'gladbach,Augsburg,0,0.1,adaptive_mondrian_g0.02,1,1,1
2026-01-11,I1,Inter,Napoli,1,0.1,adaptive_mondrian_g0.02,1,1,0
2026-01-11,I1,Fiorentina,Milan,1,0.1,adaptive_mondrian_g0.02,0,1,1
2026-01-11,SP1,Vallecano,Mallorca,0,0.1,adaptive_mondrian_g0.02,1,1,0
2026-01-12,I1,Juventus,Cremonese,0,0.1,adaptive_mondrian_g0.02,1,0,0
2026-01-12,I1,Genoa,Cagliari,0,0.1,adaptive_mondrian_g0.02,1,1,1
2026-01-12,SP1,Sevilla,Celta,2,0.1,adaptive_mondrian_g0.02,1,1,1
2026-01-13,D1,Mainz,Heidenheim,0,0.1,adaptive_mondrian_g0.02,1,1,0
2026-01-13,D1,Stuttgart,Ein Frankfurt,0,0.1,adaptive_mondrian_g0.02,1,1,0
2026-01-13,D1,Dortmund,Werder Bremen,0,0.1,adaptive_mondrian_g0.02,1,0,0
2026-01-14,I1,Napoli,Parma,1,0.1,adaptive_mondrian_g0.02,1,0,0
2026-01-14,D1,Wolfsburg,St Pauli,0,0.1,adaptive_mondrian_g0.02,1,1,0
2026-01-14,I1,Inter,Lecce,0,0.1,adaptive_mondrian_g0.02,1,0,0
2026-01-14,D1,FC Koln,Bayern Munich,2,0.1,adaptive_mondrian_g0.02,0,0,1
2026-01-14,D1,Hoffenheim,M'gladbach,0,0.1,adaptive_mondrian_g0.02,1,1,1
2026-01-14,D1,RB Leipzig,Freiburg,0,0.1,adaptive_mondrian_g0.02,1,1,0
2026-01-15,I1,Verona,Bologna,2,0.1,adaptive_mondrian_g0.02,0,1,1
2026-01-15,I1,Como,Milan,2,0.1,adaptive_mondrian_g0.02,0,1,1
2026-01-15,D1,Augsburg,Union Berlin,1,0.1,adaptive_mondrian_g0.02,1,1,1
2026-01-16,F1,Paris SG,Lille,0,0.1,adaptive_mondrian_g0.02,1,0,0
2026-01-16,SP1,Espanol,Girona,2,0.1,adaptive_mondrian_g0.02,1,1,1
2026-01-16,I1,Pisa,Atalanta,1,0.1,adaptive_mondrian_g0.02,0,1,1
2026-01-16,D1,Werder Bremen,Ein Frankfurt,1,0.1,adaptive_mondrian_g0.02,1,1,1
2026-01-16,F1,Monaco,Lorient,2,0.1,adaptive_mondrian_g0.02,1,1,0
2026-01-17,SP1,Osasuna,Oviedo,0,0.1,adaptive_mondrian_g0.02,1,1,0
2026-01-17,D1,Hoffenheim,Leverkusen,0,0.1,adaptive_mondrian_g0.02,1,1,1
2026-01-17,SP1,Betis,Villarreal,0,0.1,adaptive_mondrian_g0.02,1,1,1
2026-01-17,I1,Cagliari,Juventus,0,0.1,adaptive_mondrian_g0.02,0,1,1
2026-01-17,E0,Nott'm Forest,Arsenal,1,0.1,adaptive_mondrian_g0.02,0,1,1
2026-01-17,F1,Angers,Marseille,2,0.1,adaptive_mondrian_g0.02,0,1,1
2026-01-17,F1,Toulouse,Nice,0,0.1,adaptive_mondrian_g0.02,1,1,1
2026-01-17,F1,Lens,Auxerre,0,0.1,adaptive_mondrian_g0.02,1,1,0
2026-01-17,SP1,Mallorca,Ath Bilbao,0,0.1,adaptive_mondrian_g0.02,0,1,1
2026-01-17,I1,Napoli,Sassuolo,0,0.1,adaptive_mondrian_g0.02,1,1,0
2026-01-17,SP1,Real Madrid,Levante,0,0.1,adaptive_mondrian_g0.02,1,0,0
2026-01-17,D1,RB Leipzig,Bayern Munich,2,0.1,adaptive_mondrian_g0.02,0,1,1
2026-01-17,E0,Chelsea,Brentford,0,0.1,adaptive_mondrian_g0.02,1,1,1
2026-01-17,D1,Dortmund,St Pauli,0,0.1,adaptive_mondrian_g0.02,1,0,0
2026-01-17,E0,Tottenham,West Ham,2,0.1,adaptive_mondrian_g0.02,1,1,1
2026-01-17,E0,Sunderland,Crystal Palace,0,0.1,adaptive_mondrian_g0.02,1,1,1
2026-01-17,D1,FC Koln,Mainz,0,0.1,adaptive_mondrian_g0.02,1,1,1
2026-01-17,E0,Man United,Man City,0,0.1,adaptive_mondrian_g0.02,0,1,1
2026-01-17,I1,Udinese,Inter,2,0.1,adaptive_mondrian_g0.02,0,1,1
2026-01-17,D1,Wolfsburg,Heidenheim,1,0.1,adaptive_mondrian_g0.02,1,1,0
2026-01-17,E0,Liverpool,Burnley,1,0.1,adaptive_mondrian_g0.02,1,0,0
2026-01-17,E0,Leeds,Fulham,0,0.1,adaptive_mondrian_g0.02,1,1,1
2026-01-17,D1,Hamburg,M'gladbach,1,0.1,adaptive_mondrian_g0.02,1,1,1
2026-01-18,SP1,Ath Madrid,Alaves,0,0.1,adaptive_mondrian_g0.02,1,1,0
2026-01-18,SP1,Sociedad,Barcelona,0,0.1,adaptive_mondrian_g0.02,0,1,1
2026-01-18,SP1,Celta,Vallecano,0,0.1,adaptive_mondrian_g0.02,1,1,0
2026-01-18,D1,Stuttgart,Union Berlin,1,0.1,adaptive_mondrian_g0.02,1,1,0
2026-01-18,E0,Wolves,Newcastle,1,0.1,adaptive_mondrian_g0.02,0,1,1
2026-01-18,E0,Aston Villa,Everton,2,0.1,adaptive_mondrian_g0.02,1,1,0
2026-01-18,D1,Augsburg,Freiburg,1,0.1,adaptive_mondrian_g0.02,1,1,1
2026-01-18,SP1,Getafe,Valencia,2,0.1,adaptive_mondrian_g0.02,1,1,1
2026-01-18,I1,Torino,Roma,2,0.1,adaptive_mondrian_g0.02,0,1,1
2026-01-18,F1,Rennes,Le Havre,1,0.1,adaptive_mondrian_g0.02,1,1,0
2026-01-18,F1,Nantes,Paris FC,2,0.1,adaptive_mondrian_g0.02,1,1,1
2026-01-18,F1,Strasbourg,Metz,0,0.1,adaptive_mondrian_g0.02,1,1,0
2026-01-18,I1,Bologna,Fiorentina,2,0.1,adaptive_mondrian_g0.02,1,1,1
2026-01-18,I1,Parma,Genoa,1,0.1,adaptive_mondrian_g0.02,1,1,1
2026-01-18,I1,Milan,Lecce,0,0.1,adaptive_mondrian_g0.02,1,0,0
2026-01-18,F1,Lyon,Brest,0,0.1,adaptive_mondrian_g0.02,1,1,0
2026-01-19,I1,Lazio,Como,2,0.1,adaptive_mondrian_g0.02,1,1,1
2026-01-19,I1,Cremonese,Verona,1,0.1,adaptive_mondrian_g0.02,1,1,1
2026-01-19,SP1,Elche,Sevilla,1,0.1,adaptive_mondrian_g0.02,1,1,1
2026-01-19,E0,Brighton,Bournemouth,1,0.1,adaptive_mondrian_g0.02,1,1,1
2026-01-23,I1,Inter,Pisa,0,0.1,adaptive_mondrian_g0.02,1,0,0
2026-01-23,F1,Auxerre,Paris SG,2,0.1,adaptive_mondrian_g0.02,0,0,1
2026-01-23,SP1,Levante,Elche,0,0.1,adaptive_mondrian_g0.02,1,1,1
2026-01-23,D1,St Pauli,Hamburg,1,0.1,adaptive_mondrian_g0.02,1,1,1
2026-01-24,E0,Bournemouth,Liverpool,0,0.1,adaptive_mondrian_g0.02,0,1,1
2026-01-24,E0,Burnley,Tottenham,1,0.1,adaptive_mondrian_g0.02,0,1,1
2026-01-24,D1,Bayern Munich,Augsburg,2,0.1,adaptive_mondrian_g0.02,1,0,0
2026-01-24,E0,West Ham,Sunderland,0,0.1,adaptive_mondrian_g0.02,1,1,1
2026-01-24,SP1,Villarreal,Real Madrid,2,0.1,adaptive_mondrian_g0.02,0,1,1
2026-01-24,E0,Fulham,Brighton,0,0.1,adaptive_mondrian_g0.02,1,1,1
2026-01-24,E0,Man City,Wolves,0,0.1,adaptive_mondrian_g0.02,1,0,0
2026-01-24,SP1,Vallecano,Osasuna,2,0.1,adaptive_mondrian_g0.02,1,1,1
2026-01-24,SP1,Valencia,Espanol,0,0.1,adaptive_mondrian_g0.02,1,1,1
2026-01-24,D1,Heidenheim,RB Leipzig,2,0.1,adaptive_mondrian_g0.02,0,1,1
2026-01-24,D1,Ein Frankfurt,Hoffenheim,2,0.1,adaptive_mondrian_g0.02,1,1,1
2026-01-24,F1,Marseille,Lens,0,0.1,adaptive_mondrian_g0.02,1,1,1
2026-01-24,D1,Union Berlin,Dortmund,2,0.1,adaptive_mondrian_g0.02,0,1,1
2026-01-24,D1,Mainz,Wolfsburg,0,0.1,adaptive_mondrian_g0.02,1,1,1
2026-01-24,SP1,Sevilla,Ath Bilbao,0,0.1,adaptive_mondrian_g0.02,1,1,1
2026-01-24,I1,Lecce,Lazio,1,0.1,adaptive_mondrian_g0.02,0,1,1
2026-01-24,I1,Como,Torino,0,0.1,adaptive_mondrian_g0.02,1,1,0
2026-01-24,I1,Fiorentina,Cagliari,2,0.1,adaptive_mondrian_g0.02,1,1,1
2026-01-24,F1,Le Havre,Monaco,1,0.1,adaptive_mondrian_g0.02,0,1,1
2026-01-24,F1,Rennes,Lorient,2,0.1,adaptive_mondrian_g0.02,1,1,1
2026-01-24,D1,Leverkusen,Werder Bremen,0,0.1,adaptive_mondrian_g0.02,1,1,0
2026-01-25,F1,Brest,Toulouse,2,0.1,adaptive_mondrian_g0.02,1,1,1
2026-01-25,F1,Paris FC,Angers,1,0.1,adaptive_mondrian_g0.02,1,1,0
2026-01-25,F1,Metz,Lyon,2,0.1,adaptive_mondrian_g0.02,0,1,1
2026-01-25,F1,Nantes,Nice,2,0.1,adaptive_mondrian_g0.02,1,1,1
2026-01-25,F1,Lille,Strasbourg,2,0.1,adaptive_mondrian_g0.02,1,1,1
2026-01-25,SP1,Barcelona,Oviedo,0,0.1,adaptive_mondrian_g0.02,1,0,0
2026-01-25,I1,Roma,Milan,1,0.1,adaptive_mondrian_g0.02,1,1,1
2026-01-25,SP1,Sociedad,Celta,0,0.1,adaptive_mondrian_g0.02,1,1,1
2026-01-25,SP1,Ath Madrid,Mallorca,0,0.1,adaptive_mondrian_g0.02,1,0,0
2026-01-25,D1,M'gladbach,Stuttgart,2,0.1,adaptive_mondrian_g0.02,1,1,1
2026-01-25,I1,Atalanta,Parma,0,0.1,adaptive_mondrian_g0.02,1,0,0
2026-01-25,SP1,Alaves,Betis,0,0.1,adaptive_mondrian_g0.02,1,1,1
2026-01-25,E0,Brentford,Nott'm Forest,2,0.1,adaptive_mondrian_g0.02,1,1,1
2026-01-25,E0,Crystal Palace,Chelsea,2,0.1,adaptive_mondrian_g0.02,0,1,1
2026-01-25,E0,Newcastle,Aston Villa,2,0.1,adaptive_mondrian_g0.02,1,1,1
2026-01-25,D1,Freiburg,FC Koln,0,0.1,adaptive_mondrian_g0.02,1,1,1
2026-01-25,I1,Juventus,Napoli,0,0.1,adaptive_mondrian_g0.02,1,1,0
2026-01-25,E0,Arsenal,Man United,2,0.1,adaptive_mondrian_g0.02,1,1,0
2026-01-25,I1,Sassuolo,Cremonese,0,0.1,adaptive_mondrian_g0.02,1,1,1
2026-01-25,I1,Genoa,Bologna,0,0.1,adaptive_mondrian_g0.02,0,1,1
2026-01-26,I1,Verona,Udinese,2,0.1,adaptive_mondrian_g0.02,1,1,1
2026-01-26,E0,Everton,Leeds,1,0.1,adaptive_mondrian_g0.02,1,1,1
2026-01-26,SP1,Girona,Getafe,1,0.1,adaptive_mondrian_g0.02,1,1,1
2026-01-27,D1,Werder Bremen,Hoffenheim,2,0.1,adaptive_mondrian_g0.02,0,1,1
2026-01-27,D1,St Pauli,RB Leipzig,1,0.1,adaptive_mondrian_g0.02,0,1,1
2026-01-30,F1,Lens,Le Havre,0,0.1,adaptive_mondrian_g0.02,1,0,0
2026-01-30,SP1,Espanol,Alaves,2,0.1,adaptive_mondrian_g0.02,1,1,0
2026-01-30,D1,FC Koln,Wolfsburg,0,0.1,adaptive_mondrian_g0.02,1,1,1
2026-01-30,I1,Lazio,Genoa,0,0.1,adaptive_mondrian_g0.02,1,1,1
2026-01-31,D1,RB Leipzig,Mainz,2,0.1,adaptive_mondrian_g0.02,1,0,0
2026-01-31,D1,Werder Bremen,M'gladbach,1,0.1,adaptive_mondrian_g0.02,1,1,1
2026-01-31,D1,Hamburg,Bayern Munich,1,0.1,adaptive_mondrian_g0.02,0,0,1
2026-01-31,F1,Lorient,Nantes,0,0.1,adaptive_mondrian_g0.02,1,1,1
2026-01-31,D1,Ein Frankfurt,Leverkusen,2,0.1,adaptive_mondrian_g0.02,0,1,1
2026-01-31,F1,Paris FC,Marseille,1,0.1,adaptive_mondrian_g0.02,0,1,1
2026-01-31,F1,Monaco,Rennes,0,0.1,adaptive_mondrian_g0.02,1,1,1
2026-01-31,SP1,Elche,Barcelona,2,0.1,adaptive_mondrian_g0.02,0,0,1
2026-01-31,SP1,Levante,Ath Madrid,1,0.1,adaptive_mondrian_g0.02,0,1,1
2026-01-31,SP1,Osasuna,Villarreal,1,0.1,adaptive_mondrian_g0.02,1,1,1
2026-01-31,D1,Augsburg,St Pauli,0,0.1,adaptive_mondrian_g0.02,1,1,1
2026-01-31,D1,Hoffenheim,Union Berlin,0,0.1,adaptive_mondrian_g0.02,1,1,1
2026-01-31,SP1,Oviedo,Girona,0,0.1,adaptive_mondrian_g0.02,1,1,1
2026-01-31,I1,Cagliari,Verona,0,0.1,adaptive_mondrian_g0.02,1,1,1
2026-01-31,I1,Pisa,Sassuolo,2,0.1,adaptive_mondrian_g0.02,0,1,1
2026-01-31,I1,Napoli,Fiorentina,0,0.1,adaptive_mondrian_g0.02,1,1,1
2026-01-31,E0,Wolves,Bournemouth,2,0.1,adaptive_mondrian_g0.02,1,1,1
2026-01-31,E0,Leeds,Arsenal,2,0.1,adaptive_mondrian_g0.02,0,1,1
2026-01-31,E0,Chelsea,West Ham,0,0.1,adaptive_mondrian_g0.02,1,1,0
2026-01-31,E0,Liverpool,Newcastle,0,0.1,adaptive_mondrian_g0.02,1,1,1
2026-01-31,E0,Brighton,Everton,1,0.1,adaptive_mondrian_g0.02,1,1,1
2026-02-01,E0,Man United,Fulham,0,0.1,adaptive_mondrian_g0.02,1,0,0
2026-02-01,D1,Stuttgart,Freiburg,0,0.1,adaptive_mondrian_g0.02,1,1,1
2026-02-01,D1,Dortmund,Heidenheim,0,0.1,adaptive_mondrian_g0.02,1,0,0
2026-02-01,SP1,Ath Bilbao,Sociedad,1,0.1,adaptive_mondrian_g0.02,1,1,1
2026-02-01,SP1,Getafe,Celta,1,0.1,adaptive_mondrian_g0.02,1,1,1
2026-02-01,SP1,Betis,Valencia,0,0.1,adaptive_mondrian_g0.02,1,1,1
2026-02-01,SP1,Real Madrid,Vallecano,0,0.1,adaptive_mondrian_g0.02,1,0,0
2026-02-01,F1,Strasbourg,Paris SG,2,0.1,adaptive_mondrian_g0.02,0,1,1
2026-02-01,E0,Nott'm Forest,Crystal Palace,1,0.1,adaptive_mondrian_g0.02,1,1,1
2026-02-01,E0,Tottenham,Man City,1,0.1,adaptive_mondrian_g0.02,0,1,1
2026-02-01,I1,Torino,Lecce,0,0.1,adaptive_mondrian_g0.02,1,1,1
2026-02-01,F1,Nice,Brest,1,0.1,adaptive_mondrian_g0.02,1,1,1
2026-02-01,F1,Angers,Metz,0,0.1,adaptive_mondrian_g0.02,1,1,1
2026-02-01,F1,Lyon,Lille,0,0.1,adaptive_mondrian_g0.02,1,1,1
2026-02-01,I1,Parma,Juventus,2,0.1,adaptive_mondrian_g0.02,0,1,1
2026-02-01,I1,Cremonese,Inter,2,0.1,adaptive_mondrian_g0.02,0,0,1
2026-02-01,F1,Toulouse,Auxerre,1,0.1,adaptive_mondrian_g0.02,1,1,0
2026-02-01,I1,Como,Atalanta,1,0.1,adaptive_mondrian_g0.02,1,1,1
2026-02-01,E0,Aston Villa,Brentford,2,0.1,adaptive_mondrian_g0.02,1,1,1
2026-02-02,E0,Sunderland,Burnley,0,0.1,adaptive_mondrian_g0.02,1,1,1
2026-02-02,I1,Udinese,Roma,0,0.1,adaptive_mondrian_g0.02,0,1,1
2026-02-02,SP1,Mallorca,Sevilla,0,0.1,adaptive_mondrian_g0.02,1,1,1
2026-02-03,I1,Bologna,Milan,2,0.1,adaptive_mondrian_g0.02,0,1,1
2026-02-06,E0,Leeds,Nott'm Forest,0,0.1,adaptive_mondrian_g0.02,1,1,1
2026-02-06,D1,Union Berlin,Ein Frankfurt,1,0.1,adaptive_mondrian_g0.02,1,1,1
2026-02-06,F1,Metz,Lille,1,0.1,adaptive_mondrian_g0.02,0,1,1
2026-02-06,SP1,Celta,Osasuna,2,0.1,adaptive_mondrian_g0.02,1,1,1
2026-02-06,I1,Verona,Pisa,1,0.1,adaptive_mondrian_g0.02,1,1,1
2026-02-07,E0,Newcastle,Brentford,2,0.1,adaptive_mondrian_g0.02,1,1,1
2026-02-07,D1,Freiburg,Werder Bremen,0,0.1,adaptive_mondrian_g0.02,1,1,1
2026-02-07,D1,Mainz,Augsburg,0,0.1,adaptive_mondrian_g0.02,1,1,1
2026-02-07,D1,St Pauli,Stuttgart,0,0.1,adaptive_mondrian_g0.02,0,1,1
2026-02-07,D1,Wolfsburg,Dortmund,2,0.1,adaptive_mondrian_g0.02,0,1,1
2026-02-07,D1,Heidenheim,Hamburg,2,0.1,adaptive_mondrian_g0.02,1,1,1
2026-02-07,D1,M'gladbach,Leverkusen,1,0.1,adaptive_mondrian_g0.02,0,1,1
2026-02-07,SP1,Barcelona,Mallorca,0,0.1,adaptive_mondrian_g0.02,1,0,0
2026-02-07,SP1,Sociedad,Elche,0,0.1,adaptive_mondrian_g0.02,1,1,0
2026-02-07,F1,Nantes,Lyon,2,0.1,adaptive_mondrian_g0.02,0,1,1
2026-02-07,I1,Genoa,Napoli,2,0.1,adaptive_mondrian_g0.02,0,1,1
2026-02-07,F1,Lens,Rennes,0,0.1,adaptive_mondrian_g0.02,1,1,0
2026-02-07,E0,Man United,Tottenham,0,0.1,adaptive_mondrian_g0.02,1,0,0
2026-02-07,E0,Bournemouth,Aston Villa,1,0.1,adaptive_mondrian_g0.02,1,1,1
2026-02-07,I1,Fiorentina,Torino,1,0.1,adaptive_mondrian_g0.02,1,1,0
2026-02-07,E0,Burnley,West Ham,2,0.1,adaptive_mondrian_g0.02,0,1,1
2026-02-07,E0,Fulham,Everton,2,0.1,adaptive_mondrian_g0.02,1,1,1
2026-02-07,E0,Wolves,Chelsea,2,0.1,adaptive_mondrian_g0.02,0,1,1
2026-02-07,E0,Arsenal,Sunderland,0,0.1,adaptive_mondrian_g0.02,1,0,0
2026-02-07,F1,Brest,Lorient,0,0.1,adaptive_mondrian_g0.02,1,1,1
2026-02-08,F1,Angers,Toulouse,0,0.1,adaptive_mondrian_g0.02,0,1,1
2026-02-08,F1,Nice,Monaco,1,0.1,adaptive_mondrian_g0.02,0,1,1
2026-02-08,D1,Bayern Munich,Hoffenheim,0,0.1,adaptive_mondrian_g0.02,1,0,0
2026-02-08,F1,Auxerre,Paris FC,1,0.1,adaptive_mondrian_g0.02,1,1,1
2026-02-08,SP1,Sevilla,Girona,1,0.1,adaptive_mondrian_g0.02,1,1,1
2026-02-08,I1,Juventus,Lazio,1,0.1,adaptive_mondrian_g0.02,1,1,0
2026-02-08,D1,FC Koln,RB Leipzig,2,0.1,adaptive_mondrian_g0.02,0,1,1
2026-02-08,I1,Sassuolo,Inter,2,0.1,adaptive_mondrian_g0.02,0,0,1
2026-02-08,I1,Lecce,Udinese,0,0.1,adaptive_mondrian_g0.02,0,1,1
2026-02-08,F1,Paris SG,Marseille,0,0.1,adaptive_mondrian_g0.02,1,0,0
2026-02-08,SP1,Ath Bilbao,Levante,0,0.1,adaptive_mondrian_g0.02,1,1,0
2026-02-08,E0,Liverpool,Man City,2,0.1,adaptive_mondrian_g0.02,1,1,1
2026-02-08,E0,Brighton,Crystal Palace,2,0.1,adaptive_mondrian_g0.02,1,1,1
2026-02-08,SP1,Alaves,Getafe,2,0.1,adaptive_mondrian_g0.02,1,1,1
2026-02-08,SP1,Ath Madrid,Betis,2,0.1,adaptive_mondrian_g0.02,1,0,0
2026-02-08,I1,Bologna,Parma,2,0.1,adaptive_mondrian_g0.02,1,1,0
2026-02-08,SP1,Valencia,Real Madrid,2,0.1,adaptive_mondrian_g0.02,0,1,1
2026-02-08,F1,Le Havre,Strasbourg,0,0.1,adaptive_mondrian_g0.02,0,1,1
2026-02-09,SP1,Villarreal,Espanol,0,0.1,adaptive_mondrian_g0.02,1,1,1
2026-02-09,I1,Roma,Cagliari,0,0.1,adaptive_mondrian_g0.02,1,1,0
2026-02-09,I1,Atalanta,Cremonese,0,0.1,adaptive_mondrian_g0.02,1,0,0
2026-02-10,E0,Chelsea,Leeds,1,0.1,adaptive_mondrian_g0.02,1,1,0
2026-02-10,E0,Everton,Bournemouth,2,0.1,adaptive_mondrian_g0.02,1,1,1
2026-02-10,E0,Tottenham,Newcastle,2,0.1,adaptive_mondrian_g0.02,1,1,1
2026-02-10,E0,West Ham,Man United,1,0.1,adaptive_mondrian_g0.02,0,1,1
2026-02-11,E0,Aston Villa,Brighton,0,0.1,adaptive_mondrian_g0.02,1,1,1
2026-02-11,E0,Crystal Palace,Burnley,2,0.1,adaptive_mondrian_g0.02,1,0,0
2026-02-11,E0,Man City,Fulham,0,0.1,adaptive_mondrian_g0.02,1,0,0
2026-02-11,E0,Nott'm Forest,Wolves,1,0.1,adaptive_mondrian_g0.02,1,1,1
2026-02-11,E0,Sunderland,Liverpool,2,0.1,adaptive_mondrian_g0.02,0,1,1
2026-02-12,E0,Brentford,Arsenal,1,0.1,adaptive_mondrian_g0.02,0,1,1
2026-02-13,F1,Rennes,Paris SG,0,0.1,adaptive_mondrian_g0.02,0,0,1
2026-02-13,I1,Pisa,Milan,2,0.1,adaptive_mondrian_g0.02,0,1,1
2026-02-13,SP1,Elche,Osasuna,1,0.1,adaptive_mondrian_g0.02,1,1,1
2026-02-13,F1,Monaco,Nantes,0,0.1,adaptive_mondrian_g0.02,1,0,0
2026-02-13,D1,Dortmund,Mainz,0,0.1,adaptive_mondrian_g0.02,1,1,1
2026-02-14,F1,Paris FC,Lens,2,0.1,adaptive_mondrian_g0.02,0,1,1
2026-02-14,D1,Stuttgart,FC Koln,0,0.1,adaptive_mondrian_g0.02,1,0,0
2026-02-14,SP1,Real Madrid,Sociedad,0,0.1,adaptive_mondrian_g0.02,1,0,0
2026-02-14,SP1,Sevilla,Alaves,1,0.1,adaptive_mondrian_g0.02,1,1,1
2026-02-14,SP1,Getafe,Villarreal,0,0.1,adaptive_mondrian_g0.02,1,1,1
2026-02-14,D1,Ein Frankfurt,M'gladbach,0,0.1,adaptive_mondrian_g0.02,1,1,1
2026-02-14,F1,Lille,Brest,1,0.1,adaptive_mondrian_g0.02,1,1,0
2026-02-14,SP1,Espanol,Celta,1,0.1,adaptive_mondrian_g0.02,1,1,1
2026-02-14,D1,Werder Bremen,Bayern Munich,2,0.1,adaptive_mondrian_g0.02,0,0,1
2026-02-14,D1,Leverkusen,St Pauli,0,0.1,adaptive_mondrian_g0.02,1,1,0
2026-02-14,I1,Como,Fiorentina,2,0.1,adaptive_mondrian_g0.02,1,1,1
2026-02-14,I1,Lazio,Atalanta,2,0.1,adaptive_mondrian_g0.02,0,1,1
2026-02-14,I1,Inter,Juventus,0,0.1,adaptive_mondrian_g0.02,1,1,1
2026-02-14,D1,Hamburg,Union Berlin,0,0.1,adaptive_mondrian_g0.02,1,1,1
2026-02-14,D1,Hoffenheim,Freiburg,0,0.1,adaptive_mondrian_g0.02,1,1,1
2026-02-14,F1,Marseille,Strasbourg,1,0.1,adaptive_mondrian_g0.02,1,1,1
2026-02-15,I1,Parma,Verona,0,0.1,adaptive_mondrian_g0.02,1,1,1
2026-02-15,SP1,Levante,Valencia,2,0.1,adaptive_mondrian_g0.02,1,1,1
2026-02-15,SP1,Vallecano,Ath Madrid,0,0.1,adaptive_mondrian_g0.02,0,1,1
2026-02-15,D1,RB Leipzig,Wolfsburg,1,0.1,adaptive_mondrian_g0.02,1,0,0
2026-02-15,D1,Augsburg,Heidenheim,0,0.1,adaptive_mondrian_g0.02,1,1,1
2026-02-15,I1,Cremonese,Genoa,1,0.1,adaptive_mondrian_g0.02,0,1,1
2026-02-15,SP1,Mallorca,Betis,2,0.1,adaptive_mondrian_g0.02,1,1,1
2026-02-15,I1,Udinese,Sassuolo,2,0.1,adaptive_mondrian_g0.02,1,1,1
2026-02-15,SP1,Oviedo,Ath Bilbao,2,0.1,adaptive_mondrian_g0.02,0,1,1
2026-02-15,F1,Le Havre,Toulouse,0,0.1,adaptive_mondrian_g0.02,0,1,1
2026-02-15,I1,Napoli,Roma,1,0.1,adaptive_mondrian_g0.02,1,1,1
2026-02-15,F1,Lorient,Angers,0,0.1,adaptive_mondrian_g0.02,1,1,1
2026-02-15,F1,Lyon,Nice,0,0.1,adaptive_mondrian_g0.02,1,1,1
2026-02-15,F1,Metz,Auxerre,2,0.1,adaptive_mondrian_g0.02,1,1,1
2026-02-15,I1,Torino,Bologna,2,0.1,adaptive_mondrian_g0.02,1,1,1
2026-02-16,SP1,Girona,Barcelona,0,0.1,adaptive_mondrian_g0.02,0,0,1
2026-02-16,I1,Cagliari,Lecce,2,0.1,adaptive_mondrian_g0.02,1,1,1
2026-02-18,SP1,Levante,Villarreal,2,0.1,adaptive_mondrian_g0.02,1,1,1
2026-02-18,E0,Wolves,Arsenal,1,0.1,adaptive_mondrian_g0.02,0,0,1
2026-02-18,I1,Milan,Como,1,0.1,adaptive_mondrian_g0.02,1,1,1
2026-02-20,D1,Mainz,Hamburg,1,0.1,adaptive_mondrian_g0.02,1,1,1
2026-02-20,SP1,Ath Bilbao,Elche,0,0.1,adaptive_mondrian_g0.02,1,1,0
2026-02-20,F1,Brest,Marseille,0,0.1,adaptive_mondrian_g0.02,1,1,1
2026-02-20,I1,Sassuolo,Verona,0,0.1,adaptive_mondrian_g0.02,1,1,0
2026-02-21,I1,Lecce,Inter,2,0.1,adaptive_mondrian_g0.02,0,1,1
2026-02-21,D1,FC Koln,Hoffenheim,1,0.1,adaptive_mondrian_g0.02,1,1,1
2026-02-21,D1,Union Berlin,Leverkusen,0,0.1,adaptive_mondrian_g0.02,1,1,1
2026-02-21,E0,Man City,Newcastle,0,0.1,adaptive_mondrian_g0.02,1,0,0
2026-02-21,E0,Aston Villa,Leeds,1,0.1,adaptive_mondrian_g0.02,1,1,1
2026-02-21,E0,Brentford,Brighton,2,0.1,adaptive_mondrian_g0.02,1,1,1
2026-02-21,E0,Chelsea,Burnley,1,0.1,adaptive_mondrian_g0.02,1,0,0
2026-02-21,D1,Bayern Munich,Ein Frankfurt,0,0.1,adaptive_mondrian_g0.02,1,0,0
2026-02-21,I1,Cagliari,Lazio,1,0.1,adaptive_mondrian_g0.02,1,1,1
2026-02-21,I1,Juventus,Como,2,0.1,adaptive_mondrian_g0.02,1,1,1
2026-02-21,D1,RB Leipzig,Dortmund,1,0.1,adaptive_mondrian_g0.02,1,1,1
2026-02-21,D1,Wolfsburg,Augsburg,2,0.1,adaptive_mondrian_g0.02,1,1,1
2026-02-21,SP1,Osasuna,Real Madrid,0,0.1,adaptive_mondrian_g0.02,0,1,1
2026-02-21,F1,Paris SG,Metz,0,0.1,adaptive_mondrian_g0.02,1,0,0
2026-02-21,SP1,Betis,Vallecano,1,0.1,adaptive_mondrian_g0.02,1,1,1
2026-02-21,SP1,Ath Madrid,Espanol,0,0.1,adaptive_mondrian_g0.02,1,0,0
2026-02-21,F1,Lens,Monaco,2,0.1,adaptive_mondrian_g0.02,1,1,1
2026-02-21,F1,Toulouse,Paris FC,1,0.1,adaptive_mondrian_g0.02,1,1,1
2026-02-21,SP1,Sociedad,Oviedo,1,0.1,adaptive_mondrian_g0.02,1,1,0
2026-02-21,E0,West Ham,Bournemouth,1,0.1,adaptive_mondrian_g0.02,1,1,1
2026-02-22,E0,Tottenham,Arsenal,2,0.1,adaptive_mondrian_g0.02,0,0,1
2026-02-22,D1,Freiburg,M'gladbach,0,0.1,adaptive_mondrian_g0.02,1,1,1
2026-02-22,D1,St Pauli,Werder Bremen,0,0.1,adaptive_mondrian_g0.02,1,1,1
2026-02-22,SP1,Barcelona,Levante,0,0.1,adaptive_mondrian_g0.02,1,0,0
2026-02-22,I1,Genoa,Torino,0,0.1,adaptive_mondrian_g0.02,1,1,1
2026-02-22,I1,Atalanta,Napoli,0,0.1,adaptive_mondrian_g0.02,1,1,1
2026-02-22,E0,Sunderland,Fulham,2,0.1,adaptive_mondrian_g0.02,1,1,1
2026-02-22,D1,Heidenheim,Stuttgart,1,0.1,adaptive_mondrian_g0.02,0,1,1
2026-02-22,I1,Roma,Cremonese,0,0.1,adaptive_mondrian_g0.02,1,0,0
2026-02-22,F1,Auxerre,Rennes,2,0.1,adaptive_mondrian_g0.02,1,1,1
2026-02-22,SP1,Getafe,Sevilla,2,0.1,adaptive_mondrian_g0.02,1,1,1
2026-02-22,E0,Nott'm Forest,Liverpool,2,0.1,adaptive_mondrian_g0.02,1,1,1
2026-02-22,SP1,Celta,Mallorca,0,0.1,adaptive_mondrian_g0.02,1,1,0
2026-02-22,F1,Nice,Lorient,1,0.1,adaptive_mondrian_g0.02,1,1,1
2026-02-22,F1,Nantes,Le Havre,0,0.1,adaptive_mondrian_g0.02,1,1,1
2026-02-22,F1,Angers,Lille,2,0.1,adaptive_mondrian_g0.02,0,1,1
2026-02-22,I1,Milan,Parma,2,0.1,adaptive_mondrian_g0.02,1,0,0
2026-02-22,SP1,Villarreal,Valencia,0,0.1,adaptive_mondrian_g0.02,1,1,0
2026-02-22,F1,Strasbourg,Lyon,0,0.1,adaptive_mondrian_g0.02,1,1,1
2026-02-22,E0,Crystal Palace,Wolves,0,0.1,adaptive_mondrian_g0.02,1,1,1
2026-02-23,SP1,Alaves,Girona,1,0.1,adaptive_mondrian_g0.02,1,1,1
2026-02-23,E0,Everton,Man United,2,0.1,adaptive_mondrian_g0.02,1,1,1
2026-02-23,I1,Bologna,Udinese,0,0.1,adaptive_mondrian_g0.02,1,1,1
2026-02-23,I1,Fiorentina,Pisa,0,0.1,adaptive_mondrian_g0.02,1,1,0
2026-02-27,F1,Strasbourg,Lens,1,0.1,adaptive_mondrian_g0.02,1,1,1
2026-02-27,I1,Parma,Cagliari,1,0.1,adaptive_mondrian_g0.02,1,1,1
2026-02-27,D1,Augsburg,FC Koln,0,0.1,adaptive_mondrian_g0.02,1,1,1
2026-02-27,E0,Wolves,Aston Villa,0,0.1,adaptive_mondrian_g0.02,0,1,1
2026-02-27,SP1,Levante,Alaves,0,0.1,adaptive_mondrian_g0.02,1,1,1
2026-02-28,E0,Bournemouth,Sunderland,1,0.1,adaptive_mondrian_g0.02,1,1,1
2026-02-28,D1,Dortmund,Bayern Munich,2,0.1,adaptive_mondrian_g0.02,0,0,1
2026-02-28,D1,Werder Bremen,Heidenheim,0,0.1,adaptive_mondrian_g0.02,1,1,0
2026-02-28,D1,M'gladbach,Union Berlin,0,0.1,adaptive_mondrian_g0.02,1,1,1
2026-02-28,D1,Leverkusen,Mainz,1,0.1,adaptive_mondrian_g0.02,1,1,0
2026-02-28,E0,Leeds,Man City,2,0.1,adaptive_mondrian_g0.02,0,1,1
2026-02-28,E0,Newcastle,Everton,2,0.1,adaptive_mondrian_g0.02,1,1,1
2026-02-28,E0,Burnley,Brentford,2,0.1,adaptive_mondrian_g0.02,0,1,1
2026-02-28,D1,Hoffenheim,St Pauli,2,0.1,adaptive_mondrian_g0.02,1,1,0
2026-02-28,E0,Liverpool,West Ham,0,0.1,adaptive_mondrian_g0.02,1,0,0
2026-02-28,SP1,Vallecano,Ath Bilbao,1,0.1,adaptive_mondrian_g0.02,1,1,1
2026-02-28,SP1,Mallorca,Sociedad,2,0.1,adaptive_mondrian_g0.02,1,1,1
2026-02-28,SP1,Oviedo,Ath Madrid,2,0.1,adaptive_mondrian_g0.02,0,1,1
2026-02-28,I1,Inter,Genoa,0,0.1,adaptive_mondrian_g0.02,1,0,0
2026-02-28,I1,Verona,Napoli,2,0.1,adaptive_mondrian_g0.02,0,1,1
2026-02-28,SP1,Barcelona,Villarreal,0,0.1,adaptive_mondrian_g0.02,1,0,0
2026-02-28,F1,Monaco,Angers,0,0.1,adaptive_mondrian_g0.02,1,0,0
2026-02-28,F1,Rennes,Toulouse,0,0.1,adaptive_mondrian_g0.02,1,1,1
2026-02-28,I1,Como,Lecce,0,0.1,adaptive_mondrian_g0.02,1,1,0
2026-02-28,F1,Le Havre,Paris SG,2,0.1,adaptive_mondrian_g0.02,0,0,1
2026-03-01,SP1,Girona,Celta,2,0.1,adaptive_mondrian_g0.02,1,1,1
2026-03-01,F1,Lille,Nantes,0,0.1,adaptive_mondrian_g0.02,1,1,0
2026-03-01,E0,Man United,Crystal Palace,0,0.1,adaptive_mondrian_g0.02,1,1,0
2026-03-01,F1,Paris FC,Nice,0,0.1,adaptive_mondrian_g0.02,1,1,1
2026-03-01,E0,Brighton,Nott'm Forest,0,0.1,adaptive_mondrian_g0.02,1,1,1
2026-03-01,F1,Lorient,Auxerre,1,0.1,adaptive_mondrian_g0.02,1,1,1
2026-03-01,F1,Metz,Brest,2,0.1,adaptive_mondrian_g0.02,0,1,1
2026-03-01,F1,Marseille,Lyon,0,0.1,adaptive_mondrian_g0.02,1,1,1
2026-03-01,E0,Fulham,Tottenham,0,0.1,adaptive_mondrian_g0.02,1,1,1
2026-03-01,SP1,Betis,Sevilla,1,0.1,adaptive_mondrian_g0.02,1,1,1
2026-03-01,I1,Torino,Lazio,0,0.1,adaptive_mondrian_g0.02,1,1,1
2026-03-01,SP1,Elche,Espanol,1,0.1,adaptive_mondrian_g0.02,1,1,1
2026-03-01,SP1,Valencia,Osasuna,0,0.1,adaptive_mondrian_g0.02,1,1,1
2026-03-01,I1,Cremonese,Milan,2,0.1,adaptive_mondrian_g0.02,0,0,1
2026-03-01,I1,Roma,Juventus,1,0.1,adaptive_mondrian_g0.02,1,1,1
2026-03-01,I1,Sassuolo,Atalanta,0,0.1,adaptive_mondrian_g0.02,1,1,1
2026-03-01,D1,Ein Frankfurt,Freiburg,0,0.1,adaptive_mondrian_g0.02,1,1,1
2026-03-01,D1,Hamburg,RB Leipzig,2,0.1,adaptive_mondrian_g0.02,0,1,1
2026-03-01,E0,Arsenal,Chelsea,0,0.1,adaptive_mondrian_g0.02,1,1,0
2026-03-01,D1,Stuttgart,Wolfsburg,0,0.1,adaptive_mondrian_g0.02,1,0,0
2026-03-02,I1,Pisa,Bologna,2,0.1,adaptive_mondrian_g0.02,0,1,1
2026-03-02,SP1,Real Madrid,Getafe,2,0.1,adaptive_mondrian_g0.02,1,0,0
2026-03-02,I1,Udinese,Fiorentina,0,0.1,adaptive_mondrian_g0.02,0,1,1
2026-03-03,E0,Bournemouth,Brentford,1,0.1,adaptive_mondrian_g0.02,1,1,1
2026-03-03,E0,Everton,Burnley,0,0.1,adaptive_mondrian_g0.02,1,1,0
2026-03-03,E0,Leeds,Sunderland,2,0.1,adaptive_mondrian_g0.02,1,1,1
2026-03-03,E0,Wolves,Liverpool,0,0.1,adaptive_mondrian_g0.02,0,0,1
2026-03-04,SP1,Vallecano,Oviedo,0,0.1,adaptive_mondrian_g0.02,1,1,0
2026-03-04,E0,Fulham,West Ham,2,0.1,adaptive_mondrian_g0.02,1,1,1
2026-03-04,E0,Newcastle,Man United,0,0.1,adaptive_mondrian_g0.02,1,1,1
2026-03-04,E0,Aston Villa,Chelsea,2,0.1,adaptive_mondrian_g0.02,1,1,1
2026-03-04,D1,Hamburg,Leverkusen,2,0.1,adaptive_mondrian_g0.02,1,1,1
2026-03-04,E0,Man City,Nott'm Forest,1,0.1,adaptive_mondrian_g0.02,1,0,0
2026-03-04,E0,Brighton,Arsenal,2,0.1,adaptive_mondrian_g0.02,0,1,1
2026-03-05,E0,Tottenham,Crystal Palace,2,0.1,adaptive_mondrian_g0.02,1,1,1
2026-03-06,F1,Paris SG,Monaco,2,0.1,adaptive_mondrian_g0.02,1,0,0
2026-03-06,SP1,Celta,Real Madrid,2,0.1,adaptive_mondrian_g0.02,1,1,1
2026-03-06,D1,Bayern Munich,M'gladbach,0,0.1,adaptive_mondrian_g0.02,1,0,0
2026-03-06,I1,Napoli,Torino,0,0.1,adaptive_mondrian_g0.02,1,1,0
2026-03-07,I1,Atalanta,Udinese,1,0.1,adaptive_mondrian_g0.02,1,1,0
2026-03-07,SP1,Ath Madrid,Sociedad,0,0.1,adaptive_mondrian_g0.02,1,1,0
2026-03-07,SP1,Levante,Girona,1,0.1,adaptive_mondrian_g0.02,1,1,1
2026-03-07,SP1,Osasuna,Mallorca,1,0.1,adaptive_mondrian_g0.02,1,1,1
2026-03-07,F1,Nantes,Angers,2,0.1,adaptive_mondrian_g0.02,1,1,1
2026-03-07,D1,FC Koln,Dortmund,2,0.1,adaptive_mondrian_g0.02,0,1,1
2026-03-07,D1,Wolfsburg,Hamburg,2,0.1,adaptive_mondrian_g0.02,1,1,1
2026-03-07,I1,Cagliari,Como,2,0.1,adaptive_mondrian_g0.02,0,1,1
2026-03-07,I1,Juventus,Pisa,0,0.1,adaptive_mondrian_g0.02,1,0,0
2026-03-07,D1,RB Leipzig,Augsburg,0,0.1,adaptive_mondrian_g0.02,1,0,0
2026-03-07,D1,Mainz,Stuttgart,1,0.1,adaptive_mondrian_g0.02,1,1,1
2026-03-07,D1,Heidenheim,Hoffenheim,2,0.1,adaptive_mondrian_g0.02,0,0,1
2026-03-07,D1,Freiburg,Leverkusen,1,0.1,adaptive_mondrian_g0.02,1,1,1
2026-03-07,F1,Auxerre,Strasbourg,1,0.1,adaptive_mondrian_g0.02,1,1,1
2026-03-07,F1,Toulouse,Marseille,2,0.1,adaptive_mondrian_g0.02,1,1,1
2026-03-07,SP1,Ath Bilbao,Barcelona,2,0.1,adaptive_mondrian_g0.02,0,1,1
2026-03-08,SP1,Valencia,Alaves,0,0.1,adaptive_mondrian_g0.02,1,1,1
2026-03-08,I1,Fiorentina,Parma,1,0.1,adaptive_mondrian_g0.02,1,1,0
2026-03-08,I1,Genoa,Roma,0,0.1,adaptive_mondrian_g0.02,0,1,1
2026-03-08,I1,Lecce,Cremonese,0,0.1,adaptive_mondrian_g0.02,1,1,1
2026-03-08,I1,Milan,Inter,0,0.1,adaptive_mondrian_g0.02,1,1,1
2026-03-08,F1,Lille,Lorient,1,0.1,adaptive_mondrian_g0.02,1,1,0
2026-03-08,F1,Nice,Rennes,2,0.1,adaptive_mondrian_g0.02,1,1,1
2026-03-08,F1,Brest,Le Havre,0,0.1,adaptive_mondrian_g0.02,1,1,1
2026-03-08,F1,Lens,Metz,0,0.1,adaptive_mondrian_g0.02,1,0,0
2026-03-08,F1,Lyon,Paris FC,1,0.1,adaptive_mondrian_g0.02,1,1,1
2026-03-08,I1,Bologna,Verona,2,0.1,adaptive_mondrian_g0.02,1,1,0
2026-03-08,SP1,Getafe,Betis,0,0.1,adaptive_mondrian_g0.02,1,1,1
2026-03-08,D1,Union Berlin,Werder Bremen,2,0.1,adaptive_mondrian_g0.02,1,1,1
2026-03-08,D1,St Pauli,Ein Frankfurt,1,0.1,adaptive_mondrian_g0.02,1,1,1
2026-03-08,SP1,Villarreal,Elche,0,0.1,adaptive_mondrian_g0.02,1,0,0
2026-03-08,SP1,Sevilla,Vallecano,1,0.1,adaptive_mondrian_g0.02,1,1,1
2026-03-09,SP1,Espanol,Oviedo,1,0.1,adaptive_mondrian_g0.02,1,1,1
2026-03-09,I1,Lazio,Sassuolo,0,0.1,adaptive_mondrian_g0.02,1,1,1
2026-03-13,D1,M'gladbach,St Pauli,0,0.1,adaptive_mondrian_g0.02,1,1,1
2026-03-13,F1,Marseille,Auxerre,0,0.1,adaptive_mondrian_g0.02,1,0,0
2026-03-13,SP1,Alaves,Villarreal,1,0.1,adaptive_mondrian_g0.02,0,1,1
2026-03-13,I1,Torino,Parma,0,0.1,adaptive_mondrian_g0.02,1,1,1
2026-03-14,E0,Arsenal,Everton,0,0.1,adaptive_mondrian_g0.02,1,0,0
2026-03-14,I1,Napoli,Lecce,0,0.1,adaptive_mondrian_g0.02,1,1,0
2026-03-14,I1,Udinese,Juventus,2,0.1,adaptive_mondrian_g0.02,0,1,1
2026-03-14,D1,Hoffenheim,Wolfsburg,1,0.1,adaptive_mondrian_g0.02,1,0,0
2026-03-14,F1,Monaco,Brest,0,0.1,adaptive_mondrian_g0.02,1,1,0
2026-03-14,D1,Leverkusen,Bayern Munich,1,0.1,adaptive_mondrian_g0.02,0,0,1
2026-03-14,E0,West Ham,Man City,1,0.1,adaptive_mondrian_g0.02,0,1,1
2026-03-14,E0,Chelsea,Newcastle,2,0.1,adaptive_mondrian_g0.02,1,0,1
2026-03-14,E0,Sunderland,Brighton,2,0.1,adaptive_mondrian_g0.02,0,1,1
2026-03-14,I1,Inter,Atalanta,1,0.1,adaptive_mondrian_g0.02,1,0,0
2026-03-14,F1,Angers,Nice,2,0.1,adaptive_mondrian_g0.02,1,1,1
2026-03-14,F1,Lorient,Lens,0,0.1,adaptive_mondrian_g0.02,0,1,1
2026-03-14,D1,Hamburg,FC Koln,1,0.1,adaptive_mondrian_g0.02,1,1,1
2026-03-14,SP1,Ath Madrid,Getafe,0,0.1,adaptive_mondrian_g0.02,1,1,0
2026-03-14,D1,Ein Frankfurt,Heidenheim,0,0.1,adaptive_mondrian_g0.02,1,1,1
2026-03-14,E0,Burnley,Bournemouth,1,0.1,adaptive_mondrian_g0.02,0,1,1
2026-03-14,SP1,Real Madrid,Elche,0,0.1,adaptive_mondrian_g0.02,1,0,0
2026-03-14,SP1,Oviedo,Valencia,0,0.1,adaptive_mondrian_g0.02,1,1,1
2026-03-14,SP1,Girona,Ath Bilbao,0,0.1,adaptive_mondrian_g0.02,1,1,1
2026-03-14,D1,Dortmund,Augsburg,0,0.1,adaptive_mondrian_g0.02,1,0,0
2026-03-15,F1,Le Havre,Lyon,1,0.1,adaptive_mondrian_g0.02,0,1,1
2026-03-15,D1,Werder Bremen,Mainz,2,0.1,adaptive_mondrian_g0.02,1,1,1
2026-03-15,F1,Strasbourg,Paris FC,1,0.1,adaptive_mondrian_g0.02,1,1,0
2026-03-15,SP1,Mallorca,Espanol,0,0.1,adaptive_mondrian_g0.02,1,1,1
2026-03-15,SP1,Barcelona,Sevilla,0,0.1,adaptive_mondrian_g0.02,1,0,0
2026-03-15,SP1,Betis,Celta,1,0.1,adaptive_mondrian_g0.02,1,1,1
2026-03-15,SP1,Sociedad,Osasuna,0,0.1,adaptive_mondrian_g0.02,1,1,1
2026-03-15,F1,Metz,Toulouse,2,0.1,adaptive_mondrian_g0.02,0,1,1
2026-03-15,I1,Verona,Genoa,2,0.1,adaptive_mondrian_g0.02,1,1,1
2026-03-15,F1,Rennes,Lille,2,0.1,adaptive_mondrian_g0.02,1,1,1
2026-03-15,I1,Pisa,Cagliari,0,0.1,adaptive_mondrian_g0.02,1,1,1
2026-03-15,I1,Sassuolo,Bologna,2,0.1,adaptive_mondrian_g0.02,1,1,1
2026-03-15,I1,Lazio,Milan,0,0.1,adaptive_mondrian_g0.02,0,1,1
2026-03-15,E0,Liverpool,Tottenham,1,0.1,adaptive_mondrian_g0.02,1,0,0
2026-03-15,E0,Nott'm Forest,Fulham,1,0.1,adaptive_mondrian_g0.02,1,1,1
2026-03-15,E0,Man United,Aston Villa,0,0.1,adaptive_mondrian_g0.02,1,1,1
2026-03-15,E0,Crystal Palace,Leeds,1,0.1,adaptive_mondrian_g0.02,1,1,1
2026-03-15,D1,Stuttgart,RB Leipzig,0,0.1,adaptive_mondrian_g0.02,1,1,1
2026-03-15,I1,Como,Roma,0,0.1,adaptive_mondrian_g0.02,1,1,1
2026-03-15,D1,Freiburg,Union Berlin,2,0.1,adaptive_mondrian_g0.02,1,1,1
2026-03-16,I1,Cremonese,Fiorentina,2,0.1,adaptive_mondrian_g0.02,0,1,1
2026-03-16,E0,Brentford,Wolves,1,0.1,adaptive_mondrian_g0.02,1,1,0
2026-03-16,SP1,Vallecano,Levante,1,0.1,adaptive_mondrian_g0.02,1,1,1
2026-03-20,I1,Genoa,Udinese,2,0.1,adaptive_mondrian_g0.02,1,1,1
2026-03-20,SP1,Villarreal,Sociedad,0,0.1,adaptive_mondrian_g0.02,1,1,1
2026-03-20,I1,Cagliari,Napoli,2,0.1,adaptive_mondrian_g0.02,0,1,1
2026-03-20,E0,Bournemouth,Man United,1,0.1,adaptive_mondrian_g0.02,1,1,1
2026-03-20,D1,RB Leipzig,Hoffenheim,0,0.1,adaptive_mondrian_g0.02,1,1,1
2026-03-20,F1,Lens,Angers,0,0.1,adaptive_mondrian_g0.02,1,0,0
2026-03-21,E0,Fulham,Burnley,0,0.1,adaptive_mondrian_g0.02,1,1,0
2026-03-21,SP1,Elche,Mallorca,0,0.1,adaptive_mondrian_g0.02,1,1,1
2026-03-21,E0,Leeds,Brentford,1,0.1,adaptive_mondrian_g0.02,1,1,1
2026-03-21,F1,Nice,Paris SG,2,0.1,adaptive_mondrian_g0.02,0,0,1
2026-03-21,D1,Dortmund,Hamburg,0,0.1,adaptive_mondrian_g0.02,1,0,0
2026-03-21,D1,Wolfsburg,Werder Bremen,2,0.1,adaptive_mondrian_g0.02,1,1,1
2026-03-21,D1,Heidenheim,Leverkusen,1,0.1,adaptive_mondrian_g0.02,0,0,1
2026-03-21,D1,FC Koln,M'gladbach,1,0.1,adaptive_mondrian_g0.02,1,1,1
2026-03-21,E0,Brighton,Liverpool,0,0.1,adaptive_mondrian_g0.02,1,1,1
2026-03-21,F1,Auxerre,Brest,0,0.1,adaptive_mondrian_g0.02,1,1,1
2026-03-21,I1,Juventus,Sassuolo,1,0.1,adaptive_mondrian_g0.02,1,0,0
2026-03-21,E0,Everton,Chelsea,0,0.1,adaptive_mondrian_g0.02,1,1,1
2026-03-21,D1,Bayern Munich,Union Berlin,0,0.1,adaptive_mondrian_g0.02,1,0,0
2026-03-21,SP1,Sevilla,Valencia,2,0.1,adaptive_mondrian_g0.02,1,1,1
2026-03-21,SP1,Osasuna,Girona,0,0.1,adaptive_mondrian_g0.02,1,1,1
2026-03-21,I1,Parma,Cremonese,2,0.1,adaptive_mondrian_g0.02,1,1,1
2026-03-21,SP1,Espanol,Getafe,2,0.1,adaptive_mondrian_g0.02,1,1,1
2026-03-21,F1,Toulouse,Lorient,0,0.1,adaptive_mondrian_g0.02,1,1,0
2026-03-21,I1,Milan,Torino,0,0.1,adaptive_mondrian_g0.02,1,0,0
2026-03-21,SP1,Levante,Oviedo,0,0.1,adaptive_mondrian_g0.02,1,1,1
2026-03-22,E0,Tottenham,Nott'm Forest,2,0.1,adaptive_mondrian_g0.02,1,1,1
2026-03-22,SP1,Real Madrid,Ath Madrid,0,0.1,adaptive_mondrian_g0.02,1,1,1
2026-03-22,SP1,Ath Bilbao,Betis,0,0.1,adaptive_mondrian_g0.02,1,1,1
2026-03-22,SP1,Celta,Alaves,2,0.1,adaptive_mondrian_g0.02,1,1,1
2026-03-22,SP1,Barcelona,Vallecano,0,0.1,adaptive_mondrian_g0.02,1,0,0
2026-03-22,D1,Mainz,Ein Frankfurt,0,0.1,adaptive_mondrian_g0.02,1,1,1
2026-03-22,D1,St Pauli,Freiburg,2,0.1,adaptive_mondrian_g0.02,1,1,1
2026-03-22,E0,Newcastle,Sunderland,2,0.1,adaptive_mondrian_g0.02,1,1,0
2026-03-22,E0,Aston Villa,West Ham,0,0.1,adaptive_mondrian_g0.02,1,1,0
2026-03-22,D1,Augsburg,Stuttgart,2,0.1,adaptive_mondrian_g0.02,0,1,1
2026-03-22,F1,Nantes,Strasbourg,2,0.1,adaptive_mondrian_g0.02,0,1,1
2026-03-22,F1,Rennes,Metz,1,0.1,adaptive_mondrian_g0.02,1,0,0
2026-03-22,F1,Paris FC,Le Havre,0,0.1,adaptive_mondrian_g0.02,1,1,1
2026-03-22,F1,Marseille,Lille,2,0.1,adaptive_mondrian_g0.02,1,1,1
2026-03-22,F1,Lyon,Monaco,2,0.1,adaptive_mondrian_g0.02,1,1,1
2026-03-22,I1,Fiorentina,Inter,1,0.1,adaptive_mondrian_g0.02,0,1,1
2026-03-22,I1,Como,Pisa,0,0.1,adaptive_mondrian_g0.02,1,0,0
2026-03-22,I1,Bologna,Lazio,2,0.1,adaptive_mondrian_g0.02,1,1,1
2026-03-22,I1,Atalanta,Verona,0,0.1,adaptive_mondrian_g0.02,1,1,0
2026-03-22,I1,Roma,Lecce,0,0.1,adaptive_mondrian_g0.02,1,1,0
2026-04-03,F1,Paris SG,Toulouse,0,0.1,adaptive_mondrian_g0.02,1,0,0
2026-04-03,SP1,Vallecano,Elche,0,0.1,adaptive_mondrian_g0.02,1,1,0
2026-04-04,D1,Stuttgart,Dortmund,2,0.1,adaptive_mondrian_g0.02,1,1,1
2026-04-04,D1,Werder Bremen,RB Leipzig,2,0.1,adaptive_mondrian_g0.02,0,1,1
2026-04-04,I1,Verona,Fiorentina,2,0.1,adaptive_mondrian_g0.02,0,1,1
2026-04-04,F1,Lille,Lens,0,0.1,adaptive_mondrian_g0.02,0,1,1
2026-04-04,F1,Brest,Rennes,2,0.1,adaptive_mondrian_g0.02,0,1,1
2026-04-04,F1,Strasbourg,Nice,0,0.1,adaptive_mondrian_g0.02,1,1,1
2026-04-04,D1,M'gladbach,Heidenheim,1,0.1,adaptive_mondrian_g0.02,1,1,0
2026-04-04,I1,Lazio,Parma,1,0.1,adaptive_mondrian_g0.02,1,1,1
2026-04-04,SP1,Sociedad,Levante,0,0.1,adaptive_mondrian_g0.02,1,1,0
2026-04-04,D1,Freiburg,Bayern Munich,2,0.1,adaptive_mondrian_g0.02,0,1,1
2026-04-04,D1,Hamburg,Augsburg,1,0.1,adaptive_mondrian_g0.02,1,1,1
2026-04-04,D1,Hoffenheim,Mainz,2,0.1,adaptive_mondrian_g0.02,1,1,0
2026-04-04,SP1,Ath Madrid,Barcelona,2,0.1,adaptive_mondrian_g0.02,0,1,1
2026-04-04,SP1,Betis,Espanol,1,0.1,adaptive_mondrian_g0.02,1,1,1
2026-04-04,SP1,Mallorca,Real Madrid,0,0.1,adaptive_mondrian_g0.02,0,1,1
2026-04-04,D1,Leverkusen,Wolfsburg,0,0.1,adaptive_mondrian_g0.02,1,1,0
2026-04-04,I1,Sassuolo,Cagliari,0,0.1,adaptive_mondrian_g0.02,1,1,1
2026-04-05,F1,Le Havre,Auxerre,1,0.1,adaptive_mondrian_g0.02,1,1,1
2026-04-05,I1,Cremonese,Bologna,2,0.1,adaptive_mondrian_g0.02,0,1,1
2026-04-05,I1,Pisa,Torino,2,0.1,adaptive_mondrian_g0.02,1,1,1
2026-04-05,F1,Monaco,Marseille,0,0.1,adaptive_mondrian_g0.02,1,1,1
2026-04-05,SP1,Alaves,Osasuna,1,0.1,adaptive_mondrian_g0.02,1,1,1
2026-04-05,SP1,Oviedo,Sevilla,0,0.1,adaptive_mondrian_g0.02,1,1,1
2026-04-05,SP1,Valencia,Celta,2,0.1,adaptive_mondrian_g0.02,1,1,1
2026-04-05,F1,Lorient,Paris FC,1,0.1,adaptive_mondrian_g0.02,1,1,1
2026-04-05,F1,Angers,Lyon,1,0.1,adaptive_mondrian_g0.02,0,1,1
2026-04-05,I1,Inter,Roma,0,0.1,adaptive_mondrian_g0.02,1,1,0
2026-04-05,F1,Metz,Nantes,1,0.1,adaptive_mondrian_g0.02,1,1,1
2026-04-05,D1,Ein Frankfurt,FC Koln,1,0.1,adaptive_mondrian_g0.02,1,1,1
2026-04-05,D1,Union Berlin,St Pauli,1,0.1,adaptive_mondrian_g0.02,1,1,1
2026-04-05,SP1,Getafe,Ath Bilbao,0,0.1,adaptive_mondrian_g0.02,0,1,1
2026-04-06,SP1,Girona,Villarreal,0,0.1,adaptive_mondrian_g0.02,1,1,1
2026-04-06,I1,Udinese,Como,1,0.1,adaptive_mondrian_g0.02,0,1,1
2026-04-06,I1,Juventus,Genoa,0,0.1,adaptive_mondrian_g0.02,1,1,0
2026-04-06,I1,Lecce,Atalanta,2,0.1,adaptive_mondrian_g0.02,0,1,1
2026-04-06,I1,Napoli,Milan,0,0.1,adaptive_mondrian_g0.02,1,1,1
2026-04-10,SP1,Real Madrid,Girona,1,0.1,adaptive_mondrian_g0.02,1,0,0
2026-04-10,F1,Marseille,Metz,0,0.1,adaptive_mondrian_g0.02,1,0,0
2026-04-10,F1,Paris FC,Monaco,0,0.1,adaptive_mondrian_g0.02,0,1,1
2026-04-10,E0,West Ham,Wolves,0,0.1,adaptive_mondrian_g0.02,1,1,0
2026-04-10,I1,Roma,Pisa,0,0.1,adaptive_mondrian_g0.02,1,0,0
2026-04-10,D1,Augsburg,Hoffenheim,1,0.1,adaptive_mondrian_g0.02,0,1,1
2026-04-11,SP1,Elche,Valencia,0,0.1,adaptive_mondrian_g0.02,1,1,1
2026-04-11,SP1,Sociedad,Alaves,1,0.1,adaptive_mondrian_g0.02,1,1,0
2026-04-11,D1,Heidenheim,Union Berlin,0,0.1,adaptive_mondrian_g0.02,1,1,1
2026-04-11,D1,Dortmund,Leverkusen,2,0.1,adaptive_mondrian_g0.02,1,1,1
2026-04-11,I1,Torino,Verona,0,0.1,adaptive_mondrian_g0.02,1,1,1
2026-04-11,E0,Brentford,Everton,1,0.1,adaptive_mondrian_g0.02,1,1,1
2026-04-11,SP1,Barcelona,Espanol,0,0.1,adaptive_mondrian_g0.02,1,0,0
2026-04-11,I1,Cagliari,Cremonese,0,0.1,adaptive_mondrian_g0.02,1,1,1
2026-04-11,E0,Arsenal,Bournemouth,2,0.1,adaptive_mondrian_g0.02,1,1,0
2026-04-11,E0,Liverpool,Fulham,0,0.1,adaptive_mondrian_g0.02,1,1,1
2026-04-11,E0,Burnley,Brighton,2,0.1,adaptive_mondrian_g0.02,0,1,1
2026-04-11,D1,RB Leipzig,M'gladbach,0,0.1,adaptive_mondrian_g0.02,1,1,0
2026-04-11,D1,Wolfsburg,Ein Frankfurt,2,0.1,adaptive_mondrian_g0.02,1,1,1
2026-04-11,D1,St Pauli,Bayern Munich,2,0.1,adaptive_mondrian_g0.02,0,0,1
2026-04-11,I1,Atalanta,Juventus,2,0.1,adaptive_mondrian_g0.02,1,1,1
2026-04-11,F1,Rennes,Angers,0,0.1,adaptive_mondrian_g0.02,1,1,0
2026-04-11,SP1,Sevilla,Ath Madrid,0,0.1,adaptive_mondrian_g0.02,1,1,1
2026-04-11,I1,Milan,Udinese,2,0.1,adaptive_mondrian_g0.02,1,1,0
2026-04-11,F1,Auxerre,Nantes,1,0.1,adaptive_mondrian_g0.02,1,1,1
2026-04-12,I1,Bologna,Lecce,0,0.1,adaptive_mondrian_g0.02,1,1,1
2026-04-12,E0,Chelsea,Man City,2,0.1,adaptive_mondrian_g0.02,0,1,1
2026-04-12,E0,Sunderland,Tottenham,0,0.1,adaptive_mondrian_g0.02,1,1,1
2026-04-12,E0,Nott'm Forest,Aston Villa,1,0.1,adaptive_mondrian_g0.02,1,1,1
2026-04-12,E0,Crystal Palace,Newcastle,0,0.1,adaptive_mondrian_g0.02,1,1,1
2026-04-12,I1,Como,Inter,2,0.1,adaptive_mondrian_g0.02,1,1,1
2026-04-12,I1,Genoa,Sassuolo,0,0.1,adaptive_mondrian_g0.02,1,1,1
2026-04-12,I1,Parma,Napoli,1,0.1,adaptive_mondrian_g0.02,0,1,1
2026-04-12,F1,Lyon,Lorient,0,0.1,adaptive_mondrian_g0.02,1,1,0
2026-04-12,SP1,Celta,Oviedo,2,0.1,adaptive_mondrian_g0.02,1,1,0
2026-04-12,F1,Nice,Le Havre,1,0.1,adaptive_mondrian_g0.02,1,1,1
2026-04-12,D1,FC Koln,Werder Bremen,0,0.1,adaptive_mondrian_g0.02,1,1,1
2026-04-12,D1,Stuttgart,Hamburg,0,0.1,adaptive_mondrian_g0.02,1,0,0
2026-04-12,D1,Mainz,Freiburg,2,0.1,adaptive_mondrian_g0.02,1,1,1
2026-04-12,SP1,Ath Bilbao,Villarreal,2,0.1,adaptive_mondrian_g0.02,1,1,1
2026-04-12,SP1,Mallorca,Vallecano,0,0.1,adaptive_mondrian_g0.02,1,1,1
2026-04-12,SP1,Osasuna,Betis,1,0.1,adaptive_mondrian_g0.02,1,1,1
2026-04-12,F1,Toulouse,Lille,2,0.1,adaptive_mondrian_g0.02,0,1,1
2026-04-13,SP1,Levante,Getafe,0,0.1,adaptive_mondrian_g0.02,1,1,1
2026-04-13,E0,Man United,Leeds,2,0.1,adaptive_mondrian_g0.02,1,1,0
2026-04-13,I1,Fiorentina,Lazio,0,0.1,adaptive_mondrian_g0.02,1,1,1
2026-04-17,D1,St Pauli,FC Koln,1,0.1,adaptive_mondrian_g0.02,1,1,1
2026-04-17,F1,Lens,Toulouse,0,0.1,adaptive_mondrian_g0.02,1,1,0
2026-04-17,I1,Sassuolo,Como,0,0.1,adaptive_mondrian_g0.02,0,1,1
2026-04-17,I1,Inter,Cagliari,0,0.1,adaptive_mondrian_g0.02,1,0,0
2026-04-18,E0,Brentford,Fulham,1,0.1,adaptive_mondrian_g0.02,1,1,1
2026-04-18,E0,Leeds,Wolves,0,0.1,adaptive_mondrian_g0.02,1,1,0
2026-04-18,D1,Ein Frankfurt,RB Leipzig,2,0.1,adaptive_mondrian_g0.02,1,1,1
2026-04-18,D1,Werder Bremen,Hamburg,0,0.1,adaptive_mondrian_g0.02,1,1,1
2026-04-18,D1,Union Berlin,Wolfsburg,2,0.1,adaptive_mondrian_g0.02,1,1,1
2026-04-18,D1,Leverkusen,Augsburg,2,0.1,adaptive_mondrian_g0.02,1,0,0
2026-04-18,D1,Hoffenheim,Dortmund,0,0.1,adaptive_mondrian_g0.02,1,1,1
2026-04-18,I1,Roma,Atalanta,1,0.1,adaptive_mondrian_g0.02,1,1,1
2026-04-18,I1,Udinese,Parma,2,0.1,adaptive_mondrian_g0.02,1,1,1
2026-04-18,I1,Napoli,Lazio,2,0.1,adaptive_mondrian_g0.02,1,1,0
2026-04-18,E0,Newcastle,Bournemouth,2,0.1,adaptive_mondrian_g0.02,1,1,1
2026-04-18,E0,Chelsea,Man United,2,0.1,adaptive_mondrian_g0.02,1,1,1
2026-04-18,F1,Lorient,Marseille,0,0.1,adaptive_mondrian_g0.02,0,1,1
2026-04-18,E0,Tottenham,Brighton,1,0.1,adaptive_mondrian_g0.02,1,1,1
2026-04-18,F1,Lille,Nice,1,0.1,adaptive_mondrian_g0.02,1,1,0
2026-04-18,F1,Angers,Le Havre,1,0.1,adaptive_mondrian_g0.02,0,1,1
2026-04-19,E0,Nott'm Forest,Burnley,0,0.1,adaptive_mondrian_g0.02,1,1,0
2026-04-19,F1,Nantes,Brest,1,0.1,adaptive_mondrian_g0.02,1,1,1
2026-04-19,I1,Juventus,Bologna,0,0.1,adaptive_mondrian_g0.02,1,1,0
2026-04-19,I1,Pisa,Genoa,2,0.1,adaptive_mondrian_g0.02,1,1,1
2026-04-19,I1,Verona,Milan,2,0.1,adaptive_mondrian_g0.02,0,1,1
2026-04-19,I1,Cremonese,Torino,1,0.1,adaptive_mondrian_g0.02,1,1,1
2026-04-19,D1,M'gladbach,Mainz,1,0.1,adaptive_mondrian_g0.02,1,1,1
2026-04-19,D1,Bayern Munich,Stuttgart,0,0.1,adaptive_mondrian_g0.02,1,0,1
2026-04-19,F1,Strasbourg,Rennes,2,0.1,adaptive_mondrian_g0.02,0,1,1
2026-04-19,F1,Metz,Paris FC,2,0.1,adaptive_mondrian_g0.02,1,1,1
2026-04-19,E0,Man City,Arsenal,0,0.1,adaptive_mondrian_g0.02,1,1,1
2026-04-19,E0,Aston Villa,Sunderland,0,0.1,adaptive_mondrian_g0.02,1,1,1
2026-04-19,E0,Everton,Liverpool,2,0.1,adaptive_mondrian_g0.02,1,1,1
2026-04-19,F1,Monaco,Auxerre,1,0.1,adaptive_mondrian_g0.02,1,1,1
2026-04-19,D1,Freiburg,Heidenheim,0,0.1,adaptive_mondrian_g0.02,1,1,1
2026-04-19,F1,Paris SG,Lyon,2,0.1,adaptive_mondrian_g0.02,1,0,0
2026-04-20,I1,Lecce,Fiorentina,1,0.1,adaptive_mondrian_g0.02,0,1,1
2026-04-20,E0,Crystal Palace,West Ham,1,0.1,adaptive_mondrian_g0.02,1,1,1
2026-04-21,SP1,Girona,Betis,2,0.1,adaptive_mondrian_g0.02,1,1,1
2026-04-21,SP1,Real Madrid,Alaves,0,0.1,adaptive_mondrian_g0.02,1,0,0
2026-04-21,E0,Brighton,Chelsea,0,0.1,adaptive_mondrian_g0.02,1,1,1
2026-04-21,SP1,Mallorca,Valencia,1,0.1,adaptive_mondrian_g0.02,1,1,1
2026-04-21,SP1,Ath Bilbao,Osasuna,0,0.1,adaptive_mondrian_g0.02,1,1,1
2026-04-22,SP1,Sociedad,Getafe,2,0.1,adaptive_mondrian_g0.02,1,1,1
2026-04-22,F1,Paris SG,Nantes,0,0.1,adaptive_mondrian_g0.02,1,0,0
2026-04-22,E0,Bournemouth,Leeds,1,0.1,adaptive_mondrian_g0.02,1,1,1
2026-04-22,E0,Burnley,Man City,2,0.1,adaptive_mondrian_g0.02,0,0,1
2026-04-22,SP1,Elche,Ath Madrid,0,0.1,adaptive_mondrian_g0.02,1,1,1
2026-04-22,SP1,Barcelona,Celta,0,0.1,adaptive_mondrian_g0.02,1,0,0
2026-04-23,SP1,Oviedo,Villarreal,1,0.1,adaptive_mondrian_g0.02,0,1,1
2026-04-23,SP1,Vallecano,Espanol,0,0.1,adaptive_mondrian_g0.02,1,1,1
2026-04-23,SP1,Levante,Sevilla,0,0.1,adaptive_mondrian_g0.02,1,1,1
2026-04-24,E0,Sunderland,Nott'm Forest,2,0.1,adaptive_mondrian_g0.02,1,1,1
2026-04-24,SP1,Betis,Real Madrid,1,0.1,adaptive_mondrian_g0.02,0,1,1
2026-04-24,D1,RB Leipzig,Union Berlin,0,0.1,adaptive_mondrian_g0.02,1,1,1
2026-04-24,F1,Brest,Lens,1,0.1,adaptive_mondrian_g0.02,0,1,1
2026-04-24,I1,Napoli,Cremonese,0,0.1,adaptive_mondrian_g0.02,1,0,0
2026-04-25,F1,Toulouse,Monaco,1,0.1,adaptive_mondrian_g0.02,0,1,1
2026-04-25,SP1,Valencia,Girona,0,0.1,adaptive_mondrian_g0.02,1,1,1
2026-04-25,SP1,Alaves,Mallorca,0,0.1,adaptive_mondrian_g0.02,1,1,1
2026-04-25,SP1,Ath Madrid,Ath Bilbao,0,0.1,adaptive_mondrian_g0.02,1,1,1
2026-04-25,SP1,Getafe,Barcelona,2,0.1,adaptive_mondrian_g0.02,0,1,1
2026-04-25,E0,Arsenal,Newcastle,0,0.1,adaptive_mondrian_g0.02,1,0,0
2026-04-25,E0,Wolves,Tottenham,2,0.1,adaptive_mondrian_g0.02,0,1,1
2026-04-25,E0,West Ham,Everton,0,0.1,adaptive_mondrian_g0.02,1,1,1
2026-04-25,F1,Lyon,Auxerre,0,0.1,adaptive_mondrian_g0.02,1,1,1
2026-04-25,F1,Angers,Paris SG,2,0.1,adaptive_mondrian_g0.02,0,0,1
2026-04-25,D1,Mainz,Bayern Munich,2,0.1,adaptive_mondrian_g0.02,0,1,1
2026-04-25,I1,Bologna,Roma,2,0.1,adaptive_mondrian_g0.02,0,1,1
2026-04-25,I1,Parma,Pisa,0,0.1,adaptive_mondrian_g0.02,1,1,1
2026-04-25,E0,Liverpool,Crystal Palace,0,0.1,adaptive_mondrian_g0.02,1,1,1
2026-04-25,D1,Wolfsburg,M'gladbach,1,0.1,adaptive_mondrian_g0.02,1,1,1
2026-04-25,D1,Heidenheim,St Pauli,0,0.1,adaptive_mondrian_g0.02,1,1,1
2026-04-25,D1,Hamburg,Hoffenheim,2,0.1,adaptive_mondrian_g0.02,0,1,1
2026-04-25,D1,Augsburg,Ein Frankfurt,1,0.1,adaptive_mondrian_g0.02,1,1,1
2026-04-25,E0,Fulham,Aston Villa,0,0.1,adaptive_mondrian_g0.02,1,1,1
2026-04-25,I1,Verona,Lecce,1,0.1,adaptive_mondrian_g0.02,1,1,1
2026-04-25,D1,FC Koln,Leverkusen,2,0.1,adaptive_mondrian_g0.02,0,1,1
2026-04-26,SP1,Vallecano,Sociedad,1,0.1,adaptive_mondrian_g0.02,1,1,1
2026-04-26,D1,Dortmund,Freiburg,0,0.1,adaptive_mondrian_g0.02,1,0,0
2026-04-26,F1,Marseille,Nice,1,0.1,adaptive_mondrian_g0.02,1,1,1
2026-04-26,F1,Rennes,Nantes,0,0.1,adaptive_mondrian_g0.02,1,0,0
2026-04-26,F1,Paris FC,Lille,2,0.1,adaptive_mondrian_g0.02,0,1,1
2026-04-26,D1,Stuttgart,Werder Bremen,1,0.1,adaptive_mondrian_g0.02,1,0,0
2026-04-26,F1,Le Havre,Metz,1,0.1,adaptive_mondrian_g0.02,1,1,1
2026-04-26,I1,Torino,Inter,1,0.1,adaptive_mondrian_g0.02,0,0,1
2026-04-26,SP1,Osasuna,Sevilla,0,0.1,adaptive_mondrian_g0.02,1,1,1
2026-04-26,I1,Milan,Juventus,1,0.1,adaptive_mondrian_g0.02,1,1,1
2026-04-26,I1,Genoa,Como,2,0.1,adaptive_mondrian_g0.02,0,1,1
2026-04-26,I1,Fiorentina,Sassuolo,1,0.1,adaptive_mondrian_g0.02,1,1,1
2026-04-26,SP1,Villarreal,Celta,0,0.1,adaptive_mondrian_g0.02,1,1,1
2026-04-26,F1,Lorient,Strasbourg,2,0.1,adaptive_mondrian_g0.02,1,1,1
2026-04-26,SP1,Oviedo,Elche,2,0.1,adaptive_mondrian_g0.02,1,1,1
2026-04-27,I1,Lazio,Udinese,1,0.1,adaptive_mondrian_g0.02,1,1,1
2026-04-27,SP1,Espanol,Levante,1,0.1,adaptive_mondrian_g0.02,1,1,1
2026-04-27,E0,Man United,Brentford,0,0.1,adaptive_mondrian_g0.02,1,1,1
2026-04-27,I1,Cagliari,Atalanta,0,0.1,adaptive_mondrian_g0.02,0,1,1
2026-05-01,SP1,Girona,Mallorca,2,0.1,adaptive_mondrian_g0.02,1,1,1
2026-05-01,I1,Pisa,Lecce,2,0.1,adaptive_mondrian_g0.02,0,1,1
2026-05-01,E0,Leeds,Burnley,0,0.1,adaptive_mondrian_g0.02,1,0,0
2026-05-02,F1,Nantes,Marseille,0,0.1,adaptive_mondrian_g0.02,0,1,1
2026-05-02,D1,Bayern Munich,Heidenheim,1,0.1,adaptive_mondrian_g0.02,1,0,0
2026-05-02,F1,Metz,Monaco,2,0.1,adaptive_mondrian_g0.02,0,0,1
2026-05-02,F1,Nice,Lens,1,0.1,adaptive_mondrian_g0.02,0,1,1
2026-05-02,D1,Ein Frankfurt,Hamburg,2,0.1,adaptive_mondrian_g0.02,1,1,1
2026-05-02,D1,Hoffenheim,Stuttgart,1,0.1,adaptive_mondrian_g0.02,1,1,1
2026-05-02,D1,Werder Bremen,Augsburg,2,0.1,adaptive_mondrian_g0.02,1,1,1
2026-05-02,D1,Leverkusen,RB Leipzig,0,0.1,adaptive_mondrian_g0.02,1,1,1
2026-05-02,F1,Paris SG,Lorient,1,0.1,adaptive_mondrian_g0.02,1,0,0
2026-05-02,I1,Atalanta,Genoa,1,0.1,adaptive_mondrian_g0.02,1,1,0
2026-05-02,D1,Union Berlin,FC Koln,1,0.1,adaptive_mondrian_g0.02,1,1,1
2026-05-02,I1,Como,Napoli,1,0.1,adaptive_mondrian_g0.02,1,1,1
2026-05-02,I1,Udinese,Torino,0,0.1,adaptive_mondrian_g0.02,1,1,1
2026-05-02,SP1,Alaves,Ath Bilbao,2,0.1,adaptive_mondrian_g0.02,1,1,1
2026-05-02,SP1,Valencia,Ath Madrid,2,0.1,adaptive_mondrian_g0.02,1,1,1
2026-05-02,SP1,Villarreal,Levante,0,0.1,adaptive_mondrian_g0.02,1,1,1
2026-05-02,SP1,Osasuna,Barcelona,2,0.1,adaptive_mondrian_g0.02,0,1,1
2026-05-02,E0,Newcastle,Brighton,0,0.1,adaptive_mondrian_g0.02,1,1,1
2026-05-02,E0,Wolves,Sunderland,1,0.1,adaptive_mondrian_g0.02,0,1,1
2026-05-02,E0,Arsenal,Fulham,0,0.1,adaptive_mondrian_g0.02,1,1,0
2026-05-02,E0,Brentford,West Ham,0,0.1,adaptive_mondrian_g0.02,1,1,1
2026-05-03,E0,Aston Villa,Tottenham,2,0.1,adaptive_mondrian_g0.02,1,1,1
2026-05-03,I1,Bologna,Cagliari,1,0.1,adaptive_mondrian_g0.02,1,1,1
2026-05-03,I1,Sassuolo,Milan,0,0.1,adaptive_mondrian_g0.02,0,1,1
2026-05-03,I1,Juventus,Verona,1,0.1,adaptive_mondrian_g0.02,1,0,0
2026-05-03,I1,Inter,Parma,0,0.1,adaptive_mondrian_g0.02,1,0,0
2026-05-03,SP1,Betis,Oviedo,0,0.1,adaptive_mondrian_g0.02,1,1,0
2026-05-03,SP1,Espanol,Real Madrid,2,0.1,adaptive_mondrian_g0.02,0,1,1
2026-05-03,SP1,Getafe,Vallecano,2,0.1,adaptive_mondrian_g0.02,1,1,1
2026-05-03,E0,Man United,Liverpool,0,0.1,adaptive_mondrian_g0.02,1,1,1
2026-05-03,D1,Freiburg,Wolfsburg,1,0.1,adaptive_mondrian_g0.02,1,1,1
2026-05-03,F1,Lyon,Rennes,0,0.1,adaptive_mondrian_g0.02,1,1,1
2026-05-03,F1,Strasbourg,Toulouse,2,0.1,adaptive_mondrian_g0.02,0,1,1
2026-05-03,F1,Paris FC,Brest,0,0.1,adaptive_mondrian_g0.02,1,1,1
2026-05-03,F1,Auxerre,Angers,0,0.1,adaptive_mondrian_g0.02,1,1,1
2026-05-03,F1,Lille,Le Havre,1,0.1,adaptive_mondrian_g0.02,1,1,0
2026-05-03,D1,St Pauli,Mainz,2,0.1,adaptive_mondrian_g0.02,0,1,1
2026-05-03,D1,M'gladbach,Dortmund,0,0.1,adaptive_mondrian_g0.02,0,1,1
2026-05-03,E0,Bournemouth,Crystal Palace,0,0.1,adaptive_mondrian_g0.02,1,1,0
2026-05-03,SP1,Celta,Elche,0,0.1,adaptive_mondrian_g0.02,1,1,1
2026-05-04,I1,Roma,Fiorentina,0,0.1,adaptive_mondrian_g0.02,1,1,0
2026-05-04,E0,Everton,Man City,1,0.1,adaptive_mondrian_g0.02,0,1,1
2026-05-04,E0,Chelsea,Nott'm Forest,2,0.1,adaptive_mondrian_g0.02,1,1,0
2026-05-04,I1,Cremonese,Lazio,2,0.1,adaptive_mondrian_g0.02,0,1,1
2026-05-04,SP1,Sevilla,Sociedad,0,0.1,adaptive_mondrian_g0.02,1,1,1
2026-05-08,F1,Lens,Nantes,0,0.1,adaptive_mondrian_g0.02,1,1,0
2026-05-08,D1,Dortmund,Ein Frankfurt,0,0.1,adaptive_mondrian_g0.02,1,1,1
2026-05-08,I1,Torino,Sassuolo,0,0.1,adaptive_mondrian_g0.02,1,1,1
2026-05-08,SP1,Levante,Osasuna,0,0.1,adaptive_mondrian_g0.02,1,1,1
2026-05-09,I1,Cagliari,Udinese,2,0.1,adaptive_mondrian_g0.02,1,1,1
2026-05-09,SP1,Sociedad,Betis,1,0.1,adaptive_mondrian_g0.02,1,1,1
2026-05-09,SP1,Ath Madrid,Celta,2,0.1,adaptive_mondrian_g0.02,1,1,1
2026-05-09,SP1,Sevilla,Espanol,0,0.1,adaptive_mondrian_g0.02,1,1,1
2026-05-09,SP1,Elche,Alaves,1,0.1,adaptive_mondrian_g0.02,1,1,1
2026-05-09,D1,RB Leipzig,St Pauli,0,0.1,adaptive_mondrian_g0.02,1,0,0
2026-05-09,I1,Lecce,Juventus,2,0.1,adaptive_mondrian_g0.02,0,1,1
2026-05-09,D1,Augsburg,M'gladbach,0,0.1,adaptive_mondrian_g0.02,1,1,1
2026-05-09,E0,Brighton,Wolves,0,0.1,adaptive_mondrian_g0.02,1,0,0
2026-05-09,E0,Sunderland,Man United,1,0.1,adaptive_mondrian_g0.02,0,1,1
2026-05-09,E0,Fulham,Bournemouth,2,0.1,adaptive_mondrian_g0.02,1,1,1
2026-05-09,E0,Liverpool,Chelsea,1,0.1,adaptive_mondrian_g0.02,1,1,1
2026-05-09,D1,Wolfsburg,Bayern Munich,2,0.1,adaptive_mondrian_g0.02,0,0,1
2026-05-09,D1,Stuttgart,Leverkusen,0,0.1,adaptive_mondrian_g0.02,1,1,1
2026-05-09,D1,Hoffenheim,Werder Bremen,0,0.1,adaptive_mondrian_g0.02,1,1,0
2026-05-09,I1,Lazio,Inter,2,0.1,adaptive_mondrian_g0.02,0,1,1
2026-05-09,E0,Man City,Brentford,0,0.1,adaptive_mondrian_g0.02,1,0,0
2026-05-10,D1,FC Koln,Heidenheim,2,0.1,adaptive_mondrian_g0.02,1,1,1
2026-05-10,E0,West Ham,Arsenal,2,0.1,adaptive_mondrian_g0.02,0,1,1
2026-05-10,F1,Paris SG,Brest,0,0.1,adaptive_mondrian_g0.02,1,0,0
2026-05-10,F1,Rennes,Paris FC,0,0.1,adaptive_mondrian_g0.02,1,1,0
2026-05-10,SP1,Mallorca,Villarreal,1,0.1,adaptive_mondrian_g0.02,1,1,1
2026-05-10,D1,Hamburg,Freiburg,0,0.1,adaptive_mondrian_g0.02,0,1,1
2026-05-10,SP1,Oviedo,Getafe,1,0.1,adaptive_mondrian_g0.02,1,1,1
2026-05-10,SP1,Barcelona,Real Madrid,0,0.1,adaptive_mondrian_g0.02,1,1,1
2026-05-10,D1,Mainz,Union Berlin,2,0.1,adaptive_mondrian_g0.02,1,1,1
2026-05-10,F1,Monaco,Lille,2,0.1,adaptive_mondrian_g0.02,1,1,1
2026-05-10,SP1,Ath Bilbao,Valencia,2,0.1,adaptive_mondrian_g0.02,1,1,0
2026-05-10,F1,Metz,Lorient,2,0.1,adaptive_mondrian_g0.02,0,1,1
2026-05-10,F1,Angers,Strasbourg,1,0.1,adaptive_mondrian_g0.02,1,1,1
2026-05-10,F1,Auxerre,Nice,0,0.1,adaptive_mondrian_g0.02,1,1,1
2026-05-10,I1,Milan,Atalanta,2,0.1,adaptive_mondrian_g0.02,1,1,1
2026-05-10,F1,Toulouse,Lyon,0,0.1,adaptive_mondrian_g0.02,0,1,1
2026-05-10,E0,Nott'm Forest,Newcastle,1,0.1,adaptive_mondrian_g0.02,0,1,1
2026-05-10,E0,Crystal Palace,Everton,1,0.1,adaptive_mondrian_g0.02,1,1,1
2026-05-10,E0,Burnley,Aston Villa,1,0.1,adaptive_mondrian_g0.02,0,1,1
2026-05-10,I1,Verona,Como,2,0.1,adaptive_mondrian_g0.02,0,1,1
2026-05-10,I1,Cremonese,Pisa,0,0.1,adaptive_mondrian_g0.02,1,1,1
2026-05-10,I1,Fiorentina,Genoa,1,0.1,adaptive_mondrian_g0.02,1,1,1
2026-05-10,I1,Parma,Roma,2,0.1,adaptive_mondrian_g0.02,0,1,1
2026-05-10,F1,Le Havre,Marseille,2,0.1,adaptive_mondrian_g0.02,0,1,1
2026-05-11,E0,Tottenham,Leeds,1,0.1,adaptive_mondrian_g0.02,1,1,1
2026-05-11,SP1,Vallecano,Girona,1,0.1,adaptive_mondrian_g0.02,1,1,1
2026-05-11,I1,Napoli,Bologna,2,0.1,adaptive_mondrian_g0.02,1,1,0
2026-05-12,SP1,Osasuna,Ath Madrid,2,0.1,adaptive_mondrian_g0.02,1,1,1
2026-05-12,SP1,Betis,Elche,0,0.1,adaptive_mondrian_g0.02,1,1,1
2026-05-12,SP1,Celta,Levante,2,0.1,adaptive_mondrian_g0.02,1,1,1
2026-05-13,E0,Man City,Crystal Palace,0,0.1,adaptive_mondrian_g0.02,1,0,0
2026-05-13,SP1,Espanol,Ath Bilbao,0,0.1,adaptive_mondrian_g0.02,1,1,1
2026-05-13,SP1,Villarreal,Sevilla,2,0.1,adaptive_mondrian_g0.02,1,1,1
2026-05-13,SP1,Alaves,Barcelona,0,0.1,adaptive_mondrian_g0.02,0,1,1
2026-05-13,SP1,Getafe,Mallorca,0,0.1,adaptive_mondrian_g0.02,1,1,1
2026-05-13,F1,Lens,Paris SG,2,0.1,adaptive_mondrian_g0.02,0,1,1
2026-05-13,F1,Brest,Strasbourg,2,0.1,adaptive_mondrian_g0.02,0,1,1
2026-05-14,SP1,Girona,Sociedad,1,0.1,adaptive_mondrian_g0.02,1,1,1
2026-05-14,SP1,Real Madrid,Oviedo,0,0.1,adaptive_mondrian_g0.02,1,0,0
2026-05-14,SP1,Valencia,Vallecano,1,0.1,adaptive_mondrian_g0.02,1,1,1
2026-05-15,E0,Aston Villa,Liverpool,0,0.1,adaptive_mondrian_g0.02,1,1,1
2026-05-16,D1,Union Berlin,Augsburg,0,0.1,adaptive_mondrian_g0.02,1,1,1
2026-05-16,D1,M'gladbach,Hoffenheim,0,0.1,adaptive_mondrian_g0.02,0,1,1
2026-05-16,D1,Bayern Munich,FC Koln,0,0.1,adaptive_mondrian_g0.02,1,0,0
2026-05-16,D1,Ein Frankfurt,Stuttgart,1,0.1,adaptive_mondrian_g0.02,0,1,1
2026-05-16,D1,Freiburg,RB Leipzig,0,0.1,adaptive_mondrian_g0.02,1,1,1
2026-05-16,D1,Heidenheim,Mainz,2,0.1,adaptive_mondrian_g0.02,1,1,1
2026-05-16,D1,Leverkusen,Hamburg,1,0.1,adaptive_mondrian_g0.02,1,0,0
2026-05-16,D1,Werder Bremen,Dortmund,2,0.1,adaptive_mondrian_g0.02,0,1,1
2026-05-16,D1,St Pauli,Wolfsburg,2,0.1,adaptive_mondrian_g0.02,1,1,1
2026-05-17,E0,Wolves,Fulham,1,0.1,adaptive_mondrian_g0.02,0,1,1
2026-05-17,E0,Leeds,Brighton,0,0.1,adaptive_mondrian_g0.02,0,1,1
2026-05-17,E0,Everton,Sunderland,2,0.1,adaptive_mondrian_g0.02,1,1,1
2026-05-17,I1,Como,Parma,0,0.1,adaptive_mondrian_g0.02,1,0,0
2026-05-17,F1,Paris FC,Paris SG,0,0.1,adaptive_mondrian_g0.02,0,0,1
2026-05-17,E0,Newcastle,West Ham,0,0.1,adaptive_mondrian_g0.02,1,1,1
2026-05-17,SP1,Ath Bilbao,Celta,1,0.1,adaptive_mondrian_g0.02,1,1,1
2026-05-17,F1,Strasbourg,Monaco,0,0.1,adaptive_mondrian_g0.02,0,1,1
2026-05-17,SP1,Vallecano,Villarreal,0,0.1,adaptive_mondrian_g0.02,1,1,1
2026-05-17,SP1,Elche,Getafe,0,0.1,adaptive_mondrian_g0.02,1,1,1
2026-05-17,SP1,Oviedo,Alaves,2,0.1,adaptive_mondrian_g0.02,0,1,1
2026-05-17,SP1,Sevilla,Real Madrid,2,0.1,adaptive_mondrian_g0.02,0,1,1
2026-05-17,SP1,Sociedad,Valencia,2,0.1,adaptive_mondrian_g0.02,1,1,1
2026-05-17,SP1,Barcelona,Betis,0,0.1,adaptive_mondrian_g0.02,1,0,0
2026-05-17,SP1,Osasuna,Espanol,2,0.1,adaptive_mondrian_g0.02,1,1,1
2026-05-17,SP1,Levante,Mallorca,0,0.1,adaptive_mondrian_g0.02,1,1,1
2026-05-17,I1,Genoa,Milan,2,0.1,adaptive_mondrian_g0.02,0,1,1
2026-05-17,I1,Pisa,Napoli,2,0.1,adaptive_mondrian_g0.02,0,1,1
2026-05-17,I1,Juventus,Fiorentina,2,0.1,adaptive_mondrian_g0.02,1,0,0
2026-05-17,SP1,Ath Madrid,Girona,0,0.1,adaptive_mondrian_g0.02,1,1,1
2026-05-17,E0,Brentford,Crystal Palace,1,0.1,adaptive_mondrian_g0.02,1,1,1
2026-05-17,F1,Nantes,Toulouse,1,0.1,adaptive_mondrian_g0.02,1,1,1
2026-05-17,F1,Nice,Metz,1,0.1,adaptive_mondrian_g0.02,1,0,0
2026-05-17,F1,Lyon,Lens,2,0.1,adaptive_mondrian_g0.02,1,1,0
2026-05-17,F1,Lorient,Le Havre,2,0.1,adaptive_mondrian_g0.02,1,1,1
2026-05-17,E0,Man United,Nott'm Forest,0,0.1,adaptive_mondrian_g0.02,1,1,0
2026-05-17,F1,Marseille,Rennes,0,0.1,adaptive_mondrian_g0.02,1,1,1
2026-05-17,F1,Brest,Angers,1,0.1,adaptive_mondrian_g0.02,1,1,1
2026-05-17,I1,Udinese,Cremonese,2,0.1,adaptive_mondrian_g0.02,1,1,1
2026-05-17,I1,Sassuolo,Lecce,2,0.1,adaptive_mondrian_g0.02,1,1,1
2026-05-17,I1,Cagliari,Torino,0,0.1,adaptive_mondrian_g0.02,1,1,1
2026-05-17,I1,Atalanta,Bologna,2,0.1,adaptive_mondrian_g0.02,1,1,1
2026-05-17,I1,Inter,Verona,1,0.1,adaptive_mondrian_g0.02,1,0,0
2026-05-17,I1,Roma,Lazio,0,0.1,adaptive_mondrian_g0.02,1,1,0
2026-05-17,F1,Lille,Auxerre,2,0.1,adaptive_mondrian_g0.02,1,1,0
2026-05-18,E0,Arsenal,Burnley,0,0.1,adaptive_mondrian_g0.02,1,0,0
2026-05-19,E0,Chelsea,Tottenham,0,0.1,adaptive_mondrian_g0.02,1,1,1
2026-05-19,E0,Bournemouth,Man City,1,0.1,adaptive_mondrian_g0.02,0,1,1
2026-05-22,I1,Fiorentina,Atalanta,1,0.1,adaptive_mondrian_g0.02,1,1,1
2026-05-23,I1,Bologna,Inter,1,0.1,adaptive_mondrian_g0.02,1,1,1
2026-05-23,SP1,Valencia,Barcelona,0,0.1,adaptive_mondrian_g0.02,1,1,1
2026-05-23,SP1,Betis,Levante,0,0.1,adaptive_mondrian_g0.02,1,1,1
2026-05-23,SP1,Alaves,Vallecano,2,0.1,adaptive_mondrian_g0.02,1,1,1
2026-05-23,SP1,Celta,Sevilla,0,0.1,adaptive_mondrian_g0.02,1,1,1
2026-05-23,SP1,Girona,Elche,1,0.1,adaptive_mondrian_g0.02,1,1,1
2026-05-23,SP1,Getafe,Osasuna,0,0.1,adaptive_mondrian_g0.02,1,1,1
2026-05-23,SP1,Mallorca,Oviedo,0,0.1,adaptive_mondrian_g0.02,1,1,0
2026-05-23,I1,Lazio,Pisa,0,0.1,adaptive_mondrian_g0.02,1,1,1
2026-05-23,SP1,Real Madrid,Ath Bilbao,0,0.1,adaptive_mondrian_g0.02,1,1,1
2026-05-23,SP1,Espanol,Sociedad,1,0.1,adaptive_mondrian_g0.02,1,1,1
2026-05-24,E0,Fulham,Newcastle,0,0.1,adaptive_mondrian_g0.02,1,1,1
2026-05-24,E0,Liverpool,Brentford,1,0.1,adaptive_mondrian_g0.02,1,1,1
2026-05-24,E0,Man City,Aston Villa,2,0.1,adaptive_mondrian_g0.02,1,1,0
2026-05-24,E0,Nott'm Forest,Bournemouth,1,0.1,adaptive_mondrian_g0.02,0,1,1
2026-05-24,E0,Sunderland,Chelsea,0,0.1,adaptive_mondrian_g0.02,1,1,1
2026-05-24,E0,Tottenham,Everton,0,0.1,adaptive_mondrian_g0.02,1,1,1
2026-05-24,I1,Verona,Roma,2,0.1,adaptive_mondrian_g0.02,0,1,1
2026-05-24,E0,Burnley,Wolves,1,0.1,adaptive_mondrian_g0.02,1,1,1
2026-05-24,I1,Milan,Cagliari,2,0.1,adaptive_mondrian_g0.02,1,1,0
2026-05-24,I1,Lecce,Genoa,0,0.1,adaptive_mondrian_g0.02,1,1,1
2026-05-24,I1,Cremonese,Como,2,0.1,adaptive_mondrian_g0.02,0,1,1
2026-05-24,I1,Napoli,Udinese,0,0.1,adaptive_mondrian_g0.02,1,1,0
2026-05-24,I1,Parma,Sassuolo,0,0.1,adaptive_mondrian_g0.02,1,1,1
2026-05-24,E0,Crystal Palace,Arsenal,2,0.1,adaptive_mondrian_g0.02,0,1,1
2026-05-24,E0,Brighton,Man United,2,0.1,adaptive_mondrian_g0.02,1,1,1
2026-05-24,E0,West Ham,Leeds,0,0.1,adaptive_mondrian_g0.02,1,1,1
2026-05-24,I1,Torino,Juventus,1,0.1,adaptive_mondrian_g0.02,0,1,1
2026-05-24,SP1,Villarreal,Ath Madrid,0,0.1,adaptive_mondrian_g0.02,1,1,1
2025-08-15,SP1,Girona,Vallecano,2,0.2,marginal,1,1,1
2025-08-15,E0,Liverpool,Bournemouth,0,0.2,marginal,1,0,0
2025-08-15,F1,Rennes,Marseille,0,0.2,marginal,0,1,1
2025-08-15,SP1,Villarreal,Oviedo,0,0.2,marginal,1,0,0
2025-08-16,SP1,Valencia,Sociedad,1,0.2,marginal,1,1,1
2025-08-16,F1,Monaco,Le Havre,0,0.2,marginal,1,0,0
2025-08-16,F1,Nice,Toulouse,2,0.2,marginal,1,1,0
2025-08-16,F1,Lens,Lyon,2,0.2,marginal,1,1,1
2025-08-16,SP1,Mallorca,Barcelona,2,0.2,marginal,0,0,1
2025-08-16,E0,Aston Villa,Newcastle,1,0.2,marginal,1,1,1
2025-08-16,SP1,Alaves,Levante,0,0.2,marginal,1,1,0
2025-08-16,E0,Wolves,Man City,2,0.2,marginal,0,0,1
2025-08-16,E0,Tottenham,Burnley,0,0.2,marginal,1,0,0
2025-08-16,E0,Sunderland,West Ham,0,0.2,marginal,1,1,1
2025-08-16,E0,Brighton,Fulham,1,0.2,marginal,1,1,0
2025-08-17,F1,Auxerre,Lorient,0,0.2,marginal,1,1,1
2025-08-17,SP1,Espanol,Ath Madrid,0,0.2,marginal,0,0,1
2025-08-17,SP1,Ath Bilbao,Sevilla,0,0.2,marginal,1,0,0
2025-08-17,SP1,Celta,Getafe,2,0.2,marginal,1,1,0
2025-08-17,E0,Man United,Arsenal,2,0.2,marginal,0,1,1
2025-08-17,F1,Angers,Paris FC,0,0.2,marginal,1,1,1
2025-08-17,E0,Nott'm Forest,Brentford,0,0.2,marginal,1,1,0
2025-08-17,E0,Chelsea,Crystal Palace,1,0.2,marginal,1,0,0
2025-08-17,F1,Metz,Strasbourg,2,0.2,marginal,0,1,1
2025-08-17,F1,Brest,Lille,1,0.2,marginal,1,1,1
2025-08-17,F1,Nantes,Paris SG,2,0.2,marginal,0,0,1
2025-08-18,SP1,Elche,Betis,1,0.2,marginal,1,1,1
2025-08-18,E0,Leeds,Everton,0,0.2,marginal,1,1,1
2025-08-19,SP1,Real Madrid,Osasuna,0,0.2,marginal,1,0,0
2025-08-22,F1,Paris SG,Angers,0,0.2,marginal,1,0,0
2025-08-22,E0,West Ham,Chelsea,2,0.2,marginal,0,0,1
2025-08-22,D1,Bayern Munich,RB Leipzig,0,0.2,marginal,1,0,0
2025-08-22,SP1,Betis,Alaves,0,0.2,marginal,1,1,0
2025-08-23,I1,Genoa,Lecce,1,0.2,marginal,1,1,0
2025-08-23,I1,Milan,Cremonese,2,0.2,marginal,1,0,0
2025-08-23,E0,Bournemouth,Wolves,0,0.2,marginal,1,1,0
2025-08-23,D1,Ein Frankfurt,Werder Bremen,0,0.2,marginal,1,0,0
2025-08-23,D1,Freiburg,Augsburg,2,0.2,marginal,1,1,0
2025-08-23,F1,Marseille,Paris FC,0,0.2,marginal,1,0,0
2025-08-23,F1,Lyon,Metz,0,0.2,marginal,1,0,0
2025-08-23,F1,Nice,Auxerre,0,0.2,marginal,1,1,0
2025-08-23,SP1,Ath Madrid,Elche,1,0.2,marginal,1,0,0
2025-08-23,SP1,Levante,Barcelona,2,0.2,marginal,0,0,1
2025-08-23,I1,Sassuolo,Napoli,2,0.2,marginal,0,1,1
2025-08-23,E0,Brentford,Aston Villa,0,0.2,marginal,1,1,1
2025-08-23,E0,Man City,Tottenham,2,0.2,marginal,1,0,0
2025-08-23,I1,Roma,Bologna,0,0.2,marginal,1,1,1
2025-08-23,D1,Leverkusen,Hoffenheim,2,0.2,marginal,1,0,0
2025-08-23,D1,Union Berlin,Stuttgart,0,0.2,marginal,0,0,1
2025-08-23,D1,Heidenheim,Wolfsburg,2,0.2,marginal,1,1,1
2025-08-23,SP1,Mallorca,Celta,1,0.2,marginal,1,1,1
2025-08-23,E0,Arsenal,Leeds,0,0.2,marginal,1,0,0
2025-08-23,E0,Burnley,Sunderland,0,0.2,marginal,1,1,1
2025-08-23,D1,St Pauli,Dortmund,1,0.2,marginal,0,1,1
2025-08-24,SP1,Sociedad,Espanol,1,0.2,marginal,1,1,0
2025-08-24,E0,Everton,Brighton,0,0.2,marginal,1,1,1
2025-08-24,SP1,Oviedo,Real Madrid,2,0.2,marginal,0,0,1
2025-08-24,SP1,Villarreal,Girona,0,0.2,marginal,1,0,0
2025-08-24,I1,Cagliari,Fiorentina,1,0.2,marginal,1,1,1
2025-08-24,I1,Como,Lazio,0,0.2,marginal,1,1,1
2025-08-24,E0,Crystal Palace,Nott'm Forest,1,0.2,marginal,1,1,1
2025-08-24,E0,Fulham,Man United,1,0.2,marginal,1,1,1
2025-08-24,F1,Lille,Monaco,0,0.2,marginal,1,1,1
2025-08-24,I1,Juventus,Parma,0,0.2,marginal,1,0,0
2025-08-24,D1,M'gladbach,Hamburg,1,0.2,marginal,1,0,1
2025-08-24,D1,Mainz,FC Koln,2,0.2,marginal,1,1,1
2025-08-24,F1,Toulouse,Brest,0,0.2,marginal,1,1,1
2025-08-24,F1,Strasbourg,Nantes,0,0.2,marginal,1,1,0
2025-08-24,F1,Le Havre,Lens,2,0.2,marginal,0,1,1
2025-08-24,F1,Lorient,Rennes,0,0.2,marginal,1,1,1
2025-08-24,SP1,Osasuna,Valencia,0,0.2,marginal,1,1,1
2025-08-24,I1,Atalanta,Pisa,1,0.2,marginal,1,0,0
2025-08-25,SP1,Ath Bilbao,Vallecano,0,0.2,marginal,1,1,0
2025-08-25,SP1,Sevilla,Getafe,2,0.2,marginal,1,1,0
2025-08-25,E0,Newcastle,Liverpool,2,0.2,marginal,1,1,1
2025-08-25,I1,Inter,Torino,0,0.2,marginal,1,0,0
2025-08-25,I1,Udinese,Verona,1,0.2,marginal,1,1,0
2025-08-27,SP1,Celta,Betis,1,0.2,marginal,1,1,1
2025-08-29,F1,Lens,Brest,0,0.2,marginal,1,1,0
2025-08-29,D1,Hamburg,St Pauli,2,0.2,marginal,1,1,1
2025-08-29,SP1,Valencia,Getafe,0,0.2,marginal,1,1,1
2025-08-29,SP1,Elche,Levante,0,0.2,marginal,1,1,1
2025-08-29,I1,Lecce,Milan,2,0.2,marginal,0,0,1
2025-08-29,I1,Cremonese,Sassuolo,0,0.2,marginal,1,1,1
2025-08-30,SP1,Real Madrid,Mallorca,0,0.2,marginal,1,0,0
2025-08-30,I1,Pisa,Roma,2,0.2,marginal,0,1,1
2025-08-30,F1,Nantes,Auxerre,0,0.2,marginal,1,1,1
2025-08-30,F1,Toulouse,Paris SG,2,0.2,marginal,0,0,1
2025-08-30,D1,Augsburg,Bayern Munich,2,0.2,marginal,0,0,1
2025-08-30,D1,Werder Bremen,Leverkusen,1,0.2,marginal,1,0,1
2025-08-30,D1,Stuttgart,M'gladbach,0,0.2,marginal,1,0,0
2025-08-30,D1,RB Leipzig,Heidenheim,0,0.2,marginal,1,0,0
2025-08-30,D1,Hoffenheim,Ein Frankfurt,2,0.2,marginal,1,0,1
2025-08-30,SP1,Girona,Sevilla,2,0.2,marginal,1,1,1
2025-08-30,F1,Lorient,Lille,2,0.2,marginal,1,1,1
2025-08-30,E0,Chelsea,Fulham,0,0.2,marginal,1,0,0
2025-08-30,E0,Sunderland,Brentford,0,0.2,marginal,1,1,1
2025-08-30,I1,Parma,Atalanta,1,0.2,marginal,0,0,1
2025-08-30,SP1,Alaves,Ath Madrid,1,0.2,marginal,0,1,1
2025-08-30,I1,Bologna,Como,0,0.2,marginal,1,1,1
2025-08-30,I1,Napoli,Cagliari,0,0.2,marginal,1,0,0
2025-08-30,E0,Wolves,Everton,2,0.2,marginal,1,1,1
2025-08-30,E0,Tottenham,Bournemouth,2,0.2,marginal,1,0,0
2025-08-30,SP1,Oviedo,Sociedad,0,0.2,marginal,1,1,1
2025-08-30,E0,Man United,Burnley,0,0.2,marginal,1,0,0
2025-08-30,E0,Leeds,Newcastle,1,0.2,marginal,0,1,1
2025-08-31,I1,Inter,Udinese,2,0.2,marginal,1,0,0
2025-08-31,SP1,Vallecano,Barcelona,1,0.2,marginal,0,0,1
2025-08-31,F1,Lyon,Marseille,0,0.2,marginal,1,1,1
2025-08-31,F1,Paris FC,Metz,0,0.2,marginal,1,0,0
2025-08-31,F1,Monaco,Strasbourg,0,0.2,marginal,1,0,0
2025-08-31,F1,Le Havre,Nice,0,0.2,marginal,1,1,1
2025-08-31,I1,Genoa,Juventus,2,0.2,marginal,0,1,1
2025-08-31,I1,Torino,Fiorentina,1,0.2,marginal,1,1,1
2025-08-31,D1,Wolfsburg,Mainz,1,0.2,marginal,1,1,1
2025-08-31,E0,Nott'm Forest,West Ham,2,0.2,marginal,1,0,0
2025-08-31,D1,Dortmund,Union Berlin,0,0.2,marginal,1,0,0
2025-08-31,SP1,Espanol,Osasuna,0,0.2,marginal,1,1,1
2025-08-31,E0,Aston Villa,Crystal Palace,2,0.2,marginal,1,1,1
2025-08-31,E0,Brighton,Man City,0,0.2,marginal,1,1,1
2025-08-31,I1,Lazio,Verona,0,0.2,marginal,1,0,0
2025-08-31,D1,FC Koln,Freiburg,0,0.2,marginal,1,1,1
2025-08-31,SP1,Betis,Ath Bilbao,2,0.2,marginal,1,1,1
2025-08-31,E0,Liverpool,Arsenal,0,0.2,marginal,1,1,1
2025-08-31,SP1,Celta,Villarreal,1,0.2,marginal,1,1,1
2025-08-31,F1,Angers,Rennes,1,0.2,marginal,0,1,1
2025-09-12,D1,Leverkusen,Ein Frankfurt,0,0.2,marginal,1,1,1
2025-09-12,F1,Marseille,Lorient,0,0.2,marginal,1,0,0
2025-09-12,SP1,Sevilla,Elche,1,0.2,marginal,1,1,0
2025-09-13,SP1,Sociedad,Real Madrid,2,0.2,marginal,0,0,1
2025-09-13,E0,Bournemouth,Brighton,0,0.2,marginal,1,1,1
2025-09-13,E0,Crystal Palace,Sunderland,1,0.2,marginal,1,1,0
2025-09-13,E0,Everton,Aston Villa,1,0.2,marginal,1,1,1
2025-09-13,E0,Fulham,Leeds,0,0.2,marginal,1,1,0
2025-09-13,E0,Newcastle,Wolves,0,0.2,marginal,1,0,0
2025-09-13,SP1,Getafe,Oviedo,0,0.2,marginal,1,1,0
2025-09-13,SP1,Ath Bilbao,Alaves,2,0.2,marginal,1,1,0
2025-09-13,SP1,Ath Madrid,Villarreal,0,0.2,marginal,1,0,0
2025-09-13,I1,Cagliari,Parma,0,0.2,marginal,1,1,1
2025-09-13,E0,West Ham,Tottenham,2,0.2,marginal,1,1,1
2025-09-13,I1,Juventus,Inter,0,0.2,marginal,1,1,1
2025-09-13,E0,Arsenal,Nott'm Forest,0,0.2,marginal,1,0,0
2025-09-13,F1,Auxerre,Monaco,2,0.2,marginal,0,0,1
2025-09-13,I1,Fiorentina,Napoli,2,0.2,marginal,0,1,1
2025-09-13,D1,Heidenheim,Dortmund,2,0.2,marginal,0,0,1
2025-09-13,D1,Mainz,RB Leipzig,2,0.2,marginal,1,0,1
2025-09-13,D1,Union Berlin,Hoffenheim,2,0.2,marginal,1,1,1
2025-09-13,D1,Freiburg,Stuttgart,0,0.2,marginal,1,1,1
2025-09-13,F1,Nice,Nantes,0,0.2,marginal,1,0,0
2025-09-13,D1,Bayern Munich,Hamburg,0,0.2,marginal,1,0,0
2025-09-13,E0,Brentford,Chelsea,1,0.2,marginal,0,0,1
2025-09-13,D1,Wolfsburg,FC Koln,1,0.2,marginal,1,1,0
2025-09-14,I1,Roma,Torino,2,0.2,marginal,1,0,0
2025-09-14,I1,Pisa,Udinese,2,0.2,marginal,1,1,1
2025-09-14,I1,Milan,Bologna,0,0.2,marginal,1,1,0
2025-09-14,D1,M'gladbach,Werder Bremen,2,0.2,marginal,1,0,1
2025-09-14,SP1,Celta,Girona,1,0.2,marginal,1,0,0
2025-09-14,SP1,Levante,Betis,1,0.2,marginal,0,1,1
2025-09-14,SP1,Osasuna,Vallecano,0,0.2,marginal,1,1,1
2025-09-14,SP1,Barcelona,Valencia,0,0.2,marginal,1,0,0
2025-09-14,I1,Atalanta,Lecce,0,0.2,marginal,1,0,0
2025-09-14,E0,Burnley,Liverpool,2,0.2,marginal,0,0,1
2025-09-14,D1,St Pauli,Augsburg,0,0.2,marginal,1,1,1
2025-09-14,F1,Rennes,Lyon,0,0.2,marginal,1,1,1
2025-09-14,F1,Strasbourg,Le Havre,0,0.2,marginal,1,1,0
2025-09-14,F1,Paris SG,Lens,0,0.2,marginal,1,0,0
2025-09-14,F1,Metz,Angers,1,0.2,marginal,1,1,1
2025-09-14,F1,Brest,Paris FC,2,0.2,marginal,1,1,1
2025-09-14,F1,Lille,Toulouse,0,0.2,marginal,1,1,0
2025-09-14,E0,Man City,Man United,0,0.2,marginal,1,0,0
2025-09-14,I1,Sassuolo,Lazio,0,0.2,marginal,0,1,1
2025-09-15,I1,Como,Genoa,1,0.2,marginal,1,1,0
2025-09-15,I1,Verona,Cremonese,1,0.2,marginal,1,1,1
2025-09-15,SP1,Espanol,Mallorca,0,0.2,marginal,1,1,1
2025-09-19,F1,Lyon,Angers,0,0.2,marginal,1,0,0
2025-09-19,SP1,Betis,Sociedad,0,0.2,marginal,1,1,0
2025-09-19,D1,Stuttgart,St Pauli,0,0.2,marginal,1,0,0
2025-09-19,I1,Lecce,Cagliari,2,0.2,marginal,1,1,1
2025-09-20,D1,RB Leipzig,FC Koln,0,0.2,marginal,1,0,1
2025-09-20,F1,Nantes,Rennes,1,0.2,marginal,0,1,1
2025-09-20,F1,Brest,Nice,0,0.2,marginal,1,1,1
2025-09-20,F1,Lens,Lille,0,0.2,marginal,1,1,1
2025-09-20,SP1,Valencia,Ath Bilbao,0,0.2,marginal,1,1,1
2025-09-20,SP1,Villarreal,Osasuna,0,0.2,marginal,1,1,0
2025-09-20,SP1,Alaves,Sevilla,2,0.2,marginal,1,1,1
2025-09-20,D1,Werder Bremen,Freiburg,2,0.2,marginal,1,1,1
2025-09-20,E0,Fulham,Brentford,0,0.2,marginal,1,1,1
2025-09-20,E0,Man United,Chelsea,0,0.2,marginal,1,0,1
2025-09-20,E0,Wolves,Leeds,2,0.2,marginal,1,1,1
2025-09-20,SP1,Real Madrid,Espanol,0,0.2,marginal,1,0,0
2025-09-20,E0,Burnley,Nott'm Forest,1,0.2,marginal,1,1,1
2025-09-20,E0,West Ham,Crystal Palace,2,0.2,marginal,1,1,1
2025-09-20,D1,Hoffenheim,Bayern Munich,2,0.2,marginal,0,0,1
2025-09-20,D1,Hamburg,Heidenheim,0,0.2,marginal,1,0,0
2025-09-20,D1,Augsburg,Mainz,2,0.2,marginal,1,1,1
2025-09-20,I1,Verona,Juventus,1,0.2,marginal,0,0,1
2025-09-20,I1,Bologna,Genoa,0,0.2,marginal,1,1,0
2025-09-20,SP1,Girona,Levante,2,0.2,marginal,1,1,0
2025-09-20,E0,Liverpool,Everton,0,0.2,marginal,1,0,0
2025-09-20,E0,Brighton,Tottenham,1,0.2,marginal,1,1,1
2025-09-20,I1,Udinese,Milan,2,0.2,marginal,0,0,1
2025-09-21,F1,Auxerre,Toulouse,0,0.2,marginal,1,1,1
2025-09-21,I1,Torino,Atalanta,2,0.2,marginal,0,1,1
2025-09-21,D1,Dortmund,Wolfsburg,0,0.2,marginal,1,0,0
2025-09-21,I1,Cremonese,Parma,1,0.2,marginal,1,1,1
2025-09-21,I1,Fiorentina,Como,2,0.2,marginal,1,1,1
2025-09-21,F1,Monaco,Metz,0,0.2,marginal,1,0,0
2025-09-21,D1,Ein Frankfurt,Union Berlin,2,0.2,marginal,1,0,0
2025-09-21,F1,Le Havre,Lorient,1,0.2,marginal,1,1,0
2025-09-21,F1,Paris FC,Strasbourg,2,0.2,marginal,1,1,1
2025-09-21,I1,Inter,Sassuolo,0,0.2,marginal,1,0,0
2025-09-21,E0,Sunderland,Aston Villa,1,0.2,marginal,0,1,1
2025-09-21,E0,Arsenal,Man City,1,0.2,marginal,1,1,1
2025-09-21,D1,Leverkusen,M'gladbach,1,0.2,marginal,1,0,0
2025-09-21,I1,Lazio,Roma,2,0.2,marginal,1,1,1
2025-09-21,E0,Bournemouth,Newcastle,1,0.2,marginal,1,1,1
2025-09-21,SP1,Barcelona,Getafe,0,0.2,marginal,1,0,0
2025-09-21,SP1,Elche,Oviedo,0,0.2,marginal,1,1,0
2025-09-21,SP1,Mallorca,Ath Madrid,1,0.2,marginal,0,1,1
2025-09-21,SP1,Vallecano,Celta,1,0.2,marginal,1,1,0
2025-09-22,I1,Napoli,Pisa,0,0.2,marginal,1,0,0
2025-09-22,F1,Marseille,Paris SG,0,0.2,marginal,0,0,1
2025-09-23,SP1,Espanol,Valencia,1,0.2,marginal,1,1,1
2025-09-23,SP1,Ath Bilbao,Girona,1,0.2,marginal,1,0,0
2025-09-23,SP1,Levante,Real Madrid,2,0.2,marginal,0,0,1
2025-09-23,SP1,Sevilla,Villarreal,2,0.2,marginal,1,1,1
2025-09-24,SP1,Sociedad,Mallorca,0,0.2,marginal,1,1,0
2025-09-24,SP1,Ath Madrid,Vallecano,0,0.2,marginal,1,0,0
2025-09-24,SP1,Getafe,Alaves,1,0.2,marginal,1,1,0
2025-09-25,SP1,Osasuna,Elche,1,0.2,marginal,1,1,0
2025-09-25,SP1,Oviedo,Barcelona,2,0.2,marginal,0,0,1
2025-09-26,SP1,Girona,Espanol,1,0.2,marginal,1,1,1
2025-09-26,D1,Bayern Munich,Werder Bremen,0,0.2,marginal,1,0,0
2025-09-26,F1,Strasbourg,Marseille,2,0.2,marginal,1,1,1
2025-09-27,I1,Como,Cremonese,1,0.2,marginal,1,0,0
2025-09-27,E0,Brentford,Man United,0,0.2,marginal,1,0,1
2025-09-27,I1,Juventus,Atalanta,1,0.2,marginal,1,1,0
2025-09-27,I1,Cagliari,Inter,2,0.2,marginal,0,0,1
2025-09-27,E0,Man City,Burnley,0,0.2,marginal,1,0,0
2025-09-27,E0,Nott'm Forest,Sunderland,2,0.2,marginal,1,0,0
2025-09-27,D1,M'gladbach,Ein Frankfurt,2,0.2,marginal,1,1,1
2025-09-27,E0,Leeds,Bournemouth,1,0.2,marginal,1,1,1
2025-09-27,E0,Crystal Palace,Liverpool,0,0.2,marginal,0,1,1
2025-09-27,E0,Tottenham,Wolves,1,0.2,marginal,1,0,0
2025-09-27,D1,Wolfsburg,RB Leipzig,2,0.2,marginal,1,1,1
2025-09-27,F1,Paris SG,Auxerre,0,0.2,marginal,1,0,0
2025-09-27,D1,Mainz,Dortmund,2,0.2,marginal,1,0,1
2025-09-27,D1,St Pauli,Leverkusen,2,0.2,marginal,1,1,1
2025-09-27,SP1,Ath Madrid,Real Madrid,0,0.2,marginal,1,1,1
2025-09-27,SP1,Mallorca,Alaves,0,0.2,marginal,1,1,1
2025-09-27,F1,Toulouse,Nantes,1,0.2,marginal,1,1,0
2025-09-27,SP1,Getafe,Levante,1,0.2,marginal,1,1,0
2025-09-27,SP1,Villarreal,Ath Bilbao,0,0.2,marginal,1,1,0
2025-09-27,E0,Chelsea,Brighton,2,0.2,marginal,1,0,1
2025-09-27,D1,Heidenheim,Augsburg,0,0.2,marginal,1,1,1
2025-09-27,F1,Lorient,Monaco,0,0.2,marginal,0,1,1
2025-09-28,D1,Freiburg,Hoffenheim,1,0.2,marginal,1,1,1
2025-09-28,E0,Newcastle,Arsenal,2,0.2,marginal,1,1,1
2025-09-28,F1,Metz,Le Havre,1,0.2,marginal,1,1,1
2025-09-28,SP1,Elche,Celta,0,0.2,marginal,1,1,1
2025-09-28,SP1,Barcelona,Sociedad,0,0.2,marginal,1,0,0
2025-09-28,SP1,Betis,Osasuna,0,0.2,marginal,1,1,0
2025-09-28,D1,FC Koln,Stuttgart,2,0.2,marginal,1,1,1
2025-09-28,F1,Rennes,Lens,1,0.2,marginal,1,1,1
2025-09-28,D1,Union Berlin,Hamburg,1,0.2,marginal,1,1,0
2025-09-28,I1,Roma,Verona,0,0.2,marginal,1,0,0
2025-09-28,I1,Milan,Napoli,0,0.2,marginal,1,1,0
2025-09-28,I1,Lecce,Bologna,1,0.2,marginal,0,1,1
2025-09-28,F1,Lille,Lyon,2,0.2,marginal,1,1,1
2025-09-28,I1,Pisa,Fiorentina,1,0.2,marginal,1,1,1
2025-09-28,I1,Sassuolo,Udinese,0,0.2,marginal,1,1,1
2025-09-28,SP1,Vallecano,Sevilla,2,0.2,marginal,1,1,0
2025-09-28,E0,Aston Villa,Fulham,0,0.2,marginal,1,1,1
2025-09-28,F1,Angers,Brest,2,0.2,marginal,1,1,1
2025-09-28,F1,Nice,Paris FC,1,0.2,marginal,1,1,1
2025-09-29,E0,Everton,West Ham,1,0.2,marginal,1,0,0
2025-09-29,I1,Genoa,Lazio,2,0.2,marginal,1,1,1
2025-09-29,I1,Parma,Torino,0,0.2,marginal,1,1,1
2025-09-30,SP1,Valencia,Oviedo,2,0.2,marginal,1,1,0
2025-10-03,D1,Hoffenheim,FC Koln,2,0.2,marginal,1,1,1
2025-10-03,I1,Verona,Sassuolo,2,0.2,marginal,1,1,1
2025-10-03,E0,Bournemouth,Fulham,0,0.2,marginal,1,1,0
2025-10-03,SP1,Osasuna,Getafe,0,0.2,marginal,1,1,0
2025-10-03,F1,Paris FC,Lorient,0,0.2,marginal,1,0,0
2025-10-04,F1,Brest,Nantes,1,0.2,marginal,1,1,0
2025-10-04,I1,Atalanta,Como,1,0.2,marginal,1,1,1
2025-10-04,E0,Leeds,Tottenham,2,0.2,marginal,1,1,1
2025-10-04,E0,Arsenal,West Ham,0,0.2,marginal,1,0,0
2025-10-04,E0,Man United,Sunderland,0,0.2,marginal,1,0,0
2025-10-04,E0,Chelsea,Liverpool,0,0.2,marginal,1,1,1
2025-10-04,I1,Parma,Lecce,2,0.2,marginal,1,1,0
2025-10-04,I1,Inter,Cremonese,0,0.2,marginal,1,0,0
2025-10-04,F1,Auxerre,Lens,2,0.2,marginal,1,0,1
2025-10-04,F1,Metz,Marseille,2,0.2,marginal,0,0,1
2025-10-04,D1,Leverkusen,Union Berlin,0,0.2,marginal,1,0,0
2025-10-04,D1,Augsburg,Wolfsburg,0,0.2,marginal,1,1,1
2025-10-04,D1,Dortmund,RB Leipzig,1,0.2,marginal,1,0,0
2025-10-04,D1,Werder Bremen,St Pauli,0,0.2,marginal,1,1,1
2025-10-04,D1,Ein Frankfurt,Bayern Munich,2,0.2,marginal,0,0,1
2025-10-04,SP1,Oviedo,Levante,2,0.2,marginal,1,1,1
2025-10-04,SP1,Girona,Valencia,0,0.2,marginal,1,1,1
2025-10-04,SP1,Ath Bilbao,Mallorca,0,0.2,marginal,1,1,0
2025-10-04,SP1,Real Madrid,Villarreal,0,0.2,marginal,1,0,0
2025-10-04,I1,Lazio,Torino,1,0.2,marginal,1,1,0
2025-10-05,I1,Napoli,Genoa,0,0.2,marginal,1,0,0
2025-10-05,I1,Fiorentina,Roma,2,0.2,marginal,1,1,1
2025-10-05,I1,Bologna,Pisa,0,0.2,marginal,1,1,0
2025-10-05,I1,Udinese,Cagliari,1,0.2,marginal,1,1,0
2025-10-05,F1,Lille,Paris SG,1,0.2,marginal,1,1,1
2025-10-05,D1,Hamburg,Mainz,0,0.2,marginal,1,0,1
2025-10-05,F1,Monaco,Nice,1,0.2,marginal,1,1,1
2025-10-05,F1,Le Havre,Rennes,1,0.2,marginal,1,1,1
2025-10-05,I1,Juventus,Milan,1,0.2,marginal,1,1,1
2025-10-05,F1,Lyon,Toulouse,2,0.2,marginal,1,1,0
2025-10-05,E0,Aston Villa,Burnley,0,0.2,marginal,1,0,0
2025-10-05,D1,Stuttgart,Heidenheim,0,0.2,marginal,1,0,0
2025-10-05,E0,Brentford,Man City,2,0.2,marginal,0,0,1
2025-10-05,E0,Everton,Crystal Palace,0,0.2,marginal,1,1,1
2025-10-05,E0,Newcastle,Nott'm Forest,0,0.2,marginal,1,0,0
2025-10-05,D1,M'gladbach,Freiburg,1,0.2,marginal,1,1,1
2025-10-05,SP1,Alaves,Elche,0,0.2,marginal,1,1,0
2025-10-05,F1,Strasbourg,Angers,0,0.2,marginal,1,0,0
2025-10-05,SP1,Espanol,Betis,2,0.2,marginal,1,1,1
2025-10-05,SP1,Sociedad,Vallecano,2,0.2,marginal,1,1,1
2025-10-05,SP1,Celta,Ath Madrid,1,0.2,marginal,0,1,1
2025-10-05,E0,Wolves,Brighton,1,0.2,marginal,1,1,1
2025-10-05,SP1,Sevilla,Barcelona,0,0.2,marginal,0,0,1
2025-10-17,SP1,Oviedo,Espanol,2,0.2,marginal,1,1,1
2025-10-17,F1,Paris SG,Strasbourg,1,0.2,marginal,1,0,0
2025-10-17,D1,Union Berlin,M'gladbach,0,0.2,marginal,1,1,1
2025-10-18,SP1,Sevilla,Mallorca,2,0.2,marginal,1,1,0
2025-10-18,E0,Sunderland,Wolves,0,0.2,marginal,1,1,1
2025-10-18,E0,Brighton,Newcastle,0,0.2,marginal,1,1,1
2025-10-18,F1,Angers,Monaco,1,0.2,marginal,0,0,1
2025-10-18,E0,Crystal Palace,Bournemouth,1,0.2,marginal,1,1,1
2025-10-18,E0,Man City,Everton,0,0.2,marginal,1,0,0
2025-10-18,D1,Heidenheim,Werder Bremen,1,0.2,marginal,1,1,1
2025-10-18,E0,Burnley,Leeds,0,0.2,marginal,1,1,1
2025-10-18,E0,Nott'm Forest,Chelsea,2,0.2,marginal,1,1,1
2025-10-18,F1,Nice,Lyon,0,0.2,marginal,1,1,1
2025-10-18,D1,FC Koln,Augsburg,1,0.2,marginal,1,0,1
2025-10-18,F1,Marseille,Le Havre,0,0.2,marginal,1,0,0
2025-10-18,D1,RB Leipzig,Hamburg,0,0.2,marginal,1,0,0
2025-10-18,I1,Roma,Inter,2,0.2,marginal,1,1,1
2025-10-18,I1,Torino,Napoli,0,0.2,marginal,0,1,1
2025-10-18,I1,Pisa,Verona,1,0.2,marginal,1,1,1
2025-10-18,I1,Lecce,Sassuolo,1,0.2,marginal,1,1,1
2025-10-18,SP1,Ath Madrid,Osasuna,0,0.2,marginal,1,0,0
2025-10-18,E0,Fulham,Arsenal,2,0.2,marginal,0,0,1
2025-10-18,SP1,Barcelona,Girona,0,0.2,marginal,1,0,0
2025-10-18,D1,Mainz,Leverkusen,2,0.2,marginal,1,1,1
2025-10-18,D1,Bayern Munich,Dortmund,0,0.2,marginal,1,0,0
2025-10-18,D1,Wolfsburg,Stuttgart,2,0.2,marginal,1,1,1
2025-10-18,SP1,Villarreal,Betis,1,0.2,marginal,1,1,1
2025-10-19,I1,Genoa,Parma,1,0.2,marginal,1,1,0
2025-10-19,I1,Cagliari,Bologna,2,0.2,marginal,0,1,1
2025-10-19,I1,Como,Juventus,0,0.2,marginal,1,1,1
2025-10-19,F1,Lorient,Brest,1,0.2,marginal,1,1,1
2025-10-19,F1,Nantes,Lille,2,0.2,marginal,0,0,1
2025-10-19,F1,Toulouse,Metz,0,0.2,marginal,1,0,0
2025-10-19,F1,Rennes,Auxerre,1,0.2,marginal,1,1,0
2025-10-19,I1,Atalanta,Lazio,1,0.2,marginal,1,0,0
2025-10-19,SP1,Getafe,Real Madrid,2,0.2,marginal,0,0,1
2025-10-19,D1,St Pauli,Hoffenheim,2,0.2,marginal,1,1,1
2025-10-19,SP1,Levante,Vallecano,2,0.2,marginal,1,1,1
2025-10-19,SP1,Celta,Sociedad,1,0.2,marginal,1,1,0
2025-10-19,D1,Freiburg,Ein Frankfurt,1,0.2,marginal,1,1,1
2025-10-19,E0,Tottenham,Aston Villa,2,0.2,marginal,1,1,1
2025-10-19,E0,Liverpool,Man United,2,0.2,marginal,1,0,0
2025-10-19,I1,Milan,Fiorentina,0,0.2,marginal,1,1,0
2025-10-19,F1,Lens,Paris FC,0,0.2,marginal,1,0,0
2025-10-19,SP1,Elche,Ath Bilbao,1,0.2,marginal,0,1,1
2025-10-20,I1,Cremonese,Udinese,1,0.2,marginal,1,1,1
2025-10-20,SP1,Alaves,Valencia,1,0.2,marginal,1,1,1
2025-10-20,E0,West Ham,Brentford,2,0.2,marginal,1,1,1
2025-10-24,D1,Werder Bremen,Union Berlin,0,0.2,marginal,1,1,1
2025-10-24,SP1,Sociedad,Sevilla,0,0.2,marginal,1,1,0
2025-10-24,F1,Paris FC,Nantes,2,0.2,marginal,1,0,0
2025-10-24,E0,Leeds,West Ham,0,0.2,marginal,1,1,0
2025-10-24,I1,Milan,Pisa,1,0.2,marginal,1,0,0
2025-10-25,SP1,Ath Bilbao,Getafe,2,0.2,marginal,1,1,0
2025-10-25,D1,Dortmund,FC Koln,0,0.2,marginal,1,0,0
2025-10-25,D1,M'gladbach,Bayern Munich,2,0.2,marginal,0,0,1
2025-10-25,E0,Chelsea,Sunderland,2,0.2,marginal,1,0,0
2025-10-25,D1,Hamburg,Wolfsburg,2,0.2,marginal,1,1,1
2025-10-25,D1,Ein Frankfurt,St Pauli,0,0.2,marginal,1,0,0
2025-10-25,D1,Augsburg,RB Leipzig,2,0.2,marginal,1,0,1
2025-10-25,E0,Newcastle,Fulham,0,0.2,marginal,1,0,0
2025-10-25,E0,Brentford,Liverpool,0,0.2,marginal,0,0,1
2025-10-25,SP1,Valencia,Villarreal,2,0.2,marginal,1,1,1
2025-10-25,E0,Man United,Brighton,0,0.2,marginal,1,0,1
2025-10-25,D1,Hoffenheim,Heidenheim,0,0.2,marginal,1,0,0
2025-10-25,SP1,Espanol,Elche,0,0.2,marginal,1,1,0
2025-10-25,I1,Parma,Como,1,0.2,marginal,0,1,1
2025-10-25,I1,Napoli,Inter,0,0.2,marginal,1,1,1
2025-10-25,I1,Udinese,Lecce,0,0.2,marginal,1,1,0
2025-10-25,F1,Brest,Paris SG,2,0.2,marginal,0,0,1
2025-10-25,F1,Monaco,Toulouse,0,0.2,marginal,1,1,1
2025-10-25,F1,Lens,Marseille,0,0.2,marginal,1,1,1
2025-10-25,SP1,Girona,Oviedo,1,0.2,marginal,1,1,0
2025-10-25,I1,Cremonese,Atalanta,1,0.2,marginal,0,0,1
2025-10-26,E0,Aston Villa,Man City,0,0.2,marginal,0,0,1
2025-10-26,E0,Arsenal,Crystal Palace,0,0.2,marginal,1,0,0
2025-10-26,D1,Leverkusen,Freiburg,0,0.2,marginal,1,1,1
2025-10-26,SP1,Mallorca,Levante,1,0.2,marginal,1,1,0
2025-10-26,SP1,Vallecano,Alaves,0,0.2,marginal,1,1,1
2025-10-26,SP1,Osasuna,Celta,2,0.2,marginal,1,1,1
2025-10-26,E0,Everton,Tottenham,2,0.2,marginal,1,1,1
2025-10-26,E0,Bournemouth,Nott'm Forest,0,0.2,marginal,1,1,1
2025-10-26,SP1,Real Madrid,Barcelona,0,0.2,marginal,1,0,1
2025-10-26,E0,Wolves,Burnley,2,0.2,marginal,1,1,0
2025-10-26,F1,Auxerre,Le Havre,2,0.2,marginal,1,1,1
2025-10-26,F1,Angers,Lorient,0,0.2,marginal,1,1,1
2025-10-26,I1,Fiorentina,Bologna,1,0.2,marginal,1,1,1
2025-10-26,I1,Verona,Cagliari,1,0.2,marginal,1,1,0
2025-10-26,I1,Sassuolo,Roma,2,0.2,marginal,0,1,1
2025-10-26,I1,Lazio,Juventus,0,0.2,marginal,1,1,1
2025-10-26,F1,Lille,Metz,0,0.2,marginal,1,0,0
2025-10-26,F1,Lyon,Strasbourg,0,0.2,marginal,1,1,0
2025-10-26,I1,Torino,Genoa,0,0.2,marginal,1,1,1
2025-10-26,F1,Rennes,Nice,2,0.2,marginal,1,1,1
2025-10-26,D1,Stuttgart,Mainz,0,0.2,marginal,1,1,1
2025-10-27,SP1,Betis,Ath Madrid,2,0.2,marginal,1,1,1
2025-10-28,I1,Lecce,Napoli,2,0.2,marginal,0,1,1
2025-10-28,I1,Atalanta,Milan,1,0.2,marginal,1,1,1
2025-10-29,F1,Toulouse,Rennes,1,0.2,marginal,1,1,0
2025-10-29,I1,Bologna,Torino,1,0.2,marginal,1,1,0
2025-10-29,F1,Marseille,Angers,1,0.2,marginal,1,0,0
2025-10-29,I1,Inter,Fiorentina,0,0.2,marginal,1,0,0
2025-10-29,F1,Le Havre,Brest,0,0.2,marginal,1,1,1
2025-10-29,I1,Genoa,Cremonese,2,0.2,marginal,1,1,0
2025-10-29,I1,Roma,Parma,0,0.2,marginal,1,0,0
2025-10-29,F1,Lorient,Paris SG,1,0.2,marginal,0,0,1
2025-10-29,I1,Como,Verona,0,0.2,marginal,1,0,0
2025-10-29,F1,Metz,Lens,0,0.2,marginal,0,0,1
2025-10-29,I1,Juventus,Udinese,0,0.2,marginal,1,0,0
2025-10-29,F1,Nice,Lille,0,0.2,marginal,0,0,1
2025-10-29,F1,Strasbourg,Auxerre,0,0.2,marginal,1,0,0
2025-10-29,F1,Nantes,Monaco,2,0.2,marginal,0,0,1
2025-10-29,F1,Paris FC,Lyon,1,0.2,marginal,1,1,1
2025-10-30,I1,Cagliari,Sassuolo,2,0.2,marginal,1,1,1
2025-10-30,I1,Pisa,Lazio,1,0.2,marginal,0,1,1
2025-10-31,SP1,Getafe,Girona,0,0.2,marginal,1,1,0
2025-10-31,D1,Augsburg,Dortmund,2,0.2,marginal,0,0,1
2025-11-01,E0,Nott'm Forest,Man United,1,0.2,marginal,1,0,1
2025-11-01,E0,Crystal Palace,Brentford,0,0.2,marginal,1,1,1
2025-11-01,E0,Brighton,Leeds,0,0.2,marginal,1,1,0
2025-11-01,SP1,Villarreal,Vallecano,0,0.2,marginal,1,0,0
2025-11-01,SP1,Ath Madrid,Sevilla,0,0.2,marginal,1,0,0
2025-11-01,SP1,Sociedad,Ath Bilbao,0,0.2,marginal,1,1,1
2025-11-01,E0,Liverpool,Aston Villa,0,0.2,marginal,1,0,0
2025-11-01,E0,Tottenham,Chelsea,2,0.2,marginal,1,1,1
2025-11-01,E0,Fulham,Wolves,0,0.2,marginal,1,0,0
2025-11-01,E0,Burnley,Arsenal,2,0.2,marginal,0,0,1
2025-11-01,D1,Bayern Munich,Leverkusen,0,0.2,marginal,1,0,0
2025-11-01,SP1,Real Madrid,Valencia,0,0.2,marginal,1,0,0
2025-11-01,F1,Auxerre,Marseille,2,0.2,marginal,0,0,1
2025-11-01,D1,St Pauli,M'gladbach,2,0.2,marginal,1,1,1
2025-11-01,F1,Monaco,Paris FC,2,0.2,marginal,1,0,0
2025-11-01,D1,Mainz,Werder Bremen,1,0.2,marginal,1,0,0
2025-11-01,D1,RB Leipzig,Stuttgart,0,0.2,marginal,1,0,1
2025-11-01,I1,Cremonese,Juventus,2,0.2,marginal,0,0,1
2025-11-01,D1,Heidenheim,Ein Frankfurt,1,0.2,marginal,0,0,1
2025-11-01,D1,Union Berlin,Freiburg,1,0.2,marginal,1,1,1
2025-11-01,F1,Paris SG,Nice,0,0.2,marginal,1,0,0
2025-11-01,I1,Napoli,Como,1,0.2,marginal,1,1,0
2025-11-01,I1,Udinese,Atalanta,0,0.2,marginal,0,0,1
2025-11-02,F1,Lens,Lorient,0,0.2,marginal,1,0,0
2025-11-02,E0,West Ham,Newcastle,0,0.2,marginal,0,0,1
2025-11-02,E0,Man City,Bournemouth,0,0.2,marginal,1,0,0
2025-11-02,D1,FC Koln,Hamburg,0,0.2,marginal,1,1,1
2025-11-02,D1,Wolfsburg,Hoffenheim,2,0.2,marginal,1,0,1
2025-11-02,I1,Fiorentina,Lecce,2,0.2,marginal,1,1,0
2025-11-02,F1,Rennes,Strasbourg,0,0.2,marginal,1,1,1
2025-11-02,SP1,Barcelona,Elche,0,0.2,marginal,1,0,0
2025-11-02,F1,Lille,Angers,0,0.2,marginal,1,0,0
2025-11-02,I1,Torino,Pisa,1,0.2,marginal,1,1,0
2025-11-02,F1,Toulouse,Le Havre,1,0.2,marginal,1,1,0
2025-11-02,F1,Brest,Lyon,1,0.2,marginal,1,1,1
2025-11-02,I1,Parma,Bologna,2,0.2,marginal,0,1,1
2025-11-02,I1,Milan,Roma,0,0.2,marginal,1,1,1
2025-11-02,SP1,Betis,Mallorca,0,0.2,marginal,1,0,0
2025-11-02,I1,Verona,Inter,2,0.2,marginal,0,0,1
2025-11-02,SP1,Levante,Celta,2,0.2,marginal,1,1,1
2025-11-02,SP1,Alaves,Espanol,0,0.2,marginal,1,1,1
2025-11-02,F1,Nantes,Metz,2,0.2,marginal,1,1,1
2025-11-03,E0,Sunderland,Everton,1,0.2,marginal,1,1,1
2025-11-03,I1,Sassuolo,Genoa,2,0.2,marginal,1,1,1
2025-11-03,I1,Lazio,Cagliari,0,0.2,marginal,1,1,0
2025-11-03,SP1,Oviedo,Osasuna,1,0.2,marginal,1,1,1
2025-11-07,SP1,Elche,Sociedad,1,0.2,marginal,1,1,1
2025-11-07,D1,Werder Bremen,Wolfsburg,0,0.2,marginal,1,1,1
2025-11-07,I1,Pisa,Cremonese,0,0.2,marginal,1,1,1
2025-11-07,F1,Paris FC,Rennes,2,0.2,marginal,1,1,1
2025-11-08,F1,Le Havre,Nantes,1,0.2,marginal,1,1,0
2025-11-08,F1,Marseille,Brest,0,0.2,marginal,1,0,0
2025-11-08,E0,West Ham,Burnley,0,0.2,marginal,1,1,0
2025-11-08,E0,Sunderland,Arsenal,1,0.2,marginal,0,0,1
2025-11-08,E0,Chelsea,Wolves,0,0.2,marginal,1,0,0
2025-11-08,SP1,Girona,Alaves,0,0.2,marginal,1,1,1
2025-11-08,SP1,Ath Madrid,Levante,0,0.2,marginal,1,0,0
2025-11-08,F1,Monaco,Lens,2,0.2,marginal,1,0,1
2025-11-08,SP1,Sevilla,Osasuna,0,0.2,marginal,1,1,1
2025-11-08,E0,Everton,Fulham,0,0.2,marginal,1,1,1
2025-11-08,E0,Tottenham,Man United,1,0.2,marginal,1,1,1
2025-11-08,SP1,Espanol,Villarreal,2,0.2,marginal,1,1,1
2025-11-08,D1,Hamburg,Dortmund,1,0.2,marginal,0,0,1
2025-11-08,D1,Hoffenheim,RB Leipzig,0,0.2,marginal,1,0,1
2025-11-08,D1,Leverkusen,Heidenheim,0,0.2,marginal,1,0,0
2025-11-08,D1,Union Berlin,Bayern Munich,1,0.2,marginal,0,0,1
2025-11-08,I1,Lecce,Verona,1,0.2,marginal,1,1,1
2025-11-08,I1,Juventus,Torino,1,0.2,marginal,1,0,0
2025-11-08,I1,Parma,Milan,1,0.2,marginal,0,0,1
2025-11-08,D1,M'gladbach,FC Koln,0,0.2,marginal,1,0,1
2025-11-08,I1,Como,Cagliari,1,0.2,marginal,1,0,0
2025-11-09,I1,Genoa,Fiorentina,1,0.2,marginal,1,1,1
2025-11-09,E0,Man City,Liverpool,0,0.2,marginal,1,0,0
2025-11-09,E0,Nott'm Forest,Leeds,0,0.2,marginal,1,1,1
2025-11-09,E0,Crystal Palace,Brighton,1,0.2,marginal,1,1,1
2025-11-09,F1,Strasbourg,Lille,0,0.2,marginal,1,0,1
2025-11-09,I1,Roma,Udinese,0,0.2,marginal,1,0,0
2025-11-09,I1,Inter,Lazio,0,0.2,marginal,1,0,0
2025-11-09,I1,Bologna,Napoli,0,0.2,marginal,1,1,1
2025-11-09,E0,Brentford,Newcastle,0,0.2,marginal,1,1,1
2025-11-09,I1,Atalanta,Sassuolo,2,0.2,marginal,1,0,0
2025-11-09,SP1,Mallorca,Getafe,0,0.2,marginal,1,1,1
2025-11-09,E0,Aston Villa,Bournemouth,0,0.2,marginal,1,1,1
2025-11-09,D1,Stuttgart,Augsburg,0,0.2,marginal,1,0,0
2025-11-09,F1,Angers,Auxerre,0,0.2,marginal,1,1,1
2025-11-09,SP1,Ath Bilbao,Oviedo,0,0.2,marginal,1,1,0
2025-11-09,SP1,Valencia,Betis,1,0.2,marginal,1,1,1
2025-11-09,D1,Freiburg,St Pauli,0,0.2,marginal,1,1,0
2025-11-09,D1,Ein Frankfurt,Mainz,0,0.2,marginal,1,0,1
2025-11-09,F1,Lorient,Toulouse,1,0.2,marginal,1,1,1
2025-11-09,F1,Metz,Nice,0,0.2,marginal,1,1,1
2025-11-09,F1,Lyon,Paris SG,2,0.2,marginal,0,0,1
2025-11-09,SP1,Vallecano,Real Madrid,1,0.2,marginal,0,0,1
2025-11-09,SP1,Celta,Barcelona,2,0.2,marginal,0,0,1
2025-11-21,SP1,Valencia,Levante,0,0.2,marginal,1,1,1
2025-11-21,D1,Mainz,Hoffenheim,1,0.2,marginal,1,1,1
2025-11-21,F1,Nice,Marseille,2,0.2,marginal,1,1,1
2025-11-22,SP1,Villarreal,Mallorca,0,0.2,marginal,1,0,0
2025-11-22,SP1,Alaves,Celta,2,0.2,marginal,1,1,1
2025-11-22,SP1,Barcelona,Ath Bilbao,0,0.2,marginal,1,0,0
2025-11-22,SP1,Osasuna,Sociedad,2,0.2,marginal,1,1,1
2025-11-22,D1,Augsburg,Hamburg,0,0.2,marginal,1,1,1
2025-11-22,D1,FC Koln,Ein Frankfurt,2,0.2,marginal,1,1,1
2025-11-22,I1,Udinese,Bologna,2,0.2,marginal,1,1,1
2025-11-22,F1,Lens,Strasbourg,0,0.2,marginal,1,1,1
2025-11-22,F1,Rennes,Monaco,0,0.2,marginal,1,1,1
2025-11-22,F1,Paris SG,Le Havre,0,0.2,marginal,1,0,0
2025-11-22,I1,Cagliari,Genoa,1,0.2,marginal,1,1,1
2025-11-22,D1,Wolfsburg,Leverkusen,2,0.2,marginal,1,0,1
2025-11-22,E0,Newcastle,Man City,0,0.2,marginal,0,0,1
2025-11-22,I1,Napoli,Atalanta,0,0.2,marginal,1,1,1
2025-11-22,E0,Bournemouth,West Ham,1,0.2,marginal,1,0,0
2025-11-22,E0,Fulham,Sunderland,0,0.2,marginal,1,1,0
2025-11-22,E0,Liverpool,Nott'm Forest,2,0.2,marginal,1,0,0
2025-11-22,E0,Wolves,Crystal Palace,2,0.2,marginal,0,0,1
2025-11-22,E0,Brighton,Brentford,0,0.2,marginal,1,1,1
2025-11-22,E0,Burnley,Chelsea,2,0.2,marginal,0,0,1
2025-11-22,I1,Fiorentina,Juventus,1,0.2,marginal,0,1,1
2025-11-22,D1,Dortmund,Stuttgart,1,0.2,marginal,1,0,0
2025-11-22,D1,Bayern Munich,Freiburg,0,0.2,marginal,1,0,0
2025-11-22,D1,Heidenheim,M'gladbach,2,0.2,marginal,1,1,1
2025-11-23,F1,Nantes,Lorient,1,0.2,marginal,1,1,1
2025-11-23,I1,Inter,Milan,2,0.2,marginal,1,1,0
2025-11-23,D1,RB Leipzig,Werder Bremen,0,0.2,marginal,1,0,0
2025-11-23,I1,Lazio,Lecce,0,0.2,marginal,1,1,0
2025-11-23,I1,Cremonese,Roma,2,0.2,marginal,0,1,1
2025-11-23,I1,Verona,Parma,2,0.2,marginal,1,1,0
2025-11-23,F1,Toulouse,Angers,2,0.2,marginal,1,1,0
2025-11-23,F1,Brest,Metz,0,0.2,marginal,1,0,0
2025-11-23,F1,Lille,Paris FC,0,0.2,marginal,1,0,0
2025-11-23,E0,Leeds,Aston Villa,2,0.2,marginal,1,1,1
2025-11-23,D1,St Pauli,Union Berlin,2,0.2,marginal,1,1,1
2025-11-23,E0,Arsenal,Tottenham,0,0.2,marginal,1,0,0
2025-11-23,SP1,Oviedo,Vallecano,1,0.2,marginal,1,1,1
2025-11-23,SP1,Getafe,Ath Madrid,2,0.2,marginal,0,1,1
2025-11-23,SP1,Betis,Girona,1,0.2,marginal,1,0,0
2025-11-23,SP1,Elche,Real Madrid,1,0.2,marginal,0,0,1
2025-11-23,F1,Auxerre,Lyon,1,0.2,marginal,0,1,1
2025-11-24,E0,Man United,Everton,2,0.2,marginal,1,1,0
2025-11-24,I1,Sassuolo,Pisa,1,0.2,marginal,1,1,0
2025-11-24,I1,Torino,Como,2,0.2,marginal,1,1,1
2025-11-24,SP1,Espanol,Sevilla,0,0.2,marginal,1,1,0
2025-11-28,SP1,Getafe,Elche,0,0.2,marginal,1,1,0
2025-11-28,I1,Como,Sassuolo,0,0.2,marginal,1,1,0
2025-11-28,D1,M'gladbach,RB Leipzig,1,0.2,marginal,1,0,1
2025-11-28,F1,Metz,Rennes,2,0.2,marginal,0,0,1
2025-11-29,SP1,Levante,Ath Bilbao,2,0.2,marginal,0,1,1
2025-11-29,E0,Everton,Newcastle,2,0.2,marginal,1,1,1
2025-11-29,E0,Sunderland,Bournemouth,0,0.2,marginal,1,1,1
2025-11-29,E0,Tottenham,Fulham,2,0.2,marginal,1,1,1
2025-11-29,E0,Brentford,Burnley,0,0.2,marginal,1,0,0
2025-11-29,F1,Monaco,Paris SG,0,0.2,marginal,0,0,1
2025-11-29,SP1,Mallorca,Osasuna,1,0.2,marginal,1,1,1
2025-11-29,F1,Paris FC,Auxerre,1,0.2,marginal,1,1,0
2025-11-29,F1,Marseille,Toulouse,1,0.2,marginal,1,0,0
2025-11-29,D1,Leverkusen,Dortmund,2,0.2,marginal,1,1,1
2025-11-29,E0,Man City,Leeds,0,0.2,marginal,1,0,0
2025-11-29,D1,Bayern Munich,St Pauli,0,0.2,marginal,1,0,0
2025-11-29,D1,Hoffenheim,Augsburg,0,0.2,marginal,1,0,0
2025-11-29,SP1,Ath Madrid,Oviedo,0,0.2,marginal,1,0,0
2025-11-29,D1,Union Berlin,Heidenheim,2,0.2,marginal,1,0,0
2025-11-29,D1,Werder Bremen,FC Koln,1,0.2,marginal,1,0,1
2025-11-29,I1,Juventus,Cagliari,0,0.2,marginal,1,0,0
2025-11-29,I1,Genoa,Verona,0,0.2,marginal,1,1,0
2025-11-29,I1,Milan,Lazio,0,0.2,marginal,1,0,0
2025-11-29,SP1,Barcelona,Alaves,0,0.2,marginal,1,0,0
2025-11-29,I1,Parma,Udinese,2,0.2,marginal,1,1,1
2025-11-30,D1,Hamburg,Stuttgart,0,0.2,marginal,1,1,1
2025-11-30,F1,Le Havre,Lille,2,0.2,marginal,0,1,1
2025-11-30,F1,Lyon,Nantes,0,0.2,marginal,1,0,0
2025-11-30,F1,Lorient,Nice,0,0.2,marginal,1,1,1
2025-11-30,SP1,Girona,Real Madrid,1,0.2,marginal,0,0,1
2025-11-30,I1,Roma,Napoli,2,0.2,marginal,1,1,1
2025-11-30,SP1,Sevilla,Betis,2,0.2,marginal,1,1,1
2025-11-30,D1,Ein Frankfurt,Wolfsburg,1,0.2,marginal,1,0,1
2025-11-30,SP1,Sociedad,Villarreal,2,0.2,marginal,1,1,1
2025-11-30,D1,Freiburg,Mainz,0,0.2,marginal,1,0,0
2025-11-30,SP1,Celta,Espanol,2,0.2,marginal,1,1,0
2025-11-30,I1,Lecce,Torino,0,0.2,marginal,1,1,1
2025-11-30,I1,Pisa,Inter,2,0.2,marginal,0,0,1
2025-11-30,F1,Angers,Lens,2,0.2,marginal,0,0,1
2025-11-30,F1,Strasbourg,Brest,2,0.2,marginal,1,0,0
2025-11-30,E0,Crystal Palace,Man United,2,0.2,marginal,1,1,1
2025-11-30,I1,Atalanta,Fiorentina,0,0.2,marginal,1,0,0
2025-11-30,E0,Nott'm Forest,Brighton,2,0.2,marginal,1,1,1
2025-11-30,E0,West Ham,Liverpool,2,0.2,marginal,0,0,1
2025-11-30,E0,Chelsea,Arsenal,1,0.2,marginal,1,1,1
2025-11-30,E0,Aston Villa,Wolves,0,0.2,marginal,1,0,0
2025-12-01,SP1,Vallecano,Valencia,1,0.2,marginal,1,1,0
2025-12-01,I1,Bologna,Cremonese,2,0.2,marginal,1,0,0
2025-12-02,E0,Fulham,Man City,2,0.2,marginal,0,0,1
2025-12-02,E0,Newcastle,Tottenham,1,0.2,marginal,1,0,0
2025-12-02,SP1,Barcelona,Ath Madrid,0,0.2,marginal,1,0,0
2025-12-02,E0,Bournemouth,Everton,2,0.2,marginal,1,1,1
2025-12-03,E0,Wolves,Nott'm Forest,2,0.2,marginal,1,1,1
2025-12-03,E0,Leeds,Chelsea,0,0.2,marginal,0,1,1
2025-12-03,E0,Burnley,Crystal Palace,2,0.2,marginal,0,0,1
2025-12-03,E0,Brighton,Aston Villa,2,0.2,marginal,1,1,1
2025-12-03,E0,Liverpool,Sunderland,1,0.2,marginal,1,0,0
2025-12-03,SP1,Ath Bilbao,Real Madrid,2,0.2,marginal,0,0,1
2025-12-03,E0,Arsenal,Brentford,0,0.2,marginal,1,0,0
2025-12-04,E0,Man United,West Ham,1,0.2,marginal,1,0,0
2025-12-05,SP1,Oviedo,Mallorca,1,0.2,marginal,1,1,1
2025-12-05,F1,Brest,Monaco,0,0.2,marginal,1,0,1
2025-12-05,D1,Mainz,M'gladbach,2,0.2,marginal,1,1,1
2025-12-05,F1,Lille,Marseille,0,0.2,marginal,1,1,1
2025-12-06,E0,Newcastle,Burnley,0,0.2,marginal,1,0,0
2025-12-06,F1,Nantes,Lens,2,0.2,marginal,0,0,1
2025-12-06,E0,Everton,Nott'm Forest,0,0.2,marginal,1,1,0
2025-12-06,E0,Man City,Sunderland,0,0.2,marginal,1,0,0
2025-12-06,I1,Inter,Como,0,0.2,marginal,1,0,0
2025-12-06,I1,Verona,Atalanta,0,0.2,marginal,0,0,1
2025-12-06,E0,Bournemouth,Chelsea,1,0.2,marginal,1,0,1
2025-12-06,F1,Paris SG,Rennes,0,0.2,marginal,1,0,0
2025-12-06,E0,Tottenham,Brentford,0,0.2,marginal,1,1,1
2025-12-06,E0,Aston Villa,Arsenal,0,0.2,marginal,0,1,1
2025-12-06,E0,Leeds,Liverpool,1,0.2,marginal,0,0,1
2025-12-06,SP1,Villarreal,Getafe,0,0.2,marginal,1,0,0
2025-12-06,SP1,Ath Bilbao,Ath Madrid,0,0.2,marginal,1,1,1
2025-12-06,F1,Toulouse,Strasbourg,0,0.2,marginal,1,1,1
2025-12-06,D1,RB Leipzig,Ein Frankfurt,0,0.2,marginal,1,0,0
2025-12-06,I1,Sassuolo,Fiorentina,0,0.2,marginal,1,1,1
2025-12-06,D1,Augsburg,Leverkusen,0,0.2,marginal,1,1,1
2025-12-06,SP1,Alaves,Sociedad,0,0.2,marginal,1,1,1
2025-12-06,D1,Heidenheim,Freiburg,0,0.2,marginal,0,1,1
2025-12-06,D1,Stuttgart,Bayern Munich,2,0.2,marginal,0,0,1
2025-12-06,D1,Wolfsburg,Union Berlin,0,0.2,marginal,1,1,0
2025-12-06,SP1,Betis,Barcelona,2,0.2,marginal,0,0,1
2025-12-06,D1,FC Koln,St Pauli,1,0.2,marginal,1,1,0
2025-12-07,D1,Hamburg,Werder Bremen,0,0.2,marginal,1,1,1
2025-12-07,F1,Lorient,Lyon,0,0.2,marginal,0,1,1
2025-12-07,SP1,Elche,Girona,0,0.2,marginal,1,1,0
2025-12-07,E0,Brighton,West Ham,1,0.2,marginal,1,0,0
2025-12-07,I1,Napoli,Juventus,0,0.2,marginal,1,1,1
2025-12-07,D1,Dortmund,Hoffenheim,0,0.2,marginal,1,0,0
2025-12-07,I1,Cremonese,Lecce,0,0.2,marginal,1,1,1
2025-12-07,F1,Le Havre,Paris FC,1,0.2,marginal,1,1,1
2025-12-07,I1,Lazio,Bologna,1,0.2,marginal,1,1,1
2025-12-07,SP1,Real Madrid,Celta,2,0.2,marginal,1,0,0
2025-12-07,E0,Fulham,Crystal Palace,2,0.2,marginal,1,1,1
2025-12-07,I1,Cagliari,Roma,0,0.2,marginal,0,1,1
2025-12-07,F1,Auxerre,Metz,0,0.2,marginal,1,1,0
2025-12-07,F1,Nice,Angers,2,0.2,marginal,1,1,0
2025-12-07,SP1,Valencia,Sevilla,1,0.2,marginal,1,1,0
2025-12-07,SP1,Espanol,Vallecano,0,0.2,marginal,1,1,1
2025-12-08,I1,Pisa,Parma,2,0.2,marginal,1,1,1
2025-12-08,I1,Torino,Milan,2,0.2,marginal,0,1,1
2025-12-08,I1,Udinese,Genoa,2,0.2,marginal,1,1,1
2025-12-08,E0,Wolves,Man United,2,0.2,marginal,0,0,1
2025-12-08,SP1,Osasuna,Levante,0,0.2,marginal,1,0,0
2025-12-12,I1,Lecce,Pisa,0,0.2,marginal,1,1,1
2025-12-12,F1,Angers,Nantes,0,0.2,marginal,1,1,1
2025-12-12,D1,Union Berlin,RB Leipzig,0,0.2,marginal,1,1,1
2025-12-12,SP1,Sociedad,Girona,2,0.2,marginal,1,1,0
2025-12-13,SP1,Mallorca,Elche,0,0.2,marginal,1,1,1
2025-12-13,E0,Chelsea,Everton,0,0.2,marginal,1,0,0
2025-12-13,F1,Paris FC,Toulouse,2,0.2,marginal,1,1,1
2025-12-13,I1,Parma,Lazio,2,0.2,marginal,0,1,1
2025-12-13,I1,Atalanta,Cagliari,0,0.2,marginal,1,0,0
2025-12-13,SP1,Getafe,Espanol,2,0.2,marginal,1,1,1
2025-12-13,SP1,Barcelona,Osasuna,0,0.2,marginal,1,0,0
2025-12-13,E0,Arsenal,Wolves,0,0.2,marginal,1,0,0
2025-12-13,SP1,Ath Madrid,Valencia,0,0.2,marginal,1,0,0
2025-12-13,I1,Torino,Cremonese,0,0.2,marginal,1,1,0
2025-12-13,F1,Metz,Paris SG,2,0.2,marginal,0,0,1
2025-12-13,F1,Rennes,Brest,0,0.2,marginal,1,0,0
2025-12-13,D1,Leverkusen,FC Koln,0,0.2,marginal,1,0,0
2025-12-13,D1,St Pauli,Heidenheim,0,0.2,marginal,1,1,0
2025-12-13,D1,M'gladbach,Wolfsburg,2,0.2,marginal,1,0,1
2025-12-13,D1,Hoffenheim,Hamburg,0,0.2,marginal,1,0,0
2025-12-13,D1,Ein Frankfurt,Augsburg,0,0.2,marginal,1,0,0
2025-12-13,E0,Burnley,Fulham,2,0.2,marginal,0,1,1
2025-12-13,E0,Liverpool,Brighton,0,0.2,marginal,1,0,0
2025-12-14,E0,Crystal Palace,Man City,2,0.2,marginal,0,0,1
2025-12-14,I1,Bologna,Juventus,2,0.2,marginal,1,1,1
2025-12-14,I1,Genoa,Inter,2,0.2,marginal,0,0,1
2025-12-14,I1,Udinese,Napoli,0,0.2,marginal,0,1,1
2025-12-14,F1,Marseille,Monaco,0,0.2,marginal,1,1,1
2025-12-14,I1,Milan,Sassuolo,1,0.2,marginal,1,0,0
2025-12-14,SP1,Celta,Ath Bilbao,0,0.2,marginal,1,1,1
2025-12-14,E0,Nott'm Forest,Tottenham,0,0.2,marginal,1,1,1
2025-12-14,I1,Fiorentina,Verona,2,0.2,marginal,1,1,0
2025-12-14,E0,Sunderland,Newcastle,0,0.2,marginal,1,1,1
2025-12-14,E0,West Ham,Aston Villa,2,0.2,marginal,1,1,1
2025-12-14,D1,Werder Bremen,Stuttgart,2,0.2,marginal,1,0,1
2025-12-14,D1,Bayern Munich,Mainz,1,0.2,marginal,1,0,0
2025-12-14,F1,Strasbourg,Lorient,1,0.2,marginal,1,0,0
2025-12-14,SP1,Alaves,Real Madrid,2,0.2,marginal,0,0,1
2025-12-14,D1,Freiburg,Dortmund,1,0.2,marginal,0,1,1
2025-12-14,SP1,Sevilla,Oviedo,0,0.2,marginal,1,1,0
2025-12-14,F1,Lens,Nice,0,0.2,marginal,1,0,0
2025-12-14,F1,Auxerre,Lille,2,0.2,marginal,0,1,1
2025-12-14,F1,Lyon,Le Havre,0,0.2,marginal,1,0,0
2025-12-14,E0,Brentford,Leeds,1,0.2,marginal,1,1,1
2025-12-15,E0,Man United,Bournemouth,1,0.2,marginal,1,0,0
2025-12-15,I1,Roma,Como,0,0.2,marginal,1,1,1
2025-12-15,SP1,Vallecano,Betis,1,0.2,marginal,1,1,1
2025-12-19,D1,Dortmund,M'gladbach,0,0.2,marginal,1,0,0
2025-12-19,SP1,Valencia,Mallorca,1,0.2,marginal,1,1,0
2025-12-20,I1,Juventus,Roma,0,0.2,marginal,1,1,0
2025-12-20,E0,Everton,Arsenal,2,0.2,marginal,0,0,1
2025-12-20,SP1,Levante,Sociedad,1,0.2,marginal,1,1,1
2025-12-20,E0,Leeds,Crystal Palace,0,0.2,marginal,1,1,1
2025-12-20,SP1,Osasuna,Alaves,0,0.2,marginal,1,1,0
2025-12-20,SP1,Oviedo,Celta,1,0.2,marginal,1,1,1
2025-12-20,E0,Man City,West Ham,0,0.2,marginal,1,0,0
2025-12-20,E0,Wolves,Brentford,2,0.2,marginal,1,1,1
2025-12-20,SP1,Real Madrid,Sevilla,0,0.2,marginal,1,0,0
2025-12-20,I1,Lazio,Cremonese,1,0.2,marginal,1,0,0
2025-12-20,E0,Tottenham,Liverpool,2,0.2,marginal,1,1,1
2025-12-20,E0,Bournemouth,Burnley,1,0.2,marginal,1,0,0
2025-12-20,E0,Brighton,Sunderland,1,0.2,marginal,1,1,0
2025-12-20,D1,Augsburg,Werder Bremen,1,0.2,marginal,1,1,1
2025-12-20,D1,FC Koln,Union Berlin,2,0.2,marginal,1,1,1
2025-12-20,D1,RB Leipzig,Leverkusen,2,0.2,marginal,1,0,1
2025-12-20,D1,Wolfsburg,Freiburg,2,0.2,marginal,1,1,1
2025-12-20,D1,Stuttgart,Hoffenheim,1,0.2,marginal,1,0,1
2025-12-20,D1,Hamburg,Ein Frankfurt,1,0.2,marginal,1,1,1
2025-12-20,E0,Newcastle,Chelsea,1,0.2,marginal,1,1,1
2025-12-21,SP1,Villarreal,Barcelona,2,0.2,marginal,0,0,1
2025-12-21,SP1,Elche,Vallecano,0,0.2,marginal,1,1,1
2025-12-21,SP1,Betis,Getafe,0,0.2,marginal,1,1,0
2025-12-21,I1,Genoa,Atalanta,2,0.2,marginal,0,1,1
2025-12-21,I1,Fiorentina,Udinese,0,0.2,marginal,1,1,0
2025-12-21,I1,Sassuolo,Torino,2,0.2,marginal,1,1,1
2025-12-21,D1,Heidenheim,Bayern Munich,2,0.2,marginal,0,0,1
2025-12-21,I1,Cagliari,Pisa,1,0.2,marginal,1,1,0
2025-12-21,E0,Aston Villa,Man United,0,0.2,marginal,1,1,1
2025-12-21,SP1,Girona,Ath Madrid,2,0.2,marginal,0,0,1
2025-12-21,D1,Mainz,St Pauli,1,0.2,marginal,1,1,0
2025-12-22,SP1,Ath Bilbao,Espanol,2,0.2,marginal,1,1,0
2025-12-22,E0,Fulham,Nott'm Forest,0,0.2,marginal,1,1,1
2025-12-26,E0,Man United,Newcastle,0,0.2,marginal,1,1,1
2025-12-27,E0,Nott'm Forest,Man City,2,0.2,marginal,0,0,1
2025-12-27,E0,Brentford,Bournemouth,0,0.2,marginal,1,1,1
2025-12-27,E0,Chelsea,Aston Villa,2,0.2,marginal,1,0,0
2025-12-27,E0,West Ham,Fulham,2,0.2,marginal,1,1,1
2025-12-27,E0,Arsenal,Brighton,0,0.2,marginal,1,0,0
2025-12-27,E0,Liverpool,Wolves,0,0.2,marginal,1,0,0
2025-12-27,I1,Udinese,Lazio,1,0.2,marginal,1,1,1
2025-12-27,E0,Burnley,Everton,1,0.2,marginal,1,1,1
2025-12-27,I1,Pisa,Juventus,2,0.2,marginal,0,0,1
2025-12-27,I1,Torino,Cagliari,2,0.2,marginal,1,1,0
2025-12-27,I1,Lecce,Como,2,0.2,marginal,0,1,1
2025-12-27,I1,Parma,Fiorentina,0,0.2,marginal,0,1,1
2025-12-28,I1,Atalanta,Inter,2,0.2,marginal,1,1,1
2025-12-28,I1,Milan,Verona,0,0.2,marginal,1,0,0
2025-12-28,I1,Cremonese,Napoli,2,0.2,marginal,0,1,1
2025-12-28,E0,Crystal Palace,Tottenham,2,0.2,marginal,1,1,1
2025-12-28,E0,Sunderland,Leeds,1,0.2,marginal,1,1,1
2025-12-28,I1,Bologna,Sassuolo,1,0.2,marginal,1,1,0
2025-12-29,I1,Roma,Genoa,0,0.2,marginal,1,1,0
2025-12-30,E0,Man United,Wolves,1,0.2,marginal,1,0,0
2025-12-30,E0,West Ham,Brighton,1,0.2,marginal,1,1,1
2025-12-30,E0,Nott'm Forest,Everton,2,0.2,marginal,1,1,0
2025-12-30,E0,Chelsea,Bournemouth,1,0.2,marginal,1,0,0
2025-12-30,E0,Burnley,Newcastle,2,0.2,marginal,0,0,1
2025-12-30,E0,Arsenal,Aston Villa,0,0.2,marginal,1,0,0
2026-01-01,E0,Crystal Palace,Fulham,1,0.2,marginal,1,1,1
2026-01-01,E0,Sunderland,Man City,1,0.2,marginal,0,0,1
2026-01-01,E0,Liverpool,Leeds,1,0.2,marginal,1,0,0
2026-01-01,E0,Brentford,Tottenham,1,0.2,marginal,1,1,1
2026-01-02,I1,Cagliari,Milan,2,0.2,marginal,0,0,1
2026-01-02,F1,Toulouse,Lens,2,0.2,marginal,1,1,1
2026-01-02,SP1,Vallecano,Getafe,1,0.2,marginal,1,1,0
2026-01-03,SP1,Espanol,Barcelona,2,0.2,marginal,0,0,1
2026-01-03,I1,Sassuolo,Parma,1,0.2,marginal,1,1,1
2026-01-03,F1,Monaco,Lyon,2,0.2,marginal,1,0,1
2026-01-03,I1,Atalanta,Roma,0,0.2,marginal,1,1,1
2026-01-03,I1,Juventus,Lecce,1,0.2,marginal,1,0,0
2026-01-03,SP1,Elche,Villarreal,2,0.2,marginal,1,1,1
2026-01-03,F1,Lille,Rennes,2,0.2,marginal,1,0,0
2026-01-03,SP1,Celta,Valencia,0,0.2,marginal,1,1,0
2026-01-03,I1,Genoa,Pisa,1,0.2,marginal,1,1,0
2026-01-03,F1,Nice,Strasbourg,1,0.2,marginal,1,1,1
2026-01-03,E0,Bournemouth,Arsenal,2,0.2,marginal,0,0,1
2026-01-03,E0,Aston Villa,Nott'm Forest,0,0.2,marginal,1,1,0
2026-01-03,E0,Brighton,Burnley,0,0.2,marginal,1,0,0
2026-01-03,E0,Wolves,West Ham,0,0.2,marginal,1,1,1
2026-01-03,SP1,Osasuna,Ath Bilbao,1,0.2,marginal,1,1,1
2026-01-03,I1,Como,Udinese,0,0.2,marginal,1,1,0
2026-01-04,SP1,Real Madrid,Betis,0,0.2,marginal,1,0,0
2026-01-04,SP1,Sevilla,Levante,2,0.2,marginal,1,0,0
2026-01-04,I1,Inter,Bologna,0,0.2,marginal,1,0,0
2026-01-04,F1,Lorient,Metz,1,0.2,marginal,1,1,0
2026-01-04,I1,Fiorentina,Cremonese,0,0.2,marginal,1,0,0
2026-01-04,I1,Lazio,Napoli,2,0.2,marginal,0,1,1
2026-01-04,SP1,Mallorca,Girona,2,0.2,marginal,1,1,1
2026-01-04,I1,Verona,Torino,2,0.2,marginal,1,1,1
2026-01-04,F1,Paris SG,Paris FC,0,0.2,marginal,1,0,0
2026-01-04,SP1,Alaves,Oviedo,1,0.2,marginal,1,1,0
2026-01-04,F1,Le Havre,Angers,0,0.2,marginal,1,1,1
2026-01-04,E0,Fulham,Liverpool,1,0.2,marginal,0,0,1
2026-01-04,F1,Marseille,Nantes,2,0.2,marginal,1,0,0
2026-01-04,E0,Leeds,Man United,1,0.2,marginal,1,1,1
2026-01-04,E0,Everton,Brentford,2,0.2,marginal,1,1,1
2026-01-04,E0,Man City,Chelsea,1,0.2,marginal,1,0,0
2026-01-04,F1,Brest,Auxerre,0,0.2,marginal,1,1,0
2026-01-04,E0,Newcastle,Crystal Palace,0,0.2,marginal,1,0,0
2026-01-04,E0,Tottenham,Sunderland,1,0.2,marginal,1,1,0
2026-01-04,SP1,Sociedad,Ath Madrid,1,0.2,marginal,1,0,1
2026-01-06,I1,Lecce,Roma,2,0.2,marginal,0,1,1
2026-01-06,E0,West Ham,Nott'm Forest,2,0.2,marginal,1,1,1
2026-01-06,I1,Sassuolo,Juventus,2,0.2,marginal,0,1,1
2026-01-06,I1,Pisa,Como,2,0.2,marginal,0,1,1
2026-01-07,E0,Man City,Brighton,1,0.2,marginal,1,0,0
2026-01-07,E0,Burnley,Man United,1,0.2,marginal,0,0,1
2026-01-07,E0,Brentford,Sunderland,0,0.2,marginal,1,1,0
2026-01-07,E0,Everton,Wolves,1,0.2,marginal,1,1,0
2026-01-07,E0,Newcastle,Leeds,0,0.2,marginal,1,0,0
2026-01-07,E0,Fulham,Chelsea,0,0.2,marginal,1,1,1
2026-01-07,E0,Bournemouth,Tottenham,0,0.2,marginal,1,1,1
2026-01-07,E0,Crystal Palace,Aston Villa,1,0.2,marginal,1,1,1
2026-01-07,I1,Bologna,Atalanta,2,0.2,marginal,1,1,1
2026-01-07,I1,Napoli,Verona,1,0.2,marginal,1,0,0
2026-01-07,I1,Parma,Inter,2,0.2,marginal,0,0,1
2026-01-07,I1,Torino,Udinese,2,0.2,marginal,1,1,1
2026-01-07,I1,Lazio,Fiorentina,1,0.2,marginal,1,1,1
2026-01-08,I1,Milan,Genoa,1,0.2,marginal,1,0,0
2026-01-08,E0,Arsenal,Liverpool,1,0.2,marginal,1,0,0
2026-01-08,I1,Cremonese,Cagliari,1,0.2,marginal,1,1,1
2026-01-09,D1,Ein Frankfurt,Dortmund,1,0.2,marginal,1,0,1
2026-01-09,SP1,Getafe,Sociedad,2,0.2,marginal,1,1,1
2026-01-10,D1,Heidenheim,FC Koln,1,0.2,marginal,1,1,1
2026-01-10,SP1,Valencia,Elche,1,0.2,marginal,1,1,0
2026-01-10,SP1,Girona,Osasuna,0,0.2,marginal,1,1,1
2026-01-10,SP1,Villarreal,Alaves,0,0.2,marginal,1,0,0
2026-01-10,D1,Leverkusen,Stuttgart,2,0.2,marginal,1,0,1
2026-01-10,SP1,Oviedo,Betis,1,0.2,marginal,0,1,1
2026-01-10,D1,Freiburg,Hamburg,0,0.2,marginal,1,1,0
2026-01-10,D1,Union Berlin,Mainz,1,0.2,marginal,1,1,0
2026-01-10,I1,Udinese,Pisa,1,0.2,marginal,1,1,0
2026-01-10,I1,Como,Bologna,1,0.2,marginal,1,1,0
2026-01-10,I1,Atalanta,Torino,0,0.2,marginal,1,0,0
2026-01-10,I1,Roma,Sassuolo,0,0.2,marginal,1,1,0
2026-01-11,I1,Lecce,Parma,2,0.2,marginal,1,1,1
2026-01-11,D1,Bayern Munich,Wolfsburg,0,0.2,marginal,1,0,0
2026-01-11,SP1,Levante,Espanol,1,0.2,marginal,1,1,1
2026-01-11,I1,Verona,Lazio,2,0.2,marginal,0,1,1
2026-01-11,D1,M'gladbach,Augsburg,0,0.2,marginal,1,1,0
2026-01-11,I1,Inter,Napoli,1,0.2,marginal,1,1,0
2026-01-11,I1,Fiorentina,Milan,1,0.2,marginal,1,1,1
2026-01-11,SP1,Vallecano,Mallorca,0,0.2,marginal,1,1,0
2026-01-12,I1,Juventus,Cremonese,0,0.2,marginal,1,0,0
2026-01-12,I1,Genoa,Cagliari,0,0.2,marginal,1,1,0
2026-01-12,SP1,Sevilla,Celta,2,0.2,marginal,1,1,1
2026-01-13,D1,Mainz,Heidenheim,0,0.2,marginal,1,0,0
2026-01-13,D1,Stuttgart,Ein Frankfurt,0,0.2,marginal,1,0,0
2026-01-13,D1,Dortmund,Werder Bremen,0,0.2,marginal,1,0,0
2026-01-14,I1,Napoli,Parma,1,0.2,marginal,1,0,0
2026-01-14,D1,Wolfsburg,St Pauli,0,0.2,marginal,1,1,0
2026-01-14,I1,Inter,Lecce,0,0.2,marginal,1,0,0
2026-01-14,D1,FC Koln,Bayern Munich,2,0.2,marginal,0,0,1
2026-01-14,D1,Hoffenheim,M'gladbach,0,0.2,marginal,1,0,1
2026-01-14,D1,RB Leipzig,Freiburg,0,0.2,marginal,1,0,0
2026-01-15,I1,Verona,Bologna,2,0.2,marginal,0,1,1
2026-01-15,I1,Como,Milan,2,0.2,marginal,1,1,1
2026-01-15,D1,Augsburg,Union Berlin,1,0.2,marginal,1,1,1
2026-01-16,F1,Paris SG,Lille,0,0.2,marginal,1,0,0
2026-01-16,SP1,Espanol,Girona,2,0.2,marginal,1,1,0
2026-01-16,I1,Pisa,Atalanta,1,0.2,marginal,0,0,1
2026-01-16,D1,Werder Bremen,Ein Frankfurt,1,0.2,marginal,1,1,1
2026-01-16,F1,Monaco,Lorient,2,0.2,marginal,1,0,0
2026-01-17,SP1,Osasuna,Oviedo,0,0.2,marginal,1,1,0
2026-01-17,D1,Hoffenheim,Leverkusen,0,0.2,marginal,1,0,1
2026-01-17,SP1,Betis,Villarreal,0,0.2,marginal,1,1,1
2026-01-17,I1,Cagliari,Juventus,0,0.2,marginal,0,0,1
2026-01-17,E0,Nott'm Forest,Arsenal,1,0.2,marginal,0,0,1
2026-01-17,F1,Angers,Marseille,2,0.2,marginal,0,0,1
2026-01-17,F1,Toulouse,Nice,0,0.2,marginal,1,1,0
2026-01-17,F1,Lens,Auxerre,0,0.2,marginal,1,0,0
2026-01-17,SP1,Mallorca,Ath Bilbao,0,0.2,marginal,0,1,1
2026-01-17,I1,Napoli,Sassuolo,0,0.2,marginal,1,0,0
2026-01-17,SP1,Real Madrid,Levante,0,0.2,marginal,1,0,0
2026-01-17,D1,RB Leipzig,Bayern Munich,2,0.2,marginal,0,0,1
2026-01-17,E0,Chelsea,Brentford,0,0.2,marginal,1,0,0
2026-01-17,D1,Dortmund,St Pauli,0,0.2,marginal,1,0,0
2026-01-17,E0,Tottenham,West Ham,2,0.2,marginal,1,0,0
2026-01-17,E0,Sunderland,Crystal Palace,0,0.2,marginal,1,1,1
2026-01-17,D1,FC Koln,Mainz,0,0.2,marginal,1,1,1
2026-01-17,E0,Man United,Man City,0,0.2,marginal,1,1,1
2026-01-17,I1,Udinese,Inter,2,0.2,marginal,0,0,1
2026-01-17,D1,Wolfsburg,Heidenheim,1,0.2,marginal,1,0,0
2026-01-17,E0,Liverpool,Burnley,1,0.2,marginal,1,0,0
2026-01-17,E0,Leeds,Fulham,0,0.2,marginal,1,1,1
2026-01-17,D1,Hamburg,M'gladbach,1,0.2,marginal,1,1,1
2026-01-18,SP1,Ath Madrid,Alaves,0,0.2,marginal,1,0,0
2026-01-18,SP1,Sociedad,Barcelona,0,0.2,marginal,0,0,1
2026-01-18,SP1,Celta,Vallecano,0,0.2,marginal,1,1,0
2026-01-18,D1,Stuttgart,Union Berlin,1,0.2,marginal,1,0,0
2026-01-18,E0,Wolves,Newcastle,1,0.2,marginal,0,0,1
2026-01-18,E0,Aston Villa,Everton,2,0.2,marginal,1,0,0
2026-01-18,D1,Augsburg,Freiburg,1,0.2,marginal,1,1,1
2026-01-18,SP1,Getafe,Valencia,2,0.2,marginal,1,1,1
2026-01-18,I1,Torino,Roma,2,0.2,marginal,0,1,1
2026-01-18,F1,Rennes,Le Havre,1,0.2,marginal,1,0,0
2026-01-18,F1,Nantes,Paris FC,2,0.2,marginal,1,1,1
2026-01-18,F1,Strasbourg,Metz,0,0.2,marginal,1,0,0
2026-01-18,I1,Bologna,Fiorentina,2,0.2,marginal,1,1,1
2026-01-18,I1,Parma,Genoa,1,0.2,marginal,1,1,1
2026-01-18,I1,Milan,Lecce,0,0.2,marginal,1,0,0
2026-01-18,F1,Lyon,Brest,0,0.2,marginal,1,0,0
2026-01-19,I1,Lazio,Como,2,0.2,marginal,1,1,1
2026-01-19,I1,Cremonese,Verona,1,0.2,marginal,1,1,1
2026-01-19,SP1,Elche,Sevilla,1,0.2,marginal,1,1,1
2026-01-19,E0,Brighton,Bournemouth,1,0.2,marginal,1,0,1
2026-01-23,I1,Inter,Pisa,0,0.2,marginal,1,0,0
2026-01-23,F1,Auxerre,Paris SG,2,0.2,marginal,0,0,1
2026-01-23,SP1,Levante,Elche,0,0.2,marginal,1,1,1
2026-01-23,D1,St Pauli,Hamburg,1,0.2,marginal,1,1,1
2026-01-24,E0,Bournemouth,Liverpool,0,0.2,marginal,0,0,1
2026-01-24,E0,Burnley,Tottenham,1,0.2,marginal,0,1,1
2026-01-24,D1,Bayern Munich,Augsburg,2,0.2,marginal,1,0,0
2026-01-24,E0,West Ham,Sunderland,0,0.2,marginal,1,1,1
2026-01-24,SP1,Villarreal,Real Madrid,2,0.2,marginal,0,0,1
2026-01-24,E0,Fulham,Brighton,0,0.2,marginal,1,1,1
2026-01-24,E0,Man City,Wolves,0,0.2,marginal,1,0,0
2026-01-24,SP1,Vallecano,Osasuna,2,0.2,marginal,1,1,1
2026-01-24,SP1,Valencia,Espanol,0,0.2,marginal,1,1,1
2026-01-24,D1,Heidenheim,RB Leipzig,2,0.2,marginal,0,0,1
2026-01-24,D1,Ein Frankfurt,Hoffenheim,2,0.2,marginal,1,1,1
2026-01-24,F1,Marseille,Lens,0,0.2,marginal,1,0,1
2026-01-24,D1,Union Berlin,Dortmund,2,0.2,marginal,1,1,1
2026-01-24,D1,Mainz,Wolfsburg,0,0.2,marginal,1,1,1
2026-01-24,SP1,Sevilla,Ath Bilbao,0,0.2,marginal,1,1,1
2026-01-24,I1,Lecce,Lazio,1,0.2,marginal,0,1,1
2026-01-24,I1,Como,Torino,0,0.2,marginal,1,0,0
2026-01-24,I1,Fiorentina,Cagliari,2,0.2,marginal,1,1,0
2026-01-24,F1,Le Havre,Monaco,1,0.2,marginal,0,0,1
2026-01-24,F1,Rennes,Lorient,2,0.2,marginal,1,1,0
2026-01-24,D1,Leverkusen,Werder Bremen,0,0.2,marginal,1,0,0
2026-01-25,F1,Brest,Toulouse,2,0.2,marginal,1,1,1
2026-01-25,F1,Paris FC,Angers,1,0.2,marginal,1,1,0
2026-01-25,F1,Metz,Lyon,2,0.2,marginal,0,0,1
2026-01-25,F1,Nantes,Nice,2,0.2,marginal,1,1,1
2026-01-25,F1,Lille,Strasbourg,2,0.2,marginal,1,1,1
2026-01-25,SP1,Barcelona,Oviedo,0,0.2,marginal,1,0,0
2026-01-25,I1,Roma,Milan,1,0.2,marginal,1,1,1
2026-01-25,SP1,Sociedad,Celta,0,0.2,marginal,1,1,1
2026-01-25,SP1,Ath Madrid,Mallorca,0,0.2,marginal,1,0,0
2026-01-25,D1,M'gladbach,Stuttgart,2,0.2,marginal,1,1,1
2026-01-25,I1,Atalanta,Parma,0,0.2,marginal,1,0,0
2026-01-25,SP1,Alaves,Betis,0,0.2,marginal,1,1,1
2026-01-25,E0,Brentford,Nott'm Forest,2,0.2,marginal,1,1,0
2026-01-25,E0,Crystal Palace,Chelsea,2,0.2,marginal,1,1,1
2026-01-25,E0,Newcastle,Aston Villa,2,0.2,marginal,1,1,1
2026-01-25,D1,Freiburg,FC Koln,0,0.2,marginal,1,1,1
2026-01-25,I1,Juventus,Napoli,0,0.2,marginal,1,1,0
2026-01-25,E0,Arsenal,Man United,2,0.2,marginal,1,0,0
2026-01-25,I1,Sassuolo,Cremonese,0,0.2,marginal,1,1,0
2026-01-25,I1,Genoa,Bologna,0,0.2,marginal,1,1,1
2026-01-26,I1,Verona,Udinese,2,0.2,marginal,1,1,1
2026-01-26,E0,Everton,Leeds,1,0.2,marginal,1,1,1
2026-01-26,SP1,Girona,Getafe,1,0.2,marginal,1,1,0
2026-01-27,D1,Werder Bremen,Hoffenheim,2,0.2,marginal,0,0,1
2026-01-27,D1,St Pauli,RB Leipzig,1,0.2,marginal,0,1,1
2026-01-30,F1,Lens,Le Havre,0,0.2,marginal,1,0,0
2026-01-30,SP1,Espanol,Alaves,2,0.2,marginal,1,1,0
2026-01-30,D1,FC Koln,Wolfsburg,0,0.2,marginal,1,1,1
2026-01-30,I1,Lazio,Genoa,0,0.2,marginal,1,1,1
2026-01-31,D1,RB Leipzig,Mainz,2,0.2,marginal,1,0,0
2026-01-31,D1,Werder Bremen,M'gladbach,1,0.2,marginal,1,1,1
2026-01-31,D1,Hamburg,Bayern Munich,1,0.2,marginal,0,0,1
2026-01-31,F1,Lorient,Nantes,0,0.2,marginal,1,1,0
2026-01-31,D1,Ein Frankfurt,Leverkusen,2,0.2,marginal,1,0,1
2026-01-31,F1,Paris FC,Marseille,1,0.2,marginal,0,0,1
2026-01-31,F1,Monaco,Rennes,0,0.2,marginal,1,0,1
2026-01-31,SP1,Elche,Barcelona,2,0.2,marginal,0,0,1
2026-01-31,SP1,Levante,Ath Madrid,1,0.2,marginal,0,0,1
2026-01-31,SP1,Osasuna,Villarreal,1,0.2,marginal,1,1,1
2026-01-31,D1,Augsburg,St Pauli,0,0.2,marginal,1,1,0
2026-01-31,D1,Hoffenheim,Union Berlin,0,0.2,marginal,1,0,0
2026-01-31,SP1,Oviedo,Girona,0,0.2,marginal,1,1,1
2026-01-31,I1,Cagliari,Verona,0,0.2,marginal,1,1,0
2026-01-31,I1,Pisa,Sassuolo,2,0.2,marginal,1,1,1
2026-01-31,I1,Napoli,Fiorentina,0,0.2,marginal,1,1,0
2026-01-31,E0,Wolves,Bournemouth,2,0.2,marginal,1,1,1
2026-01-31,E0,Leeds,Arsenal,2,0.2,marginal,0,0,1
2026-01-31,E0,Chelsea,West Ham,0,0.2,marginal,1,0,0
2026-01-31,E0,Liverpool,Newcastle,0,0.2,marginal,1,0,0
2026-01-31,E0,Brighton,Everton,1,0.2,marginal,1,1,0
2026-02-01,E0,Man United,Fulham,0,0.2,marginal,1,0,0
2026-02-01,D1,Stuttgart,Freiburg,0,0.2,marginal,1,0,0
2026-02-01,D1,Dortmund,Heidenheim,0,0.2,marginal,1,0,0
2026-02-01,SP1,Ath Bilbao,Sociedad,1,0.2,marginal,1,1,1
2026-02-01,SP1,Getafe,Celta,1,0.2,marginal,1,1,1
2026-02-01,SP1,Betis,Valencia,0,0.2,marginal,1,1,0
2026-02-01,SP1,Real Madrid,Vallecano,0,0.2,marginal,1,0,0
2026-02-01,F1,Strasbourg,Paris SG,2,0.2,marginal,0,0,1
2026-02-01,E0,Nott'm Forest,Crystal Palace,1,0.2,marginal,1,1,1
2026-02-01,E0,Tottenham,Man City,1,0.2,marginal,0,0,1
2026-02-01,I1,Torino,Lecce,0,0.2,marginal,1,1,0
2026-02-01,F1,Nice,Brest,1,0.2,marginal,1,1,1
2026-02-01,F1,Angers,Metz,0,0.2,marginal,1,1,1
2026-02-01,F1,Lyon,Lille,0,0.2,marginal,1,1,1
2026-02-01,I1,Parma,Juventus,2,0.2,marginal,0,0,1
2026-02-01,I1,Cremonese,Inter,2,0.2,marginal,0,0,1
2026-02-01,F1,Toulouse,Auxerre,1,0.2,marginal,1,1,0
2026-02-01,I1,Como,Atalanta,1,0.2,marginal,1,1,1
2026-02-01,E0,Aston Villa,Brentford,2,0.2,marginal,1,1,1
2026-02-02,E0,Sunderland,Burnley,0,0.2,marginal,1,1,0
2026-02-02,I1,Udinese,Roma,0,0.2,marginal,0,1,1
2026-02-02,SP1,Mallorca,Sevilla,0,0.2,marginal,1,1,1
2026-02-03,I1,Bologna,Milan,2,0.2,marginal,1,1,1
2026-02-06,E0,Leeds,Nott'm Forest,0,0.2,marginal,1,1,1
2026-02-06,D1,Union Berlin,Ein Frankfurt,1,0.2,marginal,1,1,1
2026-02-06,F1,Metz,Lille,1,0.2,marginal,0,0,1
2026-02-06,SP1,Celta,Osasuna,2,0.2,marginal,1,1,1
2026-02-06,I1,Verona,Pisa,1,0.2,marginal,1,1,1
2026-02-07,E0,Newcastle,Brentford,2,0.2,marginal,1,0,0
2026-02-07,D1,Freiburg,Werder Bremen,0,0.2,marginal,1,1,1
2026-02-07,D1,Mainz,Augsburg,0,0.2,marginal,1,1,0
2026-02-07,D1,St Pauli,Stuttgart,0,0.2,marginal,0,0,1
2026-02-07,D1,Wolfsburg,Dortmund,2,0.2,marginal,0,0,1
2026-02-07,D1,Heidenheim,Hamburg,2,0.2,marginal,1,1,1
2026-02-07,D1,M'gladbach,Leverkusen,1,0.2,marginal,1,1,1
2026-02-07,SP1,Barcelona,Mallorca,0,0.2,marginal,1,0,0
2026-02-07,SP1,Sociedad,Elche,0,0.2,marginal,1,0,0
2026-02-07,F1,Nantes,Lyon,2,0.2,marginal,0,0,1
2026-02-07,I1,Genoa,Napoli,2,0.2,marginal,0,1,1
2026-02-07,F1,Lens,Rennes,0,0.2,marginal,1,0,0
2026-02-07,E0,Man United,Tottenham,0,0.2,marginal,1,0,0
2026-02-07,E0,Bournemouth,Aston Villa,1,0.2,marginal,1,1,1
2026-02-07,I1,Fiorentina,Torino,1,0.2,marginal,1,1,0
2026-02-07,E0,Burnley,West Ham,2,0.2,marginal,1,1,1
2026-02-07,E0,Fulham,Everton,2,0.2,marginal,1,1,1
2026-02-07,E0,Wolves,Chelsea,2,0.2,marginal,0,0,1
2026-02-07,E0,Arsenal,Sunderland,0,0.2,marginal,1,0,0
2026-02-07,F1,Brest,Lorient,0,0.2,marginal,1,1,1
2026-02-08,F1,Angers,Toulouse,0,0.2,marginal,1,1,1
2026-02-08,F1,Nice,Monaco,1,0.2,marginal,1,0,1
2026-02-08,D1,Bayern Munich,Hoffenheim,0,0.2,marginal,1,0,0
2026-02-08,F1,Auxerre,Paris FC,1,0.2,marginal,1,1,1
2026-02-08,SP1,Sevilla,Girona,1,0.2,marginal,1,1,0
2026-02-08,I1,Juventus,Lazio,1,0.2,marginal,1,0,0
2026-02-08,D1,FC Koln,RB Leipzig,2,0.2,marginal,1,0,1
2026-02-08,I1,Sassuolo,Inter,2,0.2,marginal,0,0,1
2026-02-08,I1,Lecce,Udinese,0,0.2,marginal,1,1,1
2026-02-08,F1,Paris SG,Marseille,0,0.2,marginal,1,0,0
2026-02-08,SP1,Ath Bilbao,Levante,0,0.2,marginal,1,0,0
2026-02-08,E0,Liverpool,Man City,2,0.2,marginal,1,0,1
2026-02-08,E0,Brighton,Crystal Palace,2,0.2,marginal,1,1,1
2026-02-08,SP1,Alaves,Getafe,2,0.2,marginal,1,1,0
2026-02-08,SP1,Ath Madrid,Betis,2,0.2,marginal,1,0,0
2026-02-08,I1,Bologna,Parma,2,0.2,marginal,1,0,0
2026-02-08,SP1,Valencia,Real Madrid,2,0.2,marginal,0,0,1
2026-02-08,F1,Le Havre,Strasbourg,0,0.2,marginal,0,1,1
2026-02-09,SP1,Villarreal,Espanol,0,0.2,marginal,1,0,0
2026-02-09,I1,Roma,Cagliari,0,0.2,marginal,1,0,0
2026-02-09,I1,Atalanta,Cremonese,0,0.2,marginal,1,0,0
2026-02-10,E0,Chelsea,Leeds,1,0.2,marginal,1,0,0
2026-02-10,E0,Everton,Bournemouth,2,0.2,marginal,1,1,1
2026-02-10,E0,Tottenham,Newcastle,2,0.2,marginal,1,1,1
2026-02-10,E0,West Ham,Man United,1,0.2,marginal,0,0,1
2026-02-11,E0,Aston Villa,Brighton,0,0.2,marginal,1,0,1
2026-02-11,E0,Crystal Palace,Burnley,2,0.2,marginal,1,0,0
2026-02-11,E0,Man City,Fulham,0,0.2,marginal,1,0,0
2026-02-11,E0,Nott'm Forest,Wolves,1,0.2,marginal,1,0,0
2026-02-11,E0,Sunderland,Liverpool,2,0.2,marginal,0,0,1
2026-02-12,E0,Brentford,Arsenal,1,0.2,marginal,0,0,1
2026-02-13,F1,Rennes,Paris SG,0,0.2,marginal,0,0,1
2026-02-13,I1,Pisa,Milan,2,0.2,marginal,0,0,1
2026-02-13,SP1,Elche,Osasuna,1,0.2,marginal,1,1,1
2026-02-13,F1,Monaco,Nantes,0,0.2,marginal,1,0,0
2026-02-13,D1,Dortmund,Mainz,0,0.2,marginal,1,0,0
2026-02-14,F1,Paris FC,Lens,2,0.2,marginal,0,1,1
2026-02-14,D1,Stuttgart,FC Koln,0,0.2,marginal,1,0,0
2026-02-14,SP1,Real Madrid,Sociedad,0,0.2,marginal,1,0,0
2026-02-14,SP1,Sevilla,Alaves,1,0.2,marginal,1,1,0
2026-02-14,SP1,Getafe,Villarreal,0,0.2,marginal,1,1,1
2026-02-14,D1,Ein Frankfurt,M'gladbach,0,0.2,marginal,1,1,1
2026-02-14,F1,Lille,Brest,1,0.2,marginal,1,0,0
2026-02-14,SP1,Espanol,Celta,1,0.2,marginal,1,1,1
2026-02-14,D1,Werder Bremen,Bayern Munich,2,0.2,marginal,0,0,1
2026-02-14,D1,Leverkusen,St Pauli,0,0.2,marginal,1,0,0
2026-02-14,I1,Como,Fiorentina,2,0.2,marginal,1,0,0
2026-02-14,I1,Lazio,Atalanta,2,0.2,marginal,1,1,1
2026-02-14,I1,Inter,Juventus,0,0.2,marginal,1,1,0
2026-02-14,D1,Hamburg,Union Berlin,0,0.2,marginal,1,1,1
2026-02-14,D1,Hoffenheim,Freiburg,0,0.2,marginal,1,0,0
2026-02-14,F1,Marseille,Strasbourg,1,0.2,marginal,1,0,1
2026-02-15,I1,Parma,Verona,0,0.2,marginal,1,1,1
2026-02-15,SP1,Levante,Valencia,2,0.2,marginal,1,1,1
2026-02-15,SP1,Vallecano,Ath Madrid,0,0.2,marginal,0,1,1
2026-02-15,D1,RB Leipzig,Wolfsburg,1,0.2,marginal,1,0,0
2026-02-15,D1,Augsburg,Heidenheim,0,0.2,marginal,1,0,0
2026-02-15,I1,Cremonese,Genoa,1,0.2,marginal,1,1,1
2026-02-15,SP1,Mallorca,Betis,2,0.2,marginal,1,1,1
2026-02-15,I1,Udinese,Sassuolo,2,0.2,marginal,1,1,1
2026-02-15,SP1,Oviedo,Ath Bilbao,2,0.2,marginal,1,1,1
2026-02-15,F1,Le Havre,Toulouse,0,0.2,marginal,1,1,1
2026-02-15,I1,Napoli,Roma,1,0.2,marginal,1,1,1
2026-02-15,F1,Lorient,Angers,0,0.2,marginal,1,1,0
2026-02-15,F1,Lyon,Nice,0,0.2,marginal,1,0,0
2026-02-15,F1,Metz,Auxerre,2,0.2,marginal,1,1,1
2026-02-15,I1,Torino,Bologna,2,0.2,marginal,1,1,1
2026-02-16,SP1,Girona,Barcelona,0,0.2,marginal,0,0,1
2026-02-16,I1,Cagliari,Lecce,2,0.2,marginal,1,1,1
2026-02-18,SP1,Levante,Villarreal,2,0.2,marginal,0,0,1
2026-02-18,E0,Wolves,Arsenal,1,0.2,marginal,0,0,1
2026-02-18,I1,Milan,Como,1,0.2,marginal,1,1,1
2026-02-20,D1,Mainz,Hamburg,1,0.2,marginal,1,1,1
2026-02-20,SP1,Ath Bilbao,Elche,0,0.2,marginal,1,0,0
2026-02-20,F1,Brest,Marseille,0,0.2,marginal,0,0,1
2026-02-20,I1,Sassuolo,Verona,0,0.2,marginal,1,1,0
2026-02-21,I1,Lecce,Inter,2,0.2,marginal,0,0,1
2026-02-21,D1,FC Koln,Hoffenheim,1,0.2,marginal,1,0,1
2026-02-21,D1,Union Berlin,Leverkusen,0,0.2,marginal,1,1,1
2026-02-21,E0,Man City,Newcastle,0,0.2,marginal,1,0,0
2026-02-21,E0,Aston Villa,Leeds,1,0.2,marginal,1,1,0
2026-02-21,E0,Brentford,Brighton,2,0.2,marginal,1,1,1
2026-02-21,E0,Chelsea,Burnley,1,0.2,marginal,1,0,0
2026-02-21,D1,Bayern Munich,Ein Frankfurt,0,0.2,marginal,1,0,0
2026-02-21,I1,Cagliari,Lazio,1,0.2,marginal,1,1,1
2026-02-21,I1,Juventus,Como,2,0.2,marginal,1,1,1
2026-02-21,D1,RB Leipzig,Dortmund,1,0.2,marginal,1,0,1
2026-02-21,D1,Wolfsburg,Augsburg,2,0.2,marginal,1,1,1
2026-02-21,SP1,Osasuna,Real Madrid,0,0.2,marginal,0,0,1
2026-02-21,F1,Paris SG,Metz,0,0.2,marginal,1,0,0
2026-02-21,SP1,Betis,Vallecano,1,0.2,marginal,1,1,0
2026-02-21,SP1,Ath Madrid,Espanol,0,0.2,marginal,1,0,0
2026-02-21,F1,Lens,Monaco,2,0.2,marginal,1,0,0
2026-02-21,F1,Toulouse,Paris FC,1,0.2,marginal,1,1,0
2026-02-21,SP1,Sociedad,Oviedo,1,0.2,marginal,1,0,0
2026-02-21,E0,West Ham,Bournemouth,1,0.2,marginal,1,1,1
2026-02-22,E0,Tottenham,Arsenal,2,0.2,marginal,0,0,1
2026-02-22,D1,Freiburg,M'gladbach,0,0.2,marginal,1,1,1
2026-02-22,D1,St Pauli,Werder Bremen,0,0.2,marginal,1,1,1
2026-02-22,SP1,Barcelona,Levante,0,0.2,marginal,1,0,0
2026-02-22,I1,Genoa,Torino,0,0.2,marginal,1,1,1
2026-02-22,I1,Atalanta,Napoli,0,0.2,marginal,1,1,1
2026-02-22,E0,Sunderland,Fulham,2,0.2,marginal,1,1,1
2026-02-22,D1,Heidenheim,Stuttgart,1,0.2,marginal,0,0,1
2026-02-22,I1,Roma,Cremonese,0,0.2,marginal,1,0,0
2026-02-22,F1,Auxerre,Rennes,2,0.2,marginal,1,1,1
2026-02-22,SP1,Getafe,Sevilla,2,0.2,marginal,1,1,1
2026-02-22,E0,Nott'm Forest,Liverpool,2,0.2,marginal,1,0,1
2026-02-22,SP1,Celta,Mallorca,0,0.2,marginal,1,1,0
2026-02-22,F1,Nice,Lorient,1,0.2,marginal,1,1,1
2026-02-22,F1,Nantes,Le Havre,0,0.2,marginal,1,1,1
2026-02-22,F1,Angers,Lille,2,0.2,marginal,0,1,1
2026-02-22,I1,Milan,Parma,2,0.2,marginal,1,0,0
2026-02-22,SP1,Villarreal,Valencia,0,0.2,marginal,1,0,0
2026-02-22,F1,Strasbourg,Lyon,0,0.2,marginal,1,1,1
2026-02-22,E0,Crystal Palace,Wolves,0,0.2,marginal,1,0,0
2026-02-23,SP1,Alaves,Girona,1,0.2,marginal,1,1,1
2026-02-23,E0,Everton,Man United,2,0.2,marginal,1,1,1
2026-02-23,I1,Bologna,Udinese,0,0.2,marginal,1,1,0
2026-02-23,I1,Fiorentina,Pisa,0,0.2,marginal,1,0,0
2026-02-27,F1,Strasbourg,Lens,1,0.2,marginal,1,1,1
2026-02-27,I1,Parma,Cagliari,1,0.2,marginal,1,1,0
2026-02-27,D1,Augsburg,FC Koln,0,0.2,marginal,1,1,1
2026-02-27,E0,Wolves,Aston Villa,0,0.2,marginal,0,1,1
2026-02-27,SP1,Levante,Alaves,0,0.2,marginal,1,1,1
2026-02-28,E0,Bournemouth,Sunderland,1,0.2,marginal,1,1,0
2026-02-28,D1,Dortmund,Bayern Munich,2,0.2,marginal,0,0,1
2026-02-28,D1,Werder Bremen,Heidenheim,0,0.2,marginal,1,0,0
2026-02-28,D1,M'gladbach,Union Berlin,0,0.2,marginal,1,1,1
2026-02-28,D1,Leverkusen,Mainz,1,0.2,marginal,1,0,0
2026-02-28,E0,Leeds,Man City,2,0.2,marginal,0,0,1
2026-02-28,E0,Newcastle,Everton,2,0.2,marginal,1,0,0
2026-02-28,E0,Burnley,Brentford,2,0.2,marginal,0,0,1
2026-02-28,D1,Hoffenheim,St Pauli,2,0.2,marginal,1,0,0
2026-02-28,E0,Liverpool,West Ham,0,0.2,marginal,1,0,0
2026-02-28,SP1,Vallecano,Ath Bilbao,1,0.2,marginal,1,1,1
2026-02-28,SP1,Mallorca,Sociedad,2,0.2,marginal,1,1,1
2026-02-28,SP1,Oviedo,Ath Madrid,2,0.2,marginal,0,1,1
2026-02-28,I1,Inter,Genoa,0,0.2,marginal,1,0,0
2026-02-28,I1,Verona,Napoli,2,0.2,marginal,0,1,1
2026-02-28,SP1,Barcelona,Villarreal,0,0.2,marginal,1,0,0
2026-02-28,F1,Monaco,Angers,0,0.2,marginal,1,0,0
2026-02-28,F1,Rennes,Toulouse,0,0.2,marginal,1,1,1
2026-02-28,I1,Como,Lecce,0,0.2,marginal,1,0,0
2026-02-28,F1,Le Havre,Paris SG,2,0.2,marginal,0,0,1
2026-03-01,SP1,Girona,Celta,2,0.2,marginal,1,1,1
2026-03-01,F1,Lille,Nantes,0,0.2,marginal,1,0,0
2026-03-01,E0,Man United,Crystal Palace,0,0.2,marginal,1,0,0
2026-03-01,F1,Paris FC,Nice,0,0.2,marginal,1,1,1
2026-03-01,E0,Brighton,Nott'm Forest,0,0.2,marginal,1,1,1
2026-03-01,F1,Lorient,Auxerre,1,0.2,marginal,1,1,0
2026-03-01,F1,Metz,Brest,2,0.2,marginal,0,1,1
2026-03-01,F1,Marseille,Lyon,0,0.2,marginal,1,0,0
2026-03-01,E0,Fulham,Tottenham,0,0.2,marginal,1,1,1
2026-03-01,SP1,Betis,Sevilla,1,0.2,marginal,1,0,0
2026-03-01,I1,Torino,Lazio,0,0.2,marginal,1,1,1
2026-03-01,SP1,Elche,Espanol,1,0.2,marginal,1,1,1
2026-03-01,SP1,Valencia,Osasuna,0,0.2,marginal,1,1,1
2026-03-01,I1,Cremonese,Milan,2,0.2,marginal,0,0,1
2026-03-01,I1,Roma,Juventus,1,0.2,marginal,1,1,1
2026-03-01,I1,Sassuolo,Atalanta,0,0.2,marginal,1,1,1
2026-03-01,D1,Ein Frankfurt,Freiburg,0,0.2,marginal,1,1,1
2026-03-01,D1,Hamburg,RB Leipzig,2,0.2,marginal,0,0,1
2026-03-01,E0,Arsenal,Chelsea,0,0.2,marginal,1,0,0
2026-03-01,D1,Stuttgart,Wolfsburg,0,0.2,marginal,1,0,0
2026-03-02,I1,Pisa,Bologna,2,0.2,marginal,0,1,1
2026-03-02,SP1,Real Madrid,Getafe,2,0.2,marginal,1,0,0
2026-03-02,I1,Udinese,Fiorentina,0,0.2,marginal,1,1,1
2026-03-03,E0,Bournemouth,Brentford,1,0.2,marginal,1,1,1
2026-03-03,E0,Everton,Burnley,0,0.2,marginal,1,0,0
2026-03-03,E0,Leeds,Sunderland,2,0.2,marginal,1,1,0
2026-03-03,E0,Wolves,Liverpool,0,0.2,marginal,0,0,1
2026-03-04,SP1,Vallecano,Oviedo,0,0.2,marginal,1,1,0
2026-03-04,E0,Fulham,West Ham,2,0.2,marginal,1,1,1
2026-03-04,E0,Newcastle,Man United,0,0.2,marginal,1,1,1
2026-03-04,E0,Aston Villa,Chelsea,2,0.2,marginal,1,1,1
2026-03-04,D1,Hamburg,Leverkusen,2,0.2,marginal,1,1,1
2026-03-04,E0,Man City,Nott'm Forest,1,0.2,marginal,1,0,0
2026-03-04,E0,Brighton,Arsenal,2,0.2,marginal,0,0,1
2026-03-05,E0,Tottenham,Crystal Palace,2,0.2,marginal,1,1,1
2026-03-06,F1,Paris SG,Monaco,2,0.2,marginal,1,0,0
2026-03-06,SP1,Celta,Real Madrid,2,0.2,marginal,1,1,1
2026-03-06,D1,Bayern Munich,M'gladbach,0,0.2,marginal,1,0,0
2026-03-06,I1,Napoli,Torino,0,0.2,marginal,1,0,0
2026-03-07,I1,Atalanta,Udinese,1,0.2,marginal,1,1,0
2026-03-07,SP1,Ath Madrid,Sociedad,0,0.2,marginal,1,0,0
2026-03-07,SP1,Levante,Girona,1,0.2,marginal,1,1,1
2026-03-07,SP1,Osasuna,Mallorca,1,0.2,marginal,1,1,0
2026-03-07,F1,Nantes,Angers,2,0.2,marginal,1,1,0
2026-03-07,D1,FC Koln,Dortmund,2,0.2,marginal,0,0,1
2026-03-07,D1,Wolfsburg,Hamburg,2,0.2,marginal,1,1,1
2026-03-07,I1,Cagliari,Como,2,0.2,marginal,0,0,1
2026-03-07,I1,Juventus,Pisa,0,0.2,marginal,1,0,0
2026-03-07,D1,RB Leipzig,Augsburg,0,0.2,marginal,1,0,0
2026-03-07,D1,Mainz,Stuttgart,1,0.2,marginal,1,0,1
2026-03-07,D1,Heidenheim,Hoffenheim,2,0.2,marginal,0,0,1
2026-03-07,D1,Freiburg,Leverkusen,1,0.2,marginal,1,1,1
2026-03-07,F1,Auxerre,Strasbourg,1,0.2,marginal,1,1,1
2026-03-07,F1,Toulouse,Marseille,2,0.2,marginal,1,1,1
2026-03-07,SP1,Ath Bilbao,Barcelona,2,0.2,marginal,0,0,1
2026-03-08,SP1,Valencia,Alaves,0,0.2,marginal,1,1,0
2026-03-08,I1,Fiorentina,Parma,1,0.2,marginal,1,1,0
2026-03-08,I1,Genoa,Roma,0,0.2,marginal,0,1,1
2026-03-08,I1,Lecce,Cremonese,0,0.2,marginal,1,1,1
2026-03-08,I1,Milan,Inter,0,0.2,marginal,1,1,1
2026-03-08,F1,Lille,Lorient,1,0.2,marginal,1,0,0
2026-03-08,F1,Nice,Rennes,2,0.2,marginal,1,1,1
2026-03-08,F1,Brest,Le Havre,0,0.2,marginal,1,1,0
2026-03-08,F1,Lens,Metz,0,0.2,marginal,1,0,0
2026-03-08,F1,Lyon,Paris FC,1,0.2,marginal,1,1,0
2026-03-08,I1,Bologna,Verona,2,0.2,marginal,1,0,0
2026-03-08,SP1,Getafe,Betis,0,0.2,marginal,1,1,1
2026-03-08,D1,Union Berlin,Werder Bremen,2,0.2,marginal,1,1,1
2026-03-08,D1,St Pauli,Ein Frankfurt,1,0.2,marginal,1,1,1
2026-03-08,SP1,Villarreal,Elche,0,0.2,marginal,1,0,0
2026-03-08,SP1,Sevilla,Vallecano,1,0.2,marginal,1,1,1
2026-03-09,SP1,Espanol,Oviedo,1,0.2,marginal,1,1,0
2026-03-09,I1,Lazio,Sassuolo,0,0.2,marginal,1,1,1
2026-03-13,D1,M'gladbach,St Pauli,0,0.2,marginal,1,1,0
2026-03-13,F1,Marseille,Auxerre,0,0.2,marginal,1,0,0
2026-03-13,SP1,Alaves,Villarreal,1,0.2,marginal,1,1,1
2026-03-13,I1,Torino,Parma,0,0.2,marginal,1,1,1
2026-03-14,E0,Arsenal,Everton,0,0.2,marginal,1,0,0
2026-03-14,I1,Napoli,Lecce,0,0.2,marginal,1,0,0
2026-03-14,I1,Udinese,Juventus,2,0.2,marginal,0,0,1
2026-03-14,D1,Hoffenheim,Wolfsburg,1,0.2,marginal,1,0,0
2026-03-14,F1,Monaco,Brest,0,0.2,marginal,1,0,0
2026-03-14,D1,Leverkusen,Bayern Munich,1,0.2,marginal,0,0,1
2026-03-14,E0,West Ham,Man City,1,0.2,marginal,0,0,1
2026-03-14,E0,Chelsea,Newcastle,2,0.2,marginal,1,0,0
2026-03-14,E0,Sunderland,Brighton,2,0.2,marginal,1,1,1
2026-03-14,I1,Inter,Atalanta,1,0.2,marginal,1,0,0
2026-03-14,F1,Angers,Nice,2,0.2,marginal,1,1,1
2026-03-14,F1,Lorient,Lens,0,0.2,marginal,0,0,1
2026-03-14,D1,Hamburg,FC Koln,1,0.2,marginal,1,1,1
2026-03-14,SP1,Ath Madrid,Getafe,0,0.2,marginal,1,1,0
2026-03-14,D1,Ein Frankfurt,Heidenheim,0,0.2,marginal,1,0,0
2026-03-14,E0,Burnley,Bournemouth,1,0.2,marginal,0,0,1
2026-03-14,SP1,Real Madrid,Elche,0,0.2,marginal,1,0,0
2026-03-14,SP1,Oviedo,Valencia,0,0.2,marginal,1,1,1
2026-03-14,SP1,Girona,Ath Bilbao,0,0.2,marginal,1,1,1
2026-03-14,D1,Dortmund,Augsburg,0,0.2,marginal,1,0,0
2026-03-15,F1,Le Havre,Lyon,1,0.2,marginal,1,1,1
2026-03-15,D1,Werder Bremen,Mainz,2,0.2,marginal,1,1,1
2026-03-15,F1,Strasbourg,Paris FC,1,0.2,marginal,1,0,0
2026-03-15,SP1,Mallorca,Espanol,0,0.2,marginal,1,1,1
2026-03-15,SP1,Barcelona,Sevilla,0,0.2,marginal,1,0,0
2026-03-15,SP1,Betis,Celta,1,0.2,marginal,1,1,0
2026-03-15,SP1,Sociedad,Osasuna,0,0.2,marginal,1,1,0
2026-03-15,F1,Metz,Toulouse,2,0.2,marginal,0,1,1
2026-03-15,I1,Verona,Genoa,2,0.2,marginal,1,1,1
2026-03-15,F1,Rennes,Lille,2,0.2,marginal,1,1,1
2026-03-15,I1,Pisa,Cagliari,0,0.2,marginal,1,1,1
2026-03-15,I1,Sassuolo,Bologna,2,0.2,marginal,1,1,1
2026-03-15,I1,Lazio,Milan,0,0.2,marginal,0,1,1
2026-03-15,E0,Liverpool,Tottenham,1,0.2,marginal,1,0,0
2026-03-15,E0,Nott'm Forest,Fulham,1,0.2,marginal,1,1,1
2026-03-15,E0,Man United,Aston Villa,0,0.2,marginal,1,0,0
2026-03-15,E0,Crystal Palace,Leeds,1,0.2,marginal,1,1,1
2026-03-15,D1,Stuttgart,RB Leipzig,0,0.2,marginal,1,0,1
2026-03-15,I1,Como,Roma,0,0.2,marginal,1,1,0
2026-03-15,D1,Freiburg,Union Berlin,2,0.2,marginal,1,1,0
2026-03-16,I1,Cremonese,Fiorentina,2,0.2,marginal,0,1,1
2026-03-16,E0,Brentford,Wolves,1,0.2,marginal,1,0,0
2026-03-16,SP1,Vallecano,Levante,1,0.2,marginal,1,1,0
2026-03-20,I1,Genoa,Udinese,2,0.2,marginal,1,1,0
2026-03-20,SP1,Villarreal,Sociedad,0,0.2,marginal,1,1,0
2026-03-20,I1,Cagliari,Napoli,2,0.2,marginal,0,1,1
2026-03-20,E0,Bournemouth,Man United,1,0.2,marginal,1,0,1
2026-03-20,D1,RB Leipzig,Hoffenheim,0,0.2,marginal,1,0,1
2026-03-20,F1,Lens,Angers,0,0.2,marginal,1,0,0
2026-03-21,E0,Fulham,Burnley,0,0.2,marginal,1,0,0
2026-03-21,SP1,Elche,Mallorca,0,0.2,marginal,1,1,1
2026-03-21,E0,Leeds,Brentford,1,0.2,marginal,1,1,1
2026-03-21,F1,Nice,Paris SG,2,0.2,marginal,0,0,1
2026-03-21,D1,Dortmund,Hamburg,0,0.2,marginal,1,0,0
2026-03-21,D1,Wolfsburg,Werder Bremen,2,0.2,marginal,1,1,1
2026-03-21,D1,Heidenheim,Leverkusen,1,0.2,marginal,0,0,1
2026-03-21,D1,FC Koln,M'gladbach,1,0.2,marginal,1,1,1
2026-03-21,E0,Brighton,Liverpool,0,0.2,marginal,1,1,1
2026-03-21,F1,Auxerre,Brest,0,0.2,marginal,1,1,1
2026-03-21,I1,Juventus,Sassuolo,1,0.2,marginal,1,0,0
2026-03-21,E0,Everton,Chelsea,0,0.2,marginal,1,1,1
2026-03-21,D1,Bayern Munich,Union Berlin,0,0.2,marginal,1,0,0
2026-03-21,SP1,Sevilla,Valencia,2,0.2,marginal,1,1,1
2026-03-21,SP1,Osasuna,Girona,0,0.2,marginal,1,1,1
2026-03-21,I1,Parma,Cremonese,2,0.2,marginal,1,1,1
2026-03-21,SP1,Espanol,Getafe,2,0.2,marginal,1,1,1
2026-03-21,F1,Toulouse,Lorient,0,0.2,marginal,1,1,0
2026-03-21,I1,Milan,Torino,0,0.2,marginal,1,0,0
2026-03-21,SP1,Levante,Oviedo,0,0.2,marginal,1,1,1
2026-03-22,E0,Tottenham,Nott'm Forest,2,0.2,marginal,1,1,1
2026-03-22,SP1,Real Madrid,Ath Madrid,0,0.2,marginal,1,0,1
2026-03-22,SP1,Ath Bilbao,Betis,0,0.2,marginal,1,1,1
2026-03-22,SP1,Celta,Alaves,2,0.2,marginal,1,1,0
2026-03-22,SP1,Barcelona,Vallecano,0,0.2,marginal,1,0,0
2026-03-22,D1,Mainz,Ein Frankfurt,0,0.2,marginal,1,1,1
2026-03-22,D1,St Pauli,Freiburg,2,0.2,marginal,1,1,1
2026-03-22,E0,Newcastle,Sunderland,2,0.2,marginal,1,0,0
2026-03-22,E0,Aston Villa,West Ham,0,0.2,marginal,1,0,0
2026-03-22,D1,Augsburg,Stuttgart,2,0.2,marginal,1,0,1
2026-03-22,F1,Nantes,Strasbourg,2,0.2,marginal,1,1,1
2026-03-22,F1,Rennes,Metz,1,0.2,marginal,1,0,0
2026-03-22,F1,Paris FC,Le Havre,0,0.2,marginal,1,1,0
2026-03-22,F1,Marseille,Lille,2,0.2,marginal,1,0,0
2026-03-22,F1,Lyon,Monaco,2,0.2,marginal,1,1,1
2026-03-22,I1,Fiorentina,Inter,1,0.2,marginal,0,0,1
2026-03-22,I1,Como,Pisa,0,0.2,marginal,1,0,0
2026-03-22,I1,Bologna,Lazio,2,0.2,marginal,1,1,1
2026-03-22,I1,Atalanta,Verona,0,0.2,marginal,1,0,0
2026-03-22,I1,Roma,Lecce,0,0.2,marginal,1,0,0
2026-04-03,F1,Paris SG,Toulouse,0,0.2,marginal,1,0,0
2026-04-03,SP1,Vallecano,Elche,0,0.2,marginal,1,0,0
2026-04-04,D1,Stuttgart,Dortmund,2,0.2,marginal,1,0,1
2026-04-04,D1,Werder Bremen,RB Leipzig,2,0.2,marginal,0,0,1
2026-04-04,I1,Verona,Fiorentina,2,0.2,marginal,1,1,1
2026-04-04,F1,Lille,Lens,0,0.2,marginal,1,1,1
2026-04-04,F1,Brest,Rennes,2,0.2,marginal,1,1,1
2026-04-04,F1,Strasbourg,Nice,0,0.2,marginal,1,0,0
2026-04-04,D1,M'gladbach,Heidenheim,1,0.2,marginal,1,0,0
2026-04-04,I1,Lazio,Parma,1,0.2,marginal,1,1,0
2026-04-04,SP1,Sociedad,Levante,0,0.2,marginal,1,0,0
2026-04-04,D1,Freiburg,Bayern Munich,2,0.2,marginal,0,0,1
2026-04-04,D1,Hamburg,Augsburg,1,0.2,marginal,1,1,1
2026-04-04,D1,Hoffenheim,Mainz,2,0.2,marginal,1,0,0
2026-04-04,SP1,Ath Madrid,Barcelona,2,0.2,marginal,1,0,1
2026-04-04,SP1,Betis,Espanol,1,0.2,marginal,1,0,0
2026-04-04,SP1,Mallorca,Real Madrid,0,0.2,marginal,0,0,1
2026-04-04,D1,Leverkusen,Wolfsburg,0,0.2,marginal,1,0,0
2026-04-04,I1,Sassuolo,Cagliari,0,0.2,marginal,1,1,1
2026-04-05,F1,Le Havre,Auxerre,1,0.2,marginal,1,1,1
2026-04-05,I1,Cremonese,Bologna,2,0.2,marginal,1,1,1
2026-04-05,I1,Pisa,Torino,2,0.2,marginal,1,1,1
2026-04-05,F1,Monaco,Marseille,0,0.2,marginal,1,1,1
2026-04-05,SP1,Alaves,Osasuna,1,0.2,marginal,1,1,1
2026-04-05,SP1,Oviedo,Sevilla,0,0.2,marginal,1,1,1
2026-04-05,SP1,Valencia,Celta,2,0.2,marginal,1,1,1
2026-04-05,F1,Lorient,Paris FC,1,0.2,marginal,1,1,1
2026-04-05,F1,Angers,Lyon,1,0.2,marginal,0,0,1
2026-04-05,I1,Inter,Roma,0,0.2,marginal,1,0,0
2026-04-05,F1,Metz,Nantes,1,0.2,marginal,1,1,1
2026-04-05,D1,Ein Frankfurt,FC Koln,1,0.2,marginal,1,0,1
2026-04-05,D1,Union Berlin,St Pauli,1,0.2,marginal,1,1,0
2026-04-05,SP1,Getafe,Ath Bilbao,0,0.2,marginal,1,1,1
2026-04-06,SP1,Girona,Villarreal,0,0.2,marginal,1,1,1
2026-04-06,I1,Udinese,Como,1,0.2,marginal,0,0,1
2026-04-06,I1,Juventus,Genoa,0,0.2,marginal,1,0,0
2026-04-06,I1,Lecce,Atalanta,2,0.2,marginal,0,0,1
2026-04-06,I1,Napoli,Milan,0,0.2,marginal,1,1,1
2026-04-10,SP1,Real Madrid,Girona,1,0.2,marginal,1,0,0
2026-04-10,F1,Marseille,Metz,0,0.2,marginal,1,0,0
2026-04-10,F1,Paris FC,Monaco,0,0.2,marginal,0,0,1
2026-04-10,E0,West Ham,Wolves,0,0.2,marginal,1,0,0
2026-04-10,I1,Roma,Pisa,0,0.2,marginal,1,0,0
2026-04-10,D1,Augsburg,Hoffenheim,1,0.2,marginal,1,0,1
2026-04-11,SP1,Elche,Valencia,0,0.2,marginal,1,1,1
2026-04-11,SP1,Sociedad,Alaves,1,0.2,marginal,1,1,0
2026-04-11,D1,Heidenheim,Union Berlin,0,0.2,marginal,1,1,1
2026-04-11,D1,Dortmund,Leverkusen,2,0.2,marginal,1,0,1
2026-04-11,I1,Torino,Verona,0,0.2,marginal,1,1,0
2026-04-11,E0,Brentford,Everton,1,0.2,marginal,1,1,1
2026-04-11,SP1,Barcelona,Espanol,0,0.2,marginal,1,0,0
2026-04-11,I1,Cagliari,Cremonese,0,0.2,marginal,1,1,0
2026-04-11,E0,Arsenal,Bournemouth,2,0.2,marginal,1,0,0
2026-04-11,E0,Liverpool,Fulham,0,0.2,marginal,1,0,0
2026-04-11,E0,Burnley,Brighton,2,0.2,marginal,0,0,1
2026-04-11,D1,RB Leipzig,M'gladbach,0,0.2,marginal,1,0,0
2026-04-11,D1,Wolfsburg,Ein Frankfurt,2,0.2,marginal,1,1,1
2026-04-11,D1,St Pauli,Bayern Munich,2,0.2,marginal,0,0,1
2026-04-11,I1,Atalanta,Juventus,2,0.2,marginal,1,1,1
2026-04-11,F1,Rennes,Angers,0,0.2,marginal,1,0,0
2026-04-11,SP1,Sevilla,Ath Madrid,0,0.2,marginal,1,1,1
2026-04-11,I1,Milan,Udinese,2,0.2,marginal,1,0,0
2026-04-11,F1,Auxerre,Nantes,1,0.2,marginal,1,1,0
2026-04-12,I1,Bologna,Lecce,0,0.2,marginal,1,1,0
2026-04-12,E0,Chelsea,Man City,2,0.2,marginal,1,0,1
2026-04-12,E0,Sunderland,Tottenham,0,0.2,marginal,1,1,1
2026-04-12,E0,Nott'm Forest,Aston Villa,1,0.2,marginal,1,1,1
2026-04-12,E0,Crystal Palace,Newcastle,0,0.2,marginal,1,1,1
2026-04-12,I1,Como,Inter,2,0.2,marginal,1,1,1
2026-04-12,I1,Genoa,Sassuolo,0,0.2,marginal,1,1,1
2026-04-12,I1,Parma,Napoli,1,0.2,marginal,0,0,1
2026-04-12,F1,Lyon,Lorient,0,0.2,marginal,1,0,0
2026-04-12,SP1,Celta,Oviedo,2,0.2,marginal,1,1,0
2026-04-12,F1,Nice,Le Havre,1,0.2,marginal,1,1,0
2026-04-12,D1,FC Koln,Werder Bremen,0,0.2,marginal,1,1,1
2026-04-12,D1,Stuttgart,Hamburg,0,0.2,marginal,1,0,0
2026-04-12,D1,Mainz,Freiburg,2,0.2,marginal,1,1,1
2026-04-12,SP1,Ath Bilbao,Villarreal,2,0.2,marginal,1,1,1
2026-04-12,SP1,Mallorca,Vallecano,0,0.2,marginal,1,1,1
2026-04-12,SP1,Osasuna,Betis,1,0.2,marginal,1,1,1
2026-04-12,F1,Toulouse,Lille,2,0.2,marginal,1,1,1
2026-04-13,SP1,Levante,Getafe,0,0.2,marginal,1,1,1
2026-04-13,E0,Man United,Leeds,2,0.2,marginal,1,0,0
2026-04-13,I1,Fiorentina,Lazio,0,0.2,marginal,1,1,1
2026-04-17,D1,St Pauli,FC Koln,1,0.2,marginal,1,1,1
2026-04-17,F1,Lens,Toulouse,0,0.2,marginal,1,0,0
2026-04-17,I1,Sassuolo,Como,0,0.2,marginal,0,0,1
2026-04-17,I1,Inter,Cagliari,0,0.2,marginal,1,0,0
2026-04-18,E0,Brentford,Fulham,1,0.2,marginal,1,0,1
2026-04-18,E0,Leeds,Wolves,0,0.2,marginal,1,0,0
2026-04-18,D1,Ein Frankfurt,RB Leipzig,2,0.2,marginal,1,0,1
2026-04-18,D1,Werder Bremen,Hamburg,0,0.2,marginal,1,0,0
2026-04-18,D1,Union Berlin,Wolfsburg,2,0.2,marginal,1,1,1
2026-04-18,D1,Leverkusen,Augsburg,2,0.2,marginal,1,0,0
2026-04-18,D1,Hoffenheim,Dortmund,0,0.2,marginal,1,0,1
2026-04-18,I1,Roma,Atalanta,1,0.2,marginal,1,1,1
2026-04-18,I1,Udinese,Parma,2,0.2,marginal,1,1,0
2026-04-18,I1,Napoli,Lazio,2,0.2,marginal,1,0,0
2026-04-18,E0,Newcastle,Bournemouth,2,0.2,marginal,1,1,1
2026-04-18,E0,Chelsea,Man United,2,0.2,marginal,1,0,1
2026-04-18,F1,Lorient,Marseille,0,0.2,marginal,0,0,1
2026-04-18,E0,Tottenham,Brighton,1,0.2,marginal,1,0,1
2026-04-18,F1,Lille,Nice,1,0.2,marginal,1,0,0
2026-04-18,F1,Angers,Le Havre,1,0.2,marginal,1,1,1
2026-04-19,E0,Nott'm Forest,Burnley,0,0.2,marginal,1,0,0
2026-04-19,F1,Nantes,Brest,1,0.2,marginal,1,1,1
2026-04-19,I1,Juventus,Bologna,0,0.2,marginal,1,0,0
2026-04-19,I1,Pisa,Genoa,2,0.2,marginal,1,1,1
2026-04-19,I1,Verona,Milan,2,0.2,marginal,0,0,1
2026-04-19,I1,Cremonese,Torino,1,0.2,marginal,1,1,1
2026-04-19,D1,M'gladbach,Mainz,1,0.2,marginal,1,1,1
2026-04-19,D1,Bayern Munich,Stuttgart,0,0.2,marginal,1,0,0
2026-04-19,F1,Strasbourg,Rennes,2,0.2,marginal,0,0,1
2026-04-19,F1,Metz,Paris FC,2,0.2,marginal,1,1,1
2026-04-19,E0,Man City,Arsenal,0,0.2,marginal,1,1,0
2026-04-19,E0,Aston Villa,Sunderland,0,0.2,marginal,1,1,0
2026-04-19,E0,Everton,Liverpool,2,0.2,marginal,1,1,1
2026-04-19,F1,Monaco,Auxerre,1,0.2,marginal,1,0,0
2026-04-19,D1,Freiburg,Heidenheim,0,0.2,marginal,1,0,0
2026-04-19,F1,Paris SG,Lyon,2,0.2,marginal,1,0,0
2026-04-20,I1,Lecce,Fiorentina,1,0.2,marginal,1,1,1
2026-04-20,E0,Crystal Palace,West Ham,1,0.2,marginal,1,1,1
2026-04-21,SP1,Girona,Betis,2,0.2,marginal,1,1,1
2026-04-21,SP1,Real Madrid,Alaves,0,0.2,marginal,1,0,0
2026-04-21,E0,Brighton,Chelsea,0,0.2,marginal,1,1,1
2026-04-21,SP1,Mallorca,Valencia,1,0.2,marginal,1,1,1
2026-04-21,SP1,Ath Bilbao,Osasuna,0,0.2,marginal,1,1,0
2026-04-22,SP1,Sociedad,Getafe,2,0.2,marginal,1,1,1
2026-04-22,F1,Paris SG,Nantes,0,0.2,marginal,1,0,0
2026-04-22,E0,Bournemouth,Leeds,1,0.2,marginal,1,0,0
2026-04-22,E0,Burnley,Man City,2,0.2,marginal,0,0,1
2026-04-22,SP1,Elche,Ath Madrid,0,0.2,marginal,1,1,1
2026-04-22,SP1,Barcelona,Celta,0,0.2,marginal,1,0,0
2026-04-23,SP1,Oviedo,Villarreal,1,0.2,marginal,1,1,1
2026-04-23,SP1,Vallecano,Espanol,0,0.2,marginal,1,1,1
2026-04-23,SP1,Levante,Sevilla,0,0.2,marginal,1,1,1
2026-04-24,E0,Sunderland,Nott'm Forest,2,0.2,marginal,1,1,1
2026-04-24,SP1,Betis,Real Madrid,1,0.2,marginal,1,0,1
2026-04-24,D1,RB Leipzig,Union Berlin,0,0.2,marginal,1,0,0
2026-04-24,F1,Brest,Lens,1,0.2,marginal,0,0,1
2026-04-24,I1,Napoli,Cremonese,0,0.2,marginal,1,0,0
2026-04-25,F1,Toulouse,Monaco,1,0.2,marginal,0,0,1
2026-04-25,SP1,Valencia,Girona,0,0.2,marginal,1,1,1
2026-04-25,SP1,Alaves,Mallorca,0,0.2,marginal,1,1,1
2026-04-25,SP1,Ath Madrid,Ath Bilbao,0,0.2,marginal,1,1,1
2026-04-25,SP1,Getafe,Barcelona,2,0.2,marginal,0,0,1
2026-04-25,E0,Arsenal,Newcastle,0,0.2,marginal,1,0,0
2026-04-25,E0,Wolves,Tottenham,2,0.2,marginal,0,0,1
2026-04-25,E0,West Ham,Everton,0,0.2,marginal,1,1,1
2026-04-25,F1,Lyon,Auxerre,0,0.2,marginal,1,0,0
2026-04-25,F1,Angers,Paris SG,2,0.2,marginal,0,0,1
2026-04-25,D1,Mainz,Bayern Munich,2,0.2,marginal,1,0,1
2026-04-25,I1,Bologna,Roma,2,0.2,marginal,0,1,1
2026-04-25,I1,Parma,Pisa,0,0.2,marginal,1,1,1
2026-04-25,E0,Liverpool,Crystal Palace,0,0.2,marginal,1,0,0
2026-04-25,D1,Wolfsburg,M'gladbach,1,0.2,marginal,1,0,1
2026-04-25,D1,Heidenheim,St Pauli,0,0.2,marginal,1,1,1
2026-04-25,D1,Hamburg,Hoffenheim,2,0.2,marginal,0,0,1
2026-04-25,D1,Augsburg,Ein Frankfurt,1,0.2,marginal,1,0,1
2026-04-25,E0,Fulham,Aston Villa,0,0.2,marginal,1,1,1
2026-04-25,I1,Verona,Lecce,1,0.2,marginal,1,1,1
2026-04-25,D1,FC Koln,Leverkusen,2,0.2,marginal,1,0,1
2026-04-26,SP1,Vallecano,Sociedad,1,0.2,marginal,1,1,1
2026-04-26,D1,Dortmund,Freiburg,0,0.2,marginal,1,0,0
2026-04-26,F1,Marseille,Nice,1,0.2,marginal,1,0,0
2026-04-26,F1,Rennes,Nantes,0,0.2,marginal,1,0,0
2026-04-26,F1,Paris FC,Lille,2,0.2,marginal,0,0,1
2026-04-26,D1,Stuttgart,Werder Bremen,1,0.2,marginal,1,0,0
2026-04-26,F1,Le Havre,Metz,1,0.2,marginal,1,0,0
2026-04-26,I1,Torino,Inter,1,0.2,marginal,0,0,1
2026-04-26,SP1,Osasuna,Sevilla,0,0.2,marginal,1,1,0
2026-04-26,I1,Milan,Juventus,1,0.2,marginal,1,1,1
2026-04-26,I1,Genoa,Como,2,0.2,marginal,0,0,1
2026-04-26,I1,Fiorentina,Sassuolo,1,0.2,marginal,1,1,0
2026-04-26,SP1,Villarreal,Celta,0,0.2,marginal,1,1,0
2026-04-26,F1,Lorient,Strasbourg,2,0.2,marginal,1,1,1
2026-04-26,SP1,Oviedo,Elche,2,0.2,marginal,1,1,1
2026-04-27,I1,Lazio,Udinese,1,0.2,marginal,1,1,1
2026-04-27,SP1,Espanol,Levante,1,0.2,marginal,1,1,1
2026-04-27,E0,Man United,Brentford,0,0.2,marginal,1,0,1
2026-04-27,I1,Cagliari,Atalanta,0,0.2,marginal,0,0,1
2026-05-01,SP1,Girona,Mallorca,2,0.2,marginal,1,1,0
2026-05-01,I1,Pisa,Lecce,2,0.2,marginal,1,1,1
2026-05-01,E0,Leeds,Burnley,0,0.2,marginal,1,0,0
2026-05-02,F1,Nantes,Marseille,0,0.2,marginal,0,0,1
2026-05-02,D1,Bayern Munich,Heidenheim,1,0.2,marginal,1,0,0
2026-05-02,F1,Metz,Monaco,2,0.2,marginal,0,0,1
2026-05-02,F1,Nice,Lens,1,0.2,marginal,0,0,1
2026-05-02,D1,Ein Frankfurt,Hamburg,2,0.2,marginal,1,0,0
2026-05-02,D1,Hoffenheim,Stuttgart,1,0.2,marginal,1,0,1
2026-05-02,D1,Werder Bremen,Augsburg,2,0.2,marginal,1,1,1
2026-05-02,D1,Leverkusen,RB Leipzig,0,0.2,marginal,1,0,1
2026-05-02,F1,Paris SG,Lorient,1,0.2,marginal,1,0,0
2026-05-02,I1,Atalanta,Genoa,1,0.2,marginal,1,0,0
2026-05-02,D1,Union Berlin,FC Koln,1,0.2,marginal,1,1,1
2026-05-02,I1,Como,Napoli,1,0.2,marginal,1,1,1
2026-05-02,I1,Udinese,Torino,0,0.2,marginal,1,1,0
2026-05-02,SP1,Alaves,Ath Bilbao,2,0.2,marginal,1,1,1
2026-05-02,SP1,Valencia,Ath Madrid,2,0.2,marginal,1,0,0
2026-05-02,SP1,Villarreal,Levante,0,0.2,marginal,1,0,0
2026-05-02,SP1,Osasuna,Barcelona,2,0.2,marginal,0,0,1
2026-05-02,E0,Newcastle,Brighton,0,0.2,marginal,1,1,1
2026-05-02,E0,Wolves,Sunderland,1,0.2,marginal,1,1,1
2026-05-02,E0,Arsenal,Fulham,0,0.2,marginal,1,0,0
2026-05-02,E0,Brentford,West Ham,0,0.2,marginal,1,0,0
2026-05-03,E0,Aston Villa,Tottenham,2,0.2,marginal,1,1,1
2026-05-03,I1,Bologna,Cagliari,1,0.2,marginal,1,1,1
2026-05-03,I1,Sassuolo,Milan,0,0.2,marginal,0,0,1
2026-05-03,I1,Juventus,Verona,1,0.2,marginal,1,0,0
2026-05-03,I1,Inter,Parma,0,0.2,marginal,1,0,0
2026-05-03,SP1,Betis,Oviedo,0,0.2,marginal,1,0,0
2026-05-03,SP1,Espanol,Real Madrid,2,0.2,marginal,0,0,1
2026-05-03,SP1,Getafe,Vallecano,2,0.2,marginal,1,1,0
2026-05-03,E0,Man United,Liverpool,0,0.2,marginal,1,0,1
2026-05-03,D1,Freiburg,Wolfsburg,1,0.2,marginal,1,1,1
2026-05-03,F1,Lyon,Rennes,0,0.2,marginal,1,0,1
2026-05-03,F1,Strasbourg,Toulouse,2,0.2,marginal,1,1,1
2026-05-03,F1,Paris FC,Brest,0,0.2,marginal,1,0,0
2026-05-03,F1,Auxerre,Angers,0,0.2,marginal,1,1,0
2026-05-03,F1,Lille,Le Havre,1,0.2,marginal,1,0,0
2026-05-03,D1,St Pauli,Mainz,2,0.2,marginal,1,1,1
2026-05-03,D1,M'gladbach,Dortmund,0,0.2,marginal,0,0,1
2026-05-03,E0,Bournemouth,Crystal Palace,0,0.2,marginal,1,0,0
2026-05-03,SP1,Celta,Elche,0,0.2,marginal,1,0,0
2026-05-04,I1,Roma,Fiorentina,0,0.2,marginal,1,0,0
2026-05-04,E0,Everton,Man City,1,0.2,marginal,0,0,1
2026-05-04,E0,Chelsea,Nott'm Forest,2,0.2,marginal,1,0,0
2026-05-04,I1,Cremonese,Lazio,2,0.2,marginal,1,1,1
2026-05-04,SP1,Sevilla,Sociedad,0,0.2,marginal,1,1,1
2026-05-08,F1,Lens,Nantes,0,0.2,marginal,1,0,0
2026-05-08,D1,Dortmund,Ein Frankfurt,0,0.2,marginal,1,0,0
2026-05-08,I1,Torino,Sassuolo,0,0.2,marginal,1,1,1
2026-05-08,SP1,Levante,Osasuna,0,0.2,marginal,1,1,1
2026-05-09,I1,Cagliari,Udinese,2,0.2,marginal,1,1,1
2026-05-09,SP1,Sociedad,Betis,1,0.2,marginal,1,1,1
2026-05-09,SP1,Ath Madrid,Celta,2,0.2,marginal,1,0,0
2026-05-09,SP1,Sevilla,Espanol,0,0.2,marginal,1,1,0
2026-05-09,SP1,Elche,Alaves,1,0.2,marginal,1,1,1
2026-05-09,D1,RB Leipzig,St Pauli,0,0.2,marginal,1,0,0
2026-05-09,I1,Lecce,Juventus,2,0.2,marginal,0,0,1
2026-05-09,D1,Augsburg,M'gladbach,0,0.2,marginal,1,0,1
2026-05-09,E0,Brighton,Wolves,0,0.2,marginal,1,0,0
2026-05-09,E0,Sunderland,Man United,1,0.2,marginal,1,1,1
2026-05-09,E0,Fulham,Bournemouth,2,0.2,marginal,1,1,1
2026-05-09,E0,Liverpool,Chelsea,1,0.2,marginal,1,0,1
2026-05-09,D1,Wolfsburg,Bayern Munich,2,0.2,marginal,0,0,1
2026-05-09,D1,Stuttgart,Leverkusen,0,0.2,marginal,1,0,1
2026-05-09,D1,Hoffenheim,Werder Bremen,0,0.2,marginal,1,0,0
2026-05-09,I1,Lazio,Inter,2,0.2,marginal,0,0,1
2026-05-09,E0,Man City,Brentford,0,0.2,marginal,1,0,0
2026-05-10,D1,FC Koln,Heidenheim,2,0.2,marginal,1,0,1
2026-05-10,E0,West Ham,Arsenal,2,0.2,marginal,0,0,1
2026-05-10,F1,Paris SG,Brest,0,0.2,marginal,1,0,0
2026-05-10,F1,Rennes,Paris FC,0,0.2,marginal,1,0,0
2026-05-10,SP1,Mallorca,Villarreal,1,0.2,marginal,1,1,1
2026-05-10,D1,Hamburg,Freiburg,0,0.2,marginal,1,1,1
2026-05-10,SP1,Oviedo,Getafe,1,0.2,marginal,1,1,1
2026-05-10,SP1,Barcelona,Real Madrid,0,0.2,marginal,1,0,0
2026-05-10,D1,Mainz,Union Berlin,2,0.2,marginal,1,0,0
2026-05-10,F1,Monaco,Lille,2,0.2,marginal,1,1,1
2026-05-10,SP1,Ath Bilbao,Valencia,2,0.2,marginal,1,0,0
2026-05-10,F1,Metz,Lorient,2,0.2,marginal,1,0,1
2026-05-10,F1,Angers,Strasbourg,1,0.2,marginal,1,1,1
2026-05-10,F1,Auxerre,Nice,0,0.2,marginal,1,1,1
2026-05-10,I1,Milan,Atalanta,2,0.2,marginal,1,1,1
2026-05-10,F1,Toulouse,Lyon,0,0.2,marginal,0,0,1
2026-05-10,E0,Nott'm Forest,Newcastle,1,0.2,marginal,1,1,1
2026-05-10,E0,Crystal Palace,Everton,1,0.2,marginal,1,1,1
2026-05-10,E0,Burnley,Aston Villa,1,0.2,marginal,0,0,1
2026-05-10,I1,Verona,Como,2,0.2,marginal,0,0,1
2026-05-10,I1,Cremonese,Pisa,0,0.2,marginal,1,1,0
2026-05-10,I1,Fiorentina,Genoa,1,0.2,marginal,1,1,0
2026-05-10,I1,Parma,Roma,2,0.2,marginal,0,0,1
2026-05-10,F1,Le Havre,Marseille,2,0.2,marginal,0,0,1
2026-05-11,E0,Tottenham,Leeds,1,0.2,marginal,1,1,0
2026-05-11,SP1,Vallecano,Girona,1,0.2,marginal,1,1,1
2026-05-11,I1,Napoli,Bologna,2,0.2,marginal,1,0,0
2026-05-12,SP1,Osasuna,Ath Madrid,2,0.2,marginal,1,1,1
2026-05-12,SP1,Betis,Elche,0,0.2,marginal,1,0,0
2026-05-12,SP1,Celta,Levante,2,0.2,marginal,1,1,0
2026-05-13,E0,Man City,Crystal Palace,0,0.2,marginal,1,0,0
2026-05-13,SP1,Espanol,Ath Bilbao,0,0.2,marginal,1,1,1
2026-05-13,SP1,Villarreal,Sevilla,2,0.2,marginal,1,1,1
2026-05-13,SP1,Alaves,Barcelona,0,0.2,marginal,1,0,1
2026-05-13,SP1,Getafe,Mallorca,0,0.2,marginal,1,1,1
2026-05-13,F1,Lens,Paris SG,2,0.2,marginal,1,0,1
2026-05-13,F1,Brest,Strasbourg,2,0.2,marginal,1,1,1
2026-05-14,SP1,Girona,Sociedad,1,0.2,marginal,1,0,1
2026-05-14,SP1,Real Madrid,Oviedo,0,0.2,marginal,1,0,0
2026-05-14,SP1,Valencia,Vallecano,1,0.2,marginal,1,1,1
2026-05-15,E0,Aston Villa,Liverpool,0,0.2,marginal,1,1,1
2026-05-16,D1,Union Berlin,Augsburg,0,0.2,marginal,1,0,1
2026-05-16,D1,M'gladbach,Hoffenheim,0,0.2,marginal,0,0,1
2026-05-16,D1,Bayern Munich,FC Koln,0,0.2,marginal,1,0,0
2026-05-16,D1,Ein Frankfurt,Stuttgart,1,0.2,marginal,1,0,1
2026-05-16,D1,Freiburg,RB Leipzig,0,0.2,marginal,1,0,1
2026-05-16,D1,Heidenheim,Mainz,2,0.2,marginal,1,0,1
2026-05-16,D1,Leverkusen,Hamburg,1,0.2,marginal,1,0,0
2026-05-16,D1,Werder Bremen,Dortmund,2,0.2,marginal,1,0,1
2026-05-16,D1,St Pauli,Wolfsburg,2,0.2,marginal,1,1,1
2026-05-17,E0,Wolves,Fulham,1,0.2,marginal,0,0,1
2026-05-17,E0,Leeds,Brighton,0,0.2,marginal,1,1,1
2026-05-17,E0,Everton,Sunderland,2,0.2,marginal,1,0,0
2026-05-17,I1,Como,Parma,0,0.2,marginal,1,0,0
2026-05-17,F1,Paris FC,Paris SG,0,0.2,marginal,0,0,1
2026-05-17,E0,Newcastle,West Ham,0,0.2,marginal,1,0,1
2026-05-17,SP1,Ath Bilbao,Celta,1,0.2,marginal,1,1,1
2026-05-17,F1,Strasbourg,Monaco,0,0.2,marginal,1,0,1
2026-05-17,SP1,Vallecano,Villarreal,0,0.2,marginal,1,1,0
2026-05-17,SP1,Elche,Getafe,0,0.2,marginal,1,1,1
2026-05-17,SP1,Oviedo,Alaves,2,0.2,marginal,1,1,1
2026-05-17,SP1,Sevilla,Real Madrid,2,0.2,marginal,1,1,1
2026-05-17,SP1,Sociedad,Valencia,2,0.2,marginal,1,1,1
2026-05-17,SP1,Barcelona,Betis,0,0.2,marginal,1,0,0
2026-05-17,SP1,Osasuna,Espanol,2,0.2,marginal,1,1,0
2026-05-17,SP1,Levante,Mallorca,0,0.2,marginal,1,1,0
2026-05-17,I1,Genoa,Milan,2,0.2,marginal,0,0,1
2026-05-17,I1,Pisa,Napoli,2,0.2,marginal,0,0,1
2026-05-17,I1,Juventus,Fiorentina,2,0.2,marginal,1,0,0
2026-05-17,SP1,Ath Madrid,Girona,0,0.2,marginal,1,0,0
2026-05-17,E0,Brentford,Crystal Palace,1,0.2,marginal,1,0,0
2026-05-17,F1,Nantes,Toulouse,1,0.2,marginal,1,1,1
2026-05-17,F1,Nice,Metz,1,0.2,marginal,1,0,0
2026-05-17,F1,Lyon,Lens,2,0.2,marginal,1,0,0
2026-05-17,F1,Lorient,Le Havre,2,0.2,marginal,1,1,1
2026-05-17,E0,Man United,Nott'm Forest,0,0.2,marginal,1,0,0
2026-05-17,F1,Marseille,Rennes,0,0.2,marginal,1,0,0
2026-05-17,F1,Brest,Angers,1,0.2,marginal,1,1,0
2026-05-17,I1,Udinese,Cremonese,2,0.2,marginal,1,1,1
2026-05-17,I1,Sassuolo,Lecce,2,0.2,marginal,1,1,1
2026-05-17,I1,Cagliari,Torino,0,0.2,marginal,1,1,1
2026-05-17,I1,Atalanta,Bologna,2,0.2,marginal,1,0,0
2026-05-17,I1,Inter,Verona,1,0.2,marginal,1,0,0
2026-05-17,I1,Roma,Lazio,0,0.2,marginal,1,0,0
2026-05-17,F1,Lille,Auxerre,2,0.2,marginal,1,0,0
2026-05-18,E0,Arsenal,Burnley,0,0.2,marginal,1,0,0
2026-05-19,E0,Chelsea,Tottenham,0,0.2,marginal,1,1,1
2026-05-19,E0,Bournemouth,Man City,1,0.2,marginal,0,0,1
2026-05-22,I1,Fiorentina,Atalanta,1,0.2,marginal,1,1,1
2026-05-23,I1,Bologna,Inter,1,0.2,marginal,1,1,1
2026-05-23,SP1,Valencia,Barcelona,0,0.2,marginal,1,0,1
2026-05-23,SP1,Betis,Levante,0,0.2,marginal,1,1,1
2026-05-23,SP1,Alaves,Vallecano,2,0.2,marginal,1,1,1
2026-05-23,SP1,Celta,Sevilla,0,0.2,marginal,1,1,0
2026-05-23,SP1,Girona,Elche,1,0.2,marginal,1,0,0
2026-05-23,SP1,Getafe,Osasuna,0,0.2,marginal,1,1,1
2026-05-23,SP1,Mallorca,Oviedo,0,0.2,marginal,1,0,0
2026-05-23,I1,Lazio,Pisa,0,0.2,marginal,1,1,0
2026-05-23,SP1,Real Madrid,Ath Bilbao,0,0.2,marginal,1,0,0
2026-05-23,SP1,Espanol,Sociedad,1,0.2,marginal,1,1,1
2026-05-24,E0,Fulham,Newcastle,0,0.2,marginal,1,1,1
2026-05-24,E0,Liverpool,Brentford,1,0.2,marginal,1,0,0
2026-05-24,E0,Man City,Aston Villa,2,0.2,marginal,1,0,0
2026-05-24,E0,Nott'm Forest,Bournemouth,1,0.2,marginal,1,0,1
2026-05-24,E0,Sunderland,Chelsea,0,0.2,marginal,1,0,1
2026-05-24,E0,Tottenham,Everton,0,0.2,marginal,1,1,0
2026-05-24,I1,Verona,Roma,2,0.2,marginal,0,0,1
2026-05-24,E0,Burnley,Wolves,1,0.2,marginal,1,1,1
2026-05-24,I1,Milan,Cagliari,2,0.2,marginal,1,0,0
2026-05-24,I1,Lecce,Genoa,0,0.2,marginal,1,1,0
2026-05-24,I1,Cremonese,Como,2,0.2,marginal,0,0,1
2026-05-24,I1,Napoli,Udinese,0,0.2,marginal,1,0,0
2026-05-24,I1,Parma,Sassuolo,0,0.2,marginal,1,1,1
2026-05-24,E0,Crystal Palace,Arsenal,2,0.2,marginal,0,1,1
2026-05-24,E0,Brighton,Man United,2,0.2,marginal,1,0,1
2026-05-24,E0,West Ham,Leeds,0,0.2,marginal,1,0,0
2026-05-24,I1,Torino,Juventus,1,0.2,marginal,0,0,1
2026-05-24,SP1,Villarreal,Ath Madrid,0,0.2,marginal,1,0,1
2025-08-15,SP1,Girona,Vallecano,2,0.2,mondrian,0,1,1
2025-08-15,E0,Liverpool,Bournemouth,0,0.2,mondrian,1,0,0
2025-08-15,F1,Rennes,Marseille,0,0.2,mondrian,0,1,1
2025-08-15,SP1,Villarreal,Oviedo,0,0.2,mondrian,1,0,0
2025-08-16,SP1,Valencia,Sociedad,1,0.2,mondrian,0,1,1
2025-08-16,F1,Monaco,Le Havre,0,0.2,mondrian,1,0,0
2025-08-16,F1,Nice,Toulouse,2,0.2,mondrian,1,1,0
2025-08-16,F1,Lens,Lyon,2,0.2,mondrian,0,1,1
2025-08-16,SP1,Mallorca,Barcelona,2,0.2,mondrian,0,0,1
2025-08-16,E0,Aston Villa,Newcastle,1,0.2,mondrian,0,1,1
2025-08-16,SP1,Alaves,Levante,0,0.2,mondrian,1,1,1
2025-08-16,E0,Wolves,Man City,2,0.2,mondrian,0,1,1
2025-08-16,E0,Tottenham,Burnley,0,0.2,mondrian,1,1,0
2025-08-16,E0,Sunderland,West Ham,0,0.2,mondrian,0,1,1
2025-08-16,E0,Brighton,Fulham,1,0.2,mondrian,1,1,0
2025-08-17,F1,Auxerre,Lorient,0,0.2,mondrian,0,1,1
2025-08-17,SP1,Espanol,Ath Madrid,0,0.2,mondrian,0,1,1
2025-08-17,SP1,Ath Bilbao,Sevilla,0,0.2,mondrian,1,1,0
2025-08-17,SP1,Celta,Getafe,2,0.2,mondrian,1,1,0
2025-08-17,E0,Man United,Arsenal,2,0.2,mondrian,0,1,1
2025-08-17,F1,Angers,Paris FC,0,0.2,mondrian,0,1,1
2025-08-17,E0,Nott'm Forest,Brentford,0,0.2,mondrian,1,1,0
2025-08-17,E0,Chelsea,Crystal Palace,1,0.2,mondrian,1,1,0
2025-08-17,F1,Metz,Strasbourg,2,0.2,mondrian,0,1,1
2025-08-17,F1,Brest,Lille,1,0.2,mondrian,0,1,1
2025-08-17,F1,Nantes,Paris SG,2,0.2,mondrian,0,0,1
2025-08-18,SP1,Elche,Betis,1,0.2,mondrian,0,1,1
2025-08-18,E0,Leeds,Everton,0,0.2,mondrian,1,1,1
2025-08-19,SP1,Real Madrid,Osasuna,0,0.2,mondrian,1,0,0
2025-08-22,F1,Paris SG,Angers,0,0.2,mondrian,1,0,0
2025-08-22,E0,West Ham,Chelsea,2,0.2,mondrian,0,1,1
2025-08-22,D1,Bayern Munich,RB Leipzig,0,0.2,mondrian,1,0,0
2025-08-22,SP1,Betis,Alaves,0,0.2,mondrian,1,1,0
2025-08-23,I1,Genoa,Lecce,1,0.2,mondrian,1,1,0
2025-08-23,I1,Milan,Cremonese,2,0.2,mondrian,1,0,0
2025-08-23,E0,Bournemouth,Wolves,0,0.2,mondrian,1,1,0
2025-08-23,D1,Ein Frankfurt,Werder Bremen,0,0.2,mondrian,1,0,0
2025-08-23,D1,Freiburg,Augsburg,2,0.2,mondrian,1,1,1
2025-08-23,F1,Marseille,Paris FC,0,0.2,mondrian,1,0,0
2025-08-23,F1,Lyon,Metz,0,0.2,mondrian,1,0,0
2025-08-23,F1,Nice,Auxerre,0,0.2,mondrian,1,1,0
2025-08-23,SP1,Ath Madrid,Elche,1,0.2,mondrian,1,0,0
2025-08-23,SP1,Levante,Barcelona,2,0.2,mondrian,0,0,1
2025-08-23,I1,Sassuolo,Napoli,2,0.2,mondrian,0,1,1
2025-08-23,E0,Brentford,Aston Villa,0,0.2,mondrian,0,1,1
2025-08-23,E0,Man City,Tottenham,2,0.2,mondrian,1,0,0
2025-08-23,I1,Roma,Bologna,0,0.2,mondrian,1,1,1
2025-08-23,D1,Leverkusen,Hoffenheim,2,0.2,mondrian,1,0,0
2025-08-23,D1,Union Berlin,Stuttgart,0,0.2,mondrian,0,1,1
2025-08-23,D1,Heidenheim,Wolfsburg,2,0.2,mondrian,0,1,1
2025-08-23,SP1,Mallorca,Celta,1,0.2,mondrian,0,1,1
2025-08-23,E0,Arsenal,Leeds,0,0.2,mondrian,1,0,0
2025-08-23,E0,Burnley,Sunderland,0,0.2,mondrian,1,1,1
2025-08-23,D1,St Pauli,Dortmund,1,0.2,mondrian,0,1,1
2025-08-24,SP1,Sociedad,Espanol,1,0.2,mondrian,1,1,0
2025-08-24,E0,Everton,Brighton,0,0.2,mondrian,0,1,1
2025-08-24,SP1,Oviedo,Real Madrid,2,0.2,mondrian,0,0,1
2025-08-24,SP1,Villarreal,Girona,0,0.2,mondrian,1,0,0
2025-08-24,I1,Cagliari,Fiorentina,1,0.2,mondrian,0,1,1
2025-08-24,I1,Como,Lazio,0,0.2,mondrian,1,1,1
2025-08-24,E0,Crystal Palace,Nott'm Forest,1,0.2,mondrian,1,1,1
2025-08-24,E0,Fulham,Man United,1,0.2,mondrian,0,1,1
2025-08-24,F1,Lille,Monaco,0,0.2,mondrian,0,1,1
2025-08-24,I1,Juventus,Parma,0,0.2,mondrian,1,0,0
2025-08-24,D1,M'gladbach,Hamburg,1,0.2,mondrian,1,1,1
2025-08-24,D1,Mainz,FC Koln,2,0.2,mondrian,1,1,1
2025-08-24,F1,Toulouse,Brest,0,0.2,mondrian,1,1,1
2025-08-24,F1,Strasbourg,Nantes,0,0.2,mondrian,1,1,0
2025-08-24,F1,Le Havre,Lens,2,0.2,mondrian,0,1,1
2025-08-24,F1,Lorient,Rennes,0,0.2,mondrian,0,1,1
2025-08-24,SP1,Osasuna,Valencia,0,0.2,mondrian,1,1,1
2025-08-24,I1,Atalanta,Pisa,1,0.2,mondrian,1,0,0
2025-08-25,SP1,Ath Bilbao,Vallecano,0,0.2,mondrian,1,1,0
2025-08-25,SP1,Sevilla,Getafe,2,0.2,mondrian,1,1,0
2025-08-25,E0,Newcastle,Liverpool,2,0.2,mondrian,0,1,1
2025-08-25,I1,Inter,Torino,0,0.2,mondrian,1,0,0
2025-08-25,I1,Udinese,Verona,1,0.2,mondrian,1,1,0
2025-08-27,SP1,Celta,Betis,1,0.2,mondrian,1,1,1
2025-08-29,F1,Lens,Brest,0,0.2,mondrian,1,1,1
2025-08-29,D1,Hamburg,St Pauli,2,0.2,mondrian,0,1,1
2025-08-29,SP1,Valencia,Getafe,0,0.2,mondrian,1,1,1
2025-08-29,SP1,Elche,Levante,0,0.2,mondrian,1,1,1
2025-08-29,I1,Lecce,Milan,2,0.2,mondrian,0,1,1
2025-08-29,I1,Cremonese,Sassuolo,0,0.2,mondrian,0,1,1
2025-08-30,SP1,Real Madrid,Mallorca,0,0.2,mondrian,1,0,0
2025-08-30,I1,Pisa,Roma,2,0.2,mondrian,0,1,1
2025-08-30,F1,Nantes,Auxerre,0,0.2,mondrian,0,1,1
2025-08-30,F1,Toulouse,Paris SG,2,0.2,mondrian,0,0,1
2025-08-30,D1,Augsburg,Bayern Munich,2,0.2,mondrian,0,0,1
2025-08-30,D1,Werder Bremen,Leverkusen,1,0.2,mondrian,0,1,1
2025-08-30,D1,Stuttgart,M'gladbach,0,0.2,mondrian,1,0,0
2025-08-30,D1,RB Leipzig,Heidenheim,0,0.2,mondrian,1,0,0
2025-08-30,D1,Hoffenheim,Ein Frankfurt,2,0.2,mondrian,0,1,1
2025-08-30,SP1,Girona,Sevilla,2,0.2,mondrian,0,1,1
2025-08-30,F1,Lorient,Lille,2,0.2,mondrian,0,1,1
2025-08-30,E0,Chelsea,Fulham,0,0.2,mondrian,1,1,0
2025-08-30,E0,Sunderland,Brentford,0,0.2,mondrian,0,1,1
2025-08-30,I1,Parma,Atalanta,1,0.2,mondrian,0,1,1
2025-08-30,SP1,Alaves,Ath Madrid,1,0.2,mondrian,0,1,1
2025-08-30,I1,Bologna,Como,0,0.2,mondrian,0,1,1
2025-08-30,I1,Napoli,Cagliari,0,0.2,mondrian,1,0,0
2025-08-30,E0,Wolves,Everton,2,0.2,mondrian,0,1,1
2025-08-30,E0,Tottenham,Bournemouth,2,0.2,mondrian,1,1,1
2025-08-30,SP1,Oviedo,Sociedad,0,0.2,mondrian,0,1,1
2025-08-30,E0,Man United,Burnley,0,0.2,mondrian,1,0,0
2025-08-30,E0,Leeds,Newcastle,1,0.2,mondrian,0,1,1
2025-08-31,I1,Inter,Udinese,2,0.2,mondrian,1,0,0
2025-08-31,SP1,Vallecano,Barcelona,1,0.2,mondrian,0,0,1
2025-08-31,F1,Lyon,Marseille,0,0.2,mondrian,0,1,1
2025-08-31,F1,Paris FC,Metz,0,0.2,mondrian,1,1,0
2025-08-31,F1,Monaco,Strasbourg,0,0.2,mondrian,1,0,0
2025-08-31,F1,Le Havre,Nice,0,0.2,mondrian,0,1,1
2025-08-31,I1,Genoa,Juventus,2,0.2,mondrian,0,1,1
2025-08-31,I1,Torino,Fiorentina,1,0.2,mondrian,0,1,1
2025-08-31,D1,Wolfsburg,Mainz,1,0.2,mondrian,1,1,1
2025-08-31,E0,Nott'm Forest,West Ham,2,0.2,mondrian,1,1,0
2025-08-31,D1,Dortmund,Union Berlin,0,0.2,mondrian,1,0,0
2025-08-31,SP1,Espanol,Osasuna,0,0.2,mondrian,0,1,1
2025-08-31,E0,Aston Villa,Crystal Palace,2,0.2,mondrian,1,1,1
2025-08-31,E0,Brighton,Man City,0,0.2,mondrian,0,1,1
2025-08-31,I1,Lazio,Verona,0,0.2,mondrian,1,1,0
2025-08-31,D1,FC Koln,Freiburg,0,0.2,mondrian,0,1,1
2025-08-31,SP1,Betis,Ath Bilbao,2,0.2,mondrian,0,1,1
2025-08-31,E0,Liverpool,Arsenal,0,0.2,mondrian,1,1,1
2025-08-31,SP1,Celta,Villarreal,1,0.2,mondrian,0,1,1
2025-08-31,F1,Angers,Rennes,1,0.2,mondrian,0,1,1
2025-09-12,D1,Leverkusen,Ein Frankfurt,0,0.2,mondrian,1,1,1
2025-09-12,F1,Marseille,Lorient,0,0.2,mondrian,1,0,0
2025-09-12,SP1,Sevilla,Elche,1,0.2,mondrian,1,1,0
2025-09-13,SP1,Sociedad,Real Madrid,2,0.2,mondrian,0,0,1
2025-09-13,E0,Bournemouth,Brighton,0,0.2,mondrian,1,1,1
2025-09-13,E0,Crystal Palace,Sunderland,1,0.2,mondrian,1,1,0
2025-09-13,E0,Everton,Aston Villa,1,0.2,mondrian,0,1,1
2025-09-13,E0,Fulham,Leeds,0,0.2,mondrian,1,1,1
2025-09-13,E0,Newcastle,Wolves,0,0.2,mondrian,1,0,0
2025-09-13,SP1,Getafe,Oviedo,0,0.2,mondrian,1,1,0
2025-09-13,SP1,Ath Bilbao,Alaves,2,0.2,mondrian,1,1,0
2025-09-13,SP1,Ath Madrid,Villarreal,0,0.2,mondrian,1,1,0
2025-09-13,I1,Cagliari,Parma,0,0.2,mondrian,1,1,1
2025-09-13,E0,West Ham,Tottenham,2,0.2,mondrian,0,1,1
2025-09-13,I1,Juventus,Inter,0,0.2,mondrian,0,1,1
2025-09-13,E0,Arsenal,Nott'm Forest,0,0.2,mondrian,1,0,0
2025-09-13,F1,Auxerre,Monaco,2,0.2,mondrian,0,0,1
2025-09-13,I1,Fiorentina,Napoli,2,0.2,mondrian,0,1,1
2025-09-13,D1,Heidenheim,Dortmund,2,0.2,mondrian,0,0,1
2025-09-13,D1,Mainz,RB Leipzig,2,0.2,mondrian,1,1,1
2025-09-13,D1,Union Berlin,Hoffenheim,2,0.2,mondrian,0,1,1
2025-09-13,D1,Freiburg,Stuttgart,0,0.2,mondrian,0,1,1
2025-09-13,F1,Nice,Nantes,0,0.2,mondrian,1,1,0
2025-09-13,D1,Bayern Munich,Hamburg,0,0.2,mondrian,1,0,0
2025-09-13,E0,Brentford,Chelsea,1,0.2,mondrian,0,1,1
2025-09-13,D1,Wolfsburg,FC Koln,1,0.2,mondrian,1,1,1
2025-09-14,I1,Roma,Torino,2,0.2,mondrian,1,1,0
2025-09-14,I1,Pisa,Udinese,2,0.2,mondrian,0,1,1
2025-09-14,I1,Milan,Bologna,0,0.2,mondrian,1,1,0
2025-09-14,D1,M'gladbach,Werder Bremen,2,0.2,mondrian,1,1,1
2025-09-14,SP1,Celta,Girona,1,0.2,mondrian,1,1,0
2025-09-14,SP1,Levante,Betis,1,0.2,mondrian,0,1,1
2025-09-14,SP1,Osasuna,Vallecano,0,0.2,mondrian,0,1,1
2025-09-14,SP1,Barcelona,Valencia,0,0.2,mondrian,1,0,0
2025-09-14,I1,Atalanta,Lecce,0,0.2,mondrian,1,0,0
2025-09-14,E0,Burnley,Liverpool,2,0.2,mondrian,0,0,1
2025-09-14,D1,St Pauli,Augsburg,0,0.2,mondrian,1,1,1
2025-09-14,F1,Rennes,Lyon,0,0.2,mondrian,0,1,1
2025-09-14,F1,Strasbourg,Le Havre,0,0.2,mondrian,1,1,0
2025-09-14,F1,Paris SG,Lens,0,0.2,mondrian,1,0,0
2025-09-14,F1,Metz,Angers,1,0.2,mondrian,1,1,1
2025-09-14,F1,Brest,Paris FC,2,0.2,mondrian,0,1,1
2025-09-14,F1,Lille,Toulouse,0,0.2,mondrian,1,1,0
2025-09-14,E0,Man City,Man United,0,0.2,mondrian,1,0,0
2025-09-14,I1,Sassuolo,Lazio,0,0.2,mondrian,0,1,1
2025-09-15,I1,Como,Genoa,1,0.2,mondrian,1,1,0
2025-09-15,I1,Verona,Cremonese,1,0.2,mondrian,0,1,1
2025-09-15,SP1,Espanol,Mallorca,0,0.2,mondrian,1,1,1
2025-09-19,F1,Lyon,Angers,0,0.2,mondrian,1,0,0
2025-09-19,SP1,Betis,Sociedad,0,0.2,mondrian,1,1,1
2025-09-19,D1,Stuttgart,St Pauli,0,0.2,mondrian,1,1,1
2025-09-19,I1,Lecce,Cagliari,2,0.2,mondrian,0,1,1
2025-09-20,D1,RB Leipzig,FC Koln,0,0.2,mondrian,1,1,1
2025-09-20,F1,Nantes,Rennes,1,0.2,mondrian,0,1,1
2025-09-20,F1,Brest,Nice,0,0.2,mondrian,0,1,1
2025-09-20,F1,Lens,Lille,0,0.2,mondrian,1,1,1
2025-09-20,SP1,Valencia,Ath Bilbao,0,0.2,mondrian,0,1,1
2025-09-20,SP1,Villarreal,Osasuna,0,0.2,mondrian,1,1,0
2025-09-20,SP1,Alaves,Sevilla,2,0.2,mondrian,1,1,1
2025-09-20,D1,Werder Bremen,Freiburg,2,0.2,mondrian,1,1,1
2025-09-20,E0,Fulham,Brentford,0,0.2,mondrian,1,1,1
2025-09-20,E0,Man United,Chelsea,0,0.2,mondrian,0,1,1
2025-09-20,E0,Wolves,Leeds,2,0.2,mondrian,0,1,1
2025-09-20,SP1,Real Madrid,Espanol,0,0.2,mondrian,1,0,0
2025-09-20,E0,Burnley,Nott'm Forest,1,0.2,mondrian,0,1,1
2025-09-20,E0,West Ham,Crystal Palace,2,0.2,mondrian,0,1,1
2025-09-20,D1,Hoffenheim,Bayern Munich,2,0.2,mondrian,0,0,1
2025-09-20,D1,Hamburg,Heidenheim,0,0.2,mondrian,1,1,0
2025-09-20,D1,Augsburg,Mainz,2,0.2,mondrian,0,1,1
2025-09-20,I1,Verona,Juventus,1,0.2,mondrian,0,1,1
2025-09-20,I1,Bologna,Genoa,0,0.2,mondrian,1,1,0
2025-09-20,SP1,Girona,Levante,2,0.2,mondrian,1,1,0
2025-09-20,E0,Liverpool,Everton,0,0.2,mondrian,1,0,0
2025-09-20,E0,Brighton,Tottenham,1,0.2,mondrian,1,1,1
2025-09-20,I1,Udinese,Milan,2,0.2,mondrian,0,1,1
2025-09-21,F1,Auxerre,Toulouse,0,0.2,mondrian,0,1,1
2025-09-21,I1,Torino,Atalanta,2,0.2,mondrian,0,1,1
2025-09-21,D1,Dortmund,Wolfsburg,0,0.2,mondrian,1,0,0
2025-09-21,I1,Cremonese,Parma,1,0.2,mondrian,0,1,1
2025-09-21,I1,Fiorentina,Como,2,0.2,mondrian,0,1,1
2025-09-21,F1,Monaco,Metz,0,0.2,mondrian,1,0,0
2025-09-21,D1,Ein Frankfurt,Union Berlin,2,0.2,mondrian,1,0,0
2025-09-21,F1,Le Havre,Lorient,1,0.2,mondrian,1,1,1
2025-09-21,F1,Paris FC,Strasbourg,2,0.2,mondrian,1,1,1
2025-09-21,I1,Inter,Sassuolo,0,0.2,mondrian,1,0,0
2025-09-21,E0,Sunderland,Aston Villa,1,0.2,mondrian,0,1,1
2025-09-21,E0,Arsenal,Man City,1,0.2,mondrian,1,1,1
2025-09-21,D1,Leverkusen,M'gladbach,1,0.2,mondrian,1,0,0
2025-09-21,I1,Lazio,Roma,2,0.2,mondrian,0,1,1
2025-09-21,E0,Bournemouth,Newcastle,1,0.2,mondrian,0,1,1
2025-09-21,SP1,Barcelona,Getafe,0,0.2,mondrian,1,0,0
2025-09-21,SP1,Elche,Oviedo,0,0.2,mondrian,1,1,1
2025-09-21,SP1,Mallorca,Ath Madrid,1,0.2,mondrian,0,1,1
2025-09-21,SP1,Vallecano,Celta,1,0.2,mondrian,1,1,1
2025-09-22,I1,Napoli,Pisa,0,0.2,mondrian,1,0,0
2025-09-22,F1,Marseille,Paris SG,0,0.2,mondrian,0,1,1
2025-09-23,SP1,Espanol,Valencia,1,0.2,mondrian,1,1,1
2025-09-23,SP1,Ath Bilbao,Girona,1,0.2,mondrian,1,0,0
2025-09-23,SP1,Levante,Real Madrid,2,0.2,mondrian,0,0,1
2025-09-23,SP1,Sevilla,Villarreal,2,0.2,mondrian,0,1,1
2025-09-24,SP1,Sociedad,Mallorca,0,0.2,mondrian,1,1,0
2025-09-24,SP1,Ath Madrid,Vallecano,0,0.2,mondrian,1,0,0
2025-09-24,SP1,Getafe,Alaves,1,0.2,mondrian,1,1,0
2025-09-25,SP1,Osasuna,Elche,1,0.2,mondrian,1,1,0
2025-09-25,SP1,Oviedo,Barcelona,2,0.2,mondrian,0,0,1
2025-09-26,SP1,Girona,Espanol,1,0.2,mondrian,0,1,1
2025-09-26,D1,Bayern Munich,Werder Bremen,0,0.2,mondrian,1,0,0
2025-09-26,F1,Strasbourg,Marseille,2,0.2,mondrian,0,1,1
2025-09-27,I1,Como,Cremonese,1,0.2,mondrian,1,0,0
2025-09-27,E0,Brentford,Man United,0,0.2,mondrian,0,1,1
2025-09-27,I1,Juventus,Atalanta,1,0.2,mondrian,1,1,0
2025-09-27,I1,Cagliari,Inter,2,0.2,mondrian,0,1,1
2025-09-27,E0,Man City,Burnley,0,0.2,mondrian,1,0,0
2025-09-27,E0,Nott'm Forest,Sunderland,2,0.2,mondrian,1,1,0
2025-09-27,D1,M'gladbach,Ein Frankfurt,2,0.2,mondrian,0,1,1
2025-09-27,E0,Leeds,Bournemouth,1,0.2,mondrian,0,1,1
2025-09-27,E0,Crystal Palace,Liverpool,0,0.2,mondrian,0,1,1
2025-09-27,E0,Tottenham,Wolves,1,0.2,mondrian,1,0,0
2025-09-27,D1,Wolfsburg,RB Leipzig,2,0.2,mondrian,0,1,1
2025-09-27,F1,Paris SG,Auxerre,0,0.2,mondrian,1,0,0
2025-09-27,D1,Mainz,Dortmund,2,0.2,mondrian,0,1,1
2025-09-27,D1,St Pauli,Leverkusen,2,0.2,mondrian,0,1,1
2025-09-27,SP1,Ath Madrid,Real Madrid,0,0.2,mondrian,0,1,1
2025-09-27,SP1,Mallorca,Alaves,0,0.2,mondrian,0,1,1
2025-09-27,F1,Toulouse,Nantes,1,0.2,mondrian,1,1,0
2025-09-27,SP1,Getafe,Levante,1,0.2,mondrian,1,1,1
2025-09-27,SP1,Villarreal,Ath Bilbao,0,0.2,mondrian,1,1,1
2025-09-27,E0,Chelsea,Brighton,2,0.2,mondrian,1,1,1
2025-09-27,D1,Heidenheim,Augsburg,0,0.2,mondrian,0,1,1
2025-09-27,F1,Lorient,Monaco,0,0.2,mondrian,0,1,1
2025-09-28,D1,Freiburg,Hoffenheim,1,0.2,mondrian,1,1,1
2025-09-28,E0,Newcastle,Arsenal,2,0.2,mondrian,0,1,1
2025-09-28,F1,Metz,Le Havre,1,0.2,mondrian,0,1,1
2025-09-28,SP1,Elche,Celta,0,0.2,mondrian,0,1,1
2025-09-28,SP1,Barcelona,Sociedad,0,0.2,mondrian,1,0,0
2025-09-28,SP1,Betis,Osasuna,0,0.2,mondrian,1,1,0
2025-09-28,D1,FC Koln,Stuttgart,2,0.2,mondrian,0,1,1
2025-09-28,F1,Rennes,Lens,1,0.2,mondrian,0,1,1
2025-09-28,D1,Union Berlin,Hamburg,1,0.2,mondrian,1,1,1
2025-09-28,I1,Roma,Verona,0,0.2,mondrian,1,0,0
2025-09-28,I1,Milan,Napoli,0,0.2,mondrian,1,1,0
2025-09-28,I1,Lecce,Bologna,1,0.2,mondrian,0,1,1
2025-09-28,F1,Lille,Lyon,2,0.2,mondrian,1,1,1
2025-09-28,I1,Pisa,Fiorentina,1,0.2,mondrian,0,1,1
2025-09-28,I1,Sassuolo,Udinese,0,0.2,mondrian,1,1,1
2025-09-28,SP1,Vallecano,Sevilla,2,0.2,mondrian,1,1,1
2025-09-28,E0,Aston Villa,Fulham,0,0.2,mondrian,1,1,1
2025-09-28,F1,Angers,Brest,2,0.2,mondrian,0,1,1
2025-09-28,F1,Nice,Paris FC,1,0.2,mondrian,1,1,1
2025-09-29,E0,Everton,West Ham,1,0.2,mondrian,1,1,0
2025-09-29,I1,Genoa,Lazio,2,0.2,mondrian,0,1,1
2025-09-29,I1,Parma,Torino,0,0.2,mondrian,0,1,1
2025-09-30,SP1,Valencia,Oviedo,2,0.2,mondrian,1,1,0
2025-10-03,D1,Hoffenheim,FC Koln,2,0.2,mondrian,1,1,1
2025-10-03,I1,Verona,Sassuolo,2,0.2,mondrian,1,1,1
2025-10-03,E0,Bournemouth,Fulham,0,0.2,mondrian,1,1,1
2025-10-03,SP1,Osasuna,Getafe,0,0.2,mondrian,1,1,0
2025-10-03,F1,Paris FC,Lorient,0,0.2,mondrian,1,1,0
2025-10-04,F1,Brest,Nantes,1,0.2,mondrian,1,1,1
2025-10-04,I1,Atalanta,Como,1,0.2,mondrian,1,1,1
2025-10-04,E0,Leeds,Tottenham,2,0.2,mondrian,0,1,1
2025-10-04,E0,Arsenal,West Ham,0,0.2,mondrian,1,0,0
2025-10-04,E0,Man United,Sunderland,0,0.2,mondrian,1,0,0
2025-10-04,E0,Chelsea,Liverpool,0,0.2,mondrian,0,1,1
2025-10-04,I1,Parma,Lecce,2,0.2,mondrian,1,1,0
2025-10-04,I1,Inter,Cremonese,0,0.2,mondrian,1,0,0
2025-10-04,F1,Auxerre,Lens,2,0.2,mondrian,0,1,1
2025-10-04,F1,Metz,Marseille,2,0.2,mondrian,0,1,1
2025-10-04,D1,Leverkusen,Union Berlin,0,0.2,mondrian,1,1,0
2025-10-04,D1,Augsburg,Wolfsburg,0,0.2,mondrian,0,1,1
2025-10-04,D1,Dortmund,RB Leipzig,1,0.2,mondrian,1,0,0
2025-10-04,D1,Werder Bremen,St Pauli,0,0.2,mondrian,1,1,1
2025-10-04,D1,Ein Frankfurt,Bayern Munich,2,0.2,mondrian,0,0,1
2025-10-04,SP1,Oviedo,Levante,2,0.2,mondrian,0,1,1
2025-10-04,SP1,Girona,Valencia,0,0.2,mondrian,1,1,1
2025-10-04,SP1,Ath Bilbao,Mallorca,0,0.2,mondrian,1,1,0
2025-10-04,SP1,Real Madrid,Villarreal,0,0.2,mondrian,1,0,0
2025-10-04,I1,Lazio,Torino,1,0.2,mondrian,1,1,1
2025-10-05,I1,Napoli,Genoa,0,0.2,mondrian,1,1,0
2025-10-05,I1,Fiorentina,Roma,2,0.2,mondrian,0,1,1
2025-10-05,I1,Bologna,Pisa,0,0.2,mondrian,1,1,0
2025-10-05,I1,Udinese,Cagliari,1,0.2,mondrian,1,1,1
2025-10-05,F1,Lille,Paris SG,1,0.2,mondrian,0,1,1
2025-10-05,D1,Hamburg,Mainz,0,0.2,mondrian,0,1,1
2025-10-05,F1,Monaco,Nice,1,0.2,mondrian,1,1,1
2025-10-05,F1,Le Havre,Rennes,1,0.2,mondrian,0,1,1
2025-10-05,I1,Juventus,Milan,1,0.2,mondrian,0,1,1
2025-10-05,F1,Lyon,Toulouse,2,0.2,mondrian,1,1,1
2025-10-05,E0,Aston Villa,Burnley,0,0.2,mondrian,1,1,0
2025-10-05,D1,Stuttgart,Heidenheim,0,0.2,mondrian,1,0,0
2025-10-05,E0,Brentford,Man City,2,0.2,mondrian,0,0,1
2025-10-05,E0,Everton,Crystal Palace,0,0.2,mondrian,0,1,1
2025-10-05,E0,Newcastle,Nott'm Forest,0,0.2,mondrian,1,0,0
2025-10-05,D1,M'gladbach,Freiburg,1,0.2,mondrian,0,1,1
2025-10-05,SP1,Alaves,Elche,0,0.2,mondrian,1,1,1
2025-10-05,F1,Strasbourg,Angers,0,0.2,mondrian,1,1,0
2025-10-05,SP1,Espanol,Betis,2,0.2,mondrian,0,1,1
2025-10-05,SP1,Sociedad,Vallecano,2,0.2,mondrian,1,1,1
2025-10-05,SP1,Celta,Ath Madrid,1,0.2,mondrian,0,1,1
2025-10-05,E0,Wolves,Brighton,1,0.2,mondrian,0,1,1
2025-10-05,SP1,Sevilla,Barcelona,0,0.2,mondrian,0,0,1
2025-10-17,SP1,Oviedo,Espanol,2,0.2,mondrian,0,1,1
2025-10-17,F1,Paris SG,Strasbourg,1,0.2,mondrian,1,0,0
2025-10-17,D1,Union Berlin,M'gladbach,0,0.2,mondrian,1,1,1
2025-10-18,SP1,Sevilla,Mallorca,2,0.2,mondrian,1,1,0
2025-10-18,E0,Sunderland,Wolves,0,0.2,mondrian,0,1,1
2025-10-18,E0,Brighton,Newcastle,0,0.2,mondrian,0,1,1
2025-10-18,F1,Angers,Monaco,1,0.2,mondrian,0,1,1
2025-10-18,E0,Crystal Palace,Bournemouth,1,0.2,mondrian,1,1,1
2025-10-18,E0,Man City,Everton,0,0.2,mondrian,1,0,0
2025-10-18,D1,Heidenheim,Werder Bremen,1,0.2,mondrian,0,1,1
2025-10-18,E0,Burnley,Leeds,0,0.2,mondrian,0,1,1
2025-10-18,E0,Nott'm Forest,Chelsea,2,0.2,mondrian,0,1,1
2025-10-18,F1,Nice,Lyon,0,0.2,mondrian,1,1,1
2025-10-18,D1,FC Koln,Augsburg,1,0.2,mondrian,1,1,1
2025-10-18,F1,Marseille,Le Havre,0,0.2,mondrian,1,0,0
2025-10-18,D1,RB Leipzig,Hamburg,0,0.2,mondrian,1,0,0
2025-10-18,I1,Roma,Inter,2,0.2,mondrian,0,1,1
2025-10-18,I1,Torino,Napoli,0,0.2,mondrian,0,1,1
2025-10-18,I1,Pisa,Verona,1,0.2,mondrian,0,1,1
2025-10-18,I1,Lecce,Sassuolo,1,0.2,mondrian,0,1,1
2025-10-18,SP1,Ath Madrid,Osasuna,0,0.2,mondrian,1,0,0
2025-10-18,E0,Fulham,Arsenal,2,0.2,mondrian,0,0,1
2025-10-18,SP1,Barcelona,Girona,0,0.2,mondrian,1,0,0
2025-10-18,D1,Mainz,Leverkusen,2,0.2,mondrian,0,1,1
2025-10-18,D1,Bayern Munich,Dortmund,0,0.2,mondrian,1,0,0
2025-10-18,D1,Wolfsburg,Stuttgart,2,0.2,mondrian,0,1,1
2025-10-18,SP1,Villarreal,Betis,1,0.2,mondrian,1,1,1
2025-10-19,I1,Genoa,Parma,1,0.2,mondrian,1,1,1
2025-10-19,I1,Cagliari,Bologna,2,0.2,mondrian,0,1,1
2025-10-19,I1,Como,Juventus,0,0.2,mondrian,0,1,1
2025-10-19,F1,Lorient,Brest,1,0.2,mondrian,0,1,1
2025-10-19,F1,Nantes,Lille,2,0.2,mondrian,0,1,1
2025-10-19,F1,Toulouse,Metz,0,0.2,mondrian,1,0,0
2025-10-19,F1,Rennes,Auxerre,1,0.2,mondrian,1,1,0
2025-10-19,I1,Atalanta,Lazio,1,0.2,mondrian,1,1,0
2025-10-19,SP1,Getafe,Real Madrid,2,0.2,mondrian,0,0,1
2025-10-19,D1,St Pauli,Hoffenheim,2,0.2,mondrian,0,1,1
2025-10-19,SP1,Levante,Vallecano,2,0.2,mondrian,0,1,1
2025-10-19,SP1,Celta,Sociedad,1,0.2,mondrian,1,1,1
2025-10-19,D1,Freiburg,Ein Frankfurt,1,0.2,mondrian,1,1,1
2025-10-19,E0,Tottenham,Aston Villa,2,0.2,mondrian,1,1,1
2025-10-19,E0,Liverpool,Man United,2,0.2,mondrian,1,0,0
2025-10-19,I1,Milan,Fiorentina,0,0.2,mondrian,1,1,0
2025-10-19,F1,Lens,Paris FC,0,0.2,mondrian,1,1,0
2025-10-19,SP1,Elche,Ath Bilbao,1,0.2,mondrian,0,1,1
2025-10-20,I1,Cremonese,Udinese,1,0.2,mondrian,0,1,1
2025-10-20,SP1,Alaves,Valencia,1,0.2,mondrian,1,1,1
2025-10-20,E0,West Ham,Brentford,2,0.2,mondrian,0,1,1
2025-10-24,D1,Werder Bremen,Union Berlin,0,0.2,mondrian,1,1,1
2025-10-24,SP1,Sociedad,Sevilla,0,0.2,mondrian,1,1,1
2025-10-24,F1,Paris FC,Nantes,2,0.2,mondrian,1,1,0
2025-10-24,E0,Leeds,West Ham,0,0.2,mondrian,1,1,0
2025-10-24,I1,Milan,Pisa,1,0.2,mondrian,1,0,0
2025-10-25,SP1,Ath Bilbao,Getafe,2,0.2,mondrian,1,1,0
2025-10-25,D1,Dortmund,FC Koln,0,0.2,mondrian,1,0,0
2025-10-25,D1,M'gladbach,Bayern Munich,2,0.2,mondrian,0,0,1
2025-10-25,E0,Chelsea,Sunderland,2,0.2,mondrian,1,0,0
2025-10-25,D1,Hamburg,Wolfsburg,2,0.2,mondrian,1,1,1
2025-10-25,D1,Ein Frankfurt,St Pauli,0,0.2,mondrian,1,0,0
2025-10-25,D1,Augsburg,RB Leipzig,2,0.2,mondrian,0,1,1
2025-10-25,E0,Newcastle,Fulham,0,0.2,mondrian,1,1,0
2025-10-25,E0,Brentford,Liverpool,0,0.2,mondrian,0,1,1
2025-10-25,SP1,Valencia,Villarreal,2,0.2,mondrian,0,1,1
2025-10-25,E0,Man United,Brighton,0,0.2,mondrian,1,1,1
2025-10-25,D1,Hoffenheim,Heidenheim,0,0.2,mondrian,1,0,0
2025-10-25,SP1,Espanol,Elche,0,0.2,mondrian,1,1,1
2025-10-25,I1,Parma,Como,1,0.2,mondrian,0,1,1
2025-10-25,I1,Napoli,Inter,0,0.2,mondrian,0,1,1
2025-10-25,I1,Udinese,Lecce,0,0.2,mondrian,1,1,0
2025-10-25,F1,Brest,Paris SG,2,0.2,mondrian,0,0,1
2025-10-25,F1,Monaco,Toulouse,0,0.2,mondrian,1,1,1
2025-10-25,F1,Lens,Marseille,0,0.2,mondrian,0,1,1
2025-10-25,SP1,Girona,Oviedo,1,0.2,mondrian,1,1,0
2025-10-25,I1,Cremonese,Atalanta,1,0.2,mondrian,0,0,1
2025-10-26,E0,Aston Villa,Man City,0,0.2,mondrian,0,1,1
2025-10-26,E0,Arsenal,Crystal Palace,0,0.2,mondrian,1,0,0
2025-10-26,D1,Leverkusen,Freiburg,0,0.2,mondrian,1,1,1
2025-10-26,SP1,Mallorca,Levante,1,0.2,mondrian,1,1,1
2025-10-26,SP1,Vallecano,Alaves,0,0.2,mondrian,1,1,1
2025-10-26,SP1,Osasuna,Celta,2,0.2,mondrian,1,1,1
2025-10-26,E0,Everton,Tottenham,2,0.2,mondrian,1,1,1
2025-10-26,E0,Bournemouth,Nott'm Forest,0,0.2,mondrian,1,1,1
2025-10-26,SP1,Real Madrid,Barcelona,0,0.2,mondrian,1,0,1
2025-10-26,E0,Wolves,Burnley,2,0.2,mondrian,1,1,0
2025-10-26,F1,Auxerre,Le Havre,2,0.2,mondrian,1,1,1
2025-10-26,F1,Angers,Lorient,0,0.2,mondrian,0,1,1
2025-10-26,I1,Fiorentina,Bologna,1,0.2,mondrian,0,1,1
2025-10-26,I1,Verona,Cagliari,1,0.2,mondrian,1,1,0
2025-10-26,I1,Sassuolo,Roma,2,0.2,mondrian,0,1,1
2025-10-26,I1,Lazio,Juventus,0,0.2,mondrian,0,1,1
2025-10-26,F1,Lille,Metz,0,0.2,mondrian,1,0,0
2025-10-26,F1,Lyon,Strasbourg,0,0.2,mondrian,1,1,1
2025-10-26,I1,Torino,Genoa,0,0.2,mondrian,0,1,1
2025-10-26,F1,Rennes,Nice,2,0.2,mondrian,1,1,1
2025-10-26,D1,Stuttgart,Mainz,0,0.2,mondrian,1,1,1
2025-10-27,SP1,Betis,Ath Madrid,2,0.2,mondrian,0,1,1
2025-10-28,I1,Lecce,Napoli,2,0.2,mondrian,0,1,1
2025-10-28,I1,Atalanta,Milan,1,0.2,mondrian,0,1,1
2025-10-29,F1,Toulouse,Rennes,1,0.2,mondrian,1,1,1
2025-10-29,I1,Bologna,Torino,1,0.2,mondrian,1,1,0
2025-10-29,F1,Marseille,Angers,1,0.2,mondrian,1,0,0
2025-10-29,I1,Inter,Fiorentina,0,0.2,mondrian,1,0,0
2025-10-29,F1,Le Havre,Brest,0,0.2,mondrian,0,1,1
2025-10-29,I1,Genoa,Cremonese,2,0.2,mondrian,1,1,0
2025-10-29,I1,Roma,Parma,0,0.2,mondrian,1,1,0
2025-10-29,F1,Lorient,Paris SG,1,0.2,mondrian,0,0,1
2025-10-29,I1,Como,Verona,0,0.2,mondrian,1,1,0
2025-10-29,F1,Metz,Lens,0,0.2,mondrian,0,0,1
2025-10-29,I1,Juventus,Udinese,0,0.2,mondrian,1,0,0
2025-10-29,F1,Nice,Lille,0,0.2,mondrian,0,1,1
2025-10-29,F1,Strasbourg,Auxerre,0,0.2,mondrian,1,1,0
2025-10-29,F1,Nantes,Monaco,2,0.2,mondrian,0,1,1
2025-10-29,F1,Paris FC,Lyon,1,0.2,mondrian,0,1,1
2025-10-30,I1,Cagliari,Sassuolo,2,0.2,mondrian,0,1,1
2025-10-30,I1,Pisa,Lazio,1,0.2,mondrian,0,1,1
2025-10-31,SP1,Getafe,Girona,0,0.2,mondrian,1,1,1
2025-10-31,D1,Augsburg,Dortmund,2,0.2,mondrian,0,0,1
2025-11-01,E0,Nott'm Forest,Man United,1,0.2,mondrian,0,1,1
2025-11-01,E0,Crystal Palace,Brentford,0,0.2,mondrian,1,1,1
2025-11-01,E0,Brighton,Leeds,0,0.2,mondrian,1,1,1
2025-11-01,SP1,Villarreal,Vallecano,0,0.2,mondrian,1,1,0
2025-11-01,SP1,Ath Madrid,Sevilla,0,0.2,mondrian,1,0,0
2025-11-01,SP1,Sociedad,Ath Bilbao,0,0.2,mondrian,0,1,1
2025-11-01,E0,Liverpool,Aston Villa,0,0.2,mondrian,1,0,0
2025-11-01,E0,Tottenham,Chelsea,2,0.2,mondrian,0,1,1
2025-11-01,E0,Fulham,Wolves,0,0.2,mondrian,1,1,0
2025-11-01,E0,Burnley,Arsenal,2,0.2,mondrian,0,0,1
2025-11-01,D1,Bayern Munich,Leverkusen,0,0.2,mondrian,1,0,0
2025-11-01,SP1,Real Madrid,Valencia,0,0.2,mondrian,1,0,0
2025-11-01,F1,Auxerre,Marseille,2,0.2,mondrian,0,1,1
2025-11-01,D1,St Pauli,M'gladbach,2,0.2,mondrian,1,1,1
2025-11-01,F1,Monaco,Paris FC,2,0.2,mondrian,1,0,0
2025-11-01,D1,Mainz,Werder Bremen,1,0.2,mondrian,1,1,1
2025-11-01,D1,RB Leipzig,Stuttgart,0,0.2,mondrian,1,1,1
2025-11-01,I1,Cremonese,Juventus,2,0.2,mondrian,0,0,1
2025-11-01,D1,Heidenheim,Ein Frankfurt,1,0.2,mondrian,0,1,1
2025-11-01,D1,Union Berlin,Freiburg,1,0.2,mondrian,0,1,1
2025-11-01,F1,Paris SG,Nice,0,0.2,mondrian,1,0,0
2025-11-01,I1,Napoli,Como,1,0.2,mondrian,1,1,0
2025-11-01,I1,Udinese,Atalanta,0,0.2,mondrian,0,1,1
2025-11-02,F1,Lens,Lorient,0,0.2,mondrian,1,1,0
2025-11-02,E0,West Ham,Newcastle,0,0.2,mondrian,0,1,1
2025-11-02,E0,Man City,Bournemouth,0,0.2,mondrian,1,0,0
2025-11-02,D1,FC Koln,Hamburg,0,0.2,mondrian,0,1,1
2025-11-02,D1,Wolfsburg,Hoffenheim,2,0.2,mondrian,0,1,1
2025-11-02,I1,Fiorentina,Lecce,2,0.2,mondrian,1,1,0
2025-11-02,F1,Rennes,Strasbourg,0,0.2,mondrian,0,1,1
2025-11-02,SP1,Barcelona,Elche,0,0.2,mondrian,1,0,0
2025-11-02,F1,Lille,Angers,0,0.2,mondrian,1,0,0
2025-11-02,I1,Torino,Pisa,1,0.2,mondrian,1,1,0
2025-11-02,F1,Toulouse,Le Havre,1,0.2,mondrian,1,1,0
2025-11-02,F1,Brest,Lyon,1,0.2,mondrian,0,1,1
2025-11-02,I1,Parma,Bologna,2,0.2,mondrian,0,1,1
2025-11-02,I1,Milan,Roma,0,0.2,mondrian,1,1,1
2025-11-02,SP1,Betis,Mallorca,0,0.2,mondrian,1,0,0
2025-11-02,I1,Verona,Inter,2,0.2,mondrian,0,0,1
2025-11-02,SP1,Levante,Celta,2,0.2,mondrian,0,1,1
2025-11-02,SP1,Alaves,Espanol,0,0.2,mondrian,1,1,1
2025-11-02,F1,Nantes,Metz,2,0.2,mondrian,1,1,1
2025-11-03,E0,Sunderland,Everton,1,0.2,mondrian,0,1,1
2025-11-03,I1,Sassuolo,Genoa,2,0.2,mondrian,0,1,1
2025-11-03,I1,Lazio,Cagliari,0,0.2,mondrian,1,1,0
2025-11-03,SP1,Oviedo,Osasuna,1,0.2,mondrian,0,1,1
2025-11-07,SP1,Elche,Sociedad,1,0.2,mondrian,0,1,1
2025-11-07,D1,Werder Bremen,Wolfsburg,0,0.2,mondrian,1,1,1
2025-11-07,I1,Pisa,Cremonese,0,0.2,mondrian,1,1,1
2025-11-07,F1,Paris FC,Rennes,2,0.2,mondrian,1,1,1
2025-11-08,F1,Le Havre,Nantes,1,0.2,mondrian,1,1,0
2025-11-08,F1,Marseille,Brest,0,0.2,mondrian,1,0,0
2025-11-08,E0,West Ham,Burnley,0,0.2,mondrian,1,1,0
2025-11-08,E0,Sunderland,Arsenal,1,0.2,mondrian,0,0,1
2025-11-08,E0,Chelsea,Wolves,0,0.2,mondrian,1,0,0
2025-11-08,SP1,Girona,Alaves,0,0.2,mondrian,1,1,1
2025-11-08,SP1,Ath Madrid,Levante,0,0.2,mondrian,1,0,0
2025-11-08,F1,Monaco,Lens,2,0.2,mondrian,1,1,1
2025-11-08,SP1,Sevilla,Osasuna,0,0.2,mondrian,1,1,1
2025-11-08,E0,Everton,Fulham,0,0.2,mondrian,1,1,1
2025-11-08,E0,Tottenham,Man United,1,0.2,mondrian,0,1,1
2025-11-08,SP1,Espanol,Villarreal,2,0.2,mondrian,0,1,1
2025-11-08,D1,Hamburg,Dortmund,1,0.2,mondrian,0,1,1
2025-11-08,D1,Hoffenheim,RB Leipzig,0,0.2,mondrian,0,1,1
2025-11-08,D1,Leverkusen,Heidenheim,0,0.2,mondrian,1,0,0
2025-11-08,D1,Union Berlin,Bayern Munich,1,0.2,mondrian,0,0,1
2025-11-08,I1,Lecce,Verona,1,0.2,mondrian,0,1,1
2025-11-08,I1,Juventus,Torino,1,0.2,mondrian,1,1,0
2025-11-08,I1,Parma,Milan,1,0.2,mondrian,0,1,1
2025-11-08,D1,M'gladbach,FC Koln,0,0.2,mondrian,1,1,1
2025-11-08,I1,Como,Cagliari,1,0.2,mondrian,1,1,0
2025-11-09,I1,Genoa,Fiorentina,1,0.2,mondrian,0,1,1
2025-11-09,E0,Man City,Liverpool,0,0.2,mondrian,1,1,1
2025-11-09,E0,Nott'm Forest,Leeds,0,0.2,mondrian,1,1,1
2025-11-09,E0,Crystal Palace,Brighton,1,0.2,mondrian,1,1,1
2025-11-09,F1,Strasbourg,Lille,0,0.2,mondrian,0,1,1
2025-11-09,I1,Roma,Udinese,0,0.2,mondrian,1,1,0
2025-11-09,I1,Inter,Lazio,0,0.2,mondrian,1,0,0
2025-11-09,I1,Bologna,Napoli,0,0.2,mondrian,0,1,1
2025-11-09,E0,Brentford,Newcastle,0,0.2,mondrian,0,1,1
2025-11-09,I1,Atalanta,Sassuolo,2,0.2,mondrian,1,0,0
2025-11-09,SP1,Mallorca,Getafe,0,0.2,mondrian,0,1,1
2025-11-09,E0,Aston Villa,Bournemouth,0,0.2,mondrian,1,1,1
2025-11-09,D1,Stuttgart,Augsburg,0,0.2,mondrian,1,0,0
2025-11-09,F1,Angers,Auxerre,0,0.2,mondrian,0,1,1
2025-11-09,SP1,Ath Bilbao,Oviedo,0,0.2,mondrian,1,1,0
2025-11-09,SP1,Valencia,Betis,1,0.2,mondrian,0,1,1
2025-11-09,D1,Freiburg,St Pauli,0,0.2,mondrian,1,1,0
2025-11-09,D1,Ein Frankfurt,Mainz,0,0.2,mondrian,1,1,1
2025-11-09,F1,Lorient,Toulouse,1,0.2,mondrian,0,1,1
2025-11-09,F1,Metz,Nice,0,0.2,mondrian,0,1,1
2025-11-09,F1,Lyon,Paris SG,2,0.2,mondrian,0,1,1
2025-11-09,SP1,Vallecano,Real Madrid,1,0.2,mondrian,0,0,1
2025-11-09,SP1,Celta,Barcelona,2,0.2,mondrian,0,0,1
2025-11-21,SP1,Valencia,Levante,0,0.2,mondrian,1,1,1
2025-11-21,D1,Mainz,Hoffenheim,1,0.2,mondrian,0,1,1
2025-11-21,F1,Nice,Marseille,2,0.2,mondrian,0,1,1
2025-11-22,SP1,Villarreal,Mallorca,0,0.2,mondrian,1,0,0
2025-11-22,SP1,Alaves,Celta,2,0.2,mondrian,0,1,1
2025-11-22,SP1,Barcelona,Ath Bilbao,0,0.2,mondrian,1,0,0
2025-11-22,SP1,Osasuna,Sociedad,2,0.2,mondrian,0,1,1
2025-11-22,D1,Augsburg,Hamburg,0,0.2,mondrian,0,1,1
2025-11-22,D1,FC Koln,Ein Frankfurt,2,0.2,mondrian,0,1,1
2025-11-22,I1,Udinese,Bologna,2,0.2,mondrian,0,1,1
2025-11-22,F1,Lens,Strasbourg,0,0.2,mondrian,1,1,1
2025-11-22,F1,Rennes,Monaco,0,0.2,mondrian,1,1,1
2025-11-22,F1,Paris SG,Le Havre,0,0.2,mondrian,1,0,0
2025-11-22,I1,Cagliari,Genoa,1,0.2,mondrian,0,1,1
2025-11-22,D1,Wolfsburg,Leverkusen,2,0.2,mondrian,0,1,1
2025-11-22,E0,Newcastle,Man City,0,0.2,mondrian,0,1,1
2025-11-22,I1,Napoli,Atalanta,0,0.2,mondrian,1,1,1
2025-11-22,E0,Bournemouth,West Ham,1,0.2,mondrian,1,1,0
2025-11-22,E0,Fulham,Sunderland,0,0.2,mondrian,1,1,1
2025-11-22,E0,Liverpool,Nott'm Forest,2,0.2,mondrian,1,0,0
2025-11-22,E0,Wolves,Crystal Palace,2,0.2,mondrian,0,1,1
2025-11-22,E0,Brighton,Brentford,0,0.2,mondrian,1,1,1
2025-11-22,E0,Burnley,Chelsea,2,0.2,mondrian,0,0,1
2025-11-22,I1,Fiorentina,Juventus,1,0.2,mondrian,0,1,1
2025-11-22,D1,Dortmund,Stuttgart,1,0.2,mondrian,1,1,0
2025-11-22,D1,Bayern Munich,Freiburg,0,0.2,mondrian,1,0,0
2025-11-22,D1,Heidenheim,M'gladbach,2,0.2,mondrian,0,1,1
2025-11-23,F1,Nantes,Lorient,1,0.2,mondrian,0,1,1
2025-11-23,I1,Inter,Milan,2,0.2,mondrian,1,1,1
2025-11-23,D1,RB Leipzig,Werder Bremen,0,0.2,mondrian,1,0,0
2025-11-23,I1,Lazio,Lecce,0,0.2,mondrian,1,1,0
2025-11-23,I1,Cremonese,Roma,2,0.2,mondrian,0,1,1
2025-11-23,I1,Verona,Parma,2,0.2,mondrian,1,1,1
2025-11-23,F1,Toulouse,Angers,2,0.2,mondrian,1,1,0
2025-11-23,F1,Brest,Metz,0,0.2,mondrian,1,1,1
2025-11-23,F1,Lille,Paris FC,0,0.2,mondrian,1,1,0
2025-11-23,E0,Leeds,Aston Villa,2,0.2,mondrian,0,1,1
2025-11-23,D1,St Pauli,Union Berlin,2,0.2,mondrian,0,1,1
2025-11-23,E0,Arsenal,Tottenham,0,0.2,mondrian,1,0,0
2025-11-23,SP1,Oviedo,Vallecano,1,0.2,mondrian,0,1,1
2025-11-23,SP1,Getafe,Ath Madrid,2,0.2,mondrian,0,1,1
2025-11-23,SP1,Betis,Girona,1,0.2,mondrian,1,0,0
2025-11-23,SP1,Elche,Real Madrid,1,0.2,mondrian,0,0,1
2025-11-23,F1,Auxerre,Lyon,1,0.2,mondrian,0,1,1
2025-11-24,E0,Man United,Everton,2,0.2,mondrian,1,1,0
2025-11-24,I1,Sassuolo,Pisa,1,0.2,mondrian,1,1,0
2025-11-24,I1,Torino,Como,2,0.2,mondrian,0,1,1
2025-11-24,SP1,Espanol,Sevilla,0,0.2,mondrian,1,1,0
2025-11-28,SP1,Getafe,Elche,0,0.2,mondrian,1,1,1
2025-11-28,I1,Como,Sassuolo,0,0.2,mondrian,1,1,0
2025-11-28,D1,M'gladbach,RB Leipzig,1,0.2,mondrian,0,1,1
2025-11-28,F1,Metz,Rennes,2,0.2,mondrian,0,1,1
2025-11-29,SP1,Levante,Ath Bilbao,2,0.2,mondrian,0,1,1
2025-11-29,E0,Everton,Newcastle,2,0.2,mondrian,0,1,1
2025-11-29,E0,Sunderland,Bournemouth,0,0.2,mondrian,0,1,1
2025-11-29,E0,Tottenham,Fulham,2,0.2,mondrian,1,1,1
2025-11-29,E0,Brentford,Burnley,0,0.2,mondrian,1,0,0
2025-11-29,F1,Monaco,Paris SG,0,0.2,mondrian,0,0,1
2025-11-29,SP1,Mallorca,Osasuna,1,0.2,mondrian,1,1,1
2025-11-29,F1,Paris FC,Auxerre,1,0.2,mondrian,1,1,0
2025-11-29,F1,Marseille,Toulouse,1,0.2,mondrian,1,1,0
2025-11-29,D1,Leverkusen,Dortmund,2,0.2,mondrian,0,1,1
2025-11-29,E0,Man City,Leeds,0,0.2,mondrian,1,0,0
2025-11-29,D1,Bayern Munich,St Pauli,0,0.2,mondrian,1,0,0
2025-11-29,D1,Hoffenheim,Augsburg,0,0.2,mondrian,1,1,0
2025-11-29,SP1,Ath Madrid,Oviedo,0,0.2,mondrian,1,0,0
2025-11-29,D1,Union Berlin,Heidenheim,2,0.2,mondrian,1,1,0
2025-11-29,D1,Werder Bremen,FC Koln,1,0.2,mondrian,1,1,1
2025-11-29,I1,Juventus,Cagliari,0,0.2,mondrian,1,0,0
2025-11-29,I1,Genoa,Verona,0,0.2,mondrian,1,1,0
2025-11-29,I1,Milan,Lazio,0,0.2,mondrian,1,1,0
2025-11-29,SP1,Barcelona,Alaves,0,0.2,mondrian,1,0,0
2025-11-29,I1,Parma,Udinese,2,0.2,mondrian,0,1,1
2025-11-30,D1,Hamburg,Stuttgart,0,0.2,mondrian,0,1,1
2025-11-30,F1,Le Havre,Lille,2,0.2,mondrian,0,1,1
2025-11-30,F1,Lyon,Nantes,0,0.2,mondrian,1,0,0
2025-11-30,F1,Lorient,Nice,0,0.2,mondrian,1,1,1
2025-11-30,SP1,Girona,Real Madrid,1,0.2,mondrian,0,0,1
2025-11-30,I1,Roma,Napoli,2,0.2,mondrian,0,1,1
2025-11-30,SP1,Sevilla,Betis,2,0.2,mondrian,0,1,1
2025-11-30,D1,Ein Frankfurt,Wolfsburg,1,0.2,mondrian,1,1,1
2025-11-30,SP1,Sociedad,Villarreal,2,0.2,mondrian,0,1,1
2025-11-30,D1,Freiburg,Mainz,0,0.2,mondrian,1,1,0
2025-11-30,SP1,Celta,Espanol,2,0.2,mondrian,1,1,0
2025-11-30,I1,Lecce,Torino,0,0.2,mondrian,0,1,1
2025-11-30,I1,Pisa,Inter,2,0.2,mondrian,0,0,1
2025-11-30,F1,Angers,Lens,2,0.2,mondrian,0,1,1
2025-11-30,F1,Strasbourg,Brest,2,0.2,mondrian,1,1,0
2025-11-30,E0,Crystal Palace,Man United,2,0.2,mondrian,1,1,1
2025-11-30,I1,Atalanta,Fiorentina,0,0.2,mondrian,1,1,0
2025-11-30,E0,Nott'm Forest,Brighton,2,0.2,mondrian,0,1,1
2025-11-30,E0,West Ham,Liverpool,2,0.2,mondrian,0,0,1
2025-11-30,E0,Chelsea,Arsenal,1,0.2,mondrian,0,1,1
2025-11-30,E0,Aston Villa,Wolves,0,0.2,mondrian,1,0,0
2025-12-01,SP1,Vallecano,Valencia,1,0.2,mondrian,1,1,1
2025-12-01,I1,Bologna,Cremonese,2,0.2,mondrian,1,1,0
2025-12-02,E0,Fulham,Man City,2,0.2,mondrian,0,1,1
2025-12-02,E0,Newcastle,Tottenham,1,0.2,mondrian,1,1,1
2025-12-02,SP1,Barcelona,Ath Madrid,0,0.2,mondrian,1,0,0
2025-12-02,E0,Bournemouth,Everton,2,0.2,mondrian,1,1,1
2025-12-03,E0,Wolves,Nott'm Forest,2,0.2,mondrian,0,1,1
2025-12-03,E0,Leeds,Chelsea,0,0.2,mondrian,0,1,1
2025-12-03,E0,Burnley,Crystal Palace,2,0.2,mondrian,0,1,1
2025-12-03,E0,Brighton,Aston Villa,2,0.2,mondrian,1,1,1
2025-12-03,E0,Liverpool,Sunderland,1,0.2,mondrian,1,0,0
2025-12-03,SP1,Ath Bilbao,Real Madrid,2,0.2,mondrian,0,1,1
2025-12-03,E0,Arsenal,Brentford,0,0.2,mondrian,1,0,0
2025-12-04,E0,Man United,West Ham,1,0.2,mondrian,1,0,0
2025-12-05,SP1,Oviedo,Mallorca,1,0.2,mondrian,0,1,1
2025-12-05,F1,Brest,Monaco,0,0.2,mondrian,0,1,1
2025-12-05,D1,Mainz,M'gladbach,2,0.2,mondrian,0,1,1
2025-12-05,F1,Lille,Marseille,0,0.2,mondrian,1,1,1
2025-12-06,E0,Newcastle,Burnley,0,0.2,mondrian,1,0,0
2025-12-06,F1,Nantes,Lens,2,0.2,mondrian,0,1,1
2025-12-06,E0,Everton,Nott'm Forest,0,0.2,mondrian,1,1,1
2025-12-06,E0,Man City,Sunderland,0,0.2,mondrian,1,0,0
2025-12-06,I1,Inter,Como,0,0.2,mondrian,1,0,0
2025-12-06,I1,Verona,Atalanta,0,0.2,mondrian,0,1,1
2025-12-06,E0,Bournemouth,Chelsea,1,0.2,mondrian,0,1,1
2025-12-06,F1,Paris SG,Rennes,0,0.2,mondrian,1,0,0
2025-12-06,E0,Tottenham,Brentford,0,0.2,mondrian,0,1,1
2025-12-06,E0,Aston Villa,Arsenal,0,0.2,mondrian,0,1,1
2025-12-06,E0,Leeds,Liverpool,1,0.2,mondrian,0,1,1
2025-12-06,SP1,Villarreal,Getafe,0,0.2,mondrian,1,1,0
2025-12-06,SP1,Ath Bilbao,Ath Madrid,0,0.2,mondrian,0,1,1
2025-12-06,F1,Toulouse,Strasbourg,0,0.2,mondrian,0,1,1
2025-12-06,D1,RB Leipzig,Ein Frankfurt,0,0.2,mondrian,1,1,0
2025-12-06,I1,Sassuolo,Fiorentina,0,0.2,mondrian,0,1,1
2025-12-06,D1,Augsburg,Leverkusen,0,0.2,mondrian,0,1,1
2025-12-06,SP1,Alaves,Sociedad,0,0.2,mondrian,0,1,1
2025-12-06,D1,Heidenheim,Freiburg,0,0.2,mondrian,0,1,1
2025-12-06,D1,Stuttgart,Bayern Munich,2,0.2,mondrian,0,0,1
2025-12-06,D1,Wolfsburg,Union Berlin,0,0.2,mondrian,1,1,1
2025-12-06,SP1,Betis,Barcelona,2,0.2,mondrian,0,1,1
2025-12-06,D1,FC Koln,St Pauli,1,0.2,mondrian,1,1,1
2025-12-07,D1,Hamburg,Werder Bremen,0,0.2,mondrian,1,1,1
2025-12-07,F1,Lorient,Lyon,0,0.2,mondrian,0,1,1
2025-12-07,SP1,Elche,Girona,0,0.2,mondrian,1,1,1
2025-12-07,E0,Brighton,West Ham,1,0.2,mondrian,1,1,0
2025-12-07,I1,Napoli,Juventus,0,0.2,mondrian,0,1,1
2025-12-07,D1,Dortmund,Hoffenheim,0,0.2,mondrian,1,0,0
2025-12-07,I1,Cremonese,Lecce,0,0.2,mondrian,1,1,1
2025-12-07,F1,Le Havre,Paris FC,1,0.2,mondrian,0,1,1
2025-12-07,I1,Lazio,Bologna,1,0.2,mondrian,1,1,1
2025-12-07,SP1,Real Madrid,Celta,2,0.2,mondrian,1,0,0
2025-12-07,E0,Fulham,Crystal Palace,2,0.2,mondrian,1,1,1
2025-12-07,I1,Cagliari,Roma,0,0.2,mondrian,0,1,1
2025-12-07,F1,Auxerre,Metz,0,0.2,mondrian,1,1,1
2025-12-07,F1,Nice,Angers,2,0.2,mondrian,1,1,0
2025-12-07,SP1,Valencia,Sevilla,1,0.2,mondrian,1,1,1
2025-12-07,SP1,Espanol,Vallecano,0,0.2,mondrian,0,1,1
2025-12-08,I1,Pisa,Parma,2,0.2,mondrian,0,1,1
2025-12-08,I1,Torino,Milan,2,0.2,mondrian,0,1,1
2025-12-08,I1,Udinese,Genoa,2,0.2,mondrian,0,1,1
2025-12-08,E0,Wolves,Man United,2,0.2,mondrian,0,1,1
2025-12-08,SP1,Osasuna,Levante,0,0.2,mondrian,1,1,0
2025-12-12,I1,Lecce,Pisa,0,0.2,mondrian,0,1,1
2025-12-12,F1,Angers,Nantes,0,0.2,mondrian,1,1,1
2025-12-12,D1,Union Berlin,RB Leipzig,0,0.2,mondrian,0,1,1
2025-12-12,SP1,Sociedad,Girona,2,0.2,mondrian,1,1,0
2025-12-13,SP1,Mallorca,Elche,0,0.2,mondrian,0,1,1
2025-12-13,E0,Chelsea,Everton,0,0.2,mondrian,1,1,0
2025-12-13,F1,Paris FC,Toulouse,2,0.2,mondrian,0,1,1
2025-12-13,I1,Parma,Lazio,2,0.2,mondrian,0,1,1
2025-12-13,I1,Atalanta,Cagliari,0,0.2,mondrian,1,0,0
2025-12-13,SP1,Getafe,Espanol,2,0.2,mondrian,0,1,1
2025-12-13,SP1,Barcelona,Osasuna,0,0.2,mondrian,1,0,0
2025-12-13,E0,Arsenal,Wolves,0,0.2,mondrian,1,0,0
2025-12-13,SP1,Ath Madrid,Valencia,0,0.2,mondrian,1,0,0
2025-12-13,I1,Torino,Cremonese,0,0.2,mondrian,1,1,1
2025-12-13,F1,Metz,Paris SG,2,0.2,mondrian,0,0,1
2025-12-13,F1,Rennes,Brest,0,0.2,mondrian,1,1,1
2025-12-13,D1,Leverkusen,FC Koln,0,0.2,mondrian,1,1,1
2025-12-13,D1,St Pauli,Heidenheim,0,0.2,mondrian,1,1,0
2025-12-13,D1,M'gladbach,Wolfsburg,2,0.2,mondrian,1,1,1
2025-12-13,D1,Hoffenheim,Hamburg,0,0.2,mondrian,1,0,0
2025-12-13,D1,Ein Frankfurt,Augsburg,0,0.2,mondrian,1,1,1
2025-12-13,E0,Burnley,Fulham,2,0.2,mondrian,0,1,1
2025-12-13,E0,Liverpool,Brighton,0,0.2,mondrian,1,1,0
2025-12-14,E0,Crystal Palace,Man City,2,0.2,mondrian,0,1,1
2025-12-14,I1,Bologna,Juventus,2,0.2,mondrian,0,1,1
2025-12-14,I1,Genoa,Inter,2,0.2,mondrian,0,0,1
2025-12-14,I1,Udinese,Napoli,0,0.2,mondrian,0,1,1
2025-12-14,F1,Marseille,Monaco,0,0.2,mondrian,1,1,1
2025-12-14,I1,Milan,Sassuolo,1,0.2,mondrian,1,0,0
2025-12-14,SP1,Celta,Ath Bilbao,0,0.2,mondrian,0,1,1
2025-12-14,E0,Nott'm Forest,Tottenham,0,0.2,mondrian,0,1,1
2025-12-14,I1,Fiorentina,Verona,2,0.2,mondrian,1,1,0
2025-12-14,E0,Sunderland,Newcastle,0,0.2,mondrian,0,1,1
2025-12-14,E0,West Ham,Aston Villa,2,0.2,mondrian,0,1,1
2025-12-14,D1,Werder Bremen,Stuttgart,2,0.2,mondrian,0,1,1
2025-12-14,D1,Bayern Munich,Mainz,1,0.2,mondrian,1,0,0
2025-12-14,F1,Strasbourg,Lorient,1,0.2,mondrian,1,1,0
2025-12-14,SP1,Alaves,Real Madrid,2,0.2,mondrian,0,1,1
2025-12-14,D1,Freiburg,Dortmund,1,0.2,mondrian,0,1,1
2025-12-14,SP1,Sevilla,Oviedo,0,0.2,mondrian,1,1,1
2025-12-14,F1,Lens,Nice,0,0.2,mondrian,1,0,0
2025-12-14,F1,Auxerre,Lille,2,0.2,mondrian,0,1,1
2025-12-14,F1,Lyon,Le Havre,0,0.2,mondrian,1,0,0
2025-12-14,E0,Brentford,Leeds,1,0.2,mondrian,1,1,1
2025-12-15,E0,Man United,Bournemouth,1,0.2,mondrian,1,0,0
2025-12-15,I1,Roma,Como,0,0.2,mondrian,1,1,1
2025-12-15,SP1,Vallecano,Betis,1,0.2,mondrian,0,1,1
2025-12-19,D1,Dortmund,M'gladbach,0,0.2,mondrian,1,0,0
2025-12-19,SP1,Valencia,Mallorca,1,0.2,mondrian,1,1,1
2025-12-20,I1,Juventus,Roma,0,0.2,mondrian,1,1,0
2025-12-20,E0,Everton,Arsenal,2,0.2,mondrian,0,1,1
2025-12-20,SP1,Levante,Sociedad,1,0.2,mondrian,0,1,1
2025-12-20,E0,Leeds,Crystal Palace,0,0.2,mondrian,0,1,1
2025-12-20,SP1,Osasuna,Alaves,0,0.2,mondrian,1,1,1
2025-12-20,SP1,Oviedo,Celta,1,0.2,mondrian,0,1,1
2025-12-20,E0,Man City,West Ham,0,0.2,mondrian,1,0,0
2025-12-20,E0,Wolves,Brentford,2,0.2,mondrian,0,1,1
2025-12-20,SP1,Real Madrid,Sevilla,0,0.2,mondrian,1,0,0
2025-12-20,I1,Lazio,Cremonese,1,0.2,mondrian,1,1,0
2025-12-20,E0,Tottenham,Liverpool,2,0.2,mondrian,0,1,1
2025-12-20,E0,Bournemouth,Burnley,1,0.2,mondrian,1,0,0
2025-12-20,E0,Brighton,Sunderland,1,0.2,mondrian,1,1,0
2025-12-20,D1,Augsburg,Werder Bremen,1,0.2,mondrian,1,1,1
2025-12-20,D1,FC Koln,Union Berlin,2,0.2,mondrian,0,1,1
2025-12-20,D1,RB Leipzig,Leverkusen,2,0.2,mondrian,1,1,1
2025-12-20,D1,Wolfsburg,Freiburg,2,0.2,mondrian,1,1,1
2025-12-20,D1,Stuttgart,Hoffenheim,1,0.2,mondrian,1,1,1
2025-12-20,D1,Hamburg,Ein Frankfurt,1,0.2,mondrian,1,1,1
2025-12-20,E0,Newcastle,Chelsea,1,0.2,mondrian,0,1,1
2025-12-21,SP1,Villarreal,Barcelona,2,0.2,mondrian,0,0,1
2025-12-21,SP1,Elche,Vallecano,0,0.2,mondrian,0,1,1
2025-12-21,SP1,Betis,Getafe,0,0.2,mondrian,1,1,0
2025-12-21,I1,Genoa,Atalanta,2,0.2,mondrian,0,1,1
2025-12-21,I1,Fiorentina,Udinese,0,0.2,mondrian,1,1,1
2025-12-21,I1,Sassuolo,Torino,2,0.2,mondrian,1,1,1
2025-12-21,D1,Heidenheim,Bayern Munich,2,0.2,mondrian,0,0,1
2025-12-21,I1,Cagliari,Pisa,1,0.2,mondrian,1,1,0
2025-12-21,E0,Aston Villa,Man United,0,0.2,mondrian,1,1,1
2025-12-21,SP1,Girona,Ath Madrid,2,0.2,mondrian,0,1,1
2025-12-21,D1,Mainz,St Pauli,1,0.2,mondrian,1,1,0
2025-12-22,SP1,Ath Bilbao,Espanol,2,0.2,mondrian,1,1,0
2025-12-22,E0,Fulham,Nott'm Forest,0,0.2,mondrian,0,1,1
2025-12-26,E0,Man United,Newcastle,0,0.2,mondrian,0,1,1
2025-12-27,E0,Nott'm Forest,Man City,2,0.2,mondrian,0,1,1
2025-12-27,E0,Brentford,Bournemouth,0,0.2,mondrian,1,1,1
2025-12-27,E0,Chelsea,Aston Villa,2,0.2,mondrian,1,1,0
2025-12-27,E0,West Ham,Fulham,2,0.2,mondrian,0,1,1
2025-12-27,E0,Arsenal,Brighton,0,0.2,mondrian,1,0,0
2025-12-27,E0,Liverpool,Wolves,0,0.2,mondrian,1,0,0
2025-12-27,I1,Udinese,Lazio,1,0.2,mondrian,0,1,1
2025-12-27,E0,Burnley,Everton,1,0.2,mondrian,0,1,1
2025-12-27,I1,Pisa,Juventus,2,0.2,mondrian,0,1,1
2025-12-27,I1,Torino,Cagliari,2,0.2,mondrian,1,1,0
2025-12-27,I1,Lecce,Como,2,0.2,mondrian,0,1,1
2025-12-27,I1,Parma,Fiorentina,0,0.2,mondrian,0,1,1
2025-12-28,I1,Atalanta,Inter,2,0.2,mondrian,0,1,1
2025-12-28,I1,Milan,Verona,0,0.2,mondrian,1,0,0
2025-12-28,I1,Cremonese,Napoli,2,0.2,mondrian,0,1,1
2025-12-28,E0,Crystal Palace,Tottenham,2,0.2,mondrian,1,1,1
2025-12-28,E0,Sunderland,Leeds,1,0.2,mondrian,0,1,1
2025-12-28,I1,Bologna,Sassuolo,1,0.2,mondrian,1,1,0
2025-12-29,I1,Roma,Genoa,0,0.2,mondrian,1,1,0
2025-12-30,E0,Man United,Wolves,1,0.2,mondrian,1,0,0
2025-12-30,E0,West Ham,Brighton,1,0.2,mondrian,0,1,1
2025-12-30,E0,Nott'm Forest,Everton,2,0.2,mondrian,1,1,0
2025-12-30,E0,Chelsea,Bournemouth,1,0.2,mondrian,1,0,0
2025-12-30,E0,Burnley,Newcastle,2,0.2,mondrian,0,0,1
2025-12-30,E0,Arsenal,Aston Villa,0,0.2,mondrian,1,0,0
2026-01-01,E0,Crystal Palace,Fulham,1,0.2,mondrian,1,1,1
2026-01-01,E0,Sunderland,Man City,1,0.2,mondrian,0,0,1
2026-01-01,E0,Liverpool,Leeds,1,0.2,mondrian,1,0,0
2026-01-01,E0,Brentford,Tottenham,1,0.2,mondrian,1,1,1
2026-01-02,I1,Cagliari,Milan,2,0.2,mondrian,0,1,1
2026-01-02,F1,Toulouse,Lens,2,0.2,mondrian,0,1,1
2026-01-02,SP1,Vallecano,Getafe,1,0.2,mondrian,1,1,0
2026-01-03,SP1,Espanol,Barcelona,2,0.2,mondrian,0,0,1
2026-01-03,I1,Sassuolo,Parma,1,0.2,mondrian,1,1,1
2026-01-03,F1,Monaco,Lyon,2,0.2,mondrian,1,1,1
2026-01-03,I1,Atalanta,Roma,0,0.2,mondrian,1,1,1
2026-01-03,I1,Juventus,Lecce,1,0.2,mondrian,1,0,0
2026-01-03,SP1,Elche,Villarreal,2,0.2,mondrian,0,1,1
2026-01-03,F1,Lille,Rennes,2,0.2,mondrian,1,1,0
2026-01-03,SP1,Celta,Valencia,0,0.2,mondrian,1,1,1
2026-01-03,I1,Genoa,Pisa,1,0.2,mondrian,1,1,0
2026-01-03,F1,Nice,Strasbourg,1,0.2,mondrian,0,1,1
2026-01-03,E0,Bournemouth,Arsenal,2,0.2,mondrian,0,0,1
2026-01-03,E0,Aston Villa,Nott'm Forest,0,0.2,mondrian,1,1,1
2026-01-03,E0,Brighton,Burnley,0,0.2,mondrian,1,0,0
2026-01-03,E0,Wolves,West Ham,0,0.2,mondrian,0,1,1
2026-01-03,SP1,Osasuna,Ath Bilbao,1,0.2,mondrian,0,1,1
2026-01-03,I1,Como,Udinese,0,0.2,mondrian,1,1,0
2026-01-04,SP1,Real Madrid,Betis,0,0.2,mondrian,1,0,0
2026-01-04,SP1,Sevilla,Levante,2,0.2,mondrian,1,1,0
2026-01-04,I1,Inter,Bologna,0,0.2,mondrian,1,0,0
2026-01-04,F1,Lorient,Metz,1,0.2,mondrian,1,1,0
2026-01-04,I1,Fiorentina,Cremonese,0,0.2,mondrian,1,1,0
2026-01-04,I1,Lazio,Napoli,2,0.2,mondrian,0,1,1
2026-01-04,SP1,Mallorca,Girona,2,0.2,mondrian,1,1,1
2026-01-04,I1,Verona,Torino,2,0.2,mondrian,0,1,1
2026-01-04,F1,Paris SG,Paris FC,0,0.2,mondrian,1,0,0
2026-01-04,SP1,Alaves,Oviedo,1,0.2,mondrian,1,1,0
2026-01-04,F1,Le Havre,Angers,0,0.2,mondrian,1,1,1
2026-01-04,E0,Fulham,Liverpool,1,0.2,mondrian,0,1,1
2026-01-04,F1,Marseille,Nantes,2,0.2,mondrian,1,0,0
2026-01-04,E0,Leeds,Man United,1,0.2,mondrian,0,1,1
2026-01-04,E0,Everton,Brentford,2,0.2,mondrian,0,1,1
2026-01-04,E0,Man City,Chelsea,1,0.2,mondrian,1,0,0
2026-01-04,F1,Brest,Auxerre,0,0.2,mondrian,1,1,0
2026-01-04,E0,Newcastle,Crystal Palace,0,0.2,mondrian,1,1,0
2026-01-04,E0,Tottenham,Sunderland,1,0.2,mondrian,1,1,1
2026-01-04,SP1,Sociedad,Ath Madrid,1,0.2,mondrian,0,1,1
2026-01-06,I1,Lecce,Roma,2,0.2,mondrian,0,1,1
2026-01-06,E0,West Ham,Nott'm Forest,2,0.2,mondrian,0,1,1
2026-01-06,I1,Sassuolo,Juventus,2,0.2,mondrian,0,1,1
2026-01-06,I1,Pisa,Como,2,0.2,mondrian,0,1,1
2026-01-07,E0,Man City,Brighton,1,0.2,mondrian,1,0,0
2026-01-07,E0,Burnley,Man United,1,0.2,mondrian,0,1,1
2026-01-07,E0,Brentford,Sunderland,0,0.2,mondrian,1,1,1
2026-01-07,E0,Everton,Wolves,1,0.2,mondrian,1,1,0
2026-01-07,E0,Newcastle,Leeds,0,0.2,mondrian,1,1,0
2026-01-07,E0,Fulham,Chelsea,0,0.2,mondrian,0,1,1
2026-01-07,E0,Bournemouth,Tottenham,0,0.2,mondrian,1,1,1
2026-01-07,E0,Crystal Palace,Aston Villa,1,0.2,mondrian,0,1,1
2026-01-07,I1,Bologna,Atalanta,2,0.2,mondrian,0,1,1
2026-01-07,I1,Napoli,Verona,1,0.2,mondrian,1,0,0
2026-01-07,I1,Parma,Inter,2,0.2,mondrian,0,0,1
2026-01-07,I1,Torino,Udinese,2,0.2,mondrian,1,1,1
2026-01-07,I1,Lazio,Fiorentina,1,0.2,mondrian,1,1,1
2026-01-08,I1,Milan,Genoa,1,0.2,mondrian,1,1,0
2026-01-08,E0,Arsenal,Liverpool,1,0.2,mondrian,1,1,0
2026-01-08,I1,Cremonese,Cagliari,1,0.2,mondrian,0,1,1
2026-01-09,D1,Ein Frankfurt,Dortmund,1,0.2,mondrian,0,1,1
2026-01-09,SP1,Getafe,Sociedad,2,0.2,mondrian,0,1,1
2026-01-10,D1,Heidenheim,FC Koln,1,0.2,mondrian,0,1,1
2026-01-10,SP1,Valencia,Elche,1,0.2,mondrian,1,1,0
2026-01-10,SP1,Girona,Osasuna,0,0.2,mondrian,0,1,1
2026-01-10,SP1,Villarreal,Alaves,0,0.2,mondrian,1,0,0
2026-01-10,D1,Leverkusen,Stuttgart,2,0.2,mondrian,1,1,1
2026-01-10,SP1,Oviedo,Betis,1,0.2,mondrian,0,1,1
2026-01-10,D1,Freiburg,Hamburg,0,0.2,mondrian,1,1,0
2026-01-10,D1,Union Berlin,Mainz,1,0.2,mondrian,1,1,1
2026-01-10,I1,Udinese,Pisa,1,0.2,mondrian,1,1,0
2026-01-10,I1,Como,Bologna,1,0.2,mondrian,1,1,0
2026-01-10,I1,Atalanta,Torino,0,0.2,mondrian,1,1,0
2026-01-10,I1,Roma,Sassuolo,0,0.2,mondrian,1,1,0
2026-01-11,I1,Lecce,Parma,2,0.2,mondrian,0,1,1
2026-01-11,D1,Bayern Munich,Wolfsburg,0,0.2,mondrian,1,0,0
2026-01-11,SP1,Levante,Espanol,1,0.2,mondrian,0,1,1
2026-01-11,I1,Verona,Lazio,2,0.2,mondrian,0,1,1
2026-01-11,D1,M'gladbach,Augsburg,0,0.2,mondrian,1,1,1
2026-01-11,I1,Inter,Napoli,1,0.2,mondrian,1,1,0
2026-01-11,I1,Fiorentina,Milan,1,0.2,mondrian,0,1,1
2026-01-11,SP1,Vallecano,Mallorca,0,0.2,mondrian,1,1,0
2026-01-12,I1,Juventus,Cremonese,0,0.2,mondrian,1,0,0
2026-01-12,I1,Genoa,Cagliari,0,0.2,mondrian,1,1,1
2026-01-12,SP1,Sevilla,Celta,2,0.2,mondrian,0,1,1
2026-01-13,D1,Mainz,Heidenheim,0,0.2,mondrian,1,1,0
2026-01-13,D1,Stuttgart,Ein Frankfurt,0,0.2,mondrian,1,0,0
2026-01-13,D1,Dortmund,Werder Bremen,0,0.2,mondrian,1,0,0
2026-01-14,I1,Napoli,Parma,1,0.2,mondrian,1,0,0
2026-01-14,D1,Wolfsburg,St Pauli,0,0.2,mondrian,1,1,0
2026-01-14,I1,Inter,Lecce,0,0.2,mondrian,1,0,0
2026-01-14,D1,FC Koln,Bayern Munich,2,0.2,mondrian,0,0,1
2026-01-14,D1,Hoffenheim,M'gladbach,0,0.2,mondrian,1,1,1
2026-01-14,D1,RB Leipzig,Freiburg,0,0.2,mondrian,1,1,0
2026-01-15,I1,Verona,Bologna,2,0.2,mondrian,0,1,1
2026-01-15,I1,Como,Milan,2,0.2,mondrian,0,1,1
2026-01-15,D1,Augsburg,Union Berlin,1,0.2,mondrian,0,1,1
2026-01-16,F1,Paris SG,Lille,0,0.2,mondrian,1,0,0
2026-01-16,SP1,Espanol,Girona,2,0.2,mondrian,1,1,0
2026-01-16,I1,Pisa,Atalanta,1,0.2,mondrian,0,1,1
2026-01-16,D1,Werder Bremen,Ein Frankfurt,1,0.2,mondrian,0,1,1
2026-01-16,F1,Monaco,Lorient,2,0.2,mondrian,1,1,0
2026-01-17,SP1,Osasuna,Oviedo,0,0.2,mondrian,1,1,0
2026-01-17,D1,Hoffenheim,Leverkusen,0,0.2,mondrian,1,1,1
2026-01-17,SP1,Betis,Villarreal,0,0.2,mondrian,0,1,1
2026-01-17,I1,Cagliari,Juventus,0,0.2,mondrian,0,1,1
2026-01-17,E0,Nott'm Forest,Arsenal,1,0.2,mondrian,0,1,1
2026-01-17,F1,Angers,Marseille,2,0.2,mondrian,0,0,1
2026-01-17,F1,Toulouse,Nice,0,0.2,mondrian,1,1,1
2026-01-17,F1,Lens,Auxerre,0,0.2,mondrian,1,0,0
2026-01-17,SP1,Mallorca,Ath Bilbao,0,0.2,mondrian,0,1,1
2026-01-17,I1,Napoli,Sassuolo,0,0.2,mondrian,1,0,0
2026-01-17,SP1,Real Madrid,Levante,0,0.2,mondrian,1,0,0
2026-01-17,D1,RB Leipzig,Bayern Munich,2,0.2,mondrian,0,0,1
2026-01-17,E0,Chelsea,Brentford,0,0.2,mondrian,1,1,0
2026-01-17,D1,Dortmund,St Pauli,0,0.2,mondrian,1,0,0
2026-01-17,E0,Tottenham,West Ham,2,0.2,mondrian,1,1,1
2026-01-17,E0,Sunderland,Crystal Palace,0,0.2,mondrian,1,1,1
2026-01-17,D1,FC Koln,Mainz,0,0.2,mondrian,1,1,1
2026-01-17,E0,Man United,Man City,0,0.2,mondrian,0,1,1
2026-01-17,I1,Udinese,Inter,2,0.2,mondrian,0,0,1
2026-01-17,D1,Wolfsburg,Heidenheim,1,0.2,mondrian,1,1,0
2026-01-17,E0,Liverpool,Burnley,1,0.2,mondrian,1,0,0
2026-01-17,E0,Leeds,Fulham,0,0.2,mondrian,1,1,1
2026-01-17,D1,Hamburg,M'gladbach,1,0.2,mondrian,0,1,1
2026-01-18,SP1,Ath Madrid,Alaves,0,0.2,mondrian,1,0,0
2026-01-18,SP1,Sociedad,Barcelona,0,0.2,mondrian,0,0,1
2026-01-18,SP1,Celta,Vallecano,0,0.2,mondrian,1,1,0
2026-01-18,D1,Stuttgart,Union Berlin,1,0.2,mondrian,1,1,0
2026-01-18,E0,Wolves,Newcastle,1,0.2,mondrian,0,1,1
2026-01-18,E0,Aston Villa,Everton,2,0.2,mondrian,1,1,0
2026-01-18,D1,Augsburg,Freiburg,1,0.2,mondrian,0,1,1
2026-01-18,SP1,Getafe,Valencia,2,0.2,mondrian,0,1,1
2026-01-18,I1,Torino,Roma,2,0.2,mondrian,0,1,1
2026-01-18,F1,Rennes,Le Havre,1,0.2,mondrian,1,1,0
2026-01-18,F1,Nantes,Paris FC,2,0.2,mondrian,0,1,1
2026-01-18,F1,Strasbourg,Metz,0,0.2,mondrian,1,0,0
2026-01-18,I1,Bologna,Fiorentina,2,0.2,mondrian,1,1,1
2026-01-18,I1,Parma,Genoa,1,0.2,mondrian,0,1,1
2026-01-18,I1,Milan,Lecce,0,0.2,mondrian,1,0,0
2026-01-18,F1,Lyon,Brest,0,0.2,mondrian,1,1,0
2026-01-19,I1,Lazio,Como,2,0.2,mondrian,0,1,1
2026-01-19,I1,Cremonese,Verona,1,0.2,mondrian,0,1,1
2026-01-19,SP1,Elche,Sevilla,1,0.2,mondrian,1,1,1
2026-01-19,E0,Brighton,Bournemouth,1,0.2,mondrian,1,1,1
2026-01-23,I1,Inter,Pisa,0,0.2,mondrian,1,0,0
2026-01-23,F1,Auxerre,Paris SG,2,0.2,mondrian,0,0,1
2026-01-23,SP1,Levante,Elche,0,0.2,mondrian,1,1,1
2026-01-23,D1,St Pauli,Hamburg,1,0.2,mondrian,0,1,1
2026-01-24,E0,Bournemouth,Liverpool,0,0.2,mondrian,0,1,1
2026-01-24,E0,Burnley,Tottenham,1,0.2,mondrian,0,1,1
2026-01-24,D1,Bayern Munich,Augsburg,2,0.2,mondrian,1,0,0
2026-01-24,E0,West Ham,Sunderland,0,0.2,mondrian,1,1,1
2026-01-24,SP1,Villarreal,Real Madrid,2,0.2,mondrian,0,1,1
2026-01-24,E0,Fulham,Brighton,0,0.2,mondrian,0,1,1
2026-01-24,E0,Man City,Wolves,0,0.2,mondrian,1,0,0
2026-01-24,SP1,Vallecano,Osasuna,2,0.2,mondrian,1,1,1
2026-01-24,SP1,Valencia,Espanol,0,0.2,mondrian,1,1,1
2026-01-24,D1,Heidenheim,RB Leipzig,2,0.2,mondrian,0,0,1
2026-01-24,D1,Ein Frankfurt,Hoffenheim,2,0.2,mondrian,0,1,1
2026-01-24,F1,Marseille,Lens,0,0.2,mondrian,1,1,1
2026-01-24,D1,Union Berlin,Dortmund,2,0.2,mondrian,0,1,1
2026-01-24,D1,Mainz,Wolfsburg,0,0.2,mondrian,1,1,1
2026-01-24,SP1,Sevilla,Ath Bilbao,0,0.2,mondrian,0,1,1
2026-01-24,I1,Lecce,Lazio,1,0.2,mondrian,0,1,1
2026-01-24,I1,Como,Torino,0,0.2,mondrian,1,1,0
2026-01-24,I1,Fiorentina,Cagliari,2,0.2,mondrian,1,1,0
2026-01-24,F1,Le Havre,Monaco,1,0.2,mondrian,0,1,1
2026-01-24,F1,Rennes,Lorient,2,0.2,mondrian,1,1,0
2026-01-24,D1,Leverkusen,Werder Bremen,0,0.2,mondrian,1,0,0
2026-01-25,F1,Brest,Toulouse,2,0.2,mondrian,0,1,1
2026-01-25,F1,Paris FC,Angers,1,0.2,mondrian,1,1,0
2026-01-25,F1,Metz,Lyon,2,0.2,mondrian,0,1,1
2026-01-25,F1,Nantes,Nice,2,0.2,mondrian,0,1,1
2026-01-25,F1,Lille,Strasbourg,2,0.2,mondrian,0,1,1
2026-01-25,SP1,Barcelona,Oviedo,0,0.2,mondrian,1,0,0
2026-01-25,I1,Roma,Milan,1,0.2,mondrian,0,1,1
2026-01-25,SP1,Sociedad,Celta,0,0.2,mondrian,1,1,1
2026-01-25,SP1,Ath Madrid,Mallorca,0,0.2,mondrian,1,0,0
2026-01-25,D1,M'gladbach,Stuttgart,2,0.2,mondrian,0,1,1
2026-01-25,I1,Atalanta,Parma,0,0.2,mondrian,1,0,0
2026-01-25,SP1,Alaves,Betis,0,0.2,mondrian,0,1,1
2026-01-25,E0,Brentford,Nott'm Forest,2,0.2,mondrian,1,1,0
2026-01-25,E0,Crystal Palace,Chelsea,2,0.2,mondrian,0,1,1
2026-01-25,E0,Newcastle,Aston Villa,2,0.2,mondrian,1,1,1
2026-01-25,D1,Freiburg,FC Koln,0,0.2,mondrian,1,1,1
2026-01-25,I1,Juventus,Napoli,0,0.2,mondrian,1,1,0
2026-01-25,E0,Arsenal,Man United,2,0.2,mondrian,1,0,0
2026-01-25,I1,Sassuolo,Cremonese,0,0.2,mondrian,1,1,1
2026-01-25,I1,Genoa,Bologna,0,0.2,mondrian,0,1,1
2026-01-26,I1,Verona,Udinese,2,0.2,mondrian,0,1,1
2026-01-26,E0,Everton,Leeds,1,0.2,mondrian,0,1,1
2026-01-26,SP1,Girona,Getafe,1,0.2,mondrian,1,1,1
2026-01-27,D1,Werder Bremen,Hoffenheim,2,0.2,mondrian,0,1,1
2026-01-27,D1,St Pauli,RB Leipzig,1,0.2,mondrian,0,1,1
2026-01-30,F1,Lens,Le Havre,0,0.2,mondrian,1,0,0
2026-01-30,SP1,Espanol,Alaves,2,0.2,mondrian,1,1,0
2026-01-30,D1,FC Koln,Wolfsburg,0,0.2,mondrian,1,1,1
2026-01-30,I1,Lazio,Genoa,0,0.2,mondrian,1,1,1
2026-01-31,D1,RB Leipzig,Mainz,2,0.2,mondrian,1,0,0
2026-01-31,D1,Werder Bremen,M'gladbach,1,0.2,mondrian,1,1,1
2026-01-31,D1,Hamburg,Bayern Munich,1,0.2,mondrian,0,0,1
2026-01-31,F1,Lorient,Nantes,0,0.2,mondrian,1,1,0
2026-01-31,D1,Ein Frankfurt,Leverkusen,2,0.2,mondrian,0,1,1
2026-01-31,F1,Paris FC,Marseille,1,0.2,mondrian,0,1,1
2026-01-31,F1,Monaco,Rennes,0,0.2,mondrian,1,1,1
2026-01-31,SP1,Elche,Barcelona,2,0.2,mondrian,0,0,1
2026-01-31,SP1,Levante,Ath Madrid,1,0.2,mondrian,0,1,1
2026-01-31,SP1,Osasuna,Villarreal,1,0.2,mondrian,0,1,1
2026-01-31,D1,Augsburg,St Pauli,0,0.2,mondrian,1,1,1
2026-01-31,D1,Hoffenheim,Union Berlin,0,0.2,mondrian,1,1,0
2026-01-31,SP1,Oviedo,Girona,0,0.2,mondrian,0,1,1
2026-01-31,I1,Cagliari,Verona,0,0.2,mondrian,1,1,1
2026-01-31,I1,Pisa,Sassuolo,2,0.2,mondrian,0,1,1
2026-01-31,I1,Napoli,Fiorentina,0,0.2,mondrian,1,1,0
2026-01-31,E0,Wolves,Bournemouth,2,0.2,mondrian,0,1,1
2026-01-31,E0,Leeds,Arsenal,2,0.2,mondrian,0,0,1
2026-01-31,E0,Chelsea,West Ham,0,0.2,mondrian,1,0,0
2026-01-31,E0,Liverpool,Newcastle,0,0.2,mondrian,1,0,0
2026-01-31,E0,Brighton,Everton,1,0.2,mondrian,1,1,1
2026-02-01,E0,Man United,Fulham,0,0.2,mondrian,1,0,0
2026-02-01,D1,Stuttgart,Freiburg,0,0.2,mondrian,1,1,0
2026-02-01,D1,Dortmund,Heidenheim,0,0.2,mondrian,1,0,0
2026-02-01,SP1,Ath Bilbao,Sociedad,1,0.2,mondrian,1,1,1
2026-02-01,SP1,Getafe,Celta,1,0.2,mondrian,0,1,1
2026-02-01,SP1,Betis,Valencia,0,0.2,mondrian,1,1,0
2026-02-01,SP1,Real Madrid,Vallecano,0,0.2,mondrian,1,0,0
2026-02-01,F1,Strasbourg,Paris SG,2,0.2,mondrian,0,0,1
2026-02-01,E0,Nott'm Forest,Crystal Palace,1,0.2,mondrian,1,1,1
2026-02-01,E0,Tottenham,Man City,1,0.2,mondrian,0,1,1
2026-02-01,I1,Torino,Lecce,0,0.2,mondrian,1,1,1
2026-02-01,F1,Nice,Brest,1,0.2,mondrian,1,1,1
2026-02-01,F1,Angers,Metz,0,0.2,mondrian,1,1,1
2026-02-01,F1,Lyon,Lille,0,0.2,mondrian,1,1,1
2026-02-01,I1,Parma,Juventus,2,0.2,mondrian,0,0,1
2026-02-01,I1,Cremonese,Inter,2,0.2,mondrian,0,0,1
2026-02-01,F1,Toulouse,Auxerre,1,0.2,mondrian,1,1,0
2026-02-01,I1,Como,Atalanta,1,0.2,mondrian,1,1,1
2026-02-01,E0,Aston Villa,Brentford,2,0.2,mondrian,1,1,1
2026-02-02,E0,Sunderland,Burnley,0,0.2,mondrian,1,1,0
2026-02-02,I1,Udinese,Roma,0,0.2,mondrian,0,1,1
2026-02-02,SP1,Mallorca,Sevilla,0,0.2,mondrian,0,1,1
2026-02-03,I1,Bologna,Milan,2,0.2,mondrian,0,1,1
2026-02-06,E0,Leeds,Nott'm Forest,0,0.2,mondrian,1,1,1
2026-02-06,D1,Union Berlin,Ein Frankfurt,1,0.2,mondrian,1,1,1
2026-02-06,F1,Metz,Lille,1,0.2,mondrian,0,0,1
2026-02-06,SP1,Celta,Osasuna,2,0.2,mondrian,1,1,1
2026-02-06,I1,Verona,Pisa,1,0.2,mondrian,0,1,1
2026-02-07,E0,Newcastle,Brentford,2,0.2,mondrian,1,1,1
2026-02-07,D1,Freiburg,Werder Bremen,0,0.2,mondrian,1,1,1
2026-02-07,D1,Mainz,Augsburg,0,0.2,mondrian,1,1,1
2026-02-07,D1,St Pauli,Stuttgart,0,0.2,mondrian,0,1,1
2026-02-07,D1,Wolfsburg,Dortmund,2,0.2,mondrian,0,0,1
2026-02-07,D1,Heidenheim,Hamburg,2,0.2,mondrian,0,1,1
2026-02-07,D1,M'gladbach,Leverkusen,1,0.2,mondrian,0,1,1
2026-02-07,SP1,Barcelona,Mallorca,0,0.2,mondrian,1,0,0
2026-02-07,SP1,Sociedad,Elche,0,0.2,mondrian,1,1,0
2026-02-07,F1,Nantes,Lyon,2,0.2,mondrian,0,1,1
2026-02-07,I1,Genoa,Napoli,2,0.2,mondrian,0,1,1
2026-02-07,F1,Lens,Rennes,0,0.2,mondrian,1,1,0
2026-02-07,E0,Man United,Tottenham,0,0.2,mondrian,1,0,0
2026-02-07,E0,Bournemouth,Aston Villa,1,0.2,mondrian,0,1,1
2026-02-07,I1,Fiorentina,Torino,1,0.2,mondrian,1,1,0
2026-02-07,E0,Burnley,West Ham,2,0.2,mondrian,0,1,1
2026-02-07,E0,Fulham,Everton,2,0.2,mondrian,1,1,1
2026-02-07,E0,Wolves,Chelsea,2,0.2,mondrian,0,0,1
2026-02-07,E0,Arsenal,Sunderland,0,0.2,mondrian,1,0,0
2026-02-07,F1,Brest,Lorient,0,0.2,mondrian,1,1,1
2026-02-08,F1,Angers,Toulouse,0,0.2,mondrian,0,1,1
2026-02-08,F1,Nice,Monaco,1,0.2,mondrian,0,1,1
2026-02-08,D1,Bayern Munich,Hoffenheim,0,0.2,mondrian,1,0,0
2026-02-08,F1,Auxerre,Paris FC,1,0.2,mondrian,0,1,1
2026-02-08,SP1,Sevilla,Girona,1,0.2,mondrian,1,1,1
2026-02-08,I1,Juventus,Lazio,1,0.2,mondrian,1,0,0
2026-02-08,D1,FC Koln,RB Leipzig,2,0.2,mondrian,0,1,1
2026-02-08,I1,Sassuolo,Inter,2,0.2,mondrian,0,0,1
2026-02-08,I1,Lecce,Udinese,0,0.2,mondrian,0,1,1
2026-02-08,F1,Paris SG,Marseille,0,0.2,mondrian,1,0,0
2026-02-08,SP1,Ath Bilbao,Levante,0,0.2,mondrian,1,1,0
2026-02-08,E0,Liverpool,Man City,2,0.2,mondrian,1,1,1
2026-02-08,E0,Brighton,Crystal Palace,2,0.2,mondrian,1,1,1
2026-02-08,SP1,Alaves,Getafe,2,0.2,mondrian,0,1,1
2026-02-08,SP1,Ath Madrid,Betis,2,0.2,mondrian,1,0,0
2026-02-08,I1,Bologna,Parma,2,0.2,mondrian,1,1,0
2026-02-08,SP1,Valencia,Real Madrid,2,0.2,mondrian,0,1,1
2026-02-08,F1,Le Havre,Strasbourg,0,0.2,mondrian,0,1,1
2026-02-09,SP1,Villarreal,Espanol,0,0.2,mondrian,1,1,0
2026-02-09,I1,Roma,Cagliari,0,0.2,mondrian,1,1,0
2026-02-09,I1,Atalanta,Cremonese,0,0.2,mondrian,1,0,0
2026-02-10,E0,Chelsea,Leeds,1,0.2,mondrian,1,0,0
2026-02-10,E0,Everton,Bournemouth,2,0.2,mondrian,1,1,1
2026-02-10,E0,Tottenham,Newcastle,2,0.2,mondrian,0,1,1
2026-02-10,E0,West Ham,Man United,1,0.2,mondrian,0,0,1
2026-02-11,E0,Aston Villa,Brighton,0,0.2,mondrian,1,1,1
2026-02-11,E0,Crystal Palace,Burnley,2,0.2,mondrian,1,0,0
2026-02-11,E0,Man City,Fulham,0,0.2,mondrian,1,0,0
2026-02-11,E0,Nott'm Forest,Wolves,1,0.2,mondrian,1,1,0
2026-02-11,E0,Sunderland,Liverpool,2,0.2,mondrian,0,1,1
2026-02-12,E0,Brentford,Arsenal,1,0.2,mondrian,0,1,1
2026-02-13,F1,Rennes,Paris SG,0,0.2,mondrian,0,0,1
2026-02-13,I1,Pisa,Milan,2,0.2,mondrian,0,1,1
2026-02-13,SP1,Elche,Osasuna,1,0.2,mondrian,0,1,1
2026-02-13,F1,Monaco,Nantes,0,0.2,mondrian,1,0,0
2026-02-13,D1,Dortmund,Mainz,0,0.2,mondrian,1,1,0
2026-02-14,F1,Paris FC,Lens,2,0.2,mondrian,0,1,1
2026-02-14,D1,Stuttgart,FC Koln,0,0.2,mondrian,1,0,0
2026-02-14,SP1,Real Madrid,Sociedad,0,0.2,mondrian,1,0,0
2026-02-14,SP1,Sevilla,Alaves,1,0.2,mondrian,1,1,0
2026-02-14,SP1,Getafe,Villarreal,0,0.2,mondrian,0,1,1
2026-02-14,D1,Ein Frankfurt,M'gladbach,0,0.2,mondrian,1,1,1
2026-02-14,F1,Lille,Brest,1,0.2,mondrian,1,1,0
2026-02-14,SP1,Espanol,Celta,1,0.2,mondrian,0,1,1
2026-02-14,D1,Werder Bremen,Bayern Munich,2,0.2,mondrian,0,0,1
2026-02-14,D1,Leverkusen,St Pauli,0,0.2,mondrian,1,0,0
2026-02-14,I1,Como,Fiorentina,2,0.2,mondrian,1,1,0
2026-02-14,I1,Lazio,Atalanta,2,0.2,mondrian,0,1,1
2026-02-14,I1,Inter,Juventus,0,0.2,mondrian,1,1,1
2026-02-14,D1,Hamburg,Union Berlin,0,0.2,mondrian,1,1,1
2026-02-14,D1,Hoffenheim,Freiburg,0,0.2,mondrian,1,1,0
2026-02-14,F1,Marseille,Strasbourg,1,0.2,mondrian,1,1,1
2026-02-15,I1,Parma,Verona,0,0.2,mondrian,1,1,1
2026-02-15,SP1,Levante,Valencia,2,0.2,mondrian,0,1,1
2026-02-15,SP1,Vallecano,Ath Madrid,0,0.2,mondrian,0,1,1
2026-02-15,D1,RB Leipzig,Wolfsburg,1,0.2,mondrian,1,0,0
2026-02-15,D1,Augsburg,Heidenheim,0,0.2,mondrian,1,1,1
2026-02-15,I1,Cremonese,Genoa,1,0.2,mondrian,0,1,1
2026-02-15,SP1,Mallorca,Betis,2,0.2,mondrian,0,1,1
2026-02-15,I1,Udinese,Sassuolo,2,0.2,mondrian,0,1,1
2026-02-15,SP1,Oviedo,Ath Bilbao,2,0.2,mondrian,0,1,1
2026-02-15,F1,Le Havre,Toulouse,0,0.2,mondrian,0,1,1
2026-02-15,I1,Napoli,Roma,1,0.2,mondrian,0,1,1
2026-02-15,F1,Lorient,Angers,0,0.2,mondrian,1,1,0
2026-02-15,F1,Lyon,Nice,0,0.2,mondrian,1,1,0
2026-02-15,F1,Metz,Auxerre,2,0.2,mondrian,0,1,1
2026-02-15,I1,Torino,Bologna,2,0.2,mondrian,0,1,1
2026-02-16,SP1,Girona,Barcelona,0,0.2,mondrian,0,0,1
2026-02-16,I1,Cagliari,Lecce,2,0.2,mondrian,0,1,1
2026-02-18,SP1,Levante,Villarreal,2,0.2,mondrian,0,1,1
2026-02-18,E0,Wolves,Arsenal,1,0.2,mondrian,0,0,1
2026-02-18,I1,Milan,Como,1,0.2,mondrian,0,1,1
2026-02-20,D1,Mainz,Hamburg,1,0.2,mondrian,1,1,1
2026-02-20,SP1,Ath Bilbao,Elche,0,0.2,mondrian,1,1,0
2026-02-20,F1,Brest,Marseille,0,0.2,mondrian,0,1,1
2026-02-20,I1,Sassuolo,Verona,0,0.2,mondrian,1,1,0
2026-02-21,I1,Lecce,Inter,2,0.2,mondrian,0,0,1
2026-02-21,D1,FC Koln,Hoffenheim,1,0.2,mondrian,0,1,1
2026-02-21,D1,Union Berlin,Leverkusen,0,0.2,mondrian,0,1,1
2026-02-21,E0,Man City,Newcastle,0,0.2,mondrian,1,0,0
2026-02-21,E0,Aston Villa,Leeds,1,0.2,mondrian,1,1,0
2026-02-21,E0,Brentford,Brighton,2,0.2,mondrian,1,1,1
2026-02-21,E0,Chelsea,Burnley,1,0.2,mondrian,1,0,0
2026-02-21,D1,Bayern Munich,Ein Frankfurt,0,0.2,mondrian,1,0,0
2026-02-21,I1,Cagliari,Lazio,1,0.2,mondrian,0,1,1
2026-02-21,I1,Juventus,Como,2,0.2,mondrian,1,1,1
2026-02-21,D1,RB Leipzig,Dortmund,1,0.2,mondrian,1,1,1
2026-02-21,D1,Wolfsburg,Augsburg,2,0.2,mondrian,1,1,1
2026-02-21,SP1,Osasuna,Real Madrid,0,0.2,mondrian,0,1,1
2026-02-21,F1,Paris SG,Metz,0,0.2,mondrian,1,0,0
2026-02-21,SP1,Betis,Vallecano,1,0.2,mondrian,1,1,0
2026-02-21,SP1,Ath Madrid,Espanol,0,0.2,mondrian,1,0,0
2026-02-21,F1,Lens,Monaco,2,0.2,mondrian,1,1,0
2026-02-21,F1,Toulouse,Paris FC,1,0.2,mondrian,1,1,1
2026-02-21,SP1,Sociedad,Oviedo,1,0.2,mondrian,1,1,0
2026-02-21,E0,West Ham,Bournemouth,1,0.2,mondrian,0,1,1
2026-02-22,E0,Tottenham,Arsenal,2,0.2,mondrian,0,0,1
2026-02-22,D1,Freiburg,M'gladbach,0,0.2,mondrian,1,1,1
2026-02-22,D1,St Pauli,Werder Bremen,0,0.2,mondrian,0,1,1
2026-02-22,SP1,Barcelona,Levante,0,0.2,mondrian,1,0,0
2026-02-22,I1,Genoa,Torino,0,0.2,mondrian,1,1,1
2026-02-22,I1,Atalanta,Napoli,0,0.2,mondrian,1,1,1
2026-02-22,E0,Sunderland,Fulham,2,0.2,mondrian,0,1,1
2026-02-22,D1,Heidenheim,Stuttgart,1,0.2,mondrian,0,0,1
2026-02-22,I1,Roma,Cremonese,0,0.2,mondrian,1,0,0
2026-02-22,F1,Auxerre,Rennes,2,0.2,mondrian,0,1,1
2026-02-22,SP1,Getafe,Sevilla,2,0.2,mondrian,1,1,1
2026-02-22,E0,Nott'm Forest,Liverpool,2,0.2,mondrian,0,1,1
2026-02-22,SP1,Celta,Mallorca,0,0.2,mondrian,1,1,0
2026-02-22,F1,Nice,Lorient,1,0.2,mondrian,1,1,1
2026-02-22,F1,Nantes,Le Havre,0,0.2,mondrian,1,1,1
2026-02-22,F1,Angers,Lille,2,0.2,mondrian,0,1,1
2026-02-22,I1,Milan,Parma,2,0.2,mondrian,1,0,0
2026-02-22,SP1,Villarreal,Valencia,0,0.2,mondrian,1,1,0
2026-02-22,F1,Strasbourg,Lyon,0,0.2,mondrian,1,1,1
2026-02-22,E0,Crystal Palace,Wolves,0,0.2,mondrian,1,1,0
2026-02-23,SP1,Alaves,Girona,1,0.2,mondrian,1,1,1
2026-02-23,E0,Everton,Man United,2,0.2,mondrian,0,1,1
2026-02-23,I1,Bologna,Udinese,0,0.2,mondrian,1,1,0
2026-02-23,I1,Fiorentina,Pisa,0,0.2,mondrian,1,1,0
2026-02-27,F1,Strasbourg,Lens,1,0.2,mondrian,1,1,1
2026-02-27,I1,Parma,Cagliari,1,0.2,mondrian,1,1,1
2026-02-27,D1,Augsburg,FC Koln,0,0.2,mondrian,1,1,1
2026-02-27,E0,Wolves,Aston Villa,0,0.2,mondrian,0,1,1
2026-02-27,SP1,Levante,Alaves,0,0.2,mondrian,0,1,1
2026-02-28,E0,Bournemouth,Sunderland,1,0.2,mondrian,1,1,0
2026-02-28,D1,Dortmund,Bayern Munich,2,0.2,mondrian,0,0,1
2026-02-28,D1,Werder Bremen,Heidenheim,0,0.2,mondrian,1,0,0
2026-02-28,D1,M'gladbach,Union Berlin,0,0.2,mondrian,1,1,1
2026-02-28,D1,Leverkusen,Mainz,1,0.2,mondrian,1,0,0
2026-02-28,E0,Leeds,Man City,2,0.2,mondrian,0,1,1
2026-02-28,E0,Newcastle,Everton,2,0.2,mondrian,1,1,0
2026-02-28,E0,Burnley,Brentford,2,0.2,mondrian,0,1,1
2026-02-28,D1,Hoffenheim,St Pauli,2,0.2,mondrian,1,0,0
2026-02-28,E0,Liverpool,West Ham,0,0.2,mondrian,1,0,0
2026-02-28,SP1,Vallecano,Ath Bilbao,1,0.2,mondrian,1,1,1
2026-02-28,SP1,Mallorca,Sociedad,2,0.2,mondrian,0,1,1
2026-02-28,SP1,Oviedo,Ath Madrid,2,0.2,mondrian,0,1,1
2026-02-28,I1,Inter,Genoa,0,0.2,mondrian,1,0,0
2026-02-28,I1,Verona,Napoli,2,0.2,mondrian,0,1,1
2026-02-28,SP1,Barcelona,Villarreal,0,0.2,mondrian,1,0,0
2026-02-28,F1,Monaco,Angers,0,0.2,mondrian,1,0,0
2026-02-28,F1,Rennes,Toulouse,0,0.2,mondrian,1,1,1
2026-02-28,I1,Como,Lecce,0,0.2,mondrian,1,1,0
2026-02-28,F1,Le Havre,Paris SG,2,0.2,mondrian,0,0,1
2026-03-01,SP1,Girona,Celta,2,0.2,mondrian,0,1,1
2026-03-01,F1,Lille,Nantes,0,0.2,mondrian,1,0,0
2026-03-01,E0,Man United,Crystal Palace,0,0.2,mondrian,1,0,0
2026-03-01,F1,Paris FC,Nice,0,0.2,mondrian,1,1,1
2026-03-01,E0,Brighton,Nott'm Forest,0,0.2,mondrian,1,1,1
2026-03-01,F1,Lorient,Auxerre,1,0.2,mondrian,1,1,1
2026-03-01,F1,Metz,Brest,2,0.2,mondrian,0,1,1
2026-03-01,F1,Marseille,Lyon,0,0.2,mondrian,1,1,1
2026-03-01,E0,Fulham,Tottenham,0,0.2,mondrian,1,1,1
2026-03-01,SP1,Betis,Sevilla,1,0.2,mondrian,1,1,0
2026-03-01,I1,Torino,Lazio,0,0.2,mondrian,0,1,1
2026-03-01,SP1,Elche,Espanol,1,0.2,mondrian,1,1,1
2026-03-01,SP1,Valencia,Osasuna,0,0.2,mondrian,0,1,1
2026-03-01,I1,Cremonese,Milan,2,0.2,mondrian,0,0,1
2026-03-01,I1,Roma,Juventus,1,0.2,mondrian,0,1,1
2026-03-01,I1,Sassuolo,Atalanta,0,0.2,mondrian,0,1,1
2026-03-01,D1,Ein Frankfurt,Freiburg,0,0.2,mondrian,1,1,1
2026-03-01,D1,Hamburg,RB Leipzig,2,0.2,mondrian,0,1,1
2026-03-01,E0,Arsenal,Chelsea,0,0.2,mondrian,1,0,0
2026-03-01,D1,Stuttgart,Wolfsburg,0,0.2,mondrian,1,0,0
2026-03-02,I1,Pisa,Bologna,2,0.2,mondrian,0,1,1
2026-03-02,SP1,Real Madrid,Getafe,2,0.2,mondrian,1,0,0
2026-03-02,I1,Udinese,Fiorentina,0,0.2,mondrian,0,1,1
2026-03-03,E0,Bournemouth,Brentford,1,0.2,mondrian,0,1,1
2026-03-03,E0,Everton,Burnley,0,0.2,mondrian,1,1,0
2026-03-03,E0,Leeds,Sunderland,2,0.2,mondrian,1,1,0
2026-03-03,E0,Wolves,Liverpool,0,0.2,mondrian,0,0,1
2026-03-04,SP1,Vallecano,Oviedo,0,0.2,mondrian,1,1,0
2026-03-04,E0,Fulham,West Ham,2,0.2,mondrian,1,1,1
2026-03-04,E0,Newcastle,Man United,0,0.2,mondrian,0,1,1
2026-03-04,E0,Aston Villa,Chelsea,2,0.2,mondrian,0,1,1
2026-03-04,D1,Hamburg,Leverkusen,2,0.2,mondrian,0,1,1
2026-03-04,E0,Man City,Nott'm Forest,1,0.2,mondrian,1,0,0
2026-03-04,E0,Brighton,Arsenal,2,0.2,mondrian,0,1,1
2026-03-05,E0,Tottenham,Crystal Palace,2,0.2,mondrian,0,1,1
2026-03-06,F1,Paris SG,Monaco,2,0.2,mondrian,1,0,0
2026-03-06,SP1,Celta,Real Madrid,2,0.2,mondrian,0,1,1
2026-03-06,D1,Bayern Munich,M'gladbach,0,0.2,mondrian,1,0,0
2026-03-06,I1,Napoli,Torino,0,0.2,mondrian,1,1,0
2026-03-07,I1,Atalanta,Udinese,1,0.2,mondrian,1,1,0
2026-03-07,SP1,Ath Madrid,Sociedad,0,0.2,mondrian,1,1,0
2026-03-07,SP1,Levante,Girona,1,0.2,mondrian,0,1,1
2026-03-07,SP1,Osasuna,Mallorca,1,0.2,mondrian,1,1,0
2026-03-07,F1,Nantes,Angers,2,0.2,mondrian,1,1,1
2026-03-07,D1,FC Koln,Dortmund,2,0.2,mondrian,0,1,1
2026-03-07,D1,Wolfsburg,Hamburg,2,0.2,mondrian,0,1,1
2026-03-07,I1,Cagliari,Como,2,0.2,mondrian,0,0,1
2026-03-07,I1,Juventus,Pisa,0,0.2,mondrian,1,0,0
2026-03-07,D1,RB Leipzig,Augsburg,0,0.2,mondrian,1,0,0
2026-03-07,D1,Mainz,Stuttgart,1,0.2,mondrian,0,1,1
2026-03-07,D1,Heidenheim,Hoffenheim,2,0.2,mondrian,0,0,1
2026-03-07,D1,Freiburg,Leverkusen,1,0.2,mondrian,0,1,1
2026-03-07,F1,Auxerre,Strasbourg,1,0.2,mondrian,0,1,1
2026-03-07,F1,Toulouse,Marseille,2,0.2,mondrian,0,1,1
2026-03-07,SP1,Ath Bilbao,Barcelona,2,0.2,mondrian,0,0,1
2026-03-08,SP1,Valencia,Alaves,0,0.2,mondrian,1,1,0
2026-03-08,I1,Fiorentina,Parma,1,0.2,mondrian,1,1,0
2026-03-08,I1,Genoa,Roma,0,0.2,mondrian,0,1,1
2026-03-08,I1,Lecce,Cremonese,0,0.2,mondrian,1,1,1
2026-03-08,I1,Milan,Inter,0,0.2,mondrian,0,1,1
2026-03-08,F1,Lille,Lorient,1,0.2,mondrian,1,1,0
2026-03-08,F1,Nice,Rennes,2,0.2,mondrian,0,1,1
2026-03-08,F1,Brest,Le Havre,0,0.2,mondrian,1,1,0
2026-03-08,F1,Lens,Metz,0,0.2,mondrian,1,0,0
2026-03-08,F1,Lyon,Paris FC,1,0.2,mondrian,1,1,0
2026-03-08,I1,Bologna,Verona,2,0.2,mondrian,1,1,0
2026-03-08,SP1,Getafe,Betis,0,0.2,mondrian,0,1,1
2026-03-08,D1,Union Berlin,Werder Bremen,2,0.2,mondrian,0,1,1
2026-03-08,D1,St Pauli,Ein Frankfurt,1,0.2,mondrian,0,1,1
2026-03-08,SP1,Villarreal,Elche,0,0.2,mondrian,1,0,0
2026-03-08,SP1,Sevilla,Vallecano,1,0.2,mondrian,0,1,1
2026-03-09,SP1,Espanol,Oviedo,1,0.2,mondrian,1,1,0
2026-03-09,I1,Lazio,Sassuolo,0,0.2,mondrian,1,1,1
2026-03-13,D1,M'gladbach,St Pauli,0,0.2,mondrian,1,1,0
2026-03-13,F1,Marseille,Auxerre,0,0.2,mondrian,1,0,0
2026-03-13,SP1,Alaves,Villarreal,1,0.2,mondrian,0,1,1
2026-03-13,I1,Torino,Parma,0,0.2,mondrian,1,1,1
2026-03-14,E0,Arsenal,Everton,0,0.2,mondrian,1,0,0
2026-03-14,I1,Napoli,Lecce,0,0.2,mondrian,1,0,0
2026-03-14,I1,Udinese,Juventus,2,0.2,mondrian,0,1,1
2026-03-14,D1,Hoffenheim,Wolfsburg,1,0.2,mondrian,1,0,0
2026-03-14,F1,Monaco,Brest,0,0.2,mondrian,1,1,0
2026-03-14,D1,Leverkusen,Bayern Munich,1,0.2,mondrian,0,0,1
2026-03-14,E0,West Ham,Man City,1,0.2,mondrian,0,0,1
2026-03-14,E0,Chelsea,Newcastle,2,0.2,mondrian,1,0,0
2026-03-14,E0,Sunderland,Brighton,2,0.2,mondrian,0,1,1
2026-03-14,I1,Inter,Atalanta,1,0.2,mondrian,1,0,0
2026-03-14,F1,Angers,Nice,2,0.2,mondrian,0,1,1
2026-03-14,F1,Lorient,Lens,0,0.2,mondrian,0,1,1
2026-03-14,D1,Hamburg,FC Koln,1,0.2,mondrian,1,1,1
2026-03-14,SP1,Ath Madrid,Getafe,0,0.2,mondrian,1,1,0
2026-03-14,D1,Ein Frankfurt,Heidenheim,0,0.2,mondrian,1,0,0
2026-03-14,E0,Burnley,Bournemouth,1,0.2,mondrian,0,1,1
2026-03-14,SP1,Real Madrid,Elche,0,0.2,mondrian,1,0,0
2026-03-14,SP1,Oviedo,Valencia,0,0.2,mondrian,0,1,1
2026-03-14,SP1,Girona,Ath Bilbao,0,0.2,mondrian,0,1,1
2026-03-14,D1,Dortmund,Augsburg,0,0.2,mondrian,1,0,0
2026-03-15,F1,Le Havre,Lyon,1,0.2,mondrian,0,1,1
2026-03-15,D1,Werder Bremen,Mainz,2,0.2,mondrian,1,1,1
2026-03-15,F1,Strasbourg,Paris FC,1,0.2,mondrian,1,1,0
2026-03-15,SP1,Mallorca,Espanol,0,0.2,mondrian,0,1,1
2026-03-15,SP1,Barcelona,Sevilla,0,0.2,mondrian,1,0,0
2026-03-15,SP1,Betis,Celta,1,0.2,mondrian,1,1,1
2026-03-15,SP1,Sociedad,Osasuna,0,0.2,mondrian,1,1,1
2026-03-15,F1,Metz,Toulouse,2,0.2,mondrian,0,1,1
2026-03-15,I1,Verona,Genoa,2,0.2,mondrian,0,1,1
2026-03-15,F1,Rennes,Lille,2,0.2,mondrian,1,1,1
2026-03-15,I1,Pisa,Cagliari,0,0.2,mondrian,0,1,1
2026-03-15,I1,Sassuolo,Bologna,2,0.2,mondrian,1,1,1
2026-03-15,I1,Lazio,Milan,0,0.2,mondrian,0,1,1
2026-03-15,E0,Liverpool,Tottenham,1,0.2,mondrian,1,0,0
2026-03-15,E0,Nott'm Forest,Fulham,1,0.2,mondrian,1,1,1
2026-03-15,E0,Man United,Aston Villa,0,0.2,mondrian,1,1,0
2026-03-15,E0,Crystal Palace,Leeds,1,0.2,mondrian,0,1,1
2026-03-15,D1,Stuttgart,RB Leipzig,0,0.2,mondrian,0,1,1
2026-03-15,I1,Como,Roma,0,0.2,mondrian,1,1,1
2026-03-15,D1,Freiburg,Union Berlin,2,0.2,mondrian,1,1,1
2026-03-16,I1,Cremonese,Fiorentina,2,0.2,mondrian,0,1,1
2026-03-16,E0,Brentford,Wolves,1,0.2,mondrian,1,0,0
2026-03-16,SP1,Vallecano,Levante,1,0.2,mondrian,1,1,0
2026-03-20,I1,Genoa,Udinese,2,0.2,mondrian,1,1,1
2026-03-20,SP1,Villarreal,Sociedad,0,0.2,mondrian,1,1,1
2026-03-20,I1,Cagliari,Napoli,2,0.2,mondrian,0,1,1
2026-03-20,E0,Bournemouth,Man United,1,0.2,mondrian,0,1,1
2026-03-20,D1,RB Leipzig,Hoffenheim,0,0.2,mondrian,1,1,1
2026-03-20,F1,Lens,Angers,0,0.2,mondrian,1,0,0
2026-03-21,E0,Fulham,Burnley,0,0.2,mondrian,1,0,0
2026-03-21,SP1,Elche,Mallorca,0,0.2,mondrian,1,1,1
2026-03-21,E0,Leeds,Brentford,1,0.2,mondrian,1,1,1
2026-03-21,F1,Nice,Paris SG,2,0.2,mondrian,0,0,1
2026-03-21,D1,Dortmund,Hamburg,0,0.2,mondrian,1,0,0
2026-03-21,D1,Wolfsburg,Werder Bremen,2,0.2,mondrian,1,1,1
2026-03-21,D1,Heidenheim,Leverkusen,1,0.2,mondrian,0,0,1
2026-03-21,D1,FC Koln,M'gladbach,1,0.2,mondrian,1,1,1
2026-03-21,E0,Brighton,Liverpool,0,0.2,mondrian,0,1,1
2026-03-21,F1,Auxerre,Brest,0,0.2,mondrian,1,1,1
2026-03-21,I1,Juventus,Sassuolo,1,0.2,mondrian,1,0,0
2026-03-21,E0,Everton,Chelsea,0,0.2,mondrian,0,1,1
2026-03-21,D1,Bayern Munich,Union Berlin,0,0.2,mondrian,1,0,0
2026-03-21,SP1,Sevilla,Valencia,2,0.2,mondrian,1,1,1
2026-03-21,SP1,Osasuna,Girona,0,0.2,mondrian,1,1,1
2026-03-21,I1,Parma,Cremonese,2,0.2,mondrian,1,1,1
2026-03-21,SP1,Espanol,Getafe,2,0.2,mondrian,0,1,1
2026-03-21,F1,Toulouse,Lorient,0,0.2,mondrian,1,1,0
2026-03-21,I1,Milan,Torino,0,0.2,mondrian,1,0,0
2026-03-21,SP1,Levante,Oviedo,0,0.2,mondrian,1,1,1
2026-03-22,E0,Tottenham,Nott'm Forest,2,0.2,mondrian,1,1,1
2026-03-22,SP1,Real Madrid,Ath Madrid,0,0.2,mondrian,1,1,1
2026-03-22,SP1,Ath Bilbao,Betis,0,0.2,mondrian,1,1,1
2026-03-22,SP1,Celta,Alaves,2,0.2,mondrian,1,1,0
2026-03-22,SP1,Barcelona,Vallecano,0,0.2,mondrian,1,0,0
2026-03-22,D1,Mainz,Ein Frankfurt,0,0.2,mondrian,1,1,1
2026-03-22,D1,St Pauli,Freiburg,2,0.2,mondrian,0,1,1
2026-03-22,E0,Newcastle,Sunderland,2,0.2,mondrian,1,0,0
2026-03-22,E0,Aston Villa,West Ham,0,0.2,mondrian,1,1,0
2026-03-22,D1,Augsburg,Stuttgart,2,0.2,mondrian,0,1,1
2026-03-22,F1,Nantes,Strasbourg,2,0.2,mondrian,0,1,1
2026-03-22,F1,Rennes,Metz,1,0.2,mondrian,1,0,0
2026-03-22,F1,Paris FC,Le Havre,0,0.2,mondrian,1,1,1
2026-03-22,F1,Marseille,Lille,2,0.2,mondrian,1,1,1
2026-03-22,F1,Lyon,Monaco,2,0.2,mondrian,0,1,1
2026-03-22,I1,Fiorentina,Inter,1,0.2,mondrian,0,1,1
2026-03-22,I1,Como,Pisa,0,0.2,mondrian,1,0,0
2026-03-22,I1,Bologna,Lazio,2,0.2,mondrian,1,1,1
2026-03-22,I1,Atalanta,Verona,0,0.2,mondrian,1,0,0
2026-03-22,I1,Roma,Lecce,0,0.2,mondrian,1,1,0
2026-04-03,F1,Paris SG,Toulouse,0,0.2,mondrian,1,0,0
2026-04-03,SP1,Vallecano,Elche,0,0.2,mondrian,1,1,0
2026-04-04,D1,Stuttgart,Dortmund,2,0.2,mondrian,1,1,1
2026-04-04,D1,Werder Bremen,RB Leipzig,2,0.2,mondrian,0,1,1
2026-04-04,I1,Verona,Fiorentina,2,0.2,mondrian,0,1,1
2026-04-04,F1,Lille,Lens,0,0.2,mondrian,0,1,1
2026-04-04,F1,Brest,Rennes,2,0.2,mondrian,0,1,1
2026-04-04,F1,Strasbourg,Nice,0,0.2,mondrian,1,1,1
2026-04-04,D1,M'gladbach,Heidenheim,1,0.2,mondrian,1,0,0
2026-04-04,I1,Lazio,Parma,1,0.2,mondrian,1,1,0
2026-04-04,SP1,Sociedad,Levante,0,0.2,mondrian,1,0,0
2026-04-04,D1,Freiburg,Bayern Munich,2,0.2,mondrian,0,0,1
2026-04-04,D1,Hamburg,Augsburg,1,0.2,mondrian,1,1,1
2026-04-04,D1,Hoffenheim,Mainz,2,0.2,mondrian,1,1,0
2026-04-04,SP1,Ath Madrid,Barcelona,2,0.2,mondrian,0,0,1
2026-04-04,SP1,Betis,Espanol,1,0.2,mondrian,1,1,0
2026-04-04,SP1,Mallorca,Real Madrid,0,0.2,mondrian,0,0,1
2026-04-04,D1,Leverkusen,Wolfsburg,0,0.2,mondrian,1,0,0
2026-04-04,I1,Sassuolo,Cagliari,0,0.2,mondrian,1,1,1
2026-04-05,F1,Le Havre,Auxerre,1,0.2,mondrian,0,1,1
2026-04-05,I1,Cremonese,Bologna,2,0.2,mondrian,0,1,1
2026-04-05,I1,Pisa,Torino,2,0.2,mondrian,0,1,1
2026-04-05,F1,Monaco,Marseille,0,0.2,mondrian,1,1,1
2026-04-05,SP1,Alaves,Osasuna,1,0.2,mondrian,0,1,1
2026-04-05,SP1,Oviedo,Sevilla,0,0.2,mondrian,0,1,1
2026-04-05,SP1,Valencia,Celta,2,0.2,mondrian,1,1,1
2026-04-05,F1,Lorient,Paris FC,1,0.2,mondrian,1,1,1
2026-04-05,F1,Angers,Lyon,1,0.2,mondrian,0,0,1
2026-04-05,I1,Inter,Roma,0,0.2,mondrian,1,1,0
2026-04-05,F1,Metz,Nantes,1,0.2,mondrian,0,1,1
2026-04-05,D1,Ein Frankfurt,FC Koln,1,0.2,mondrian,1,1,1
2026-04-05,D1,Union Berlin,St Pauli,1,0.2,mondrian,1,1,1
2026-04-05,SP1,Getafe,Ath Bilbao,0,0.2,mondrian,0,1,1
2026-04-06,SP1,Girona,Villarreal,0,0.2,mondrian,0,1,1
2026-04-06,I1,Udinese,Como,1,0.2,mondrian,0,1,1
2026-04-06,I1,Juventus,Genoa,0,0.2,mondrian,1,0,0
2026-04-06,I1,Lecce,Atalanta,2,0.2,mondrian,0,1,1
2026-04-06,I1,Napoli,Milan,0,0.2,mondrian,0,1,1
2026-04-10,SP1,Real Madrid,Girona,1,0.2,mondrian,1,0,0
2026-04-10,F1,Marseille,Metz,0,0.2,mondrian,1,0,0
2026-04-10,F1,Paris FC,Monaco,0,0.2,mondrian,0,1,1
2026-04-10,E0,West Ham,Wolves,0,0.2,mondrian,1,1,0
2026-04-10,I1,Roma,Pisa,0,0.2,mondrian,1,0,0
2026-04-10,D1,Augsburg,Hoffenheim,1,0.2,mondrian,0,1,1
2026-04-11,SP1,Elche,Valencia,0,0.2,mondrian,0,1,1
2026-04-11,SP1,Sociedad,Alaves,1,0.2,mondrian,1,1,0
2026-04-11,D1,Heidenheim,Union Berlin,0,0.2,mondrian,0,1,1
2026-04-11,D1,Dortmund,Leverkusen,2,0.2,mondrian,1,1,1
2026-04-11,I1,Torino,Verona,0,0.2,mondrian,1,1,1
2026-04-11,E0,Brentford,Everton,1,0.2,mondrian,1,1,1
2026-04-11,SP1,Barcelona,Espanol,0,0.2,mondrian,1,0,0
2026-04-11,I1,Cagliari,Cremonese,0,0.2,mondrian,1,1,1
2026-04-11,E0,Arsenal,Bournemouth,2,0.2,mondrian,1,0,0
2026-04-11,E0,Liverpool,Fulham,0,0.2,mondrian,1,1,0
2026-04-11,E0,Burnley,Brighton,2,0.2,mondrian,0,0,1
2026-04-11,D1,RB Leipzig,M'gladbach,0,0.2,mondrian,1,0,0
2026-04-11,D1,Wolfsburg,Ein Frankfurt,2,0.2,mondrian,0,1,1
2026-04-11,D1,St Pauli,Bayern Munich,2,0.2,mondrian,0,0,1
2026-04-11,I1,Atalanta,Juventus,2,0.2,mondrian,0,1,1
2026-04-11,F1,Rennes,Angers,0,0.2,mondrian,1,0,0
2026-04-11,SP1,Sevilla,Ath Madrid,0,0.2,mondrian,1,1,1
2026-04-11,I1,Milan,Udinese,2,0.2,mondrian,1,0,0
2026-04-11,F1,Auxerre,Nantes,1,0.2,mondrian,1,1,0
2026-04-12,I1,Bologna,Lecce,0,0.2,mondrian,1,1,0
2026-04-12,E0,Chelsea,Man City,2,0.2,mondrian,0,1,1
2026-04-12,E0,Sunderland,Tottenham,0,0.2,mondrian,0,1,1
2026-04-12,E0,Nott'm Forest,Aston Villa,1,0.2,mondrian,1,1,1
2026-04-12,E0,Crystal Palace,Newcastle,0,0.2,mondrian,0,1,1
2026-04-12,I1,Como,Inter,2,0.2,mondrian,0,1,1
2026-04-12,I1,Genoa,Sassuolo,0,0.2,mondrian,1,1,1
2026-04-12,I1,Parma,Napoli,1,0.2,mondrian,0,1,1
2026-04-12,F1,Lyon,Lorient,0,0.2,mondrian,1,1,0
2026-04-12,SP1,Celta,Oviedo,2,0.2,mondrian,1,1,0
2026-04-12,F1,Nice,Le Havre,1,0.2,mondrian,1,1,0
2026-04-12,D1,FC Koln,Werder Bremen,0,0.2,mondrian,1,1,1
2026-04-12,D1,Stuttgart,Hamburg,0,0.2,mondrian,1,0,0
2026-04-12,D1,Mainz,Freiburg,2,0.2,mondrian,1,1,1
2026-04-12,SP1,Ath Bilbao,Villarreal,2,0.2,mondrian,1,1,1
2026-04-12,SP1,Mallorca,Vallecano,0,0.2,mondrian,0,1,1
2026-04-12,SP1,Osasuna,Betis,1,0.2,mondrian,1,1,1
2026-04-12,F1,Toulouse,Lille,2,0.2,mondrian,0,1,1
2026-04-13,SP1,Levante,Getafe,0,0.2,mondrian,0,1,1
2026-04-13,E0,Man United,Leeds,2,0.2,mondrian,1,1,0
2026-04-13,I1,Fiorentina,Lazio,0,0.2,mondrian,1,1,1
2026-04-17,D1,St Pauli,FC Koln,1,0.2,mondrian,0,1,1
2026-04-17,F1,Lens,Toulouse,0,0.2,mondrian,1,0,0
2026-04-17,I1,Sassuolo,Como,0,0.2,mondrian,0,0,1
2026-04-17,I1,Inter,Cagliari,0,0.2,mondrian,1,0,0
2026-04-18,E0,Brentford,Fulham,1,0.2,mondrian,1,1,1
2026-04-18,E0,Leeds,Wolves,0,0.2,mondrian,1,0,0
2026-04-18,D1,Ein Frankfurt,RB Leipzig,2,0.2,mondrian,0,1,1
2026-04-18,D1,Werder Bremen,Hamburg,0,0.2,mondrian,1,1,0
2026-04-18,D1,Union Berlin,Wolfsburg,2,0.2,mondrian,1,1,1
2026-04-18,D1,Leverkusen,Augsburg,2,0.2,mondrian,1,0,0
2026-04-18,D1,Hoffenheim,Dortmund,0,0.2,mondrian,1,1,1
2026-04-18,I1,Roma,Atalanta,1,0.2,mondrian,0,1,1
2026-04-18,I1,Udinese,Parma,2,0.2,mondrian,1,1,1
2026-04-18,I1,Napoli,Lazio,2,0.2,mondrian,1,1,0
2026-04-18,E0,Newcastle,Bournemouth,2,0.2,mondrian,1,1,1
2026-04-18,E0,Chelsea,Man United,2,0.2,mondrian,1,1,1
2026-04-18,F1,Lorient,Marseille,0,0.2,mondrian,0,0,1
2026-04-18,E0,Tottenham,Brighton,1,0.2,mondrian,0,1,1
2026-04-18,F1,Lille,Nice,1,0.2,mondrian,1,0,0
2026-04-18,F1,Angers,Le Havre,1,0.2,mondrian,0,1,1
2026-04-19,E0,Nott'm Forest,Burnley,0,0.2,mondrian,1,0,0
2026-04-19,F1,Nantes,Brest,1,0.2,mondrian,1,1,1
2026-04-19,I1,Juventus,Bologna,0,0.2,mondrian,1,0,0
2026-04-19,I1,Pisa,Genoa,2,0.2,mondrian,0,1,1
2026-04-19,I1,Verona,Milan,2,0.2,mondrian,0,1,1
2026-04-19,I1,Cremonese,Torino,1,0.2,mondrian,0,1,1
2026-04-19,D1,M'gladbach,Mainz,1,0.2,mondrian,1,1,1
2026-04-19,D1,Bayern Munich,Stuttgart,0,0.2,mondrian,1,0,0
2026-04-19,F1,Strasbourg,Rennes,2,0.2,mondrian,0,1,1
2026-04-19,F1,Metz,Paris FC,2,0.2,mondrian,0,1,1
2026-04-19,E0,Man City,Arsenal,0,0.2,mondrian,1,1,0
2026-04-19,E0,Aston Villa,Sunderland,0,0.2,mondrian,1,1,0
2026-04-19,E0,Everton,Liverpool,2,0.2,mondrian,0,1,1
2026-04-19,F1,Monaco,Auxerre,1,0.2,mondrian,1,1,0
2026-04-19,D1,Freiburg,Heidenheim,0,0.2,mondrian,1,1,0
2026-04-19,F1,Paris SG,Lyon,2,0.2,mondrian,1,0,0
2026-04-20,I1,Lecce,Fiorentina,1,0.2,mondrian,0,1,1
2026-04-20,E0,Crystal Palace,West Ham,1,0.2,mondrian,0,1,1
2026-04-21,SP1,Girona,Betis,2,0.2,mondrian,0,1,1
2026-04-21,SP1,Real Madrid,Alaves,0,0.2,mondrian,1,0,0
2026-04-21,E0,Brighton,Chelsea,0,0.2,mondrian,1,1,1
2026-04-21,SP1,Mallorca,Valencia,1,0.2,mondrian,0,1,1
2026-04-21,SP1,Ath Bilbao,Osasuna,0,0.2,mondrian,1,1,0
2026-04-22,SP1,Sociedad,Getafe,2,0.2,mondrian,1,1,1
2026-04-22,F1,Paris SG,Nantes,0,0.2,mondrian,1,0,0
2026-04-22,E0,Bournemouth,Leeds,1,0.2,mondrian,1,1,0
2026-04-22,E0,Burnley,Man City,2,0.2,mondrian,0,0,1
2026-04-22,SP1,Elche,Ath Madrid,0,0.2,mondrian,0,1,1
2026-04-22,SP1,Barcelona,Celta,0,0.2,mondrian,1,0,0
2026-04-23,SP1,Oviedo,Villarreal,1,0.2,mondrian,0,1,1
2026-04-23,SP1,Vallecano,Espanol,0,0.2,mondrian,1,1,1
2026-04-23,SP1,Levante,Sevilla,0,0.2,mondrian,0,1,1
2026-04-24,E0,Sunderland,Nott'm Forest,2,0.2,mondrian,0,1,1
2026-04-24,SP1,Betis,Real Madrid,1,0.2,mondrian,0,1,1
2026-04-24,D1,RB Leipzig,Union Berlin,0,0.2,mondrian,1,0,0
2026-04-24,F1,Brest,Lens,1,0.2,mondrian,0,1,1
2026-04-24,I1,Napoli,Cremonese,0,0.2,mondrian,1,0,0
2026-04-25,F1,Toulouse,Monaco,1,0.2,mondrian,0,1,1
2026-04-25,SP1,Valencia,Girona,0,0.2,mondrian,1,1,1
2026-04-25,SP1,Alaves,Mallorca,0,0.2,mondrian,1,1,1
2026-04-25,SP1,Ath Madrid,Ath Bilbao,0,0.2,mondrian,1,1,1
2026-04-25,SP1,Getafe,Barcelona,2,0.2,mondrian,0,1,1
2026-04-25,E0,Arsenal,Newcastle,0,0.2,mondrian,1,0,0
2026-04-25,E0,Wolves,Tottenham,2,0.2,mondrian,0,0,1
2026-04-25,E0,West Ham,Everton,0,0.2,mondrian,0,1,1
2026-04-25,F1,Lyon,Auxerre,0,0.2,mondrian,1,1,0
2026-04-25,F1,Angers,Paris SG,2,0.2,mondrian,0,0,1
2026-04-25,D1,Mainz,Bayern Munich,2,0.2,mondrian,0,1,1
2026-04-25,I1,Bologna,Roma,2,0.2,mondrian,0,1,1
2026-04-25,I1,Parma,Pisa,0,0.2,mondrian,1,1,1
2026-04-25,E0,Liverpool,Crystal Palace,0,0.2,mondrian,1,0,0
2026-04-25,D1,Wolfsburg,M'gladbach,1,0.2,mondrian,1,1,1
2026-04-25,D1,Heidenheim,St Pauli,0,0.2,mondrian,1,1,1
2026-04-25,D1,Hamburg,Hoffenheim,2,0.2,mondrian,0,0,1
2026-04-25,D1,Augsburg,Ein Frankfurt,1,0.2,mondrian,1,1,1
2026-04-25,E0,Fulham,Aston Villa,0,0.2,mondrian,0,1,1
2026-04-25,I1,Verona,Lecce,1,0.2,mondrian,0,1,1
2026-04-25,D1,FC Koln,Leverkusen,2,0.2,mondrian,0,1,1
2026-04-26,SP1,Vallecano,Sociedad,1,0.2,mondrian,0,1,1
2026-04-26,D1,Dortmund,Freiburg,0,0.2,mondrian,1,0,0
2026-04-26,F1,Marseille,Nice,1,0.2,mondrian,1,1,0
2026-04-26,F1,Rennes,Nantes,0,0.2,mondrian,1,0,0
2026-04-26,F1,Paris FC,Lille,2,0.2,mondrian,0,1,1
2026-04-26,D1,Stuttgart,Werder Bremen,1,0.2,mondrian,1,0,0
2026-04-26,F1,Le Havre,Metz,1,0.2,mondrian,1,0,0
2026-04-26,I1,Torino,Inter,1,0.2,mondrian,0,0,1
2026-04-26,SP1,Osasuna,Sevilla,0,0.2,mondrian,1,1,0
2026-04-26,I1,Milan,Juventus,1,0.2,mondrian,0,1,1
2026-04-26,I1,Genoa,Como,2,0.2,mondrian,0,1,1
2026-04-26,I1,Fiorentina,Sassuolo,1,0.2,mondrian,1,1,1
2026-04-26,SP1,Villarreal,Celta,0,0.2,mondrian,1,1,1
2026-04-26,F1,Lorient,Strasbourg,2,0.2,mondrian,1,1,1
2026-04-26,SP1,Oviedo,Elche,2,0.2,mondrian,1,1,1
2026-04-27,I1,Lazio,Udinese,1,0.2,mondrian,1,1,1
2026-04-27,SP1,Espanol,Levante,1,0.2,mondrian,1,1,1
2026-04-27,E0,Man United,Brentford,0,0.2,mondrian,1,1,1
2026-04-27,I1,Cagliari,Atalanta,0,0.2,mondrian,0,1,1
2026-05-01,SP1,Girona,Mallorca,2,0.2,mondrian,1,1,1
2026-05-01,I1,Pisa,Lecce,2,0.2,mondrian,0,1,1
2026-05-01,E0,Leeds,Burnley,0,0.2,mondrian,1,0,0
2026-05-02,F1,Nantes,Marseille,0,0.2,mondrian,0,1,1
2026-05-02,D1,Bayern Munich,Heidenheim,1,0.2,mondrian,1,0,0
2026-05-02,F1,Metz,Monaco,2,0.2,mondrian,0,0,1
2026-05-02,F1,Nice,Lens,1,0.2,mondrian,0,1,1
2026-05-02,D1,Ein Frankfurt,Hamburg,2,0.2,mondrian,1,0,0
2026-05-02,D1,Hoffenheim,Stuttgart,1,0.2,mondrian,1,1,1
2026-05-02,D1,Werder Bremen,Augsburg,2,0.2,mondrian,1,1,1
2026-05-02,D1,Leverkusen,RB Leipzig,0,0.2,mondrian,1,1,1
2026-05-02,F1,Paris SG,Lorient,1,0.2,mondrian,1,0,0
2026-05-02,I1,Atalanta,Genoa,1,0.2,mondrian,1,0,0
2026-05-02,D1,Union Berlin,FC Koln,1,0.2,mondrian,0,1,1
2026-05-02,I1,Como,Napoli,1,0.2,mondrian,1,1,1
2026-05-02,I1,Udinese,Torino,0,0.2,mondrian,1,1,1
2026-05-02,SP1,Alaves,Ath Bilbao,2,0.2,mondrian,0,1,1
2026-05-02,SP1,Valencia,Ath Madrid,2,0.2,mondrian,1,1,0
2026-05-02,SP1,Villarreal,Levante,0,0.2,mondrian,1,1,1
2026-05-02,SP1,Osasuna,Barcelona,2,0.2,mondrian,0,1,1
2026-05-02,E0,Newcastle,Brighton,0,0.2,mondrian,0,1,1
2026-05-02,E0,Wolves,Sunderland,1,0.2,mondrian,0,1,1
2026-05-02,E0,Arsenal,Fulham,0,0.2,mondrian,1,0,0
2026-05-02,E0,Brentford,West Ham,0,0.2,mondrian,1,1,1
2026-05-03,E0,Aston Villa,Tottenham,2,0.2,mondrian,1,1,1
2026-05-03,I1,Bologna,Cagliari,1,0.2,mondrian,1,1,1
2026-05-03,I1,Sassuolo,Milan,0,0.2,mondrian,0,1,1
2026-05-03,I1,Juventus,Verona,1,0.2,mondrian,1,0,0
2026-05-03,I1,Inter,Parma,0,0.2,mondrian,1,0,0
2026-05-03,SP1,Betis,Oviedo,0,0.2,mondrian,1,1,0
2026-05-03,SP1,Espanol,Real Madrid,2,0.2,mondrian,0,1,1
2026-05-03,SP1,Getafe,Vallecano,2,0.2,mondrian,1,1,1
2026-05-03,E0,Man United,Liverpool,0,0.2,mondrian,1,1,1
2026-05-03,D1,Freiburg,Wolfsburg,1,0.2,mondrian,1,1,1
2026-05-03,F1,Lyon,Rennes,0,0.2,mondrian,1,1,1
2026-05-03,F1,Strasbourg,Toulouse,2,0.2,mondrian,0,1,1
2026-05-03,F1,Paris FC,Brest,0,0.2,mondrian,1,1,1
2026-05-03,F1,Auxerre,Angers,0,0.2,mondrian,1,1,0
2026-05-03,F1,Lille,Le Havre,1,0.2,mondrian,1,0,0
2026-05-03,D1,St Pauli,Mainz,2,0.2,mondrian,0,1,1
2026-05-03,D1,M'gladbach,Dortmund,0,0.2,mondrian,0,1,1
2026-05-03,E0,Bournemouth,Crystal Palace,0,0.2,mondrian,1,0,0
2026-05-03,SP1,Celta,Elche,0,0.2,mondrian,1,1,0
2026-05-04,I1,Roma,Fiorentina,0,0.2,mondrian,1,0,0
2026-05-04,E0,Everton,Man City,1,0.2,mondrian,0,0,1
2026-05-04,E0,Chelsea,Nott'm Forest,2,0.2,mondrian,1,0,0
2026-05-04,I1,Cremonese,Lazio,2,0.2,mondrian,0,1,1
2026-05-04,SP1,Sevilla,Sociedad,0,0.2,mondrian,1,1,1
2026-05-08,F1,Lens,Nantes,0,0.2,mondrian,1,0,0
2026-05-08,D1,Dortmund,Ein Frankfurt,0,0.2,mondrian,1,0,0
2026-05-08,I1,Torino,Sassuolo,0,0.2,mondrian,0,1,1
2026-05-08,SP1,Levante,Osasuna,0,0.2,mondrian,0,1,1
2026-05-09,I1,Cagliari,Udinese,2,0.2,mondrian,0,1,1
2026-05-09,SP1,Sociedad,Betis,1,0.2,mondrian,0,1,1
2026-05-09,SP1,Ath Madrid,Celta,2,0.2,mondrian,1,1,0
2026-05-09,SP1,Sevilla,Espanol,0,0.2,mondrian,1,1,0
2026-05-09,SP1,Elche,Alaves,1,0.2,mondrian,1,1,1
2026-05-09,D1,RB Leipzig,St Pauli,0,0.2,mondrian,1,0,0
2026-05-09,I1,Lecce,Juventus,2,0.2,mondrian,0,0,1
2026-05-09,D1,Augsburg,M'gladbach,0,0.2,mondrian,1,1,1
2026-05-09,E0,Brighton,Wolves,0,0.2,mondrian,1,0,0
2026-05-09,E0,Sunderland,Man United,1,0.2,mondrian,0,1,1
2026-05-09,E0,Fulham,Bournemouth,2,0.2,mondrian,0,1,1
2026-05-09,E0,Liverpool,Chelsea,1,0.2,mondrian,1,1,1
2026-05-09,D1,Wolfsburg,Bayern Munich,2,0.2,mondrian,0,0,1
2026-05-09,D1,Stuttgart,Leverkusen,0,0.2,mondrian,1,1,1
2026-05-09,D1,Hoffenheim,Werder Bremen,0,0.2,mondrian,1,0,0
2026-05-09,I1,Lazio,Inter,2,0.2,mondrian,0,1,1
2026-05-09,E0,Man City,Brentford,0,0.2,mondrian,1,0,0
2026-05-10,D1,FC Koln,Heidenheim,2,0.2,mondrian,1,1,1
2026-05-10,E0,West Ham,Arsenal,2,0.2,mondrian,0,1,1
2026-05-10,F1,Paris SG,Brest,0,0.2,mondrian,1,0,0
2026-05-10,F1,Rennes,Paris FC,0,0.2,mondrian,1,0,0
2026-05-10,SP1,Mallorca,Villarreal,1,0.2,mondrian,0,1,1
2026-05-10,D1,Hamburg,Freiburg,0,0.2,mondrian,0,1,1
2026-05-10,SP1,Oviedo,Getafe,1,0.2,mondrian,0,1,1
2026-05-10,SP1,Barcelona,Real Madrid,0,0.2,mondrian,1,0,0
2026-05-10,D1,Mainz,Union Berlin,2,0.2,mondrian,1,0,0
2026-05-10,F1,Monaco,Lille,2,0.2,mondrian,0,1,1
2026-05-10,SP1,Ath Bilbao,Valencia,2,0.2,mondrian,1,1,0
2026-05-10,F1,Metz,Lorient,2,0.2,mondrian,0,1,1
2026-05-10,F1,Angers,Strasbourg,1,0.2,mondrian,0,1,1
2026-05-10,F1,Auxerre,Nice,0,0.2,mondrian,1,1,1
2026-05-10,I1,Milan,Atalanta,2,0.2,mondrian,1,1,1
2026-05-10,F1,Toulouse,Lyon,0,0.2,mondrian,0,1,1
2026-05-10,E0,Nott'm Forest,Newcastle,1,0.2,mondrian,0,1,1
2026-05-10,E0,Crystal Palace,Everton,1,0.2,mondrian,0,1,1
2026-05-10,E0,Burnley,Aston Villa,1,0.2,mondrian,0,0,1
2026-05-10,I1,Verona,Como,2,0.2,mondrian,0,0,1
2026-05-10,I1,Cremonese,Pisa,0,0.2,mondrian,1,1,1
2026-05-10,I1,Fiorentina,Genoa,1,0.2,mondrian,1,1,1
2026-05-10,I1,Parma,Roma,2,0.2,mondrian,0,0,1
2026-05-10,F1,Le Havre,Marseille,2,0.2,mondrian,0,1,1
2026-05-11,E0,Tottenham,Leeds,1,0.2,mondrian,1,1,0
2026-05-11,SP1,Vallecano,Girona,1,0.2,mondrian,1,1,1
2026-05-11,I1,Napoli,Bologna,2,0.2,mondrian,1,1,0
2026-05-12,SP1,Osasuna,Ath Madrid,2,0.2,mondrian,0,1,1
2026-05-12,SP1,Betis,Elche,0,0.2,mondrian,1,1,0
2026-05-12,SP1,Celta,Levante,2,0.2,mondrian,1,1,1
2026-05-13,E0,Man City,Crystal Palace,0,0.2,mondrian,1,0,0
2026-05-13,SP1,Espanol,Ath Bilbao,0,0.2,mondrian,0,1,1
2026-05-13,SP1,Villarreal,Sevilla,2,0.2,mondrian,1,1,1
2026-05-13,SP1,Alaves,Barcelona,0,0.2,mondrian,0,1,1
2026-05-13,SP1,Getafe,Mallorca,0,0.2,mondrian,1,1,1
2026-05-13,F1,Lens,Paris SG,2,0.2,mondrian,0,1,1
2026-05-13,F1,Brest,Strasbourg,2,0.2,mondrian,0,1,1
2026-05-14,SP1,Girona,Sociedad,1,0.2,mondrian,1,1,1
2026-05-14,SP1,Real Madrid,Oviedo,0,0.2,mondrian,1,0,0
2026-05-14,SP1,Valencia,Vallecano,1,0.2,mondrian,1,1,1
2026-05-15,E0,Aston Villa,Liverpool,0,0.2,mondrian,0,1,1
2026-05-16,D1,Union Berlin,Augsburg,0,0.2,mondrian,0,1,1
2026-05-16,D1,M'gladbach,Hoffenheim,0,0.2,mondrian,0,0,1
2026-05-16,D1,Bayern Munich,FC Koln,0,0.2,mondrian,1,0,0
2026-05-16,D1,Ein Frankfurt,Stuttgart,1,0.2,mondrian,0,0,1
2026-05-16,D1,Freiburg,RB Leipzig,0,0.2,mondrian,0,1,1
2026-05-16,D1,Heidenheim,Mainz,2,0.2,mondrian,1,1,1
2026-05-16,D1,Leverkusen,Hamburg,1,0.2,mondrian,1,0,0
2026-05-16,D1,Werder Bremen,Dortmund,2,0.2,mondrian,0,1,1
2026-05-16,D1,St Pauli,Wolfsburg,2,0.2,mondrian,0,1,1
2026-05-17,E0,Wolves,Fulham,1,0.2,mondrian,0,1,1
2026-05-17,E0,Leeds,Brighton,0,0.2,mondrian,0,1,1
2026-05-17,E0,Everton,Sunderland,2,0.2,mondrian,1,1,0
2026-05-17,I1,Como,Parma,0,0.2,mondrian,1,0,0
2026-05-17,F1,Paris FC,Paris SG,0,0.2,mondrian,0,0,1
2026-05-17,E0,Newcastle,West Ham,0,0.2,mondrian,1,1,1
2026-05-17,SP1,Ath Bilbao,Celta,1,0.2,mondrian,1,1,1
2026-05-17,F1,Strasbourg,Monaco,0,0.2,mondrian,0,1,1
2026-05-17,SP1,Vallecano,Villarreal,0,0.2,mondrian,1,1,1
2026-05-17,SP1,Elche,Getafe,0,0.2,mondrian,1,1,1
2026-05-17,SP1,Oviedo,Alaves,2,0.2,mondrian,0,1,1
2026-05-17,SP1,Sevilla,Real Madrid,2,0.2,mondrian,0,1,1
2026-05-17,SP1,Sociedad,Valencia,2,0.2,mondrian,0,1,1
2026-05-17,SP1,Barcelona,Betis,0,0.2,mondrian,1,0,0
2026-05-17,SP1,Osasuna,Espanol,2,0.2,mondrian,1,1,1
2026-05-17,SP1,Levante,Mallorca,0,0.2,mondrian,1,1,1
2026-05-17,I1,Genoa,Milan,2,0.2,mondrian,0,1,1
2026-05-17,I1,Pisa,Napoli,2,0.2,mondrian,0,0,1
2026-05-17,I1,Juventus,Fiorentina,2,0.2,mondrian,1,0,0
2026-05-17,SP1,Ath Madrid,Girona,0,0.2,mondrian,1,1,0
2026-05-17,E0,Brentford,Crystal Palace,1,0.2,mondrian,1,1,0
2026-05-17,F1,Nantes,Toulouse,1,0.2,mondrian,0,1,1
2026-05-17,F1,Nice,Metz,1,0.2,mondrian,1,0,0
2026-05-17,F1,Lyon,Lens,2,0.2,mondrian,1,0,0
2026-05-17,F1,Lorient,Le Havre,2,0.2,mondrian,1,1,1
2026-05-17,E0,Man United,Nott'm Forest,0,0.2,mondrian,1,0,0
2026-05-17,F1,Marseille,Rennes,0,0.2,mondrian,1,1,1
2026-05-17,F1,Brest,Angers,1,0.2,mondrian,1,1,1
2026-05-17,I1,Udinese,Cremonese,2,0.2,mondrian,1,1,1
2026-05-17,I1,Sassuolo,Lecce,2,0.2,mondrian,0,1,1
2026-05-17,I1,Cagliari,Torino,0,0.2,mondrian,1,1,1
2026-05-17,I1,Atalanta,Bologna,2,0.2,mondrian,1,1,0
2026-05-17,I1,Inter,Verona,1,0.2,mondrian,1,0,0
2026-05-17,I1,Roma,Lazio,0,0.2,mondrian,1,1,0
2026-05-17,F1,Lille,Auxerre,2,0.2,mondrian,1,0,0
2026-05-18,E0,Arsenal,Burnley,0,0.2,mondrian,1,0,0
2026-05-19,E0,Chelsea,Tottenham,0,0.2,mondrian,1,1,1
2026-05-19,E0,Bournemouth,Man City,1,0.2,mondrian,0,0,1
2026-05-22,I1,Fiorentina,Atalanta,1,0.2,mondrian,0,1,1
2026-05-23,I1,Bologna,Inter,1,0.2,mondrian,0,1,1
2026-05-23,SP1,Valencia,Barcelona,0,0.2,mondrian,0,1,1
2026-05-23,SP1,Betis,Levante,0,0.2,mondrian,1,1,1
2026-05-23,SP1,Alaves,Vallecano,2,0.2,mondrian,1,1,1
2026-05-23,SP1,Celta,Sevilla,0,0.2,mondrian,1,1,0
2026-05-23,SP1,Girona,Elche,1,0.2,mondrian,1,1,0
2026-05-23,SP1,Getafe,Osasuna,0,0.2,mondrian,0,1,1
2026-05-23,SP1,Mallorca,Oviedo,0,0.2,mondrian,1,0,0
2026-05-23,I1,Lazio,Pisa,0,0.2,mondrian,1,1,0
2026-05-23,SP1,Real Madrid,Ath Bilbao,0,0.2,mondrian,1,0,0
2026-05-23,SP1,Espanol,Sociedad,1,0.2,mondrian,1,1,1
2026-05-24,E0,Fulham,Newcastle,0,0.2,mondrian,0,1,1
2026-05-24,E0,Liverpool,Brentford,1,0.2,mondrian,1,1,1
2026-05-24,E0,Man City,Aston Villa,2,0.2,mondrian,1,0,0
2026-05-24,E0,Nott'm Forest,Bournemouth,1,0.2,mondrian,0,1,1
2026-05-24,E0,Sunderland,Chelsea,0,0.2,mondrian,0,1,1
2026-05-24,E0,Tottenham,Everton,0,0.2,mondrian,1,1,0
2026-05-24,I1,Verona,Roma,2,0.2,mondrian,0,0,1
2026-05-24,E0,Burnley,Wolves,1,0.2,mondrian,1,1,1
2026-05-24,I1,Milan,Cagliari,2,0.2,mondrian,1,0,0
2026-05-24,I1,Lecce,Genoa,0,0.2,mondrian,1,1,0
2026-05-24,I1,Cremonese,Como,2,0.2,mondrian,0,0,1
2026-05-24,I1,Napoli,Udinese,0,0.2,mondrian,1,0,0
2026-05-24,I1,Parma,Sassuolo,0,0.2,mondrian,0,1,1
2026-05-24,E0,Crystal Palace,Arsenal,2,0.2,mondrian,0,1,1
2026-05-24,E0,Brighton,Man United,2,0.2,mondrian,1,0,1
2026-05-24,E0,West Ham,Leeds,0,0.2,mondrian,1,1,0
2026-05-24,I1,Torino,Juventus,1,0.2,mondrian,0,0,1
2026-05-24,SP1,Villarreal,Ath Madrid,0,0.2,mondrian,0,1,1
2025-08-15,SP1,Girona,Vallecano,2,0.2,adaptive_mondrian_g0.02,0,1,1
2025-08-15,E0,Liverpool,Bournemouth,0,0.2,adaptive_mondrian_g0.02,1,0,0
2025-08-15,F1,Rennes,Marseille,0,0.2,adaptive_mondrian_g0.02,0,1,1
2025-08-15,SP1,Villarreal,Oviedo,0,0.2,adaptive_mondrian_g0.02,1,0,0
2025-08-16,SP1,Valencia,Sociedad,1,0.2,adaptive_mondrian_g0.02,0,1,1
2025-08-16,F1,Monaco,Le Havre,0,0.2,adaptive_mondrian_g0.02,1,0,0
2025-08-16,F1,Nice,Toulouse,2,0.2,adaptive_mondrian_g0.02,1,1,0
2025-08-16,F1,Lens,Lyon,2,0.2,adaptive_mondrian_g0.02,0,1,1
2025-08-16,SP1,Mallorca,Barcelona,2,0.2,adaptive_mondrian_g0.02,0,0,1
2025-08-16,E0,Aston Villa,Newcastle,1,0.2,adaptive_mondrian_g0.02,0,1,1
2025-08-16,SP1,Alaves,Levante,0,0.2,adaptive_mondrian_g0.02,1,1,1
2025-08-16,E0,Wolves,Man City,2,0.2,adaptive_mondrian_g0.02,0,1,1
2025-08-16,E0,Tottenham,Burnley,0,0.2,adaptive_mondrian_g0.02,1,1,0
2025-08-16,E0,Sunderland,West Ham,0,0.2,adaptive_mondrian_g0.02,0,1,1
2025-08-16,E0,Brighton,Fulham,1,0.2,adaptive_mondrian_g0.02,1,1,0
2025-08-17,F1,Auxerre,Lorient,0,0.2,adaptive_mondrian_g0.02,0,1,1
2025-08-17,SP1,Espanol,Ath Madrid,0,0.2,adaptive_mondrian_g0.02,0,1,1
2025-08-17,SP1,Ath Bilbao,Sevilla,0,0.2,adaptive_mondrian_g0.02,1,1,0
2025-08-17,SP1,Celta,Getafe,2,0.2,adaptive_mondrian_g0.02,1,1,0
2025-08-17,E0,Man United,Arsenal,2,0.2,adaptive_mondrian_g0.02,0,1,1
2025-08-17,F1,Angers,Paris FC,0,0.2,adaptive_mondrian_g0.02,0,1,1
2025-08-17,E0,Nott'm Forest,Brentford,0,0.2,adaptive_mondrian_g0.02,1,1,0
2025-08-17,E0,Chelsea,Crystal Palace,1,0.2,adaptive_mondrian_g0.02,1,1,0
2025-08-17,F1,Metz,Strasbourg,2,0.2,adaptive_mondrian_g0.02,0,1,1
2025-08-17,F1,Brest,Lille,1,0.2,adaptive_mondrian_g0.02,1,1,1
2025-08-17,F1,Nantes,Paris SG,2,0.2,adaptive_mondrian_g0.02,0,0,1
2025-08-18,SP1,Elche,Betis,1,0.2,adaptive_mondrian_g0.02,0,1,1
2025-08-18,E0,Leeds,Everton,0,0.2,adaptive_mondrian_g0.02,1,1,1
2025-08-19,SP1,Real Madrid,Osasuna,0,0.2,adaptive_mondrian_g0.02,1,0,0
2025-08-22,F1,Paris SG,Angers,0,0.2,adaptive_mondrian_g0.02,1,0,0
2025-08-22,E0,West Ham,Chelsea,2,0.2,adaptive_mondrian_g0.02,0,1,1
2025-08-22,D1,Bayern Munich,RB Leipzig,0,0.2,adaptive_mondrian_g0.02,1,0,0
2025-08-22,SP1,Betis,Alaves,0,0.2,adaptive_mondrian_g0.02,1,1,0
2025-08-23,I1,Genoa,Lecce,1,0.2,adaptive_mondrian_g0.02,1,1,0
2025-08-23,I1,Milan,Cremonese,2,0.2,adaptive_mondrian_g0.02,1,0,0
2025-08-23,E0,Bournemouth,Wolves,0,0.2,adaptive_mondrian_g0.02,1,1,0
2025-08-23,D1,Ein Frankfurt,Werder Bremen,0,0.2,adaptive_mondrian_g0.02,1,0,0
2025-08-23,D1,Freiburg,Augsburg,2,0.2,adaptive_mondrian_g0.02,1,1,1
2025-08-23,F1,Marseille,Paris FC,0,0.2,adaptive_mondrian_g0.02,1,0,0
2025-08-23,F1,Lyon,Metz,0,0.2,adaptive_mondrian_g0.02,1,0,0
2025-08-23,F1,Nice,Auxerre,0,0.2,adaptive_mondrian_g0.02,1,1,0
2025-08-23,SP1,Ath Madrid,Elche,1,0.2,adaptive_mondrian_g0.02,1,0,0
2025-08-23,SP1,Levante,Barcelona,2,0.2,adaptive_mondrian_g0.02,0,0,1
2025-08-23,I1,Sassuolo,Napoli,2,0.2,adaptive_mondrian_g0.02,0,1,1
2025-08-23,E0,Brentford,Aston Villa,0,0.2,adaptive_mondrian_g0.02,0,1,1
2025-08-23,E0,Man City,Tottenham,2,0.2,adaptive_mondrian_g0.02,1,0,0
2025-08-23,I1,Roma,Bologna,0,0.2,adaptive_mondrian_g0.02,1,1,1
2025-08-23,D1,Leverkusen,Hoffenheim,2,0.2,adaptive_mondrian_g0.02,1,0,0
2025-08-23,D1,Union Berlin,Stuttgart,0,0.2,adaptive_mondrian_g0.02,0,1,1
2025-08-23,D1,Heidenheim,Wolfsburg,2,0.2,adaptive_mondrian_g0.02,0,1,1
2025-08-23,SP1,Mallorca,Celta,1,0.2,adaptive_mondrian_g0.02,0,1,1
2025-08-23,E0,Arsenal,Leeds,0,0.2,adaptive_mondrian_g0.02,1,0,0
2025-08-23,E0,Burnley,Sunderland,0,0.2,adaptive_mondrian_g0.02,1,1,1
2025-08-23,D1,St Pauli,Dortmund,1,0.2,adaptive_mondrian_g0.02,0,1,1
2025-08-24,SP1,Sociedad,Espanol,1,0.2,adaptive_mondrian_g0.02,1,1,0
2025-08-24,E0,Everton,Brighton,0,0.2,adaptive_mondrian_g0.02,0,1,1
2025-08-24,SP1,Oviedo,Real Madrid,2,0.2,adaptive_mondrian_g0.02,0,0,1
2025-08-24,SP1,Villarreal,Girona,0,0.2,adaptive_mondrian_g0.02,1,0,0
2025-08-24,I1,Cagliari,Fiorentina,1,0.2,adaptive_mondrian_g0.02,0,1,1
2025-08-24,I1,Como,Lazio,0,0.2,adaptive_mondrian_g0.02,1,1,1
2025-08-24,E0,Crystal Palace,Nott'm Forest,1,0.2,adaptive_mondrian_g0.02,1,1,1
2025-08-24,E0,Fulham,Man United,1,0.2,adaptive_mondrian_g0.02,0,1,1
2025-08-24,F1,Lille,Monaco,0,0.2,adaptive_mondrian_g0.02,0,1,1
2025-08-24,I1,Juventus,Parma,0,0.2,adaptive_mondrian_g0.02,1,0,0
2025-08-24,D1,M'gladbach,Hamburg,1,0.2,adaptive_mondrian_g0.02,1,1,1
2025-08-24,D1,Mainz,FC Koln,2,0.2,adaptive_mondrian_g0.02,1,1,1
2025-08-24,F1,Toulouse,Brest,0,0.2,adaptive_mondrian_g0.02,1,1,1
2025-08-24,F1,Strasbourg,Nantes,0,0.2,adaptive_mondrian_g0.02,1,1,0
2025-08-24,F1,Le Havre,Lens,2,0.2,adaptive_mondrian_g0.02,0,1,1
2025-08-24,F1,Lorient,Rennes,0,0.2,adaptive_mondrian_g0.02,0,1,1
2025-08-24,SP1,Osasuna,Valencia,0,0.2,adaptive_mondrian_g0.02,1,1,1
2025-08-24,I1,Atalanta,Pisa,1,0.2,adaptive_mondrian_g0.02,1,0,0
2025-08-25,SP1,Ath Bilbao,Vallecano,0,0.2,adaptive_mondrian_g0.02,1,1,0
2025-08-25,SP1,Sevilla,Getafe,2,0.2,adaptive_mondrian_g0.02,1,1,0
2025-08-25,E0,Newcastle,Liverpool,2,0.2,adaptive_mondrian_g0.02,0,1,1
2025-08-25,I1,Inter,Torino,0,0.2,adaptive_mondrian_g0.02,1,0,0
2025-08-25,I1,Udinese,Verona,1,0.2,adaptive_mondrian_g0.02,1,1,0
2025-08-27,SP1,Celta,Betis,1,0.2,adaptive_mondrian_g0.02,1,1,1
2025-08-29,F1,Lens,Brest,0,0.2,adaptive_mondrian_g0.02,1,1,1
2025-08-29,D1,Hamburg,St Pauli,2,0.2,adaptive_mondrian_g0.02,1,1,1
2025-08-29,SP1,Valencia,Getafe,0,0.2,adaptive_mondrian_g0.02,1,1,1
2025-08-29,SP1,Elche,Levante,0,0.2,adaptive_mondrian_g0.02,1,1,1
2025-08-29,I1,Lecce,Milan,2,0.2,adaptive_mondrian_g0.02,0,1,1
2025-08-29,I1,Cremonese,Sassuolo,0,0.2,adaptive_mondrian_g0.02,0,1,1
2025-08-30,SP1,Real Madrid,Mallorca,0,0.2,adaptive_mondrian_g0.02,1,0,0
2025-08-30,I1,Pisa,Roma,2,0.2,adaptive_mondrian_g0.02,0,1,1
2025-08-30,F1,Nantes,Auxerre,0,0.2,adaptive_mondrian_g0.02,1,1,1
2025-08-30,F1,Toulouse,Paris SG,2,0.2,adaptive_mondrian_g0.02,0,0,1
2025-08-30,D1,Augsburg,Bayern Munich,2,0.2,adaptive_mondrian_g0.02,0,0,1
2025-08-30,D1,Werder Bremen,Leverkusen,1,0.2,adaptive_mondrian_g0.02,0,1,1
2025-08-30,D1,Stuttgart,M'gladbach,0,0.2,adaptive_mondrian_g0.02,1,0,0
2025-08-30,D1,RB Leipzig,Heidenheim,0,0.2,adaptive_mondrian_g0.02,1,0,0
2025-08-30,D1,Hoffenheim,Ein Frankfurt,2,0.2,adaptive_mondrian_g0.02,1,1,1
2025-08-30,SP1,Girona,Sevilla,2,0.2,adaptive_mondrian_g0.02,1,1,1
2025-08-30,F1,Lorient,Lille,2,0.2,adaptive_mondrian_g0.02,0,1,1
2025-08-30,E0,Chelsea,Fulham,0,0.2,adaptive_mondrian_g0.02,1,1,0
2025-08-30,E0,Sunderland,Brentford,0,0.2,adaptive_mondrian_g0.02,0,1,1
2025-08-30,I1,Parma,Atalanta,1,0.2,adaptive_mondrian_g0.02,0,1,1
2025-08-30,SP1,Alaves,Ath Madrid,1,0.2,adaptive_mondrian_g0.02,0,1,1
2025-08-30,I1,Bologna,Como,0,0.2,adaptive_mondrian_g0.02,0,1,1
2025-08-30,I1,Napoli,Cagliari,0,0.2,adaptive_mondrian_g0.02,1,0,0
2025-08-30,E0,Wolves,Everton,2,0.2,adaptive_mondrian_g0.02,0,1,1
2025-08-30,E0,Tottenham,Bournemouth,2,0.2,adaptive_mondrian_g0.02,1,1,1
2025-08-30,SP1,Oviedo,Sociedad,0,0.2,adaptive_mondrian_g0.02,0,1,1
2025-08-30,E0,Man United,Burnley,0,0.2,adaptive_mondrian_g0.02,1,0,0
2025-08-30,E0,Leeds,Newcastle,1,0.2,adaptive_mondrian_g0.02,0,1,1
2025-08-31,I1,Inter,Udinese,2,0.2,adaptive_mondrian_g0.02,1,0,0
2025-08-31,SP1,Vallecano,Barcelona,1,0.2,adaptive_mondrian_g0.02,0,0,1
2025-08-31,F1,Lyon,Marseille,0,0.2,adaptive_mondrian_g0.02,1,1,1
2025-08-31,F1,Paris FC,Metz,0,0.2,adaptive_mondrian_g0.02,1,1,0
2025-08-31,F1,Monaco,Strasbourg,0,0.2,adaptive_mondrian_g0.02,1,0,0
2025-08-31,F1,Le Havre,Nice,0,0.2,adaptive_mondrian_g0.02,0,1,1
2025-08-31,I1,Genoa,Juventus,2,0.2,adaptive_mondrian_g0.02,0,1,1
2025-08-31,I1,Torino,Fiorentina,1,0.2,adaptive_mondrian_g0.02,0,1,1
2025-08-31,D1,Wolfsburg,Mainz,1,0.2,adaptive_mondrian_g0.02,1,1,1
2025-08-31,E0,Nott'm Forest,West Ham,2,0.2,adaptive_mondrian_g0.02,1,0,0
2025-08-31,D1,Dortmund,Union Berlin,0,0.2,adaptive_mondrian_g0.02,1,0,0
2025-08-31,SP1,Espanol,Osasuna,0,0.2,adaptive_mondrian_g0.02,1,1,1
2025-08-31,E0,Aston Villa,Crystal Palace,2,0.2,adaptive_mondrian_g0.02,1,1,1
2025-08-31,E0,Brighton,Man City,0,0.2,adaptive_mondrian_g0.02,0,1,1
2025-08-31,I1,Lazio,Verona,0,0.2,adaptive_mondrian_g0.02,1,1,0
2025-08-31,D1,FC Koln,Freiburg,0,0.2,adaptive_mondrian_g0.02,1,1,1
2025-08-31,SP1,Betis,Ath Bilbao,2,0.2,adaptive_mondrian_g0.02,0,1,1
2025-08-31,E0,Liverpool,Arsenal,0,0.2,adaptive_mondrian_g0.02,1,1,1
2025-08-31,SP1,Celta,Villarreal,1,0.2,adaptive_mondrian_g0.02,0,1,1
2025-08-31,F1,Angers,Rennes,1,0.2,adaptive_mondrian_g0.02,0,1,1
2025-09-12,D1,Leverkusen,Ein Frankfurt,0,0.2,adaptive_mondrian_g0.02,1,1,1
2025-09-12,F1,Marseille,Lorient,0,0.2,adaptive_mondrian_g0.02,1,0,0
2025-09-12,SP1,Sevilla,Elche,1,0.2,adaptive_mondrian_g0.02,1,1,0
2025-09-13,SP1,Sociedad,Real Madrid,2,0.2,adaptive_mondrian_g0.02,0,0,1
2025-09-13,E0,Bournemouth,Brighton,0,0.2,adaptive_mondrian_g0.02,1,1,1
2025-09-13,E0,Crystal Palace,Sunderland,1,0.2,adaptive_mondrian_g0.02,1,1,0
2025-09-13,E0,Everton,Aston Villa,1,0.2,adaptive_mondrian_g0.02,1,1,1
2025-09-13,E0,Fulham,Leeds,0,0.2,adaptive_mondrian_g0.02,1,1,1
2025-09-13,E0,Newcastle,Wolves,0,0.2,adaptive_mondrian_g0.02,1,0,0
2025-09-13,SP1,Getafe,Oviedo,0,0.2,adaptive_mondrian_g0.02,1,1,0
2025-09-13,SP1,Ath Bilbao,Alaves,2,0.2,adaptive_mondrian_g0.02,1,1,0
2025-09-13,SP1,Ath Madrid,Villarreal,0,0.2,adaptive_mondrian_g0.02,1,1,0
2025-09-13,I1,Cagliari,Parma,0,0.2,adaptive_mondrian_g0.02,1,1,1
2025-09-13,E0,West Ham,Tottenham,2,0.2,adaptive_mondrian_g0.02,0,1,1
2025-09-13,I1,Juventus,Inter,0,0.2,adaptive_mondrian_g0.02,1,1,1
2025-09-13,E0,Arsenal,Nott'm Forest,0,0.2,adaptive_mondrian_g0.02,1,0,0
2025-09-13,F1,Auxerre,Monaco,2,0.2,adaptive_mondrian_g0.02,0,0,1
2025-09-13,I1,Fiorentina,Napoli,2,0.2,adaptive_mondrian_g0.02,0,1,1
2025-09-13,D1,Heidenheim,Dortmund,2,0.2,adaptive_mondrian_g0.02,0,0,1
2025-09-13,D1,Mainz,RB Leipzig,2,0.2,adaptive_mondrian_g0.02,1,1,1
2025-09-13,D1,Union Berlin,Hoffenheim,2,0.2,adaptive_mondrian_g0.02,1,1,1
2025-09-13,D1,Freiburg,Stuttgart,0,0.2,adaptive_mondrian_g0.02,1,1,1
2025-09-13,F1,Nice,Nantes,0,0.2,adaptive_mondrian_g0.02,1,0,0
2025-09-13,D1,Bayern Munich,Hamburg,0,0.2,adaptive_mondrian_g0.02,1,0,0
2025-09-13,E0,Brentford,Chelsea,1,0.2,adaptive_mondrian_g0.02,0,1,1
2025-09-13,D1,Wolfsburg,FC Koln,1,0.2,adaptive_mondrian_g0.02,1,1,1
2025-09-14,I1,Roma,Torino,2,0.2,adaptive_mondrian_g0.02,1,0,0
2025-09-14,I1,Pisa,Udinese,2,0.2,adaptive_mondrian_g0.02,0,1,1
2025-09-14,I1,Milan,Bologna,0,0.2,adaptive_mondrian_g0.02,1,1,0
2025-09-14,D1,M'gladbach,Werder Bremen,2,0.2,adaptive_mondrian_g0.02,1,1,1
2025-09-14,SP1,Celta,Girona,1,0.2,adaptive_mondrian_g0.02,1,1,0
2025-09-14,SP1,Levante,Betis,1,0.2,adaptive_mondrian_g0.02,0,1,1
2025-09-14,SP1,Osasuna,Vallecano,0,0.2,adaptive_mondrian_g0.02,0,1,1
2025-09-14,SP1,Barcelona,Valencia,0,0.2,adaptive_mondrian_g0.02,1,0,0
2025-09-14,I1,Atalanta,Lecce,0,0.2,adaptive_mondrian_g0.02,1,0,0
2025-09-14,E0,Burnley,Liverpool,2,0.2,adaptive_mondrian_g0.02,0,0,1
2025-09-14,D1,St Pauli,Augsburg,0,0.2,adaptive_mondrian_g0.02,1,1,1
2025-09-14,F1,Rennes,Lyon,0,0.2,adaptive_mondrian_g0.02,1,1,1
2025-09-14,F1,Strasbourg,Le Havre,0,0.2,adaptive_mondrian_g0.02,1,1,0
2025-09-14,F1,Paris SG,Lens,0,0.2,adaptive_mondrian_g0.02,1,0,0
2025-09-14,F1,Metz,Angers,1,0.2,adaptive_mondrian_g0.02,1,1,1
2025-09-14,F1,Brest,Paris FC,2,0.2,adaptive_mondrian_g0.02,0,1,1
2025-09-14,F1,Lille,Toulouse,0,0.2,adaptive_mondrian_g0.02,1,1,0
2025-09-14,E0,Man City,Man United,0,0.2,adaptive_mondrian_g0.02,1,0,0
2025-09-14,I1,Sassuolo,Lazio,0,0.2,adaptive_mondrian_g0.02,0,1,1
2025-09-15,I1,Como,Genoa,1,0.2,adaptive_mondrian_g0.02,1,1,0
2025-09-15,I1,Verona,Cremonese,1,0.2,adaptive_mondrian_g0.02,0,1,1
2025-09-15,SP1,Espanol,Mallorca,0,0.2,adaptive_mondrian_g0.02,1,1,1
2025-09-19,F1,Lyon,Angers,0,0.2,adaptive_mondrian_g0.02,1,0,0
2025-09-19,SP1,Betis,Sociedad,0,0.2,adaptive_mondrian_g0.02,1,1,1
2025-09-19,D1,Stuttgart,St Pauli,0,0.2,adaptive_mondrian_g0.02,1,0,1
2025-09-19,I1,Lecce,Cagliari,2,0.2,adaptive_mondrian_g0.02,0,1,1
2025-09-20,D1,RB Leipzig,FC Koln,0,0.2,adaptive_mondrian_g0.02,1,0,1
2025-09-20,F1,Nantes,Rennes,1,0.2,adaptive_mondrian_g0.02,0,1,1
2025-09-20,F1,Brest,Nice,0,0.2,adaptive_mondrian_g0.02,0,1,1
2025-09-20,F1,Lens,Lille,0,0.2,adaptive_mondrian_g0.02,1,1,1
2025-09-20,SP1,Valencia,Ath Bilbao,0,0.2,adaptive_mondrian_g0.02,0,1,1
2025-09-20,SP1,Villarreal,Osasuna,0,0.2,adaptive_mondrian_g0.02,1,1,0
2025-09-20,SP1,Alaves,Sevilla,2,0.2,adaptive_mondrian_g0.02,1,1,1
2025-09-20,D1,Werder Bremen,Freiburg,2,0.2,adaptive_mondrian_g0.02,1,1,1
2025-09-20,E0,Fulham,Brentford,0,0.2,adaptive_mondrian_g0.02,1,1,1
2025-09-20,E0,Man United,Chelsea,0,0.2,adaptive_mondrian_g0.02,0,1,1
2025-09-20,E0,Wolves,Leeds,2,0.2,adaptive_mondrian_g0.02,0,1,1
2025-09-20,SP1,Real Madrid,Espanol,0,0.2,adaptive_mondrian_g0.02,1,0,0
2025-09-20,E0,Burnley,Nott'm Forest,1,0.2,adaptive_mondrian_g0.02,0,1,1
2025-09-20,E0,West Ham,Crystal Palace,2,0.2,adaptive_mondrian_g0.02,0,1,1
2025-09-20,D1,Hoffenheim,Bayern Munich,2,0.2,adaptive_mondrian_g0.02,0,0,1
2025-09-20,D1,Hamburg,Heidenheim,0,0.2,adaptive_mondrian_g0.02,1,1,0
2025-09-20,D1,Augsburg,Mainz,2,0.2,adaptive_mondrian_g0.02,0,1,1
2025-09-20,I1,Verona,Juventus,1,0.2,adaptive_mondrian_g0.02,0,1,1
2025-09-20,I1,Bologna,Genoa,0,0.2,adaptive_mondrian_g0.02,1,1,0
2025-09-20,SP1,Girona,Levante,2,0.2,adaptive_mondrian_g0.02,1,1,0
2025-09-20,E0,Liverpool,Everton,0,0.2,adaptive_mondrian_g0.02,1,0,0
2025-09-20,E0,Brighton,Tottenham,1,0.2,adaptive_mondrian_g0.02,1,1,1
2025-09-20,I1,Udinese,Milan,2,0.2,adaptive_mondrian_g0.02,0,0,1
2025-09-21,F1,Auxerre,Toulouse,0,0.2,adaptive_mondrian_g0.02,0,1,1
2025-09-21,I1,Torino,Atalanta,2,0.2,adaptive_mondrian_g0.02,0,1,1
2025-09-21,D1,Dortmund,Wolfsburg,0,0.2,adaptive_mondrian_g0.02,1,0,0
2025-09-21,I1,Cremonese,Parma,1,0.2,adaptive_mondrian_g0.02,0,1,1
2025-09-21,I1,Fiorentina,Como,2,0.2,adaptive_mondrian_g0.02,0,1,1
2025-09-21,F1,Monaco,Metz,0,0.2,adaptive_mondrian_g0.02,1,0,0
2025-09-21,D1,Ein Frankfurt,Union Berlin,2,0.2,adaptive_mondrian_g0.02,1,0,0
2025-09-21,F1,Le Havre,Lorient,1,0.2,adaptive_mondrian_g0.02,1,1,1
2025-09-21,F1,Paris FC,Strasbourg,2,0.2,adaptive_mondrian_g0.02,1,1,1
2025-09-21,I1,Inter,Sassuolo,0,0.2,adaptive_mondrian_g0.02,1,0,0
2025-09-21,E0,Sunderland,Aston Villa,1,0.2,adaptive_mondrian_g0.02,0,1,1
2025-09-21,E0,Arsenal,Man City,1,0.2,adaptive_mondrian_g0.02,1,1,1
2025-09-21,D1,Leverkusen,M'gladbach,1,0.2,adaptive_mondrian_g0.02,1,0,0
2025-09-21,I1,Lazio,Roma,2,0.2,adaptive_mondrian_g0.02,0,1,1
2025-09-21,E0,Bournemouth,Newcastle,1,0.2,adaptive_mondrian_g0.02,1,1,1
2025-09-21,SP1,Barcelona,Getafe,0,0.2,adaptive_mondrian_g0.02,1,0,0
2025-09-21,SP1,Elche,Oviedo,0,0.2,adaptive_mondrian_g0.02,1,1,1
2025-09-21,SP1,Mallorca,Ath Madrid,1,0.2,adaptive_mondrian_g0.02,0,1,1
2025-09-21,SP1,Vallecano,Celta,1,0.2,adaptive_mondrian_g0.02,1,1,1
2025-09-22,I1,Napoli,Pisa,0,0.2,adaptive_mondrian_g0.02,1,0,0
2025-09-22,F1,Marseille,Paris SG,0,0.2,adaptive_mondrian_g0.02,0,0,1
2025-09-23,SP1,Espanol,Valencia,1,0.2,adaptive_mondrian_g0.02,1,1,1
2025-09-23,SP1,Ath Bilbao,Girona,1,0.2,adaptive_mondrian_g0.02,1,0,0
2025-09-23,SP1,Levante,Real Madrid,2,0.2,adaptive_mondrian_g0.02,0,0,1
2025-09-23,SP1,Sevilla,Villarreal,2,0.2,adaptive_mondrian_g0.02,0,1,1
2025-09-24,SP1,Sociedad,Mallorca,0,0.2,adaptive_mondrian_g0.02,1,1,0
2025-09-24,SP1,Ath Madrid,Vallecano,0,0.2,adaptive_mondrian_g0.02,1,0,0
2025-09-24,SP1,Getafe,Alaves,1,0.2,adaptive_mondrian_g0.02,1,1,0
2025-09-25,SP1,Osasuna,Elche,1,0.2,adaptive_mondrian_g0.02,1,1,0
2025-09-25,SP1,Oviedo,Barcelona,2,0.2,adaptive_mondrian_g0.02,0,0,1
2025-09-26,SP1,Girona,Espanol,1,0.2,adaptive_mondrian_g0.02,0,1,1
2025-09-26,D1,Bayern Munich,Werder Bremen,0,0.2,adaptive_mondrian_g0.02,1,0,0
2025-09-26,F1,Strasbourg,Marseille,2,0.2,adaptive_mondrian_g0.02,0,1,1
2025-09-27,I1,Como,Cremonese,1,0.2,adaptive_mondrian_g0.02,1,0,0
2025-09-27,E0,Brentford,Man United,0,0.2,adaptive_mondrian_g0.02,0,1,1
2025-09-27,I1,Juventus,Atalanta,1,0.2,adaptive_mondrian_g0.02,1,1,0
2025-09-27,I1,Cagliari,Inter,2,0.2,adaptive_mondrian_g0.02,0,0,1
2025-09-27,E0,Man City,Burnley,0,0.2,adaptive_mondrian_g0.02,1,0,0
2025-09-27,E0,Nott'm Forest,Sunderland,2,0.2,adaptive_mondrian_g0.02,1,1,0
2025-09-27,D1,M'gladbach,Ein Frankfurt,2,0.2,adaptive_mondrian_g0.02,0,1,1
2025-09-27,E0,Leeds,Bournemouth,1,0.2,adaptive_mondrian_g0.02,0,1,1
2025-09-27,E0,Crystal Palace,Liverpool,0,0.2,adaptive_mondrian_g0.02,0,1,1
2025-09-27,E0,Tottenham,Wolves,1,0.2,adaptive_mondrian_g0.02,1,0,0
2025-09-27,D1,Wolfsburg,RB Leipzig,2,0.2,adaptive_mondrian_g0.02,0,1,1
2025-09-27,F1,Paris SG,Auxerre,0,0.2,adaptive_mondrian_g0.02,1,0,0
2025-09-27,D1,Mainz,Dortmund,2,0.2,adaptive_mondrian_g0.02,0,0,1
2025-09-27,D1,St Pauli,Leverkusen,2,0.2,adaptive_mondrian_g0.02,0,1,1
2025-09-27,SP1,Ath Madrid,Real Madrid,0,0.2,adaptive_mondrian_g0.02,0,1,1
2025-09-27,SP1,Mallorca,Alaves,0,0.2,adaptive_mondrian_g0.02,1,1,1
2025-09-27,F1,Toulouse,Nantes,1,0.2,adaptive_mondrian_g0.02,1,1,0
2025-09-27,SP1,Getafe,Levante,1,0.2,adaptive_mondrian_g0.02,1,1,0
2025-09-27,SP1,Villarreal,Ath Bilbao,0,0.2,adaptive_mondrian_g0.02,1,1,0
2025-09-27,E0,Chelsea,Brighton,2,0.2,adaptive_mondrian_g0.02,1,1,1
2025-09-27,D1,Heidenheim,Augsburg,0,0.2,adaptive_mondrian_g0.02,0,1,1
2025-09-27,F1,Lorient,Monaco,0,0.2,adaptive_mondrian_g0.02,0,1,1
2025-09-28,D1,Freiburg,Hoffenheim,1,0.2,adaptive_mondrian_g0.02,1,1,1
2025-09-28,E0,Newcastle,Arsenal,2,0.2,adaptive_mondrian_g0.02,0,1,1
2025-09-28,F1,Metz,Le Havre,1,0.2,adaptive_mondrian_g0.02,1,1,1
2025-09-28,SP1,Elche,Celta,0,0.2,adaptive_mondrian_g0.02,1,1,1
2025-09-28,SP1,Barcelona,Sociedad,0,0.2,adaptive_mondrian_g0.02,1,0,0
2025-09-28,SP1,Betis,Osasuna,0,0.2,adaptive_mondrian_g0.02,1,1,0
2025-09-28,D1,FC Koln,Stuttgart,2,0.2,adaptive_mondrian_g0.02,1,1,1
2025-09-28,F1,Rennes,Lens,1,0.2,adaptive_mondrian_g0.02,1,1,1
2025-09-28,D1,Union Berlin,Hamburg,1,0.2,adaptive_mondrian_g0.02,1,1,0
2025-09-28,I1,Roma,Verona,0,0.2,adaptive_mondrian_g0.02,1,0,0
2025-09-28,I1,Milan,Napoli,0,0.2,adaptive_mondrian_g0.02,1,1,0
2025-09-28,I1,Lecce,Bologna,1,0.2,adaptive_mondrian_g0.02,0,1,1
2025-09-28,F1,Lille,Lyon,2,0.2,adaptive_mondrian_g0.02,1,1,1
2025-09-28,I1,Pisa,Fiorentina,1,0.2,adaptive_mondrian_g0.02,0,1,1
2025-09-28,I1,Sassuolo,Udinese,0,0.2,adaptive_mondrian_g0.02,1,1,1
2025-09-28,SP1,Vallecano,Sevilla,2,0.2,adaptive_mondrian_g0.02,1,1,0
2025-09-28,E0,Aston Villa,Fulham,0,0.2,adaptive_mondrian_g0.02,1,1,1
2025-09-28,F1,Angers,Brest,2,0.2,adaptive_mondrian_g0.02,0,1,1
2025-09-28,F1,Nice,Paris FC,1,0.2,adaptive_mondrian_g0.02,1,1,1
2025-09-29,E0,Everton,West Ham,1,0.2,adaptive_mondrian_g0.02,1,0,0
2025-09-29,I1,Genoa,Lazio,2,0.2,adaptive_mondrian_g0.02,0,1,1
2025-09-29,I1,Parma,Torino,0,0.2,adaptive_mondrian_g0.02,1,1,1
2025-09-30,SP1,Valencia,Oviedo,2,0.2,adaptive_mondrian_g0.02,1,1,0
2025-10-03,D1,Hoffenheim,FC Koln,2,0.2,adaptive_mondrian_g0.02,1,1,1
2025-10-03,I1,Verona,Sassuolo,2,0.2,adaptive_mondrian_g0.02,1,1,1
2025-10-03,E0,Bournemouth,Fulham,0,0.2,adaptive_mondrian_g0.02,1,1,0
2025-10-03,SP1,Osasuna,Getafe,0,0.2,adaptive_mondrian_g0.02,1,1,0
2025-10-03,F1,Paris FC,Lorient,0,0.2,adaptive_mondrian_g0.02,1,0,0
2025-10-04,F1,Brest,Nantes,1,0.2,adaptive_mondrian_g0.02,1,1,0
2025-10-04,I1,Atalanta,Como,1,0.2,adaptive_mondrian_g0.02,1,1,1
2025-10-04,E0,Leeds,Tottenham,2,0.2,adaptive_mondrian_g0.02,0,1,1
2025-10-04,E0,Arsenal,West Ham,0,0.2,adaptive_mondrian_g0.02,1,0,0
2025-10-04,E0,Man United,Sunderland,0,0.2,adaptive_mondrian_g0.02,1,0,0
2025-10-04,E0,Chelsea,Liverpool,0,0.2,adaptive_mondrian_g0.02,0,1,1
2025-10-04,I1,Parma,Lecce,2,0.2,adaptive_mondrian_g0.02,1,1,0
2025-10-04,I1,Inter,Cremonese,0,0.2,adaptive_mondrian_g0.02,1,0,0
2025-10-04,F1,Auxerre,Lens,2,0.2,adaptive_mondrian_g0.02,0,0,1
2025-10-04,F1,Metz,Marseille,2,0.2,adaptive_mondrian_g0.02,0,0,1
2025-10-04,D1,Leverkusen,Union Berlin,0,0.2,adaptive_mondrian_g0.02,1,0,0
2025-10-04,D1,Augsburg,Wolfsburg,0,0.2,adaptive_mondrian_g0.02,1,1,1
2025-10-04,D1,Dortmund,RB Leipzig,1,0.2,adaptive_mondrian_g0.02,1,0,0
2025-10-04,D1,Werder Bremen,St Pauli,0,0.2,adaptive_mondrian_g0.02,1,1,1
2025-10-04,D1,Ein Frankfurt,Bayern Munich,2,0.2,adaptive_mondrian_g0.02,0,0,1
2025-10-04,SP1,Oviedo,Levante,2,0.2,adaptive_mondrian_g0.02,1,1,1
2025-10-04,SP1,Girona,Valencia,0,0.2,adaptive_mondrian_g0.02,1,1,1
2025-10-04,SP1,Ath Bilbao,Mallorca,0,0.2,adaptive_mondrian_g0.02,1,1,0
2025-10-04,SP1,Real Madrid,Villarreal,0,0.2,adaptive_mondrian_g0.02,1,0,0
2025-10-04,I1,Lazio,Torino,1,0.2,adaptive_mondrian_g0.02,1,1,0
2025-10-05,I1,Napoli,Genoa,0,0.2,adaptive_mondrian_g0.02,1,0,0
2025-10-05,I1,Fiorentina,Roma,2,0.2,adaptive_mondrian_g0.02,0,1,1
2025-10-05,I1,Bologna,Pisa,0,0.2,adaptive_mondrian_g0.02,1,1,0
2025-10-05,I1,Udinese,Cagliari,1,0.2,adaptive_mondrian_g0.02,1,1,0
2025-10-05,F1,Lille,Paris SG,1,0.2,adaptive_mondrian_g0.02,0,1,1
2025-10-05,D1,Hamburg,Mainz,0,0.2,adaptive_mondrian_g0.02,0,1,1
2025-10-05,F1,Monaco,Nice,1,0.2,adaptive_mondrian_g0.02,1,1,0
2025-10-05,F1,Le Havre,Rennes,1,0.2,adaptive_mondrian_g0.02,0,1,1
2025-10-05,I1,Juventus,Milan,1,0.2,adaptive_mondrian_g0.02,0,1,1
2025-10-05,F1,Lyon,Toulouse,2,0.2,adaptive_mondrian_g0.02,1,1,0
2025-10-05,E0,Aston Villa,Burnley,0,0.2,adaptive_mondrian_g0.02,1,0,0
2025-10-05,D1,Stuttgart,Heidenheim,0,0.2,adaptive_mondrian_g0.02,1,0,0
2025-10-05,E0,Brentford,Man City,2,0.2,adaptive_mondrian_g0.02,0,0,1
2025-10-05,E0,Everton,Crystal Palace,0,0.2,adaptive_mondrian_g0.02,0,1,1
2025-10-05,E0,Newcastle,Nott'm Forest,0,0.2,adaptive_mondrian_g0.02,1,0,0
2025-10-05,D1,M'gladbach,Freiburg,1,0.2,adaptive_mondrian_g0.02,0,1,1
2025-10-05,SP1,Alaves,Elche,0,0.2,adaptive_mondrian_g0.02,1,1,0
2025-10-05,F1,Strasbourg,Angers,0,0.2,adaptive_mondrian_g0.02,1,0,0
2025-10-05,SP1,Espanol,Betis,2,0.2,adaptive_mondrian_g0.02,0,1,1
2025-10-05,SP1,Sociedad,Vallecano,2,0.2,adaptive_mondrian_g0.02,1,1,1
2025-10-05,SP1,Celta,Ath Madrid,1,0.2,adaptive_mondrian_g0.02,0,1,1
2025-10-05,E0,Wolves,Brighton,1,0.2,adaptive_mondrian_g0.02,0,1,1
2025-10-05,SP1,Sevilla,Barcelona,0,0.2,adaptive_mondrian_g0.02,0,0,1
2025-10-17,SP1,Oviedo,Espanol,2,0.2,adaptive_mondrian_g0.02,0,1,1
2025-10-17,F1,Paris SG,Strasbourg,1,0.2,adaptive_mondrian_g0.02,1,0,0
2025-10-17,D1,Union Berlin,M'gladbach,0,0.2,adaptive_mondrian_g0.02,1,1,1
2025-10-18,SP1,Sevilla,Mallorca,2,0.2,adaptive_mondrian_g0.02,1,1,0
2025-10-18,E0,Sunderland,Wolves,0,0.2,adaptive_mondrian_g0.02,1,1,1
2025-10-18,E0,Brighton,Newcastle,0,0.2,adaptive_mondrian_g0.02,0,1,1
2025-10-18,F1,Angers,Monaco,1,0.2,adaptive_mondrian_g0.02,0,0,1
2025-10-18,E0,Crystal Palace,Bournemouth,1,0.2,adaptive_mondrian_g0.02,1,1,1
2025-10-18,E0,Man City,Everton,0,0.2,adaptive_mondrian_g0.02,1,0,0
2025-10-18,D1,Heidenheim,Werder Bremen,1,0.2,adaptive_mondrian_g0.02,0,1,1
2025-10-18,E0,Burnley,Leeds,0,0.2,adaptive_mondrian_g0.02,0,1,1
2025-10-18,E0,Nott'm Forest,Chelsea,2,0.2,adaptive_mondrian_g0.02,0,1,1
2025-10-18,F1,Nice,Lyon,0,0.2,adaptive_mondrian_g0.02,1,1,1
2025-10-18,D1,FC Koln,Augsburg,1,0.2,adaptive_mondrian_g0.02,1,0,1
2025-10-18,F1,Marseille,Le Havre,0,0.2,adaptive_mondrian_g0.02,1,0,0
2025-10-18,D1,RB Leipzig,Hamburg,0,0.2,adaptive_mondrian_g0.02,1,0,0
2025-10-18,I1,Roma,Inter,2,0.2,adaptive_mondrian_g0.02,0,1,1
2025-10-18,I1,Torino,Napoli,0,0.2,adaptive_mondrian_g0.02,0,1,1
2025-10-18,I1,Pisa,Verona,1,0.2,adaptive_mondrian_g0.02,0,1,1
2025-10-18,I1,Lecce,Sassuolo,1,0.2,adaptive_mondrian_g0.02,0,1,1
2025-10-18,SP1,Ath Madrid,Osasuna,0,0.2,adaptive_mondrian_g0.02,1,0,0
2025-10-18,E0,Fulham,Arsenal,2,0.2,adaptive_mondrian_g0.02,0,0,1
2025-10-18,SP1,Barcelona,Girona,0,0.2,adaptive_mondrian_g0.02,1,0,0
2025-10-18,D1,Mainz,Leverkusen,2,0.2,adaptive_mondrian_g0.02,1,1,1
2025-10-18,D1,Bayern Munich,Dortmund,0,0.2,adaptive_mondrian_g0.02,1,0,0
2025-10-18,D1,Wolfsburg,Stuttgart,2,0.2,adaptive_mondrian_g0.02,0,1,1
2025-10-18,SP1,Villarreal,Betis,1,0.2,adaptive_mondrian_g0.02,1,1,1
2025-10-19,I1,Genoa,Parma,1,0.2,adaptive_mondrian_g0.02,1,1,0
2025-10-19,I1,Cagliari,Bologna,2,0.2,adaptive_mondrian_g0.02,0,1,1
2025-10-19,I1,Como,Juventus,0,0.2,adaptive_mondrian_g0.02,0,1,1
2025-10-19,F1,Lorient,Brest,1,0.2,adaptive_mondrian_g0.02,0,1,1
2025-10-19,F1,Nantes,Lille,2,0.2,adaptive_mondrian_g0.02,0,0,1
2025-10-19,F1,Toulouse,Metz,0,0.2,adaptive_mondrian_g0.02,1,0,0
2025-10-19,F1,Rennes,Auxerre,1,0.2,adaptive_mondrian_g0.02,1,1,0
2025-10-19,I1,Atalanta,Lazio,1,0.2,adaptive_mondrian_g0.02,1,1,0
2025-10-19,SP1,Getafe,Real Madrid,2,0.2,adaptive_mondrian_g0.02,0,0,1
2025-10-19,D1,St Pauli,Hoffenheim,2,0.2,adaptive_mondrian_g0.02,1,1,1
2025-10-19,SP1,Levante,Vallecano,2,0.2,adaptive_mondrian_g0.02,1,1,1
2025-10-19,SP1,Celta,Sociedad,1,0.2,adaptive_mondrian_g0.02,1,1,0
2025-10-19,D1,Freiburg,Ein Frankfurt,1,0.2,adaptive_mondrian_g0.02,1,1,1
2025-10-19,E0,Tottenham,Aston Villa,2,0.2,adaptive_mondrian_g0.02,1,1,1
2025-10-19,E0,Liverpool,Man United,2,0.2,adaptive_mondrian_g0.02,1,0,0
2025-10-19,I1,Milan,Fiorentina,0,0.2,adaptive_mondrian_g0.02,1,1,0
2025-10-19,F1,Lens,Paris FC,0,0.2,adaptive_mondrian_g0.02,1,0,0
2025-10-19,SP1,Elche,Ath Bilbao,1,0.2,adaptive_mondrian_g0.02,0,1,1
2025-10-20,I1,Cremonese,Udinese,1,0.2,adaptive_mondrian_g0.02,0,1,1
2025-10-20,SP1,Alaves,Valencia,1,0.2,adaptive_mondrian_g0.02,1,1,0
2025-10-20,E0,West Ham,Brentford,2,0.2,adaptive_mondrian_g0.02,1,1,1
2025-10-24,D1,Werder Bremen,Union Berlin,0,0.2,adaptive_mondrian_g0.02,1,1,1
2025-10-24,SP1,Sociedad,Sevilla,0,0.2,adaptive_mondrian_g0.02,1,1,0
2025-10-24,F1,Paris FC,Nantes,2,0.2,adaptive_mondrian_g0.02,1,0,0
2025-10-24,E0,Leeds,West Ham,0,0.2,adaptive_mondrian_g0.02,1,1,0
2025-10-24,I1,Milan,Pisa,1,0.2,adaptive_mondrian_g0.02,1,0,0
2025-10-25,SP1,Ath Bilbao,Getafe,2,0.2,adaptive_mondrian_g0.02,1,1,0
2025-10-25,D1,Dortmund,FC Koln,0,0.2,adaptive_mondrian_g0.02,1,0,0
2025-10-25,D1,M'gladbach,Bayern Munich,2,0.2,adaptive_mondrian_g0.02,0,0,1
2025-10-25,E0,Chelsea,Sunderland,2,0.2,adaptive_mondrian_g0.02,1,0,0
2025-10-25,D1,Hamburg,Wolfsburg,2,0.2,adaptive_mondrian_g0.02,1,1,1
2025-10-25,D1,Ein Frankfurt,St Pauli,0,0.2,adaptive_mondrian_g0.02,1,0,0
2025-10-25,D1,Augsburg,RB Leipzig,2,0.2,adaptive_mondrian_g0.02,0,0,1
2025-10-25,E0,Newcastle,Fulham,0,0.2,adaptive_mondrian_g0.02,1,0,0
2025-10-25,E0,Brentford,Liverpool,0,0.2,adaptive_mondrian_g0.02,0,0,1
2025-10-25,SP1,Valencia,Villarreal,2,0.2,adaptive_mondrian_g0.02,0,1,1
2025-10-25,E0,Man United,Brighton,0,0.2,adaptive_mondrian_g0.02,1,0,1
2025-10-25,D1,Hoffenheim,Heidenheim,0,0.2,adaptive_mondrian_g0.02,1,0,0
2025-10-25,SP1,Espanol,Elche,0,0.2,adaptive_mondrian_g0.02,1,1,0
2025-10-25,I1,Parma,Como,1,0.2,adaptive_mondrian_g0.02,0,1,1
2025-10-25,I1,Napoli,Inter,0,0.2,adaptive_mondrian_g0.02,0,1,1
2025-10-25,I1,Udinese,Lecce,0,0.2,adaptive_mondrian_g0.02,1,1,0
2025-10-25,F1,Brest,Paris SG,2,0.2,adaptive_mondrian_g0.02,0,0,1
2025-10-25,F1,Monaco,Toulouse,0,0.2,adaptive_mondrian_g0.02,1,1,1
2025-10-25,F1,Lens,Marseille,0,0.2,adaptive_mondrian_g0.02,1,1,1
2025-10-25,SP1,Girona,Oviedo,1,0.2,adaptive_mondrian_g0.02,1,1,0
2025-10-25,I1,Cremonese,Atalanta,1,0.2,adaptive_mondrian_g0.02,0,0,1
2025-10-26,E0,Aston Villa,Man City,0,0.2,adaptive_mondrian_g0.02,0,1,1
2025-10-26,E0,Arsenal,Crystal Palace,0,0.2,adaptive_mondrian_g0.02,1,0,0
2025-10-26,D1,Leverkusen,Freiburg,0,0.2,adaptive_mondrian_g0.02,1,1,1
2025-10-26,SP1,Mallorca,Levante,1,0.2,adaptive_mondrian_g0.02,1,1,0
2025-10-26,SP1,Vallecano,Alaves,0,0.2,adaptive_mondrian_g0.02,1,1,1
2025-10-26,SP1,Osasuna,Celta,2,0.2,adaptive_mondrian_g0.02,1,1,1
2025-10-26,E0,Everton,Tottenham,2,0.2,adaptive_mondrian_g0.02,1,1,1
2025-10-26,E0,Bournemouth,Nott'm Forest,0,0.2,adaptive_mondrian_g0.02,1,1,1
2025-10-26,SP1,Real Madrid,Barcelona,0,0.2,adaptive_mondrian_g0.02,1,0,1
2025-10-26,E0,Wolves,Burnley,2,0.2,adaptive_mondrian_g0.02,1,1,0
2025-10-26,F1,Auxerre,Le Havre,2,0.2,adaptive_mondrian_g0.02,1,1,0
2025-10-26,F1,Angers,Lorient,0,0.2,adaptive_mondrian_g0.02,0,1,1
2025-10-26,I1,Fiorentina,Bologna,1,0.2,adaptive_mondrian_g0.02,0,1,1
2025-10-26,I1,Verona,Cagliari,1,0.2,adaptive_mondrian_g0.02,1,1,0
2025-10-26,I1,Sassuolo,Roma,2,0.2,adaptive_mondrian_g0.02,0,1,1
2025-10-26,I1,Lazio,Juventus,0,0.2,adaptive_mondrian_g0.02,0,1,1
2025-10-26,F1,Lille,Metz,0,0.2,adaptive_mondrian_g0.02,1,0,0
2025-10-26,F1,Lyon,Strasbourg,0,0.2,adaptive_mondrian_g0.02,1,1,0
2025-10-26,I1,Torino,Genoa,0,0.2,adaptive_mondrian_g0.02,1,1,1
2025-10-26,F1,Rennes,Nice,2,0.2,adaptive_mondrian_g0.02,1,1,1
2025-10-26,D1,Stuttgart,Mainz,0,0.2,adaptive_mondrian_g0.02,1,1,1
2025-10-27,SP1,Betis,Ath Madrid,2,0.2,adaptive_mondrian_g0.02,0,1,1
2025-10-28,I1,Lecce,Napoli,2,0.2,adaptive_mondrian_g0.02,0,1,1
2025-10-28,I1,Atalanta,Milan,1,0.2,adaptive_mondrian_g0.02,1,1,1
2025-10-29,F1,Toulouse,Rennes,1,0.2,adaptive_mondrian_g0.02,1,1,0
2025-10-29,I1,Bologna,Torino,1,0.2,adaptive_mondrian_g0.02,1,1,0
2025-10-29,F1,Marseille,Angers,1,0.2,adaptive_mondrian_g0.02,1,0,0
2025-10-29,I1,Inter,Fiorentina,0,0.2,adaptive_mondrian_g0.02,1,0,0
2025-10-29,F1,Le Havre,Brest,0,0.2,adaptive_mondrian_g0.02,0,1,1
2025-10-29,I1,Genoa,Cremonese,2,0.2,adaptive_mondrian_g0.02,1,1,0
2025-10-29,I1,Roma,Parma,0,0.2,adaptive_mondrian_g0.02,1,0,0
2025-10-29,F1,Lorient,Paris SG,1,0.2,adaptive_mondrian_g0.02,0,0,1
2025-10-29,I1,Como,Verona,0,0.2,adaptive_mondrian_g0.02,1,0,0
2025-10-29,F1,Metz,Lens,0,0.2,adaptive_mondrian_g0.02,0,0,1
2025-10-29,I1,Juventus,Udinese,0,0.2,adaptive_mondrian_g0.02,1,0,0
2025-10-29,F1,Nice,Lille,0,0.2,adaptive_mondrian_g0.02,0,0,1
2025-10-29,F1,Strasbourg,Auxerre,0,0.2,adaptive_mondrian_g0.02,1,0,0
2025-10-29,F1,Nantes,Monaco,2,0.2,adaptive_mondrian_g0.02,0,0,1
2025-10-29,F1,Paris FC,Lyon,1,0.2,adaptive_mondrian_g0.02,1,1,1
2025-10-30,I1,Cagliari,Sassuolo,2,0.2,adaptive_mondrian_g0.02,1,1,1
2025-10-30,I1,Pisa,Lazio,1,0.2,adaptive_mondrian_g0.02,0,1,1
2025-10-31,SP1,Getafe,Girona,0,0.2,adaptive_mondrian_g0.02,1,1,0
2025-10-31,D1,Augsburg,Dortmund,2,0.2,adaptive_mondrian_g0.02,0,0,1
2025-11-01,E0,Nott'm Forest,Man United,1,0.2,adaptive_mondrian_g0.02,0,0,1
2025-11-01,E0,Crystal Palace,Brentford,0,0.2,adaptive_mondrian_g0.02,1,1,1
2025-11-01,E0,Brighton,Leeds,0,0.2,adaptive_mondrian_g0.02,1,1,0
2025-11-01,SP1,Villarreal,Vallecano,0,0.2,adaptive_mondrian_g0.02,1,0,0
2025-11-01,SP1,Ath Madrid,Sevilla,0,0.2,adaptive_mondrian_g0.02,1,0,0
2025-11-01,SP1,Sociedad,Ath Bilbao,0,0.2,adaptive_mondrian_g0.02,1,1,1
2025-11-01,E0,Liverpool,Aston Villa,0,0.2,adaptive_mondrian_g0.02,1,0,0
2025-11-01,E0,Tottenham,Chelsea,2,0.2,adaptive_mondrian_g0.02,0,1,1
2025-11-01,E0,Fulham,Wolves,0,0.2,adaptive_mondrian_g0.02,1,0,0
2025-11-01,E0,Burnley,Arsenal,2,0.2,adaptive_mondrian_g0.02,0,0,1
2025-11-01,D1,Bayern Munich,Leverkusen,0,0.2,adaptive_mondrian_g0.02,1,0,0
2025-11-01,SP1,Real Madrid,Valencia,0,0.2,adaptive_mondrian_g0.02,1,0,0
2025-11-01,F1,Auxerre,Marseille,2,0.2,adaptive_mondrian_g0.02,0,0,1
2025-11-01,D1,St Pauli,M'gladbach,2,0.2,adaptive_mondrian_g0.02,1,1,1
2025-11-01,F1,Monaco,Paris FC,2,0.2,adaptive_mondrian_g0.02,1,0,0
2025-11-01,D1,Mainz,Werder Bremen,1,0.2,adaptive_mondrian_g0.02,1,0,0
2025-11-01,D1,RB Leipzig,Stuttgart,0,0.2,adaptive_mondrian_g0.02,1,0,1
2025-11-01,I1,Cremonese,Juventus,2,0.2,adaptive_mondrian_g0.02,0,0,1
2025-11-01,D1,Heidenheim,Ein Frankfurt,1,0.2,adaptive_mondrian_g0.02,0,0,1
2025-11-01,D1,Union Berlin,Freiburg,1,0.2,adaptive_mondrian_g0.02,1,1,1
2025-11-01,F1,Paris SG,Nice,0,0.2,adaptive_mondrian_g0.02,1,0,0
2025-11-01,I1,Napoli,Como,1,0.2,adaptive_mondrian_g0.02,1,1,0
2025-11-01,I1,Udinese,Atalanta,0,0.2,adaptive_mondrian_g0.02,0,0,1
2025-11-02,F1,Lens,Lorient,0,0.2,adaptive_mondrian_g0.02,1,0,0
2025-11-02,E0,West Ham,Newcastle,0,0.2,adaptive_mondrian_g0.02,0,0,1
2025-11-02,E0,Man City,Bournemouth,0,0.2,adaptive_mondrian_g0.02,1,0,0
2025-11-02,D1,FC Koln,Hamburg,0,0.2,adaptive_mondrian_g0.02,1,1,1
2025-11-02,D1,Wolfsburg,Hoffenheim,2,0.2,adaptive_mondrian_g0.02,0,0,1
2025-11-02,I1,Fiorentina,Lecce,2,0.2,adaptive_mondrian_g0.02,1,1,0
2025-11-02,F1,Rennes,Strasbourg,0,0.2,adaptive_mondrian_g0.02,1,1,1
2025-11-02,SP1,Barcelona,Elche,0,0.2,adaptive_mondrian_g0.02,1,0,0
2025-11-02,F1,Lille,Angers,0,0.2,adaptive_mondrian_g0.02,1,0,0
2025-11-02,I1,Torino,Pisa,1,0.2,adaptive_mondrian_g0.02,1,1,0
2025-11-02,F1,Toulouse,Le Havre,1,0.2,adaptive_mondrian_g0.02,1,1,0
2025-11-02,F1,Brest,Lyon,1,0.2,adaptive_mondrian_g0.02,0,1,1
2025-11-02,I1,Parma,Bologna,2,0.2,adaptive_mondrian_g0.02,0,1,1
2025-11-02,I1,Milan,Roma,0,0.2,adaptive_mondrian_g0.02,1,1,1
2025-11-02,SP1,Betis,Mallorca,0,0.2,adaptive_mondrian_g0.02,1,0,0
2025-11-02,I1,Verona,Inter,2,0.2,adaptive_mondrian_g0.02,0,0,1
2025-11-02,SP1,Levante,Celta,2,0.2,adaptive_mondrian_g0.02,0,1,1
2025-11-02,SP1,Alaves,Espanol,0,0.2,adaptive_mondrian_g0.02,1,1,1
2025-11-02,F1,Nantes,Metz,2,0.2,adaptive_mondrian_g0.02,1,1,1
2025-11-03,E0,Sunderland,Everton,1,0.2,adaptive_mondrian_g0.02,0,1,1
2025-11-03,I1,Sassuolo,Genoa,2,0.2,adaptive_mondrian_g0.02,0,1,1
2025-11-03,I1,Lazio,Cagliari,0,0.2,adaptive_mondrian_g0.02,1,1,0
2025-11-03,SP1,Oviedo,Osasuna,1,0.2,adaptive_mondrian_g0.02,0,1,1
2025-11-07,SP1,Elche,Sociedad,1,0.2,adaptive_mondrian_g0.02,0,1,1
2025-11-07,D1,Werder Bremen,Wolfsburg,0,0.2,adaptive_mondrian_g0.02,1,1,1
2025-11-07,I1,Pisa,Cremonese,0,0.2,adaptive_mondrian_g0.02,1,1,1
2025-11-07,F1,Paris FC,Rennes,2,0.2,adaptive_mondrian_g0.02,1,1,1
2025-11-08,F1,Le Havre,Nantes,1,0.2,adaptive_mondrian_g0.02,1,1,0
2025-11-08,F1,Marseille,Brest,0,0.2,adaptive_mondrian_g0.02,1,0,0
2025-11-08,E0,West Ham,Burnley,0,0.2,adaptive_mondrian_g0.02,1,1,0
2025-11-08,E0,Sunderland,Arsenal,1,0.2,adaptive_mondrian_g0.02,0,0,1
2025-11-08,E0,Chelsea,Wolves,0,0.2,adaptive_mondrian_g0.02,1,0,0
2025-11-08,SP1,Girona,Alaves,0,0.2,adaptive_mondrian_g0.02,1,1,0
2025-11-08,SP1,Ath Madrid,Levante,0,0.2,adaptive_mondrian_g0.02,1,0,0
2025-11-08,F1,Monaco,Lens,2,0.2,adaptive_mondrian_g0.02,1,0,1
2025-11-08,SP1,Sevilla,Osasuna,0,0.2,adaptive_mondrian_g0.02,1,1,1
2025-11-08,E0,Everton,Fulham,0,0.2,adaptive_mondrian_g0.02,1,1,1
2025-11-08,E0,Tottenham,Man United,1,0.2,adaptive_mondrian_g0.02,0,1,1
2025-11-08,SP1,Espanol,Villarreal,2,0.2,adaptive_mondrian_g0.02,0,1,1
2025-11-08,D1,Hamburg,Dortmund,1,0.2,adaptive_mondrian_g0.02,0,0,1
2025-11-08,D1,Hoffenheim,RB Leipzig,0,0.2,adaptive_mondrian_g0.02,0,0,1
2025-11-08,D1,Leverkusen,Heidenheim,0,0.2,adaptive_mondrian_g0.02,1,0,0
2025-11-08,D1,Union Berlin,Bayern Munich,1,0.2,adaptive_mondrian_g0.02,0,0,1
2025-11-08,I1,Lecce,Verona,1,0.2,adaptive_mondrian_g0.02,0,1,1
2025-11-08,I1,Juventus,Torino,1,0.2,adaptive_mondrian_g0.02,1,0,0
2025-11-08,I1,Parma,Milan,1,0.2,adaptive_mondrian_g0.02,0,0,1
2025-11-08,D1,M'gladbach,FC Koln,0,0.2,adaptive_mondrian_g0.02,1,1,1
2025-11-08,I1,Como,Cagliari,1,0.2,adaptive_mondrian_g0.02,1,0,0
2025-11-09,I1,Genoa,Fiorentina,1,0.2,adaptive_mondrian_g0.02,0,1,1
2025-11-09,E0,Man City,Liverpool,0,0.2,adaptive_mondrian_g0.02,1,1,0
2025-11-09,E0,Nott'm Forest,Leeds,0,0.2,adaptive_mondrian_g0.02,1,1,0
2025-11-09,E0,Crystal Palace,Brighton,1,0.2,adaptive_mondrian_g0.02,1,1,1
2025-11-09,F1,Strasbourg,Lille,0,0.2,adaptive_mondrian_g0.02,0,1,1
2025-11-09,I1,Roma,Udinese,0,0.2,adaptive_mondrian_g0.02,1,0,0
2025-11-09,I1,Inter,Lazio,0,0.2,adaptive_mondrian_g0.02,1,0,0
2025-11-09,I1,Bologna,Napoli,0,0.2,adaptive_mondrian_g0.02,0,1,1
2025-11-09,E0,Brentford,Newcastle,0,0.2,adaptive_mondrian_g0.02,0,1,1
2025-11-09,I1,Atalanta,Sassuolo,2,0.2,adaptive_mondrian_g0.02,1,0,0
2025-11-09,SP1,Mallorca,Getafe,0,0.2,adaptive_mondrian_g0.02,0,1,1
2025-11-09,E0,Aston Villa,Bournemouth,0,0.2,adaptive_mondrian_g0.02,1,1,1
2025-11-09,D1,Stuttgart,Augsburg,0,0.2,adaptive_mondrian_g0.02,1,0,0
2025-11-09,F1,Angers,Auxerre,0,0.2,adaptive_mondrian_g0.02,0,1,1
2025-11-09,SP1,Ath Bilbao,Oviedo,0,0.2,adaptive_mondrian_g0.02,1,1,0
2025-11-09,SP1,Valencia,Betis,1,0.2,adaptive_mondrian_g0.02,0,1,1
2025-11-09,D1,Freiburg,St Pauli,0,0.2,adaptive_mondrian_g0.02,1,1,0
2025-11-09,D1,Ein Frankfurt,Mainz,0,0.2,adaptive_mondrian_g0.02,1,1,0
2025-11-09,F1,Lorient,Toulouse,1,0.2,adaptive_mondrian_g0.02,0,1,1
2025-11-09,F1,Metz,Nice,0,0.2,adaptive_mondrian_g0.02,0,1,1
2025-11-09,F1,Lyon,Paris SG,2,0.2,adaptive_mondrian_g0.02,0,0,1
2025-11-09,SP1,Vallecano,Real Madrid,1,0.2,adaptive_mondrian_g0.02,0,0,1
2025-11-09,SP1,Celta,Barcelona,2,0.2,adaptive_mondrian_g0.02,0,0,1
2025-11-21,SP1,Valencia,Levante,0,0.2,adaptive_mondrian_g0.02,1,1,1
2025-11-21,D1,Mainz,Hoffenheim,1,0.2,adaptive_mondrian_g0.02,1,1,1
2025-11-21,F1,Nice,Marseille,2,0.2,adaptive_mondrian_g0.02,0,1,1
2025-11-22,SP1,Villarreal,Mallorca,0,0.2,adaptive_mondrian_g0.02,1,0,0
2025-11-22,SP1,Alaves,Celta,2,0.2,adaptive_mondrian_g0.02,1,1,1
2025-11-22,SP1,Barcelona,Ath Bilbao,0,0.2,adaptive_mondrian_g0.02,1,0,0
2025-11-22,SP1,Osasuna,Sociedad,2,0.2,adaptive_mondrian_g0.02,1,1,1
2025-11-22,D1,Augsburg,Hamburg,0,0.2,adaptive_mondrian_g0.02,1,1,1
2025-11-22,D1,FC Koln,Ein Frankfurt,2,0.2,adaptive_mondrian_g0.02,1,1,1
2025-11-22,I1,Udinese,Bologna,2,0.2,adaptive_mondrian_g0.02,0,1,1
2025-11-22,F1,Lens,Strasbourg,0,0.2,adaptive_mondrian_g0.02,1,1,1
2025-11-22,F1,Rennes,Monaco,0,0.2,adaptive_mondrian_g0.02,1,1,1
2025-11-22,F1,Paris SG,Le Havre,0,0.2,adaptive_mondrian_g0.02,1,0,0
2025-11-22,I1,Cagliari,Genoa,1,0.2,adaptive_mondrian_g0.02,0,1,1
2025-11-22,D1,Wolfsburg,Leverkusen,2,0.2,adaptive_mondrian_g0.02,0,1,1
2025-11-22,E0,Newcastle,Man City,0,0.2,adaptive_mondrian_g0.02,0,1,1
2025-11-22,I1,Napoli,Atalanta,0,0.2,adaptive_mondrian_g0.02,1,1,1
2025-11-22,E0,Bournemouth,West Ham,1,0.2,adaptive_mondrian_g0.02,1,0,0
2025-11-22,E0,Fulham,Sunderland,0,0.2,adaptive_mondrian_g0.02,1,1,0
2025-11-22,E0,Liverpool,Nott'm Forest,2,0.2,adaptive_mondrian_g0.02,1,0,0
2025-11-22,E0,Wolves,Crystal Palace,2,0.2,adaptive_mondrian_g0.02,0,1,1
2025-11-22,E0,Brighton,Brentford,0,0.2,adaptive_mondrian_g0.02,1,1,1
2025-11-22,E0,Burnley,Chelsea,2,0.2,adaptive_mondrian_g0.02,0,0,1
2025-11-22,I1,Fiorentina,Juventus,1,0.2,adaptive_mondrian_g0.02,0,1,1
2025-11-22,D1,Dortmund,Stuttgart,1,0.2,adaptive_mondrian_g0.02,1,1,0
2025-11-22,D1,Bayern Munich,Freiburg,0,0.2,adaptive_mondrian_g0.02,1,0,0
2025-11-22,D1,Heidenheim,M'gladbach,2,0.2,adaptive_mondrian_g0.02,0,1,1
2025-11-23,F1,Nantes,Lorient,1,0.2,adaptive_mondrian_g0.02,0,1,1
2025-11-23,I1,Inter,Milan,2,0.2,adaptive_mondrian_g0.02,1,1,0
2025-11-23,D1,RB Leipzig,Werder Bremen,0,0.2,adaptive_mondrian_g0.02,1,0,0
2025-11-23,I1,Lazio,Lecce,0,0.2,adaptive_mondrian_g0.02,1,1,0
2025-11-23,I1,Cremonese,Roma,2,0.2,adaptive_mondrian_g0.02,0,1,1
2025-11-23,I1,Verona,Parma,2,0.2,adaptive_mondrian_g0.02,1,1,0
2025-11-23,F1,Toulouse,Angers,2,0.2,adaptive_mondrian_g0.02,1,1,0
2025-11-23,F1,Brest,Metz,0,0.2,adaptive_mondrian_g0.02,1,1,0
2025-11-23,F1,Lille,Paris FC,0,0.2,adaptive_mondrian_g0.02,1,1,0
2025-11-23,E0,Leeds,Aston Villa,2,0.2,adaptive_mondrian_g0.02,0,1,1
2025-11-23,D1,St Pauli,Union Berlin,2,0.2,adaptive_mondrian_g0.02,0,1,1
2025-11-23,E0,Arsenal,Tottenham,0,0.2,adaptive_mondrian_g0.02,1,0,0
2025-11-23,SP1,Oviedo,Vallecano,1,0.2,adaptive_mondrian_g0.02,0,1,1
2025-11-23,SP1,Getafe,Ath Madrid,2,0.2,adaptive_mondrian_g0.02,0,1,1
2025-11-23,SP1,Betis,Girona,1,0.2,adaptive_mondrian_g0.02,1,0,0
2025-11-23,SP1,Elche,Real Madrid,1,0.2,adaptive_mondrian_g0.02,0,0,1
2025-11-23,F1,Auxerre,Lyon,1,0.2,adaptive_mondrian_g0.02,0,1,1
2025-11-24,E0,Man United,Everton,2,0.2,adaptive_mondrian_g0.02,1,1,0
2025-11-24,I1,Sassuolo,Pisa,1,0.2,adaptive_mondrian_g0.02,1,1,0
2025-11-24,I1,Torino,Como,2,0.2,adaptive_mondrian_g0.02,0,1,1
2025-11-24,SP1,Espanol,Sevilla,0,0.2,adaptive_mondrian_g0.02,1,1,0
2025-11-28,SP1,Getafe,Elche,0,0.2,adaptive_mondrian_g0.02,1,1,1
2025-11-28,I1,Como,Sassuolo,0,0.2,adaptive_mondrian_g0.02,1,1,0
2025-11-28,D1,M'gladbach,RB Leipzig,1,0.2,adaptive_mondrian_g0.02,0,1,1
2025-11-28,F1,Metz,Rennes,2,0.2,adaptive_mondrian_g0.02,0,1,1
2025-11-29,SP1,Levante,Ath Bilbao,2,0.2,adaptive_mondrian_g0.02,0,1,1
2025-11-29,E0,Everton,Newcastle,2,0.2,adaptive_mondrian_g0.02,0,1,1
2025-11-29,E0,Sunderland,Bournemouth,0,0.2,adaptive_mondrian_g0.02,0,1,1
2025-11-29,E0,Tottenham,Fulham,2,0.2,adaptive_mondrian_g0.02,1,1,1
2025-11-29,E0,Brentford,Burnley,0,0.2,adaptive_mondrian_g0.02,1,0,0
2025-11-29,F1,Monaco,Paris SG,0,0.2,adaptive_mondrian_g0.02,0,0,1
2025-11-29,SP1,Mallorca,Osasuna,1,0.2,adaptive_mondrian_g0.02,1,1,1
2025-11-29,F1,Paris FC,Auxerre,1,0.2,adaptive_mondrian_g0.02,1,1,0
2025-11-29,F1,Marseille,Toulouse,1,0.2,adaptive_mondrian_g0.02,1,1,0
2025-11-29,D1,Leverkusen,Dortmund,2,0.2,adaptive_mondrian_g0.02,0,1,1
2025-11-29,E0,Man City,Leeds,0,0.2,adaptive_mondrian_g0.02,1,0,0
2025-11-29,D1,Bayern Munich,St Pauli,0,0.2,adaptive_mondrian_g0.02,1,0,0
2025-11-29,D1,Hoffenheim,Augsburg,0,0.2,adaptive_mondrian_g0.02,1,0,0
2025-11-29,SP1,Ath Madrid,Oviedo,0,0.2,adaptive_mondrian_g0.02,1,0,0
2025-11-29,D1,Union Berlin,Heidenheim,2,0.2,adaptive_mondrian_g0.02,1,1,0
2025-11-29,D1,Werder Bremen,FC Koln,1,0.2,adaptive_mondrian_g0.02,1,1,1
2025-11-29,I1,Juventus,Cagliari,0,0.2,adaptive_mondrian_g0.02,1,0,0
2025-11-29,I1,Genoa,Verona,0,0.2,adaptive_mondrian_g0.02,1,1,0
2025-11-29,I1,Milan,Lazio,0,0.2,adaptive_mondrian_g0.02,1,1,0
2025-11-29,SP1,Barcelona,Alaves,0,0.2,adaptive_mondrian_g0.02,1,0,0
2025-11-29,I1,Parma,Udinese,2,0.2,adaptive_mondrian_g0.02,0,1,1
2025-11-30,D1,Hamburg,Stuttgart,0,0.2,adaptive_mondrian_g0.02,0,1,1
2025-11-30,F1,Le Havre,Lille,2,0.2,adaptive_mondrian_g0.02,0,1,1
2025-11-30,F1,Lyon,Nantes,0,0.2,adaptive_mondrian_g0.02,1,0,0
2025-11-30,F1,Lorient,Nice,0,0.2,adaptive_mondrian_g0.02,1,1,1
2025-11-30,SP1,Girona,Real Madrid,1,0.2,adaptive_mondrian_g0.02,0,0,1
2025-11-30,I1,Roma,Napoli,2,0.2,adaptive_mondrian_g0.02,0,1,1
2025-11-30,SP1,Sevilla,Betis,2,0.2,adaptive_mondrian_g0.02,0,1,1
2025-11-30,D1,Ein Frankfurt,Wolfsburg,1,0.2,adaptive_mondrian_g0.02,1,1,1
2025-11-30,SP1,Sociedad,Villarreal,2,0.2,adaptive_mondrian_g0.02,0,1,1
2025-11-30,D1,Freiburg,Mainz,0,0.2,adaptive_mondrian_g0.02,1,1,0
2025-11-30,SP1,Celta,Espanol,2,0.2,adaptive_mondrian_g0.02,1,1,0
2025-11-30,I1,Lecce,Torino,0,0.2,adaptive_mondrian_g0.02,0,1,1
2025-11-30,I1,Pisa,Inter,2,0.2,adaptive_mondrian_g0.02,0,0,1
2025-11-30,F1,Angers,Lens,2,0.2,adaptive_mondrian_g0.02,0,1,1
2025-11-30,F1,Strasbourg,Brest,2,0.2,adaptive_mondrian_g0.02,1,1,0
2025-11-30,E0,Crystal Palace,Man United,2,0.2,adaptive_mondrian_g0.02,1,1,1
2025-11-30,I1,Atalanta,Fiorentina,0,0.2,adaptive_mondrian_g0.02,1,0,0
2025-11-30,E0,Nott'm Forest,Brighton,2,0.2,adaptive_mondrian_g0.02,0,1,1
2025-11-30,E0,West Ham,Liverpool,2,0.2,adaptive_mondrian_g0.02,0,0,1
2025-11-30,E0,Chelsea,Arsenal,1,0.2,adaptive_mondrian_g0.02,0,1,1
2025-11-30,E0,Aston Villa,Wolves,0,0.2,adaptive_mondrian_g0.02,1,0,0
2025-12-01,SP1,Vallecano,Valencia,1,0.2,adaptive_mondrian_g0.02,1,1,0
2025-12-01,I1,Bologna,Cremonese,2,0.2,adaptive_mondrian_g0.02,1,1,0
2025-12-02,E0,Fulham,Man City,2,0.2,adaptive_mondrian_g0.02,0,0,1
2025-12-02,E0,Newcastle,Tottenham,1,0.2,adaptive_mondrian_g0.02,1,1,0
2025-12-02,SP1,Barcelona,Ath Madrid,0,0.2,adaptive_mondrian_g0.02,1,0,0
2025-12-02,E0,Bournemouth,Everton,2,0.2,adaptive_mondrian_g0.02,1,1,1
2025-12-03,E0,Wolves,Nott'm Forest,2,0.2,adaptive_mondrian_g0.02,0,1,1
2025-12-03,E0,Leeds,Chelsea,0,0.2,adaptive_mondrian_g0.02,0,1,1
2025-12-03,E0,Burnley,Crystal Palace,2,0.2,adaptive_mondrian_g0.02,0,1,1
2025-12-03,E0,Brighton,Aston Villa,2,0.2,adaptive_mondrian_g0.02,1,1,1
2025-12-03,E0,Liverpool,Sunderland,1,0.2,adaptive_mondrian_g0.02,1,0,0
2025-12-03,SP1,Ath Bilbao,Real Madrid,2,0.2,adaptive_mondrian_g0.02,0,1,1
2025-12-03,E0,Arsenal,Brentford,0,0.2,adaptive_mondrian_g0.02,1,0,0
2025-12-04,E0,Man United,West Ham,1,0.2,adaptive_mondrian_g0.02,1,0,0
2025-12-05,SP1,Oviedo,Mallorca,1,0.2,adaptive_mondrian_g0.02,0,1,1
2025-12-05,F1,Brest,Monaco,0,0.2,adaptive_mondrian_g0.02,0,1,1
2025-12-05,D1,Mainz,M'gladbach,2,0.2,adaptive_mondrian_g0.02,0,1,1
2025-12-05,F1,Lille,Marseille,0,0.2,adaptive_mondrian_g0.02,1,1,1
2025-12-06,E0,Newcastle,Burnley,0,0.2,adaptive_mondrian_g0.02,1,0,0
2025-12-06,F1,Nantes,Lens,2,0.2,adaptive_mondrian_g0.02,0,1,1
2025-12-06,E0,Everton,Nott'm Forest,0,0.2,adaptive_mondrian_g0.02,1,1,0
2025-12-06,E0,Man City,Sunderland,0,0.2,adaptive_mondrian_g0.02,1,0,0
2025-12-06,I1,Inter,Como,0,0.2,adaptive_mondrian_g0.02,1,0,0
2025-12-06,I1,Verona,Atalanta,0,0.2,adaptive_mondrian_g0.02,0,1,1
2025-12-06,E0,Bournemouth,Chelsea,1,0.2,adaptive_mondrian_g0.02,0,1,1
2025-12-06,F1,Paris SG,Rennes,0,0.2,adaptive_mondrian_g0.02,1,0,0
2025-12-06,E0,Tottenham,Brentford,0,0.2,adaptive_mondrian_g0.02,1,1,1
2025-12-06,E0,Aston Villa,Arsenal,0,0.2,adaptive_mondrian_g0.02,0,1,1
2025-12-06,E0,Leeds,Liverpool,1,0.2,adaptive_mondrian_g0.02,0,1,1
2025-12-06,SP1,Villarreal,Getafe,0,0.2,adaptive_mondrian_g0.02,1,1,0
2025-12-06,SP1,Ath Bilbao,Ath Madrid,0,0.2,adaptive_mondrian_g0.02,0,1,1
2025-12-06,F1,Toulouse,Strasbourg,0,0.2,adaptive_mondrian_g0.02,1,1,1
2025-12-06,D1,RB Leipzig,Ein Frankfurt,0,0.2,adaptive_mondrian_g0.02,1,1,0
2025-12-06,I1,Sassuolo,Fiorentina,0,0.2,adaptive_mondrian_g0.02,0,1,1
2025-12-06,D1,Augsburg,Leverkusen,0,0.2,adaptive_mondrian_g0.02,0,1,1
2025-12-06,SP1,Alaves,Sociedad,0,0.2,adaptive_mondrian_g0.02,0,1,1
2025-12-06,D1,Heidenheim,Freiburg,0,0.2,adaptive_mondrian_g0.02,0,1,1
2025-12-06,D1,Stuttgart,Bayern Munich,2,0.2,adaptive_mondrian_g0.02,0,0,1
2025-12-06,D1,Wolfsburg,Union Berlin,0,0.2,adaptive_mondrian_g0.02,1,1,0
2025-12-06,SP1,Betis,Barcelona,2,0.2,adaptive_mondrian_g0.02,0,1,1
2025-12-06,D1,FC Koln,St Pauli,1,0.2,adaptive_mondrian_g0.02,1,1,0
2025-12-07,D1,Hamburg,Werder Bremen,0,0.2,adaptive_mondrian_g0.02,1,1,1
2025-12-07,F1,Lorient,Lyon,0,0.2,adaptive_mondrian_g0.02,0,1,1
2025-12-07,SP1,Elche,Girona,0,0.2,adaptive_mondrian_g0.02,1,1,0
2025-12-07,E0,Brighton,West Ham,1,0.2,adaptive_mondrian_g0.02,1,0,0
2025-12-07,I1,Napoli,Juventus,0,0.2,adaptive_mondrian_g0.02,1,1,1
2025-12-07,D1,Dortmund,Hoffenheim,0,0.2,adaptive_mondrian_g0.02,1,0,0
2025-12-07,I1,Cremonese,Lecce,0,0.2,adaptive_mondrian_g0.02,1,1,1
2025-12-07,F1,Le Havre,Paris FC,1,0.2,adaptive_mondrian_g0.02,1,1,1
2025-12-07,I1,Lazio,Bologna,1,0.2,adaptive_mondrian_g0.02,1,1,1
2025-12-07,SP1,Real Madrid,Celta,2,0.2,adaptive_mondrian_g0.02,1,0,0
2025-12-07,E0,Fulham,Crystal Palace,2,0.2,adaptive_mondrian_g0.02,1,1,1
2025-12-07,I1,Cagliari,Roma,0,0.2,adaptive_mondrian_g0.02,0,1,1
2025-12-07,F1,Auxerre,Metz,0,0.2,adaptive_mondrian_g0.02,1,1,0
2025-12-07,F1,Nice,Angers,2,0.2,adaptive_mondrian_g0.02,1,1,0
2025-12-07,SP1,Valencia,Sevilla,1,0.2,adaptive_mondrian_g0.02,1,1,0
2025-12-07,SP1,Espanol,Vallecano,0,0.2,adaptive_mondrian_g0.02,1,1,1
2025-12-08,I1,Pisa,Parma,2,0.2,adaptive_mondrian_g0.02,1,1,1
2025-12-08,I1,Torino,Milan,2,0.2,adaptive_mondrian_g0.02,0,1,1
2025-12-08,I1,Udinese,Genoa,2,0.2,adaptive_mondrian_g0.02,1,1,1
2025-12-08,E0,Wolves,Man United,2,0.2,adaptive_mondrian_g0.02,0,1,1
2025-12-08,SP1,Osasuna,Levante,0,0.2,adaptive_mondrian_g0.02,1,1,0
2025-12-12,I1,Lecce,Pisa,0,0.2,adaptive_mondrian_g0.02,1,1,1
2025-12-12,F1,Angers,Nantes,0,0.2,adaptive_mondrian_g0.02,1,1,0
2025-12-12,D1,Union Berlin,RB Leipzig,0,0.2,adaptive_mondrian_g0.02,1,1,1
2025-12-12,SP1,Sociedad,Girona,2,0.2,adaptive_mondrian_g0.02,1,1,0
2025-12-13,SP1,Mallorca,Elche,0,0.2,adaptive_mondrian_g0.02,1,1,1
2025-12-13,E0,Chelsea,Everton,0,0.2,adaptive_mondrian_g0.02,1,1,0
2025-12-13,F1,Paris FC,Toulouse,2,0.2,adaptive_mondrian_g0.02,1,1,1
2025-12-13,I1,Parma,Lazio,2,0.2,adaptive_mondrian_g0.02,0,1,1
2025-12-13,I1,Atalanta,Cagliari,0,0.2,adaptive_mondrian_g0.02,1,0,0
2025-12-13,SP1,Getafe,Espanol,2,0.2,adaptive_mondrian_g0.02,1,1,1
2025-12-13,SP1,Barcelona,Osasuna,0,0.2,adaptive_mondrian_g0.02,1,0,0
2025-12-13,E0,Arsenal,Wolves,0,0.2,adaptive_mondrian_g0.02,1,0,0
2025-12-13,SP1,Ath Madrid,Valencia,0,0.2,adaptive_mondrian_g0.02,1,0,0
2025-12-13,I1,Torino,Cremonese,0,0.2,adaptive_mondrian_g0.02,1,1,0
2025-12-13,F1,Metz,Paris SG,2,0.2,adaptive_mondrian_g0.02,0,0,1
2025-12-13,F1,Rennes,Brest,0,0.2,adaptive_mondrian_g0.02,1,1,0
2025-12-13,D1,Leverkusen,FC Koln,0,0.2,adaptive_mondrian_g0.02,1,0,0
2025-12-13,D1,St Pauli,Heidenheim,0,0.2,adaptive_mondrian_g0.02,1,1,0
2025-12-13,D1,M'gladbach,Wolfsburg,2,0.2,adaptive_mondrian_g0.02,1,1,1
2025-12-13,D1,Hoffenheim,Hamburg,0,0.2,adaptive_mondrian_g0.02,1,0,0
2025-12-13,D1,Ein Frankfurt,Augsburg,0,0.2,adaptive_mondrian_g0.02,1,1,0
2025-12-13,E0,Burnley,Fulham,2,0.2,adaptive_mondrian_g0.02,0,1,1
2025-12-13,E0,Liverpool,Brighton,0,0.2,adaptive_mondrian_g0.02,1,1,0
2025-12-14,E0,Crystal Palace,Man City,2,0.2,adaptive_mondrian_g0.02,0,1,1
2025-12-14,I1,Bologna,Juventus,2,0.2,adaptive_mondrian_g0.02,0,1,1
2025-12-14,I1,Genoa,Inter,2,0.2,adaptive_mondrian_g0.02,0,0,1
2025-12-14,I1,Udinese,Napoli,0,0.2,adaptive_mondrian_g0.02,0,1,1
2025-12-14,F1,Marseille,Monaco,0,0.2,adaptive_mondrian_g0.02,1,1,0
2025-12-14,I1,Milan,Sassuolo,1,0.2,adaptive_mondrian_g0.02,1,0,0
2025-12-14,SP1,Celta,Ath Bilbao,0,0.2,adaptive_mondrian_g0.02,0,1,1
2025-12-14,E0,Nott'm Forest,Tottenham,0,0.2,adaptive_mondrian_g0.02,0,1,1
2025-12-14,I1,Fiorentina,Verona,2,0.2,adaptive_mondrian_g0.02,1,1,0
2025-12-14,E0,Sunderland,Newcastle,0,0.2,adaptive_mondrian_g0.02,0,1,1
2025-12-14,E0,West Ham,Aston Villa,2,0.2,adaptive_mondrian_g0.02,0,1,1
2025-12-14,D1,Werder Bremen,Stuttgart,2,0.2,adaptive_mondrian_g0.02,0,1,1
2025-12-14,D1,Bayern Munich,Mainz,1,0.2,adaptive_mondrian_g0.02,1,0,0
2025-12-14,F1,Strasbourg,Lorient,1,0.2,adaptive_mondrian_g0.02,1,1,0
2025-12-14,SP1,Alaves,Real Madrid,2,0.2,adaptive_mondrian_g0.02,0,1,1
2025-12-14,D1,Freiburg,Dortmund,1,0.2,adaptive_mondrian_g0.02,0,1,1
2025-12-14,SP1,Sevilla,Oviedo,0,0.2,adaptive_mondrian_g0.02,1,1,0
2025-12-14,F1,Lens,Nice,0,0.2,adaptive_mondrian_g0.02,1,0,0
2025-12-14,F1,Auxerre,Lille,2,0.2,adaptive_mondrian_g0.02,0,1,1
2025-12-14,F1,Lyon,Le Havre,0,0.2,adaptive_mondrian_g0.02,1,0,0
2025-12-14,E0,Brentford,Leeds,1,0.2,adaptive_mondrian_g0.02,1,1,0
2025-12-15,E0,Man United,Bournemouth,1,0.2,adaptive_mondrian_g0.02,1,0,0
2025-12-15,I1,Roma,Como,0,0.2,adaptive_mondrian_g0.02,1,1,0
2025-12-15,SP1,Vallecano,Betis,1,0.2,adaptive_mondrian_g0.02,1,1,1
2025-12-19,D1,Dortmund,M'gladbach,0,0.2,adaptive_mondrian_g0.02,1,0,0
2025-12-19,SP1,Valencia,Mallorca,1,0.2,adaptive_mondrian_g0.02,1,1,0
2025-12-20,I1,Juventus,Roma,0,0.2,adaptive_mondrian_g0.02,1,1,0
2025-12-20,E0,Everton,Arsenal,2,0.2,adaptive_mondrian_g0.02,0,1,1
2025-12-20,SP1,Levante,Sociedad,1,0.2,adaptive_mondrian_g0.02,0,1,1
2025-12-20,E0,Leeds,Crystal Palace,0,0.2,adaptive_mondrian_g0.02,1,1,1
2025-12-20,SP1,Osasuna,Alaves,0,0.2,adaptive_mondrian_g0.02,1,1,0
2025-12-20,SP1,Oviedo,Celta,1,0.2,adaptive_mondrian_g0.02,0,1,1
2025-12-20,E0,Man City,West Ham,0,0.2,adaptive_mondrian_g0.02,1,0,0
2025-12-20,E0,Wolves,Brentford,2,0.2,adaptive_mondrian_g0.02,0,1,1
2025-12-20,SP1,Real Madrid,Sevilla,0,0.2,adaptive_mondrian_g0.02,1,0,0
2025-12-20,I1,Lazio,Cremonese,1,0.2,adaptive_mondrian_g0.02,1,1,0
2025-12-20,E0,Tottenham,Liverpool,2,0.2,adaptive_mondrian_g0.02,0,1,1
2025-12-20,E0,Bournemouth,Burnley,1,0.2,adaptive_mondrian_g0.02,1,0,0
2025-12-20,E0,Brighton,Sunderland,1,0.2,adaptive_mondrian_g0.02,1,1,0
2025-12-20,D1,Augsburg,Werder Bremen,1,0.2,adaptive_mondrian_g0.02,1,1,1
2025-12-20,D1,FC Koln,Union Berlin,2,0.2,adaptive_mondrian_g0.02,1,1,1
2025-12-20,D1,RB Leipzig,Leverkusen,2,0.2,adaptive_mondrian_g0.02,1,1,1
2025-12-20,D1,Wolfsburg,Freiburg,2,0.2,adaptive_mondrian_g0.02,1,1,1
2025-12-20,D1,Stuttgart,Hoffenheim,1,0.2,adaptive_mondrian_g0.02,1,1,0
2025-12-20,D1,Hamburg,Ein Frankfurt,1,0.2,adaptive_mondrian_g0.02,1,1,1
2025-12-20,E0,Newcastle,Chelsea,1,0.2,adaptive_mondrian_g0.02,1,1,1
2025-12-21,SP1,Villarreal,Barcelona,2,0.2,adaptive_mondrian_g0.02,0,0,1
2025-12-21,SP1,Elche,Vallecano,0,0.2,adaptive_mondrian_g0.02,1,1,1
2025-12-21,SP1,Betis,Getafe,0,0.2,adaptive_mondrian_g0.02,1,1,0
2025-12-21,I1,Genoa,Atalanta,2,0.2,adaptive_mondrian_g0.02,0,1,1
2025-12-21,I1,Fiorentina,Udinese,0,0.2,adaptive_mondrian_g0.02,1,1,0
2025-12-21,I1,Sassuolo,Torino,2,0.2,adaptive_mondrian_g0.02,1,1,1
2025-12-21,D1,Heidenheim,Bayern Munich,2,0.2,adaptive_mondrian_g0.02,0,0,1
2025-12-21,I1,Cagliari,Pisa,1,0.2,adaptive_mondrian_g0.02,1,1,0
2025-12-21,E0,Aston Villa,Man United,0,0.2,adaptive_mondrian_g0.02,1,1,0
2025-12-21,SP1,Girona,Ath Madrid,2,0.2,adaptive_mondrian_g0.02,0,1,1
2025-12-21,D1,Mainz,St Pauli,1,0.2,adaptive_mondrian_g0.02,1,1,0
2025-12-22,SP1,Ath Bilbao,Espanol,2,0.2,adaptive_mondrian_g0.02,1,1,0
2025-12-22,E0,Fulham,Nott'm Forest,0,0.2,adaptive_mondrian_g0.02,1,1,1
2025-12-26,E0,Man United,Newcastle,0,0.2,adaptive_mondrian_g0.02,1,1,1
2025-12-27,E0,Nott'm Forest,Man City,2,0.2,adaptive_mondrian_g0.02,0,0,1
2025-12-27,E0,Brentford,Bournemouth,0,0.2,adaptive_mondrian_g0.02,1,1,1
2025-12-27,E0,Chelsea,Aston Villa,2,0.2,adaptive_mondrian_g0.02,1,1,0
2025-12-27,E0,West Ham,Fulham,2,0.2,adaptive_mondrian_g0.02,0,1,1
2025-12-27,E0,Arsenal,Brighton,0,0.2,adaptive_mondrian_g0.02,1,0,0
2025-12-27,E0,Liverpool,Wolves,0,0.2,adaptive_mondrian_g0.02,1,0,0
2025-12-27,I1,Udinese,Lazio,1,0.2,adaptive_mondrian_g0.02,0,1,1
2025-12-27,E0,Burnley,Everton,1,0.2,adaptive_mondrian_g0.02,0,1,1
2025-12-27,I1,Pisa,Juventus,2,0.2,adaptive_mondrian_g0.02,0,0,1
2025-12-27,I1,Torino,Cagliari,2,0.2,adaptive_mondrian_g0.02,1,1,0
2025-12-27,I1,Lecce,Como,2,0.2,adaptive_mondrian_g0.02,0,1,1
2025-12-27,I1,Parma,Fiorentina,0,0.2,adaptive_mondrian_g0.02,0,1,1
2025-12-28,I1,Atalanta,Inter,2,0.2,adaptive_mondrian_g0.02,0,1,1
2025-12-28,I1,Milan,Verona,0,0.2,adaptive_mondrian_g0.02,1,0,0
2025-12-28,I1,Cremonese,Napoli,2,0.2,adaptive_mondrian_g0.02,0,1,1
2025-12-28,E0,Crystal Palace,Tottenham,2,0.2,adaptive_mondrian_g0.02,1,1,1
2025-12-28,E0,Sunderland,Leeds,1,0.2,adaptive_mondrian_g0.02,0,1,1
2025-12-28,I1,Bologna,Sassuolo,1,0.2,adaptive_mondrian_g0.02,1,1,0
2025-12-29,I1,Roma,Genoa,0,0.2,adaptive_mondrian_g0.02,1,1,0
2025-12-30,E0,Man United,Wolves,1,0.2,adaptive_mondrian_g0.02,1,0,0
2025-12-30,E0,West Ham,Brighton,1,0.2,adaptive_mondrian_g0.02,0,1,1
2025-12-30,E0,Nott'm Forest,Everton,2,0.2,adaptive_mondrian_g0.02,1,1,0
2025-12-30,E0,Chelsea,Bournemouth,1,0.2,adaptive_mondrian_g0.02,1,0,0
2025-12-30,E0,Burnley,Newcastle,2,0.2,adaptive_mondrian_g0.02,0,0,1
2025-12-30,E0,Arsenal,Aston Villa,0,0.2,adaptive_mondrian_g0.02,1,0,0
2026-01-01,E0,Crystal Palace,Fulham,1,0.2,adaptive_mondrian_g0.02,1,1,0
2026-01-01,E0,Sunderland,Man City,1,0.2,adaptive_mondrian_g0.02,0,0,1
2026-01-01,E0,Liverpool,Leeds,1,0.2,adaptive_mondrian_g0.02,1,0,0
2026-01-01,E0,Brentford,Tottenham,1,0.2,adaptive_mondrian_g0.02,1,1,1
2026-01-02,I1,Cagliari,Milan,2,0.2,adaptive_mondrian_g0.02,0,1,1
2026-01-02,F1,Toulouse,Lens,2,0.2,adaptive_mondrian_g0.02,1,1,1
2026-01-02,SP1,Vallecano,Getafe,1,0.2,adaptive_mondrian_g0.02,1,1,0
2026-01-03,SP1,Espanol,Barcelona,2,0.2,adaptive_mondrian_g0.02,0,0,1
2026-01-03,I1,Sassuolo,Parma,1,0.2,adaptive_mondrian_g0.02,1,1,0
2026-01-03,F1,Monaco,Lyon,2,0.2,adaptive_mondrian_g0.02,1,1,0
2026-01-03,I1,Atalanta,Roma,0,0.2,adaptive_mondrian_g0.02,1,1,0
2026-01-03,I1,Juventus,Lecce,1,0.2,adaptive_mondrian_g0.02,1,0,0
2026-01-03,SP1,Elche,Villarreal,2,0.2,adaptive_mondrian_g0.02,0,1,1
2026-01-03,F1,Lille,Rennes,2,0.2,adaptive_mondrian_g0.02,1,1,0
2026-01-03,SP1,Celta,Valencia,0,0.2,adaptive_mondrian_g0.02,1,1,0
2026-01-03,I1,Genoa,Pisa,1,0.2,adaptive_mondrian_g0.02,1,1,0
2026-01-03,F1,Nice,Strasbourg,1,0.2,adaptive_mondrian_g0.02,0,1,1
2026-01-03,E0,Bournemouth,Arsenal,2,0.2,adaptive_mondrian_g0.02,0,0,1
2026-01-03,E0,Aston Villa,Nott'm Forest,0,0.2,adaptive_mondrian_g0.02,1,1,0
2026-01-03,E0,Brighton,Burnley,0,0.2,adaptive_mondrian_g0.02,1,0,0
2026-01-03,E0,Wolves,West Ham,0,0.2,adaptive_mondrian_g0.02,0,1,1
2026-01-03,SP1,Osasuna,Ath Bilbao,1,0.2,adaptive_mondrian_g0.02,0,1,1
2026-01-03,I1,Como,Udinese,0,0.2,adaptive_mondrian_g0.02,1,1,0
2026-01-04,SP1,Real Madrid,Betis,0,0.2,adaptive_mondrian_g0.02,1,0,0
2026-01-04,SP1,Sevilla,Levante,2,0.2,adaptive_mondrian_g0.02,1,1,0
2026-01-04,I1,Inter,Bologna,0,0.2,adaptive_mondrian_g0.02,1,0,0
2026-01-04,F1,Lorient,Metz,1,0.2,adaptive_mondrian_g0.02,1,1,0
2026-01-04,I1,Fiorentina,Cremonese,0,0.2,adaptive_mondrian_g0.02,1,1,0
2026-01-04,I1,Lazio,Napoli,2,0.2,adaptive_mondrian_g0.02,0,1,1
2026-01-04,SP1,Mallorca,Girona,2,0.2,adaptive_mondrian_g0.02,1,1,1
2026-01-04,I1,Verona,Torino,2,0.2,adaptive_mondrian_g0.02,0,1,1
2026-01-04,F1,Paris SG,Paris FC,0,0.2,adaptive_mondrian_g0.02,1,0,0
2026-01-04,SP1,Alaves,Oviedo,1,0.2,adaptive_mondrian_g0.02,1,1,0
2026-01-04,F1,Le Havre,Angers,0,0.2,adaptive_mondrian_g0.02,1,1,1
2026-01-04,E0,Fulham,Liverpool,1,0.2,adaptive_mondrian_g0.02,0,1,1
2026-01-04,F1,Marseille,Nantes,2,0.2,adaptive_mondrian_g0.02,1,0,0
2026-01-04,E0,Leeds,Man United,1,0.2,adaptive_mondrian_g0.02,0,1,1
2026-01-04,E0,Everton,Brentford,2,0.2,adaptive_mondrian_g0.02,1,1,1
2026-01-04,E0,Man City,Chelsea,1,0.2,adaptive_mondrian_g0.02,1,0,0
2026-01-04,F1,Brest,Auxerre,0,0.2,adaptive_mondrian_g0.02,1,1,0
2026-01-04,E0,Newcastle,Crystal Palace,0,0.2,adaptive_mondrian_g0.02,1,1,0
2026-01-04,E0,Tottenham,Sunderland,1,0.2,adaptive_mondrian_g0.02,1,1,0
2026-01-04,SP1,Sociedad,Ath Madrid,1,0.2,adaptive_mondrian_g0.02,0,1,1
2026-01-06,I1,Lecce,Roma,2,0.2,adaptive_mondrian_g0.02,0,1,1
2026-01-06,E0,West Ham,Nott'm Forest,2,0.2,adaptive_mondrian_g0.02,0,1,1
2026-01-06,I1,Sassuolo,Juventus,2,0.2,adaptive_mondrian_g0.02,0,1,1
2026-01-06,I1,Pisa,Como,2,0.2,adaptive_mondrian_g0.02,0,1,1
2026-01-07,E0,Man City,Brighton,1,0.2,adaptive_mondrian_g0.02,1,0,0
2026-01-07,E0,Burnley,Man United,1,0.2,adaptive_mondrian_g0.02,0,1,1
2026-01-07,E0,Brentford,Sunderland,0,0.2,adaptive_mondrian_g0.02,1,1,0
2026-01-07,E0,Everton,Wolves,1,0.2,adaptive_mondrian_g0.02,1,1,0
2026-01-07,E0,Newcastle,Leeds,0,0.2,adaptive_mondrian_g0.02,1,1,0
2026-01-07,E0,Fulham,Chelsea,0,0.2,adaptive_mondrian_g0.02,0,1,1
2026-01-07,E0,Bournemouth,Tottenham,0,0.2,adaptive_mondrian_g0.02,1,1,1
2026-01-07,E0,Crystal Palace,Aston Villa,1,0.2,adaptive_mondrian_g0.02,0,1,1
2026-01-07,I1,Bologna,Atalanta,2,0.2,adaptive_mondrian_g0.02,0,1,1
2026-01-07,I1,Napoli,Verona,1,0.2,adaptive_mondrian_g0.02,1,0,0
2026-01-07,I1,Parma,Inter,2,0.2,adaptive_mondrian_g0.02,0,0,1
2026-01-07,I1,Torino,Udinese,2,0.2,adaptive_mondrian_g0.02,1,1,0
2026-01-07,I1,Lazio,Fiorentina,1,0.2,adaptive_mondrian_g0.02,1,1,0
2026-01-08,I1,Milan,Genoa,1,0.2,adaptive_mondrian_g0.02,1,1,0
2026-01-08,E0,Arsenal,Liverpool,1,0.2,adaptive_mondrian_g0.02,1,1,0
2026-01-08,I1,Cremonese,Cagliari,1,0.2,adaptive_mondrian_g0.02,1,1,1
2026-01-09,D1,Ein Frankfurt,Dortmund,1,0.2,adaptive_mondrian_g0.02,0,1,1
2026-01-09,SP1,Getafe,Sociedad,2,0.2,adaptive_mondrian_g0.02,0,1,1
2026-01-10,D1,Heidenheim,FC Koln,1,0.2,adaptive_mondrian_g0.02,0,1,1
2026-01-10,SP1,Valencia,Elche,1,0.2,adaptive_mondrian_g0.02,1,1,0
2026-01-10,SP1,Girona,Osasuna,0,0.2,adaptive_mondrian_g0.02,0,1,1
2026-01-10,SP1,Villarreal,Alaves,0,0.2,adaptive_mondrian_g0.02,1,0,0
2026-01-10,D1,Leverkusen,Stuttgart,2,0.2,adaptive_mondrian_g0.02,1,1,1
2026-01-10,SP1,Oviedo,Betis,1,0.2,adaptive_mondrian_g0.02,0,1,1
2026-01-10,D1,Freiburg,Hamburg,0,0.2,adaptive_mondrian_g0.02,1,1,0
2026-01-10,D1,Union Berlin,Mainz,1,0.2,adaptive_mondrian_g0.02,1,1,0
2026-01-10,I1,Udinese,Pisa,1,0.2,adaptive_mondrian_g0.02,1,1,0
2026-01-10,I1,Como,Bologna,1,0.2,adaptive_mondrian_g0.02,1,1,0
2026-01-10,I1,Atalanta,Torino,0,0.2,adaptive_mondrian_g0.02,1,1,0
2026-01-10,I1,Roma,Sassuolo,0,0.2,adaptive_mondrian_g0.02,1,1,0
2026-01-11,I1,Lecce,Parma,2,0.2,adaptive_mondrian_g0.02,0,1,1
2026-01-11,D1,Bayern Munich,Wolfsburg,0,0.2,adaptive_mondrian_g0.02,1,0,0
2026-01-11,SP1,Levante,Espanol,1,0.2,adaptive_mondrian_g0.02,0,1,1
2026-01-11,I1,Verona,Lazio,2,0.2,adaptive_mondrian_g0.02,0,1,1
2026-01-11,D1,M'gladbach,Augsburg,0,0.2,adaptive_mondrian_g0.02,1,1,0
2026-01-11,I1,Inter,Napoli,1,0.2,adaptive_mondrian_g0.02,1,1,0
2026-01-11,I1,Fiorentina,Milan,1,0.2,adaptive_mondrian_g0.02,0,1,1
2026-01-11,SP1,Vallecano,Mallorca,0,0.2,adaptive_mondrian_g0.02,1,1,0
2026-01-12,I1,Juventus,Cremonese,0,0.2,adaptive_mondrian_g0.02,1,0,0
2026-01-12,I1,Genoa,Cagliari,0,0.2,adaptive_mondrian_g0.02,1,1,0
2026-01-12,SP1,Sevilla,Celta,2,0.2,adaptive_mondrian_g0.02,0,1,1
2026-01-13,D1,Mainz,Heidenheim,0,0.2,adaptive_mondrian_g0.02,1,1,0
2026-01-13,D1,Stuttgart,Ein Frankfurt,0,0.2,adaptive_mondrian_g0.02,1,0,0
2026-01-13,D1,Dortmund,Werder Bremen,0,0.2,adaptive_mondrian_g0.02,1,0,0
2026-01-14,I1,Napoli,Parma,1,0.2,adaptive_mondrian_g0.02,1,0,0
2026-01-14,D1,Wolfsburg,St Pauli,0,0.2,adaptive_mondrian_g0.02,1,1,0
2026-01-14,I1,Inter,Lecce,0,0.2,adaptive_mondrian_g0.02,1,0,0
2026-01-14,D1,FC Koln,Bayern Munich,2,0.2,adaptive_mondrian_g0.02,0,0,1
2026-01-14,D1,Hoffenheim,M'gladbach,0,0.2,adaptive_mondrian_g0.02,1,1,0
2026-01-14,D1,RB Leipzig,Freiburg,0,0.2,adaptive_mondrian_g0.02,1,1,0
2026-01-15,I1,Verona,Bologna,2,0.2,adaptive_mondrian_g0.02,0,1,1
2026-01-15,I1,Como,Milan,2,0.2,adaptive_mondrian_g0.02,0,1,1
2026-01-15,D1,Augsburg,Union Berlin,1,0.2,adaptive_mondrian_g0.02,0,1,1
2026-01-16,F1,Paris SG,Lille,0,0.2,adaptive_mondrian_g0.02,1,0,0
2026-01-16,SP1,Espanol,Girona,2,0.2,adaptive_mondrian_g0.02,1,1,0
2026-01-16,I1,Pisa,Atalanta,1,0.2,adaptive_mondrian_g0.02,0,1,1
2026-01-16,D1,Werder Bremen,Ein Frankfurt,1,0.2,adaptive_mondrian_g0.02,0,1,1
2026-01-16,F1,Monaco,Lorient,2,0.2,adaptive_mondrian_g0.02,1,0,0
2026-01-17,SP1,Osasuna,Oviedo,0,0.2,adaptive_mondrian_g0.02,1,1,0
2026-01-17,D1,Hoffenheim,Leverkusen,0,0.2,adaptive_mondrian_g0.02,0,1,1
2026-01-17,SP1,Betis,Villarreal,0,0.2,adaptive_mondrian_g0.02,0,1,1
2026-01-17,I1,Cagliari,Juventus,0,0.2,adaptive_mondrian_g0.02,0,1,1
2026-01-17,E0,Nott'm Forest,Arsenal,1,0.2,adaptive_mondrian_g0.02,0,1,1
2026-01-17,F1,Angers,Marseille,2,0.2,adaptive_mondrian_g0.02,0,0,1
2026-01-17,F1,Toulouse,Nice,0,0.2,adaptive_mondrian_g0.02,1,1,0
2026-01-17,F1,Lens,Auxerre,0,0.2,adaptive_mondrian_g0.02,1,0,0
2026-01-17,SP1,Mallorca,Ath Bilbao,0,0.2,adaptive_mondrian_g0.02,0,1,1
2026-01-17,I1,Napoli,Sassuolo,0,0.2,adaptive_mondrian_g0.02,1,0,0
2026-01-17,SP1,Real Madrid,Levante,0,0.2,adaptive_mondrian_g0.02,1,0,0
2026-01-17,D1,RB Leipzig,Bayern Munich,2,0.2,adaptive_mondrian_g0.02,0,0,1
2026-01-17,E0,Chelsea,Brentford,0,0.2,adaptive_mondrian_g0.02,1,1,0
2026-01-17,D1,Dortmund,St Pauli,0,0.2,adaptive_mondrian_g0.02,1,0,0
2026-01-17,E0,Tottenham,West Ham,2,0.2,adaptive_mondrian_g0.02,1,1,0
2026-01-17,E0,Sunderland,Crystal Palace,0,0.2,adaptive_mondrian_g0.02,0,1,1
2026-01-17,D1,FC Koln,Mainz,0,0.2,adaptive_mondrian_g0.02,1,1,0
2026-01-17,E0,Man United,Man City,0,0.2,adaptive_mondrian_g0.02,0,1,1
2026-01-17,I1,Udinese,Inter,2,0.2,adaptive_mondrian_g0.02,0,0,1
2026-01-17,D1,Wolfsburg,Heidenheim,1,0.2,adaptive_mondrian_g0.02,1,0,0
2026-01-17,E0,Liverpool,Burnley,1,0.2,adaptive_mondrian_g0.02,1,0,0
2026-01-17,E0,Leeds,Fulham,0,0.2,adaptive_mondrian_g0.02,0,1,1
2026-01-17,D1,Hamburg,M'gladbach,1,0.2,adaptive_mondrian_g0.02,0,1,1
2026-01-18,SP1,Ath Madrid,Alaves,0,0.2,adaptive_mondrian_g0.02,1,0,0
2026-01-18,SP1,Sociedad,Barcelona,0,0.2,adaptive_mondrian_g0.02,0,0,1
2026-01-18,SP1,Celta,Vallecano,0,0.2,adaptive_mondrian_g0.02,1,1,0
2026-01-18,D1,Stuttgart,Union Berlin,1,0.2,adaptive_mondrian_g0.02,1,1,0
2026-01-18,E0,Wolves,Newcastle,1,0.2,adaptive_mondrian_g0.02,0,1,1
2026-01-18,E0,Aston Villa,Everton,2,0.2,adaptive_mondrian_g0.02,1,1,0
2026-01-18,D1,Augsburg,Freiburg,1,0.2,adaptive_mondrian_g0.02,1,1,1
2026-01-18,SP1,Getafe,Valencia,2,0.2,adaptive_mondrian_g0.02,1,1,0
2026-01-18,I1,Torino,Roma,2,0.2,adaptive_mondrian_g0.02,0,1,1
2026-01-18,F1,Rennes,Le Havre,1,0.2,adaptive_mondrian_g0.02,1,0,0
2026-01-18,F1,Nantes,Paris FC,2,0.2,adaptive_mondrian_g0.02,0,1,1
2026-01-18,F1,Strasbourg,Metz,0,0.2,adaptive_mondrian_g0.02,1,0,0
2026-01-18,I1,Bologna,Fiorentina,2,0.2,adaptive_mondrian_g0.02,1,1,1
2026-01-18,I1,Parma,Genoa,1,0.2,adaptive_mondrian_g0.02,0,1,1
2026-01-18,I1,Milan,Lecce,0,0.2,adaptive_mondrian_g0.02,1,0,0
2026-01-18,F1,Lyon,Brest,0,0.2,adaptive_mondrian_g0.02,1,1,0
2026-01-19,I1,Lazio,Como,2,0.2,adaptive_mondrian_g0.02,0,1,1
2026-01-19,I1,Cremonese,Verona,1,0.2,adaptive_mondrian_g0.02,1,1,1
2026-01-19,SP1,Elche,Sevilla,1,0.2,adaptive_mondrian_g0.02,1,1,1
2026-01-19,E0,Brighton,Bournemouth,1,0.2,adaptive_mondrian_g0.02,1,1,0
2026-01-23,I1,Inter,Pisa,0,0.2,adaptive_mondrian_g0.02,1,0,0
2026-01-23,F1,Auxerre,Paris SG,2,0.2,adaptive_mondrian_g0.02,0,0,1
2026-01-23,SP1,Levante,Elche,0,0.2,adaptive_mondrian_g0.02,1,1,1
2026-01-23,D1,St Pauli,Hamburg,1,0.2,adaptive_mondrian_g0.02,0,1,1
2026-01-24,E0,Bournemouth,Liverpool,0,0.2,adaptive_mondrian_g0.02,0,1,1
2026-01-24,E0,Burnley,Tottenham,1,0.2,adaptive_mondrian_g0.02,0,1,1
2026-01-24,D1,Bayern Munich,Augsburg,2,0.2,adaptive_mondrian_g0.02,1,0,0
2026-01-24,E0,West Ham,Sunderland,0,0.2,adaptive_mondrian_g0.02,1,1,1
2026-01-24,SP1,Villarreal,Real Madrid,2,0.2,adaptive_mondrian_g0.02,0,1,1
2026-01-24,E0,Fulham,Brighton,0,0.2,adaptive_mondrian_g0.02,0,1,1
2026-01-24,E0,Man City,Wolves,0,0.2,adaptive_mondrian_g0.02,1,0,0
2026-01-24,SP1,Vallecano,Osasuna,2,0.2,adaptive_mondrian_g0.02,1,1,1
2026-01-24,SP1,Valencia,Espanol,0,0.2,adaptive_mondrian_g0.02,1,1,1
2026-01-24,D1,Heidenheim,RB Leipzig,2,0.2,adaptive_mondrian_g0.02,0,0,1
2026-01-24,D1,Ein Frankfurt,Hoffenheim,2,0.2,adaptive_mondrian_g0.02,0,1,1
2026-01-24,F1,Marseille,Lens,0,0.2,adaptive_mondrian_g0.02,1,1,1
2026-01-24,D1,Union Berlin,Dortmund,2,0.2,adaptive_mondrian_g0.02,0,1,1
2026-01-24,D1,Mainz,Wolfsburg,0,0.2,adaptive_mondrian_g0.02,1,1,1
2026-01-24,SP1,Sevilla,Ath Bilbao,0,0.2,adaptive_mondrian_g0.02,0,1,1
2026-01-24,I1,Lecce,Lazio,1,0.2,adaptive_mondrian_g0.02,0,1,1
2026-01-24,I1,Como,Torino,0,0.2,adaptive_mondrian_g0.02,1,1,0
2026-01-24,I1,Fiorentina,Cagliari,2,0.2,adaptive_mondrian_g0.02,1,1,0
2026-01-24,F1,Le Havre,Monaco,1,0.2,adaptive_mondrian_g0.02,0,1,1
2026-01-24,F1,Rennes,Lorient,2,0.2,adaptive_mondrian_g0.02,1,1,0
2026-01-24,D1,Leverkusen,Werder Bremen,0,0.2,adaptive_mondrian_g0.02,1,0,0
2026-01-25,F1,Brest,Toulouse,2,0.2,adaptive_mondrian_g0.02,0,1,1
2026-01-25,F1,Paris FC,Angers,1,0.2,adaptive_mondrian_g0.02,1,1,0
2026-01-25,F1,Metz,Lyon,2,0.2,adaptive_mondrian_g0.02,0,1,1
2026-01-25,F1,Nantes,Nice,2,0.2,adaptive_mondrian_g0.02,0,1,1
2026-01-25,F1,Lille,Strasbourg,2,0.2,adaptive_mondrian_g0.02,1,1,1
2026-01-25,SP1,Barcelona,Oviedo,0,0.2,adaptive_mondrian_g0.02,1,0,0
2026-01-25,I1,Roma,Milan,1,0.2,adaptive_mondrian_g0.02,0,1,1
2026-01-25,SP1,Sociedad,Celta,0,0.2,adaptive_mondrian_g0.02,1,1,1
2026-01-25,SP1,Ath Madrid,Mallorca,0,0.2,adaptive_mondrian_g0.02,1,0,0
2026-01-25,D1,M'gladbach,Stuttgart,2,0.2,adaptive_mondrian_g0.02,0,1,1
2026-01-25,I1,Atalanta,Parma,0,0.2,adaptive_mondrian_g0.02,1,0,0
2026-01-25,SP1,Alaves,Betis,0,0.2,adaptive_mondrian_g0.02,0,1,1
2026-01-25,E0,Brentford,Nott'm Forest,2,0.2,adaptive_mondrian_g0.02,1,1,0
2026-01-25,E0,Crystal Palace,Chelsea,2,0.2,adaptive_mondrian_g0.02,0,1,1
2026-01-25,E0,Newcastle,Aston Villa,2,0.2,adaptive_mondrian_g0.02,1,1,1
2026-01-25,D1,Freiburg,FC Koln,0,0.2,adaptive_mondrian_g0.02,1,1,1
2026-01-25,I1,Juventus,Napoli,0,0.2,adaptive_mondrian_g0.02,1,1,0
2026-01-25,E0,Arsenal,Man United,2,0.2,adaptive_mondrian_g0.02,1,0,0
2026-01-25,I1,Sassuolo,Cremonese,0,0.2,adaptive_mondrian_g0.02,1,1,0
2026-01-25,I1,Genoa,Bologna,0,0.2,adaptive_mondrian_g0.02,0,1,1
2026-01-26,I1,Verona,Udinese,2,0.2,adaptive_mondrian_g0.02,0,1,1
2026-01-26,E0,Everton,Leeds,1,0.2,adaptive_mondrian_g0.02,1,1,1
2026-01-26,SP1,Girona,Getafe,1,0.2,adaptive_mondrian_g0.02,1,1,1
2026-01-27,D1,Werder Bremen,Hoffenheim,2,0.2,adaptive_mondrian_g0.02,0,1,1
2026-01-27,D1,St Pauli,RB Leipzig,1,0.2,adaptive_mondrian_g0.02,0,1,1
2026-01-30,F1,Lens,Le Havre,0,0.2,adaptive_mondrian_g0.02,1,0,0
2026-01-30,SP1,Espanol,Alaves,2,0.2,adaptive_mondrian_g0.02,1,1,0
2026-01-30,D1,FC Koln,Wolfsburg,0,0.2,adaptive_mondrian_g0.02,1,1,1
2026-01-30,I1,Lazio,Genoa,0,0.2,adaptive_mondrian_g0.02,1,1,1
2026-01-31,D1,RB Leipzig,Mainz,2,0.2,adaptive_mondrian_g0.02,1,0,0
2026-01-31,D1,Werder Bremen,M'gladbach,1,0.2,adaptive_mondrian_g0.02,1,1,1
2026-01-31,D1,Hamburg,Bayern Munich,1,0.2,adaptive_mondrian_g0.02,0,0,1
2026-01-31,F1,Lorient,Nantes,0,0.2,adaptive_mondrian_g0.02,1,1,0
2026-01-31,D1,Ein Frankfurt,Leverkusen,2,0.2,adaptive_mondrian_g0.02,0,1,1
2026-01-31,F1,Paris FC,Marseille,1,0.2,adaptive_mondrian_g0.02,0,1,1
2026-01-31,F1,Monaco,Rennes,0,0.2,adaptive_mondrian_g0.02,1,1,1
2026-01-31,SP1,Elche,Barcelona,2,0.2,adaptive_mondrian_g0.02,0,0,1
2026-01-31,SP1,Levante,Ath Madrid,1,0.2,adaptive_mondrian_g0.02,0,1,1
2026-01-31,SP1,Osasuna,Villarreal,1,0.2,adaptive_mondrian_g0.02,0,1,1
2026-01-31,D1,Augsburg,St Pauli,0,0.2,adaptive_mondrian_g0.02,1,1,1
2026-01-31,D1,Hoffenheim,Union Berlin,0,0.2,adaptive_mondrian_g0.02,1,1,0
2026-01-31,SP1,Oviedo,Girona,0,0.2,adaptive_mondrian_g0.02,0,1,1
2026-01-31,I1,Cagliari,Verona,0,0.2,adaptive_mondrian_g0.02,1,1,1
2026-01-31,I1,Pisa,Sassuolo,2,0.2,adaptive_mondrian_g0.02,0,1,1
2026-01-31,I1,Napoli,Fiorentina,0,0.2,adaptive_mondrian_g0.02,1,1,0
2026-01-31,E0,Wolves,Bournemouth,2,0.2,adaptive_mondrian_g0.02,0,1,1
2026-01-31,E0,Leeds,Arsenal,2,0.2,adaptive_mondrian_g0.02,0,0,1
2026-01-31,E0,Chelsea,West Ham,0,0.2,adaptive_mondrian_g0.02,1,0,0
2026-01-31,E0,Liverpool,Newcastle,0,0.2,adaptive_mondrian_g0.02,1,0,0
2026-01-31,E0,Brighton,Everton,1,0.2,adaptive_mondrian_g0.02,1,1,0
2026-02-01,E0,Man United,Fulham,0,0.2,adaptive_mondrian_g0.02,1,0,0
2026-02-01,D1,Stuttgart,Freiburg,0,0.2,adaptive_mondrian_g0.02,1,0,0
2026-02-01,D1,Dortmund,Heidenheim,0,0.2,adaptive_mondrian_g0.02,1,0,0
2026-02-01,SP1,Ath Bilbao,Sociedad,1,0.2,adaptive_mondrian_g0.02,1,1,1
2026-02-01,SP1,Getafe,Celta,1,0.2,adaptive_mondrian_g0.02,0,1,1
2026-02-01,SP1,Betis,Valencia,0,0.2,adaptive_mondrian_g0.02,1,1,0
2026-02-01,SP1,Real Madrid,Vallecano,0,0.2,adaptive_mondrian_g0.02,1,0,0
2026-02-01,F1,Strasbourg,Paris SG,2,0.2,adaptive_mondrian_g0.02,0,0,1
2026-02-01,E0,Nott'm Forest,Crystal Palace,1,0.2,adaptive_mondrian_g0.02,1,1,1
2026-02-01,E0,Tottenham,Man City,1,0.2,adaptive_mondrian_g0.02,0,0,1
2026-02-01,I1,Torino,Lecce,0,0.2,adaptive_mondrian_g0.02,1,1,0
2026-02-01,F1,Nice,Brest,1,0.2,adaptive_mondrian_g0.02,1,1,1
2026-02-01,F1,Angers,Metz,0,0.2,adaptive_mondrian_g0.02,1,1,1
2026-02-01,F1,Lyon,Lille,0,0.2,adaptive_mondrian_g0.02,1,1,1
2026-02-01,I1,Parma,Juventus,2,0.2,adaptive_mondrian_g0.02,0,0,1
2026-02-01,I1,Cremonese,Inter,2,0.2,adaptive_mondrian_g0.02,0,0,1
2026-02-01,F1,Toulouse,Auxerre,1,0.2,adaptive_mondrian_g0.02,1,1,0
2026-02-01,I1,Como,Atalanta,1,0.2,adaptive_mondrian_g0.02,1,1,1
2026-02-01,E0,Aston Villa,Brentford,2,0.2,adaptive_mondrian_g0.02,1,1,1
2026-02-02,E0,Sunderland,Burnley,0,0.2,adaptive_mondrian_g0.02,1,1,0
2026-02-02,I1,Udinese,Roma,0,0.2,adaptive_mondrian_g0.02,0,1,1
2026-02-02,SP1,Mallorca,Sevilla,0,0.2,adaptive_mondrian_g0.02,0,1,1
2026-02-03,I1,Bologna,Milan,2,0.2,adaptive_mondrian_g0.02,0,1,1
2026-02-06,E0,Leeds,Nott'm Forest,0,0.2,adaptive_mondrian_g0.02,1,1,1
2026-02-06,D1,Union Berlin,Ein Frankfurt,1,0.2,adaptive_mondrian_g0.02,1,1,1
2026-02-06,F1,Metz,Lille,1,0.2,adaptive_mondrian_g0.02,0,0,1
2026-02-06,SP1,Celta,Osasuna,2,0.2,adaptive_mondrian_g0.02,1,1,1
2026-02-06,I1,Verona,Pisa,1,0.2,adaptive_mondrian_g0.02,1,1,1
2026-02-07,E0,Newcastle,Brentford,2,0.2,adaptive_mondrian_g0.02,1,1,0
2026-02-07,D1,Freiburg,Werder Bremen,0,0.2,adaptive_mondrian_g0.02,1,1,1
2026-02-07,D1,Mainz,Augsburg,0,0.2,adaptive_mondrian_g0.02,1,1,0
2026-02-07,D1,St Pauli,Stuttgart,0,0.2,adaptive_mondrian_g0.02,0,1,1
2026-02-07,D1,Wolfsburg,Dortmund,2,0.2,adaptive_mondrian_g0.02,0,0,1
2026-02-07,D1,Heidenheim,Hamburg,2,0.2,adaptive_mondrian_g0.02,0,1,1
2026-02-07,D1,M'gladbach,Leverkusen,1,0.2,adaptive_mondrian_g0.02,0,1,1
2026-02-07,SP1,Barcelona,Mallorca,0,0.2,adaptive_mondrian_g0.02,1,0,0
2026-02-07,SP1,Sociedad,Elche,0,0.2,adaptive_mondrian_g0.02,1,0,0
2026-02-07,F1,Nantes,Lyon,2,0.2,adaptive_mondrian_g0.02,0,1,1
2026-02-07,I1,Genoa,Napoli,2,0.2,adaptive_mondrian_g0.02,0,1,1
2026-02-07,F1,Lens,Rennes,0,0.2,adaptive_mondrian_g0.02,1,0,0
2026-02-07,E0,Man United,Tottenham,0,0.2,adaptive_mondrian_g0.02,1,0,0
2026-02-07,E0,Bournemouth,Aston Villa,1,0.2,adaptive_mondrian_g0.02,0,1,1
2026-02-07,I1,Fiorentina,Torino,1,0.2,adaptive_mondrian_g0.02,1,1,0
2026-02-07,E0,Burnley,West Ham,2,0.2,adaptive_mondrian_g0.02,0,1,1
2026-02-07,E0,Fulham,Everton,2,0.2,adaptive_mondrian_g0.02,1,1,1
2026-02-07,E0,Wolves,Chelsea,2,0.2,adaptive_mondrian_g0.02,0,0,1
2026-02-07,E0,Arsenal,Sunderland,0,0.2,adaptive_mondrian_g0.02,1,0,0
2026-02-07,F1,Brest,Lorient,0,0.2,adaptive_mondrian_g0.02,1,1,1
2026-02-08,F1,Angers,Toulouse,0,0.2,adaptive_mondrian_g0.02,0,1,1
2026-02-08,F1,Nice,Monaco,1,0.2,adaptive_mondrian_g0.02,0,1,1
2026-02-08,D1,Bayern Munich,Hoffenheim,0,0.2,adaptive_mondrian_g0.02,1,0,0
2026-02-08,F1,Auxerre,Paris FC,1,0.2,adaptive_mondrian_g0.02,0,1,1
2026-02-08,SP1,Sevilla,Girona,1,0.2,adaptive_mondrian_g0.02,1,1,0
2026-02-08,I1,Juventus,Lazio,1,0.2,adaptive_mondrian_g0.02,1,0,0
2026-02-08,D1,FC Koln,RB Leipzig,2,0.2,adaptive_mondrian_g0.02,0,1,1
2026-02-08,I1,Sassuolo,Inter,2,0.2,adaptive_mondrian_g0.02,0,0,1
2026-02-08,I1,Lecce,Udinese,0,0.2,adaptive_mondrian_g0.02,0,1,1
2026-02-08,F1,Paris SG,Marseille,0,0.2,adaptive_mondrian_g0.02,1,0,0
2026-02-08,SP1,Ath Bilbao,Levante,0,0.2,adaptive_mondrian_g0.02,1,0,0
2026-02-08,E0,Liverpool,Man City,2,0.2,adaptive_mondrian_g0.02,1,0,1
2026-02-08,E0,Brighton,Crystal Palace,2,0.2,adaptive_mondrian_g0.02,1,1,1
2026-02-08,SP1,Alaves,Getafe,2,0.2,adaptive_mondrian_g0.02,0,1,0
2026-02-08,SP1,Ath Madrid,Betis,2,0.2,adaptive_mondrian_g0.02,1,0,0
2026-02-08,I1,Bologna,Parma,2,0.2,adaptive_mondrian_g0.02,1,1,0
2026-02-08,SP1,Valencia,Real Madrid,2,0.2,adaptive_mondrian_g0.02,0,0,1
2026-02-08,F1,Le Havre,Strasbourg,0,0.2,adaptive_mondrian_g0.02,0,1,1
2026-02-09,SP1,Villarreal,Espanol,0,0.2,adaptive_mondrian_g0.02,1,0,0
2026-02-09,I1,Roma,Cagliari,0,0.2,adaptive_mondrian_g0.02,1,0,0
2026-02-09,I1,Atalanta,Cremonese,0,0.2,adaptive_mondrian_g0.02,1,0,0
2026-02-10,E0,Chelsea,Leeds,1,0.2,adaptive_mondrian_g0.02,1,0,0
2026-02-10,E0,Everton,Bournemouth,2,0.2,adaptive_mondrian_g0.02,1,1,1
2026-02-10,E0,Tottenham,Newcastle,2,0.2,adaptive_mondrian_g0.02,0,1,1
2026-02-10,E0,West Ham,Man United,1,0.2,adaptive_mondrian_g0.02,0,0,1
2026-02-11,E0,Aston Villa,Brighton,0,0.2,adaptive_mondrian_g0.02,1,1,1
2026-02-11,E0,Crystal Palace,Burnley,2,0.2,adaptive_mondrian_g0.02,1,0,0
2026-02-11,E0,Man City,Fulham,0,0.2,adaptive_mondrian_g0.02,1,0,0
2026-02-11,E0,Nott'm Forest,Wolves,1,0.2,adaptive_mondrian_g0.02,1,1,0
2026-02-11,E0,Sunderland,Liverpool,2,0.2,adaptive_mondrian_g0.02,0,1,1
2026-02-12,E0,Brentford,Arsenal,1,0.2,adaptive_mondrian_g0.02,0,1,1
2026-02-13,F1,Rennes,Paris SG,0,0.2,adaptive_mondrian_g0.02,0,0,1
2026-02-13,I1,Pisa,Milan,2,0.2,adaptive_mondrian_g0.02,0,1,1
2026-02-13,SP1,Elche,Osasuna,1,0.2,adaptive_mondrian_g0.02,0,1,1
2026-02-13,F1,Monaco,Nantes,0,0.2,adaptive_mondrian_g0.02,1,0,0
2026-02-13,D1,Dortmund,Mainz,0,0.2,adaptive_mondrian_g0.02,1,0,0
2026-02-14,F1,Paris FC,Lens,2,0.2,adaptive_mondrian_g0.02,0,1,1
2026-02-14,D1,Stuttgart,FC Koln,0,0.2,adaptive_mondrian_g0.02,1,0,0
2026-02-14,SP1,Real Madrid,Sociedad,0,0.2,adaptive_mondrian_g0.02,1,0,0
2026-02-14,SP1,Sevilla,Alaves,1,0.2,adaptive_mondrian_g0.02,1,1,0
2026-02-14,SP1,Getafe,Villarreal,0,0.2,adaptive_mondrian_g0.02,0,1,1
2026-02-14,D1,Ein Frankfurt,M'gladbach,0,0.2,adaptive_mondrian_g0.02,1,1,1
2026-02-14,F1,Lille,Brest,1,0.2,adaptive_mondrian_g0.02,1,1,0
2026-02-14,SP1,Espanol,Celta,1,0.2,adaptive_mondrian_g0.02,0,1,1
2026-02-14,D1,Werder Bremen,Bayern Munich,2,0.2,adaptive_mondrian_g0.02,0,0,1
2026-02-14,D1,Leverkusen,St Pauli,0,0.2,adaptive_mondrian_g0.02,1,0,0
2026-02-14,I1,Como,Fiorentina,2,0.2,adaptive_mondrian_g0.02,1,1,0
2026-02-14,I1,Lazio,Atalanta,2,0.2,adaptive_mondrian_g0.02,0,1,1
2026-02-14,I1,Inter,Juventus,0,0.2,adaptive_mondrian_g0.02,1,1,0
2026-02-14,D1,Hamburg,Union Berlin,0,0.2,adaptive_mondrian_g0.02,1,1,1
2026-02-14,D1,Hoffenheim,Freiburg,0,0.2,adaptive_mondrian_g0.02,1,1,0
2026-02-14,F1,Marseille,Strasbourg,1,0.2,adaptive_mondrian_g0.02,1,1,1
2026-02-15,I1,Parma,Verona,0,0.2,adaptive_mondrian_g0.02,1,1,1
2026-02-15,SP1,Levante,Valencia,2,0.2,adaptive_mondrian_g0.02,0,1,1
2026-02-15,SP1,Vallecano,Ath Madrid,0,0.2,adaptive_mondrian_g0.02,0,1,1
2026-02-15,D1,RB Leipzig,Wolfsburg,1,0.2,adaptive_mondrian_g0.02,1,0,0
2026-02-15,D1,Augsburg,Heidenheim,0,0.2,adaptive_mondrian_g0.02,1,1,1
2026-02-15,I1,Cremonese,Genoa,1,0.2,adaptive_mondrian_g0.02,0,1,1
2026-02-15,SP1,Mallorca,Betis,2,0.2,adaptive_mondrian_g0.02,0,1,1
2026-02-15,I1,Udinese,Sassuolo,2,0.2,adaptive_mondrian_g0.02,0,1,1
2026-02-15,SP1,Oviedo,Ath Bilbao,2,0.2,adaptive_mondrian_g0.02,0,1,1
2026-02-15,F1,Le Havre,Toulouse,0,0.2,adaptive_mondrian_g0.02,0,1,1
2026-02-15,I1,Napoli,Roma,1,0.2,adaptive_mondrian_g0.02,0,1,1
2026-02-15,F1,Lorient,Angers,0,0.2,adaptive_mondrian_g0.02,1,1,0
2026-02-15,F1,Lyon,Nice,0,0.2,adaptive_mondrian_g0.02,1,1,0
2026-02-15,F1,Metz,Auxerre,2,0.2,adaptive_mondrian_g0.02,0,1,1
2026-02-15,I1,Torino,Bologna,2,0.2,adaptive_mondrian_g0.02,0,1,1
2026-02-16,SP1,Girona,Barcelona,0,0.2,adaptive_mondrian_g0.02,0,0,1
2026-02-16,I1,Cagliari,Lecce,2,0.2,adaptive_mondrian_g0.02,1,1,1
2026-02-18,SP1,Levante,Villarreal,2,0.2,adaptive_mondrian_g0.02,0,1,1
2026-02-18,E0,Wolves,Arsenal,1,0.2,adaptive_mondrian_g0.02,0,0,1
2026-02-18,I1,Milan,Como,1,0.2,adaptive_mondrian_g0.02,1,1,1
2026-02-20,D1,Mainz,Hamburg,1,0.2,adaptive_mondrian_g0.02,1,1,0
2026-02-20,SP1,Ath Bilbao,Elche,0,0.2,adaptive_mondrian_g0.02,1,1,0
2026-02-20,F1,Brest,Marseille,0,0.2,adaptive_mondrian_g0.02,0,1,1
2026-02-20,I1,Sassuolo,Verona,0,0.2,adaptive_mondrian_g0.02,1,1,0
2026-02-21,I1,Lecce,Inter,2,0.2,adaptive_mondrian_g0.02,0,0,1
2026-02-21,D1,FC Koln,Hoffenheim,1,0.2,adaptive_mondrian_g0.02,0,1,1
2026-02-21,D1,Union Berlin,Leverkusen,0,0.2,adaptive_mondrian_g0.02,0,1,1
2026-02-21,E0,Man City,Newcastle,0,0.2,adaptive_mondrian_g0.02,1,0,0
2026-02-21,E0,Aston Villa,Leeds,1,0.2,adaptive_mondrian_g0.02,1,1,0
2026-02-21,E0,Brentford,Brighton,2,0.2,adaptive_mondrian_g0.02,1,1,1
2026-02-21,E0,Chelsea,Burnley,1,0.2,adaptive_mondrian_g0.02,1,0,0
2026-02-21,D1,Bayern Munich,Ein Frankfurt,0,0.2,adaptive_mondrian_g0.02,1,0,0
2026-02-21,I1,Cagliari,Lazio,1,0.2,adaptive_mondrian_g0.02,0,1,1
2026-02-21,I1,Juventus,Como,2,0.2,adaptive_mondrian_g0.02,1,1,1
2026-02-21,D1,RB Leipzig,Dortmund,1,0.2,adaptive_mondrian_g0.02,1,1,0
2026-02-21,D1,Wolfsburg,Augsburg,2,0.2,adaptive_mondrian_g0.02,1,1,1
2026-02-21,SP1,Osasuna,Real Madrid,0,0.2,adaptive_mondrian_g0.02,0,0,1
2026-02-21,F1,Paris SG,Metz,0,0.2,adaptive_mondrian_g0.02,1,0,0
2026-02-21,SP1,Betis,Vallecano,1,0.2,adaptive_mondrian_g0.02,1,1,0
2026-02-21,SP1,Ath Madrid,Espanol,0,0.2,adaptive_mondrian_g0.02,1,0,0
2026-02-21,F1,Lens,Monaco,2,0.2,adaptive_mondrian_g0.02,1,0,0
2026-02-21,F1,Toulouse,Paris FC,1,0.2,adaptive_mondrian_g0.02,1,1,0
2026-02-21,SP1,Sociedad,Oviedo,1,0.2,adaptive_mondrian_g0.02,1,1,0
2026-02-21,E0,West Ham,Bournemouth,1,0.2,adaptive_mondrian_g0.02,0,1,1
2026-02-22,E0,Tottenham,Arsenal,2,0.2,adaptive_mondrian_g0.02,0,0,1
2026-02-22,D1,Freiburg,M'gladbach,0,0.2,adaptive_mondrian_g0.02,1,1,0
2026-02-22,D1,St Pauli,Werder Bremen,0,0.2,adaptive_mondrian_g0.02,1,1,1
2026-02-22,SP1,Barcelona,Levante,0,0.2,adaptive_mondrian_g0.02,1,0,0
2026-02-22,I1,Genoa,Torino,0,0.2,adaptive_mondrian_g0.02,1,1,0
2026-02-22,I1,Atalanta,Napoli,0,0.2,adaptive_mondrian_g0.02,1,1,1
2026-02-22,E0,Sunderland,Fulham,2,0.2,adaptive_mondrian_g0.02,0,1,1
2026-02-22,D1,Heidenheim,Stuttgart,1,0.2,adaptive_mondrian_g0.02,0,0,1
2026-02-22,I1,Roma,Cremonese,0,0.2,adaptive_mondrian_g0.02,1,0,0
2026-02-22,F1,Auxerre,Rennes,2,0.2,adaptive_mondrian_g0.02,0,1,1
2026-02-22,SP1,Getafe,Sevilla,2,0.2,adaptive_mondrian_g0.02,1,1,0
2026-02-22,E0,Nott'm Forest,Liverpool,2,0.2,adaptive_mondrian_g0.02,0,1,1
2026-02-22,SP1,Celta,Mallorca,0,0.2,adaptive_mondrian_g0.02,1,1,0
2026-02-22,F1,Nice,Lorient,1,0.2,adaptive_mondrian_g0.02,1,1,1
2026-02-22,F1,Nantes,Le Havre,0,0.2,adaptive_mondrian_g0.02,1,1,1
2026-02-22,F1,Angers,Lille,2,0.2,adaptive_mondrian_g0.02,0,1,1
2026-02-22,I1,Milan,Parma,2,0.2,adaptive_mondrian_g0.02,1,0,0
2026-02-22,SP1,Villarreal,Valencia,0,0.2,adaptive_mondrian_g0.02,1,0,0
2026-02-22,F1,Strasbourg,Lyon,0,0.2,adaptive_mondrian_g0.02,1,1,1
2026-02-22,E0,Crystal Palace,Wolves,0,0.2,adaptive_mondrian_g0.02,1,1,0
2026-02-23,SP1,Alaves,Girona,1,0.2,adaptive_mondrian_g0.02,1,1,1
2026-02-23,E0,Everton,Man United,2,0.2,adaptive_mondrian_g0.02,0,1,1
2026-02-23,I1,Bologna,Udinese,0,0.2,adaptive_mondrian_g0.02,1,1,0
2026-02-23,I1,Fiorentina,Pisa,0,0.2,adaptive_mondrian_g0.02,1,1,0
2026-02-27,F1,Strasbourg,Lens,1,0.2,adaptive_mondrian_g0.02,1,1,1
2026-02-27,I1,Parma,Cagliari,1,0.2,adaptive_mondrian_g0.02,1,1,0
2026-02-27,D1,Augsburg,FC Koln,0,0.2,adaptive_mondrian_g0.02,1,1,1
2026-02-27,E0,Wolves,Aston Villa,0,0.2,adaptive_mondrian_g0.02,0,1,1
2026-02-27,SP1,Levante,Alaves,0,0.2,adaptive_mondrian_g0.02,0,1,1
2026-02-28,E0,Bournemouth,Sunderland,1,0.2,adaptive_mondrian_g0.02,1,1,0
2026-02-28,D1,Dortmund,Bayern Munich,2,0.2,adaptive_mondrian_g0.02,0,0,1
2026-02-28,D1,Werder Bremen,Heidenheim,0,0.2,adaptive_mondrian_g0.02,1,0,0
2026-02-28,D1,M'gladbach,Union Berlin,0,0.2,adaptive_mondrian_g0.02,1,1,1
2026-02-28,D1,Leverkusen,Mainz,1,0.2,adaptive_mondrian_g0.02,1,0,0
2026-02-28,E0,Leeds,Man City,2,0.2,adaptive_mondrian_g0.02,0,1,1
2026-02-28,E0,Newcastle,Everton,2,0.2,adaptive_mondrian_g0.02,1,1,0
2026-02-28,E0,Burnley,Brentford,2,0.2,adaptive_mondrian_g0.02,0,1,1
2026-02-28,D1,Hoffenheim,St Pauli,2,0.2,adaptive_mondrian_g0.02,1,0,0
2026-02-28,E0,Liverpool,West Ham,0,0.2,adaptive_mondrian_g0.02,1,0,0
2026-02-28,SP1,Vallecano,Ath Bilbao,1,0.2,adaptive_mondrian_g0.02,1,1,1
2026-02-28,SP1,Mallorca,Sociedad,2,0.2,adaptive_mondrian_g0.02,0,1,1
2026-02-28,SP1,Oviedo,Ath Madrid,2,0.2,adaptive_mondrian_g0.02,0,1,1
2026-02-28,I1,Inter,Genoa,0,0.2,adaptive_mondrian_g0.02,1,0,0
2026-02-28,I1,Verona,Napoli,2,0.2,adaptive_mondrian_g0.02,0,1,1
2026-02-28,SP1,Barcelona,Villarreal,0,0.2,adaptive_mondrian_g0.02,1,0,0
2026-02-28,F1,Monaco,Angers,0,0.2,adaptive_mondrian_g0.02,1,0,0
2026-02-28,F1,Rennes,Toulouse,0,0.2,adaptive_mondrian_g0.02,1,1,0
2026-02-28,I1,Como,Lecce,0,0.2,adaptive_mondrian_g0.02,1,0,0
2026-02-28,F1,Le Havre,Paris SG,2,0.2,adaptive_mondrian_g0.02,0,0,1
2026-03-01,SP1,Girona,Celta,2,0.2,adaptive_mondrian_g0.02,0,1,1
2026-03-01,F1,Lille,Nantes,0,0.2,adaptive_mondrian_g0.02,1,0,0
2026-03-01,E0,Man United,Crystal Palace,0,0.2,adaptive_mondrian_g0.02,1,0,0
2026-03-01,F1,Paris FC,Nice,0,0.2,adaptive_mondrian_g0.02,1,1,1
2026-03-01,E0,Brighton,Nott'm Forest,0,0.2,adaptive_mondrian_g0.02,1,1,1
2026-03-01,F1,Lorient,Auxerre,1,0.2,adaptive_mondrian_g0.02,1,1,0
2026-03-01,F1,Metz,Brest,2,0.2,adaptive_mondrian_g0.02,0,1,1
2026-03-01,F1,Marseille,Lyon,0,0.2,adaptive_mondrian_g0.02,1,1,0
2026-03-01,E0,Fulham,Tottenham,0,0.2,adaptive_mondrian_g0.02,1,1,1
2026-03-01,SP1,Betis,Sevilla,1,0.2,adaptive_mondrian_g0.02,1,1,0
2026-03-01,I1,Torino,Lazio,0,0.2,adaptive_mondrian_g0.02,0,1,1
2026-03-01,SP1,Elche,Espanol,1,0.2,adaptive_mondrian_g0.02,1,1,1
2026-03-01,SP1,Valencia,Osasuna,0,0.2,adaptive_mondrian_g0.02,1,1,1
2026-03-01,I1,Cremonese,Milan,2,0.2,adaptive_mondrian_g0.02,0,0,1
2026-03-01,I1,Roma,Juventus,1,0.2,adaptive_mondrian_g0.02,0,1,1
2026-03-01,I1,Sassuolo,Atalanta,0,0.2,adaptive_mondrian_g0.02,0,1,1
2026-03-01,D1,Ein Frankfurt,Freiburg,0,0.2,adaptive_mondrian_g0.02,1,1,1
2026-03-01,D1,Hamburg,RB Leipzig,2,0.2,adaptive_mondrian_g0.02,0,0,1
2026-03-01,E0,Arsenal,Chelsea,0,0.2,adaptive_mondrian_g0.02,1,0,0
2026-03-01,D1,Stuttgart,Wolfsburg,0,0.2,adaptive_mondrian_g0.02,1,0,0
2026-03-02,I1,Pisa,Bologna,2,0.2,adaptive_mondrian_g0.02,0,1,1
2026-03-02,SP1,Real Madrid,Getafe,2,0.2,adaptive_mondrian_g0.02,1,0,0
2026-03-02,I1,Udinese,Fiorentina,0,0.2,adaptive_mondrian_g0.02,0,1,1
2026-03-03,E0,Bournemouth,Brentford,1,0.2,adaptive_mondrian_g0.02,1,1,1
2026-03-03,E0,Everton,Burnley,0,0.2,adaptive_mondrian_g0.02,1,1,0
2026-03-03,E0,Leeds,Sunderland,2,0.2,adaptive_mondrian_g0.02,1,1,0
2026-03-03,E0,Wolves,Liverpool,0,0.2,adaptive_mondrian_g0.02,0,0,1
2026-03-04,SP1,Vallecano,Oviedo,0,0.2,adaptive_mondrian_g0.02,1,1,0
2026-03-04,E0,Fulham,West Ham,2,0.2,adaptive_mondrian_g0.02,1,1,1
2026-03-04,E0,Newcastle,Man United,0,0.2,adaptive_mondrian_g0.02,0,1,1
2026-03-04,E0,Aston Villa,Chelsea,2,0.2,adaptive_mondrian_g0.02,0,1,1
2026-03-04,D1,Hamburg,Leverkusen,2,0.2,adaptive_mondrian_g0.02,0,1,1
2026-03-04,E0,Man City,Nott'm Forest,1,0.2,adaptive_mondrian_g0.02,1,0,0
2026-03-04,E0,Brighton,Arsenal,2,0.2,adaptive_mondrian_g0.02,0,1,1
2026-03-05,E0,Tottenham,Crystal Palace,2,0.2,adaptive_mondrian_g0.02,1,1,1
2026-03-06,F1,Paris SG,Monaco,2,0.2,adaptive_mondrian_g0.02,1,0,0
2026-03-06,SP1,Celta,Real Madrid,2,0.2,adaptive_mondrian_g0.02,0,1,1
2026-03-06,D1,Bayern Munich,M'gladbach,0,0.2,adaptive_mondrian_g0.02,1,0,0
2026-03-06,I1,Napoli,Torino,0,0.2,adaptive_mondrian_g0.02,1,1,0
2026-03-07,I1,Atalanta,Udinese,1,0.2,adaptive_mondrian_g0.02,1,1,0
2026-03-07,SP1,Ath Madrid,Sociedad,0,0.2,adaptive_mondrian_g0.02,1,0,0
2026-03-07,SP1,Levante,Girona,1,0.2,adaptive_mondrian_g0.02,0,1,1
2026-03-07,SP1,Osasuna,Mallorca,1,0.2,adaptive_mondrian_g0.02,1,1,0
2026-03-07,F1,Nantes,Angers,2,0.2,adaptive_mondrian_g0.02,1,1,0
2026-03-07,D1,FC Koln,Dortmund,2,0.2,adaptive_mondrian_g0.02,0,0,1
2026-03-07,D1,Wolfsburg,Hamburg,2,0.2,adaptive_mondrian_g0.02,1,1,1
2026-03-07,I1,Cagliari,Como,2,0.2,adaptive_mondrian_g0.02,0,0,1
2026-03-07,I1,Juventus,Pisa,0,0.2,adaptive_mondrian_g0.02,1,0,0
2026-03-07,D1,RB Leipzig,Augsburg,0,0.2,adaptive_mondrian_g0.02,1,0,0
2026-03-07,D1,Mainz,Stuttgart,1,0.2,adaptive_mondrian_g0.02,0,1,1
2026-03-07,D1,Heidenheim,Hoffenheim,2,0.2,adaptive_mondrian_g0.02,0,0,1
2026-03-07,D1,Freiburg,Leverkusen,1,0.2,adaptive_mondrian_g0.02,0,1,1
2026-03-07,F1,Auxerre,Strasbourg,1,0.2,adaptive_mondrian_g0.02,0,1,1
2026-03-07,F1,Toulouse,Marseille,2,0.2,adaptive_mondrian_g0.02,0,1,1
2026-03-07,SP1,Ath Bilbao,Barcelona,2,0.2,adaptive_mondrian_g0.02,0,0,1
2026-03-08,SP1,Valencia,Alaves,0,0.2,adaptive_mondrian_g0.02,1,1,0
2026-03-08,I1,Fiorentina,Parma,1,0.2,adaptive_mondrian_g0.02,1,1,0
2026-03-08,I1,Genoa,Roma,0,0.2,adaptive_mondrian_g0.02,0,1,1
2026-03-08,I1,Lecce,Cremonese,0,0.2,adaptive_mondrian_g0.02,1,1,1
2026-03-08,I1,Milan,Inter,0,0.2,adaptive_mondrian_g0.02,0,1,1
2026-03-08,F1,Lille,Lorient,1,0.2,adaptive_mondrian_g0.02,1,0,0
2026-03-08,F1,Nice,Rennes,2,0.2,adaptive_mondrian_g0.02,0,1,1
2026-03-08,F1,Brest,Le Havre,0,0.2,adaptive_mondrian_g0.02,1,1,0
2026-03-08,F1,Lens,Metz,0,0.2,adaptive_mondrian_g0.02,1,0,0
2026-03-08,F1,Lyon,Paris FC,1,0.2,adaptive_mondrian_g0.02,1,1,0
2026-03-08,I1,Bologna,Verona,2,0.2,adaptive_mondrian_g0.02,1,1,0
2026-03-08,SP1,Getafe,Betis,0,0.2,adaptive_mondrian_g0.02,0,1,1
2026-03-08,D1,Union Berlin,Werder Bremen,2,0.2,adaptive_mondrian_g0.02,1,1,1
2026-03-08,D1,St Pauli,Ein Frankfurt,1,0.2,adaptive_mondrian_g0.02,1,1,1
2026-03-08,SP1,Villarreal,Elche,0,0.2,adaptive_mondrian_g0.02,1,0,0
2026-03-08,SP1,Sevilla,Vallecano,1,0.2,adaptive_mondrian_g0.02,1,1,1
2026-03-09,SP1,Espanol,Oviedo,1,0.2,adaptive_mondrian_g0.02,1,1,0
2026-03-09,I1,Lazio,Sassuolo,0,0.2,adaptive_mondrian_g0.02,1,1,1
2026-03-13,D1,M'gladbach,St Pauli,0,0.2,adaptive_mondrian_g0.02,1,1,0
2026-03-13,F1,Marseille,Auxerre,0,0.2,adaptive_mondrian_g0.02,1,0,0
2026-03-13,SP1,Alaves,Villarreal,1,0.2,adaptive_mondrian_g0.02,0,1,1
2026-03-13,I1,Torino,Parma,0,0.2,adaptive_mondrian_g0.02,1,1,0
2026-03-14,E0,Arsenal,Everton,0,0.2,adaptive_mondrian_g0.02,1,0,0
2026-03-14,I1,Napoli,Lecce,0,0.2,adaptive_mondrian_g0.02,1,0,0
2026-03-14,I1,Udinese,Juventus,2,0.2,adaptive_mondrian_g0.02,0,0,1
2026-03-14,D1,Hoffenheim,Wolfsburg,1,0.2,adaptive_mondrian_g0.02,1,0,0
2026-03-14,F1,Monaco,Brest,0,0.2,adaptive_mondrian_g0.02,1,0,0
2026-03-14,D1,Leverkusen,Bayern Munich,1,0.2,adaptive_mondrian_g0.02,0,0,1
2026-03-14,E0,West Ham,Man City,1,0.2,adaptive_mondrian_g0.02,0,0,1
2026-03-14,E0,Chelsea,Newcastle,2,0.2,adaptive_mondrian_g0.02,1,0,0
2026-03-14,E0,Sunderland,Brighton,2,0.2,adaptive_mondrian_g0.02,0,1,1
2026-03-14,I1,Inter,Atalanta,1,0.2,adaptive_mondrian_g0.02,1,0,0
2026-03-14,F1,Angers,Nice,2,0.2,adaptive_mondrian_g0.02,0,1,1
2026-03-14,F1,Lorient,Lens,0,0.2,adaptive_mondrian_g0.02,0,0,1
2026-03-14,D1,Hamburg,FC Koln,1,0.2,adaptive_mondrian_g0.02,1,1,1
2026-03-14,SP1,Ath Madrid,Getafe,0,0.2,adaptive_mondrian_g0.02,1,1,0
2026-03-14,D1,Ein Frankfurt,Heidenheim,0,0.2,adaptive_mondrian_g0.02,1,0,0
2026-03-14,E0,Burnley,Bournemouth,1,0.2,adaptive_mondrian_g0.02,0,0,1
2026-03-14,SP1,Real Madrid,Elche,0,0.2,adaptive_mondrian_g0.02,1,0,0
2026-03-14,SP1,Oviedo,Valencia,0,0.2,adaptive_mondrian_g0.02,0,1,1
2026-03-14,SP1,Girona,Ath Bilbao,0,0.2,adaptive_mondrian_g0.02,0,1,1
2026-03-14,D1,Dortmund,Augsburg,0,0.2,adaptive_mondrian_g0.02,1,0,0
2026-03-15,F1,Le Havre,Lyon,1,0.2,adaptive_mondrian_g0.02,0,1,1
2026-03-15,D1,Werder Bremen,Mainz,2,0.2,adaptive_mondrian_g0.02,1,1,1
2026-03-15,F1,Strasbourg,Paris FC,1,0.2,adaptive_mondrian_g0.02,1,1,0
2026-03-15,SP1,Mallorca,Espanol,0,0.2,adaptive_mondrian_g0.02,1,1,1
2026-03-15,SP1,Barcelona,Sevilla,0,0.2,adaptive_mondrian_g0.02,1,0,0
2026-03-15,SP1,Betis,Celta,1,0.2,adaptive_mondrian_g0.02,1,1,0
2026-03-15,SP1,Sociedad,Osasuna,0,0.2,adaptive_mondrian_g0.02,1,1,0
2026-03-15,F1,Metz,Toulouse,2,0.2,adaptive_mondrian_g0.02,0,1,1
2026-03-15,I1,Verona,Genoa,2,0.2,adaptive_mondrian_g0.02,0,1,1
2026-03-15,F1,Rennes,Lille,2,0.2,adaptive_mondrian_g0.02,1,1,1
2026-03-15,I1,Pisa,Cagliari,0,0.2,adaptive_mondrian_g0.02,1,1,1
2026-03-15,I1,Sassuolo,Bologna,2,0.2,adaptive_mondrian_g0.02,1,1,1
2026-03-15,I1,Lazio,Milan,0,0.2,adaptive_mondrian_g0.02,0,1,1
2026-03-15,E0,Liverpool,Tottenham,1,0.2,adaptive_mondrian_g0.02,1,0,0
2026-03-15,E0,Nott'm Forest,Fulham,1,0.2,adaptive_mondrian_g0.02,1,1,1
2026-03-15,E0,Man United,Aston Villa,0,0.2,adaptive_mondrian_g0.02,1,0,0
2026-03-15,E0,Crystal Palace,Leeds,1,0.2,adaptive_mondrian_g0.02,0,1,1
2026-03-15,D1,Stuttgart,RB Leipzig,0,0.2,adaptive_mondrian_g0.02,1,1,1
2026-03-15,I1,Como,Roma,0,0.2,adaptive_mondrian_g0.02,1,1,0
2026-03-15,D1,Freiburg,Union Berlin,2,0.2,adaptive_mondrian_g0.02,1,1,0
2026-03-16,I1,Cremonese,Fiorentina,2,0.2,adaptive_mondrian_g0.02,0,1,1
2026-03-16,E0,Brentford,Wolves,1,0.2,adaptive_mondrian_g0.02,1,0,0
2026-03-16,SP1,Vallecano,Levante,1,0.2,adaptive_mondrian_g0.02,1,1,0
2026-03-20,I1,Genoa,Udinese,2,0.2,adaptive_mondrian_g0.02,1,1,0
2026-03-20,SP1,Villarreal,Sociedad,0,0.2,adaptive_mondrian_g0.02,1,1,0
2026-03-20,I1,Cagliari,Napoli,2,0.2,adaptive_mondrian_g0.02,0,1,1
2026-03-20,E0,Bournemouth,Man United,1,0.2,adaptive_mondrian_g0.02,0,1,1
2026-03-20,D1,RB Leipzig,Hoffenheim,0,0.2,adaptive_mondrian_g0.02,1,1,1
2026-03-20,F1,Lens,Angers,0,0.2,adaptive_mondrian_g0.02,1,0,0
2026-03-21,E0,Fulham,Burnley,0,0.2,adaptive_mondrian_g0.02,1,0,0
2026-03-21,SP1,Elche,Mallorca,0,0.2,adaptive_mondrian_g0.02,1,1,1
2026-03-21,E0,Leeds,Brentford,1,0.2,adaptive_mondrian_g0.02,1,1,1
2026-03-21,F1,Nice,Paris SG,2,0.2,adaptive_mondrian_g0.02,0,0,1
2026-03-21,D1,Dortmund,Hamburg,0,0.2,adaptive_mondrian_g0.02,1,0,0
2026-03-21,D1,Wolfsburg,Werder Bremen,2,0.2,adaptive_mondrian_g0.02,1,1,1
2026-03-21,D1,Heidenheim,Leverkusen,1,0.2,adaptive_mondrian_g0.02,0,0,1
2026-03-21,D1,FC Koln,M'gladbach,1,0.2,adaptive_mondrian_g0.02,1,1,1
2026-03-21,E0,Brighton,Liverpool,0,0.2,adaptive_mondrian_g0.02,0,1,1
2026-03-21,F1,Auxerre,Brest,0,0.2,adaptive_mondrian_g0.02,1,1,1
2026-03-21,I1,Juventus,Sassuolo,1,0.2,adaptive_mondrian_g0.02,1,0,0
2026-03-21,E0,Everton,Chelsea,0,0.2,adaptive_mondrian_g0.02,0,1,1
2026-03-21,D1,Bayern Munich,Union Berlin,0,0.2,adaptive_mondrian_g0.02,1,0,0
2026-03-21,SP1,Sevilla,Valencia,2,0.2,adaptive_mondrian_g0.02,1,1,1
2026-03-21,SP1,Osasuna,Girona,0,0.2,adaptive_mondrian_g0.02,1,1,1
2026-03-21,I1,Parma,Cremonese,2,0.2,adaptive_mondrian_g0.02,1,1,1
2026-03-21,SP1,Espanol,Getafe,2,0.2,adaptive_mondrian_g0.02,1,1,1
2026-03-21,F1,Toulouse,Lorient,0,0.2,adaptive_mondrian_g0.02,1,1,0
2026-03-21,I1,Milan,Torino,0,0.2,adaptive_mondrian_g0.02,1,0,0
2026-03-21,SP1,Levante,Oviedo,0,0.2,adaptive_mondrian_g0.02,1,1,1
2026-03-22,E0,Tottenham,Nott'm Forest,2,0.2,adaptive_mondrian_g0.02,1,1,1
2026-03-22,SP1,Real Madrid,Ath Madrid,0,0.2,adaptive_mondrian_g0.02,1,1,1
2026-03-22,SP1,Ath Bilbao,Betis,0,0.2,adaptive_mondrian_g0.02,1,1,0
2026-03-22,SP1,Celta,Alaves,2,0.2,adaptive_mondrian_g0.02,1,1,0
2026-03-22,SP1,Barcelona,Vallecano,0,0.2,adaptive_mondrian_g0.02,1,0,0
2026-03-22,D1,Mainz,Ein Frankfurt,0,0.2,adaptive_mondrian_g0.02,1,1,1
2026-03-22,D1,St Pauli,Freiburg,2,0.2,adaptive_mondrian_g0.02,0,1,1
2026-03-22,E0,Newcastle,Sunderland,2,0.2,adaptive_mondrian_g0.02,1,1,0
2026-03-22,E0,Aston Villa,West Ham,0,0.2,adaptive_mondrian_g0.02,1,1,0
2026-03-22,D1,Augsburg,Stuttgart,2,0.2,adaptive_mondrian_g0.02,0,1,1
2026-03-22,F1,Nantes,Strasbourg,2,0.2,adaptive_mondrian_g0.02,0,1,1
2026-03-22,F1,Rennes,Metz,1,0.2,adaptive_mondrian_g0.02,1,0,0
2026-03-22,F1,Paris FC,Le Havre,0,0.2,adaptive_mondrian_g0.02,1,1,0
2026-03-22,F1,Marseille,Lille,2,0.2,adaptive_mondrian_g0.02,1,1,0
2026-03-22,F1,Lyon,Monaco,2,0.2,adaptive_mondrian_g0.02,0,1,1
2026-03-22,I1,Fiorentina,Inter,1,0.2,adaptive_mondrian_g0.02,0,1,1
2026-03-22,I1,Como,Pisa,0,0.2,adaptive_mondrian_g0.02,1,0,0
2026-03-22,I1,Bologna,Lazio,2,0.2,adaptive_mondrian_g0.02,1,1,1
2026-03-22,I1,Atalanta,Verona,0,0.2,adaptive_mondrian_g0.02,1,0,0
2026-03-22,I1,Roma,Lecce,0,0.2,adaptive_mondrian_g0.02,1,1,0
2026-04-03,F1,Paris SG,Toulouse,0,0.2,adaptive_mondrian_g0.02,1,0,0
2026-04-03,SP1,Vallecano,Elche,0,0.2,adaptive_mondrian_g0.02,1,1,0
2026-04-04,D1,Stuttgart,Dortmund,2,0.2,adaptive_mondrian_g0.02,0,1,1
2026-04-04,D1,Werder Bremen,RB Leipzig,2,0.2,adaptive_mondrian_g0.02,0,1,1
2026-04-04,I1,Verona,Fiorentina,2,0.2,adaptive_mondrian_g0.02,0,1,1
2026-04-04,F1,Lille,Lens,0,0.2,adaptive_mondrian_g0.02,0,1,1
2026-04-04,F1,Brest,Rennes,2,0.2,adaptive_mondrian_g0.02,0,1,1
2026-04-04,F1,Strasbourg,Nice,0,0.2,adaptive_mondrian_g0.02,1,1,1
2026-04-04,D1,M'gladbach,Heidenheim,1,0.2,adaptive_mondrian_g0.02,1,1,0
2026-04-04,I1,Lazio,Parma,1,0.2,adaptive_mondrian_g0.02,1,1,0
2026-04-04,SP1,Sociedad,Levante,0,0.2,adaptive_mondrian_g0.02,1,0,0
2026-04-04,D1,Freiburg,Bayern Munich,2,0.2,adaptive_mondrian_g0.02,0,0,1
2026-04-04,D1,Hamburg,Augsburg,1,0.2,adaptive_mondrian_g0.02,1,1,1
2026-04-04,D1,Hoffenheim,Mainz,2,0.2,adaptive_mondrian_g0.02,1,1,0
2026-04-04,SP1,Ath Madrid,Barcelona,2,0.2,adaptive_mondrian_g0.02,0,1,1
2026-04-04,SP1,Betis,Espanol,1,0.2,adaptive_mondrian_g0.02,1,1,0
2026-04-04,SP1,Mallorca,Real Madrid,0,0.2,adaptive_mondrian_g0.02,0,1,1
2026-04-04,D1,Leverkusen,Wolfsburg,0,0.2,adaptive_mondrian_g0.02,1,0,0
2026-04-04,I1,Sassuolo,Cagliari,0,0.2,adaptive_mondrian_g0.02,1,1,1
2026-04-05,F1,Le Havre,Auxerre,1,0.2,adaptive_mondrian_g0.02,0,1,1
2026-04-05,I1,Cremonese,Bologna,2,0.2,adaptive_mondrian_g0.02,0,1,1
2026-04-05,I1,Pisa,Torino,2,0.2,adaptive_mondrian_g0.02,0,1,1
2026-04-05,F1,Monaco,Marseille,0,0.2,adaptive_mondrian_g0.02,1,1,1
2026-04-05,SP1,Alaves,Osasuna,1,0.2,adaptive_mondrian_g0.02,0,1,1
2026-04-05,SP1,Oviedo,Sevilla,0,0.2,adaptive_mondrian_g0.02,0,1,1
2026-04-05,SP1,Valencia,Celta,2,0.2,adaptive_mondrian_g0.02,1,1,1
2026-04-05,F1,Lorient,Paris FC,1,0.2,adaptive_mondrian_g0.02,1,1,1
2026-04-05,F1,Angers,Lyon,1,0.2,adaptive_mondrian_g0.02,0,0,1
2026-04-05,I1,Inter,Roma,0,0.2,adaptive_mondrian_g0.02,1,1,0
2026-04-05,F1,Metz,Nantes,1,0.2,adaptive_mondrian_g0.02,0,1,1
2026-04-05,D1,Ein Frankfurt,FC Koln,1,0.2,adaptive_mondrian_g0.02,1,1,1
2026-04-05,D1,Union Berlin,St Pauli,1,0.2,adaptive_mondrian_g0.02,1,1,0
2026-04-05,SP1,Getafe,Ath Bilbao,0,0.2,adaptive_mondrian_g0.02,0,1,1
2026-04-06,SP1,Girona,Villarreal,0,0.2,adaptive_mondrian_g0.02,0,1,1
2026-04-06,I1,Udinese,Como,1,0.2,adaptive_mondrian_g0.02,0,1,1
2026-04-06,I1,Juventus,Genoa,0,0.2,adaptive_mondrian_g0.02,1,0,0
2026-04-06,I1,Lecce,Atalanta,2,0.2,adaptive_mondrian_g0.02,0,1,1
2026-04-06,I1,Napoli,Milan,0,0.2,adaptive_mondrian_g0.02,1,1,1
2026-04-10,SP1,Real Madrid,Girona,1,0.2,adaptive_mondrian_g0.02,1,0,0
2026-04-10,F1,Marseille,Metz,0,0.2,adaptive_mondrian_g0.02,1,0,0
2026-04-10,F1,Paris FC,Monaco,0,0.2,adaptive_mondrian_g0.02,0,1,1
2026-04-10,E0,West Ham,Wolves,0,0.2,adaptive_mondrian_g0.02,1,1,0
2026-04-10,I1,Roma,Pisa,0,0.2,adaptive_mondrian_g0.02,1,0,0
2026-04-10,D1,Augsburg,Hoffenheim,1,0.2,adaptive_mondrian_g0.02,0,1,1
2026-04-11,SP1,Elche,Valencia,0,0.2,adaptive_mondrian_g0.02,0,1,1
2026-04-11,SP1,Sociedad,Alaves,1,0.2,adaptive_mondrian_g0.02,1,1,0
2026-04-11,D1,Heidenheim,Union Berlin,0,0.2,adaptive_mondrian_g0.02,0,1,1
2026-04-11,D1,Dortmund,Leverkusen,2,0.2,adaptive_mondrian_g0.02,1,1,1
2026-04-11,I1,Torino,Verona,0,0.2,adaptive_mondrian_g0.02,1,1,0
2026-04-11,E0,Brentford,Everton,1,0.2,adaptive_mondrian_g0.02,1,1,1
2026-04-11,SP1,Barcelona,Espanol,0,0.2,adaptive_mondrian_g0.02,1,0,0
2026-04-11,I1,Cagliari,Cremonese,0,0.2,adaptive_mondrian_g0.02,1,1,0
2026-04-11,E0,Arsenal,Bournemouth,2,0.2,adaptive_mondrian_g0.02,1,0,0
2026-04-11,E0,Liverpool,Fulham,0,0.2,adaptive_mondrian_g0.02,1,1,0
2026-04-11,E0,Burnley,Brighton,2,0.2,adaptive_mondrian_g0.02,0,0,1
2026-04-11,D1,RB Leipzig,M'gladbach,0,0.2,adaptive_mondrian_g0.02,1,0,0
2026-04-11,D1,Wolfsburg,Ein Frankfurt,2,0.2,adaptive_mondrian_g0.02,1,1,1
2026-04-11,D1,St Pauli,Bayern Munich,2,0.2,adaptive_mondrian_g0.02,0,0,1
2026-04-11,I1,Atalanta,Juventus,2,0.2,adaptive_mondrian_g0.02,0,1,1
2026-04-11,F1,Rennes,Angers,0,0.2,adaptive_mondrian_g0.02,1,0,0
2026-04-11,SP1,Sevilla,Ath Madrid,0,0.2,adaptive_mondrian_g0.02,1,1,1
2026-04-11,I1,Milan,Udinese,2,0.2,adaptive_mondrian_g0.02,1,0,0
2026-04-11,F1,Auxerre,Nantes,1,0.2,adaptive_mondrian_g0.02,1,1,0
2026-04-12,I1,Bologna,Lecce,0,0.2,adaptive_mondrian_g0.02,1,1,0
2026-04-12,E0,Chelsea,Man City,2,0.2,adaptive_mondrian_g0.02,0,1,1
2026-04-12,E0,Sunderland,Tottenham,0,0.2,adaptive_mondrian_g0.02,0,1,1
2026-04-12,E0,Nott'm Forest,Aston Villa,1,0.2,adaptive_mondrian_g0.02,1,1,1
2026-04-12,E0,Crystal Palace,Newcastle,0,0.2,adaptive_mondrian_g0.02,0,1,1
2026-04-12,I1,Como,Inter,2,0.2,adaptive_mondrian_g0.02,0,1,1
2026-04-12,I1,Genoa,Sassuolo,0,0.2,adaptive_mondrian_g0.02,1,1,1
2026-04-12,I1,Parma,Napoli,1,0.2,adaptive_mondrian_g0.02,0,1,1
2026-04-12,F1,Lyon,Lorient,0,0.2,adaptive_mondrian_g0.02,1,1,0
2026-04-12,SP1,Celta,Oviedo,2,0.2,adaptive_mondrian_g0.02,1,1,0
2026-04-12,F1,Nice,Le Havre,1,0.2,adaptive_mondrian_g0.02,1,1,0
2026-04-12,D1,FC Koln,Werder Bremen,0,0.2,adaptive_mondrian_g0.02,1,1,1
2026-04-12,D1,Stuttgart,Hamburg,0,0.2,adaptive_mondrian_g0.02,1,0,0
2026-04-12,D1,Mainz,Freiburg,2,0.2,adaptive_mondrian_g0.02,1,1,1
2026-04-12,SP1,Ath Bilbao,Villarreal,2,0.2,adaptive_mondrian_g0.02,1,1,0
2026-04-12,SP1,Mallorca,Vallecano,0,0.2,adaptive_mondrian_g0.02,1,1,1
2026-04-12,SP1,Osasuna,Betis,1,0.2,adaptive_mondrian_g0.02,1,1,1
2026-04-12,F1,Toulouse,Lille,2,0.2,adaptive_mondrian_g0.02,0,1,1
2026-04-13,SP1,Levante,Getafe,0,0.2,adaptive_mondrian_g0.02,1,1,1
2026-04-13,E0,Man United,Leeds,2,0.2,adaptive_mondrian_g0.02,1,1,0
2026-04-13,I1,Fiorentina,Lazio,0,0.2,adaptive_mondrian_g0.02,1,1,1
2026-04-17,D1,St Pauli,FC Koln,1,0.2,adaptive_mondrian_g0.02,0,1,1
2026-04-17,F1,Lens,Toulouse,0,0.2,adaptive_mondrian_g0.02,1,0,0
2026-04-17,I1,Sassuolo,Como,0,0.2,adaptive_mondrian_g0.02,0,0,1
2026-04-17,I1,Inter,Cagliari,0,0.2,adaptive_mondrian_g0.02,1,0,0
2026-04-18,E0,Brentford,Fulham,1,0.2,adaptive_mondrian_g0.02,1,1,1
2026-04-18,E0,Leeds,Wolves,0,0.2,adaptive_mondrian_g0.02,1,0,0
2026-04-18,D1,Ein Frankfurt,RB Leipzig,2,0.2,adaptive_mondrian_g0.02,0,1,1
2026-04-18,D1,Werder Bremen,Hamburg,0,0.2,adaptive_mondrian_g0.02,1,1,0
2026-04-18,D1,Union Berlin,Wolfsburg,2,0.2,adaptive_mondrian_g0.02,1,1,1
2026-04-18,D1,Leverkusen,Augsburg,2,0.2,adaptive_mondrian_g0.02,1,0,0
2026-04-18,D1,Hoffenheim,Dortmund,0,0.2,adaptive_mondrian_g0.02,1,1,1
2026-04-18,I1,Roma,Atalanta,1,0.2,adaptive_mondrian_g0.02,1,1,1
2026-04-18,I1,Udinese,Parma,2,0.2,adaptive_mondrian_g0.02,1,1,1
2026-04-18,I1,Napoli,Lazio,2,0.2,adaptive_mondrian_g0.02,1,1,0
2026-04-18,E0,Newcastle,Bournemouth,2,0.2,adaptive_mondrian_g0.02,1,1,1
2026-04-18,E0,Chelsea,Man United,2,0.2,adaptive_mondrian_g0.02,1,1,1
2026-04-18,F1,Lorient,Marseille,0,0.2,adaptive_mondrian_g0.02,0,0,1
2026-04-18,E0,Tottenham,Brighton,1,0.2,adaptive_mondrian_g0.02,0,1,1
2026-04-18,F1,Lille,Nice,1,0.2,adaptive_mondrian_g0.02,1,0,0
2026-04-18,F1,Angers,Le Havre,1,0.2,adaptive_mondrian_g0.02,0,1,1
2026-04-19,E0,Nott'm Forest,Burnley,0,0.2,adaptive_mondrian_g0.02,1,0,0
2026-04-19,F1,Nantes,Brest,1,0.2,adaptive_mondrian_g0.02,1,1,1
2026-04-19,I1,Juventus,Bologna,0,0.2,adaptive_mondrian_g0.02,1,0,0
2026-04-19,I1,Pisa,Genoa,2,0.2,adaptive_mondrian_g0.02,0,1,1
2026-04-19,I1,Verona,Milan,2,0.2,adaptive_mondrian_g0.02,0,1,1
2026-04-19,I1,Cremonese,Torino,1,0.2,adaptive_mondrian_g0.02,0,1,1
2026-04-19,D1,M'gladbach,Mainz,1,0.2,adaptive_mondrian_g0.02,1,1,1
2026-04-19,D1,Bayern Munich,Stuttgart,0,0.2,adaptive_mondrian_g0.02,1,0,0
2026-04-19,F1,Strasbourg,Rennes,2,0.2,adaptive_mondrian_g0.02,0,0,1
2026-04-19,F1,Metz,Paris FC,2,0.2,adaptive_mondrian_g0.02,0,1,1
2026-04-19,E0,Man City,Arsenal,0,0.2,adaptive_mondrian_g0.02,1,1,1
2026-04-19,E0,Aston Villa,Sunderland,0,0.2,adaptive_mondrian_g0.02,1,1,0
2026-04-19,E0,Everton,Liverpool,2,0.2,adaptive_mondrian_g0.02,0,1,1
2026-04-19,F1,Monaco,Auxerre,1,0.2,adaptive_mondrian_g0.02,1,0,0
2026-04-19,D1,Freiburg,Heidenheim,0,0.2,adaptive_mondrian_g0.02,1,0,0
2026-04-19,F1,Paris SG,Lyon,2,0.2,adaptive_mondrian_g0.02,1,0,0
2026-04-20,I1,Lecce,Fiorentina,1,0.2,adaptive_mondrian_g0.02,0,1,1
2026-04-20,E0,Crystal Palace,West Ham,1,0.2,adaptive_mondrian_g0.02,0,1,1
2026-04-21,SP1,Girona,Betis,2,0.2,adaptive_mondrian_g0.02,1,1,1
2026-04-21,SP1,Real Madrid,Alaves,0,0.2,adaptive_mondrian_g0.02,1,0,0
2026-04-21,E0,Brighton,Chelsea,0,0.2,adaptive_mondrian_g0.02,1,1,1
2026-04-21,SP1,Mallorca,Valencia,1,0.2,adaptive_mondrian_g0.02,0,1,1
2026-04-21,SP1,Ath Bilbao,Osasuna,0,0.2,adaptive_mondrian_g0.02,1,1,0
2026-04-22,SP1,Sociedad,Getafe,2,0.2,adaptive_mondrian_g0.02,1,1,1
2026-04-22,F1,Paris SG,Nantes,0,0.2,adaptive_mondrian_g0.02,1,0,0
2026-04-22,E0,Bournemouth,Leeds,1,0.2,adaptive_mondrian_g0.02,1,1,0
2026-04-22,E0,Burnley,Man City,2,0.2,adaptive_mondrian_g0.02,0,0,1
2026-04-22,SP1,Elche,Ath Madrid,0,0.2,adaptive_mondrian_g0.02,1,1,1
2026-04-22,SP1,Barcelona,Celta,0,0.2,adaptive_mondrian_g0.02,1,0,0
2026-04-23,SP1,Oviedo,Villarreal,1,0.2,adaptive_mondrian_g0.02,0,1,1
2026-04-23,SP1,Vallecano,Espanol,0,0.2,adaptive_mondrian_g0.02,1,1,1
2026-04-23,SP1,Levante,Sevilla,0,0.2,adaptive_mondrian_g0.02,0,1,1
2026-04-24,E0,Sunderland,Nott'm Forest,2,0.2,adaptive_mondrian_g0.02,0,1,1
2026-04-24,SP1,Betis,Real Madrid,1,0.2,adaptive_mondrian_g0.02,0,0,1
2026-04-24,D1,RB Leipzig,Union Berlin,0,0.2,adaptive_mondrian_g0.02,1,0,0
2026-04-24,F1,Brest,Lens,1,0.2,adaptive_mondrian_g0.02,0,0,1
2026-04-24,I1,Napoli,Cremonese,0,0.2,adaptive_mondrian_g0.02,1,0,0
2026-04-25,F1,Toulouse,Monaco,1,0.2,adaptive_mondrian_g0.02,0,1,1
2026-04-25,SP1,Valencia,Girona,0,0.2,adaptive_mondrian_g0.02,1,1,1
2026-04-25,SP1,Alaves,Mallorca,0,0.2,adaptive_mondrian_g0.02,1,1,1
2026-04-25,SP1,Ath Madrid,Ath Bilbao,0,0.2,adaptive_mondrian_g0.02,1,1,1
2026-04-25,SP1,Getafe,Barcelona,2,0.2,adaptive_mondrian_g0.02,0,1,1
2026-04-25,E0,Arsenal,Newcastle,0,0.2,adaptive_mondrian_g0.02,1,0,0
2026-04-25,E0,Wolves,Tottenham,2,0.2,adaptive_mondrian_g0.02,0,0,1
2026-04-25,E0,West Ham,Everton,0,0.2,adaptive_mondrian_g0.02,1,1,1
2026-04-25,F1,Lyon,Auxerre,0,0.2,adaptive_mondrian_g0.02,1,1,0
2026-04-25,F1,Angers,Paris SG,2,0.2,adaptive_mondrian_g0.02,0,0,1
2026-04-25,D1,Mainz,Bayern Munich,2,0.2,adaptive_mondrian_g0.02,0,0,1
2026-04-25,I1,Bologna,Roma,2,0.2,adaptive_mondrian_g0.02,0,1,1
2026-04-25,I1,Parma,Pisa,0,0.2,adaptive_mondrian_g0.02,1,1,1
2026-04-25,E0,Liverpool,Crystal Palace,0,0.2,adaptive_mondrian_g0.02,1,0,0
2026-04-25,D1,Wolfsburg,M'gladbach,1,0.2,adaptive_mondrian_g0.02,1,1,1
2026-04-25,D1,Heidenheim,St Pauli,0,0.2,adaptive_mondrian_g0.02,1,1,1
2026-04-25,D1,Hamburg,Hoffenheim,2,0.2,adaptive_mondrian_g0.02,0,0,1
2026-04-25,D1,Augsburg,Ein Frankfurt,1,0.2,adaptive_mondrian_g0.02,1,1,1
2026-04-25,E0,Fulham,Aston Villa,0,0.2,adaptive_mondrian_g0.02,1,1,1
2026-04-25,I1,Verona,Lecce,1,0.2,adaptive_mondrian_g0.02,0,1,1
2026-04-25,D1,FC Koln,Leverkusen,2,0.2,adaptive_mondrian_g0.02,0,1,1
2026-04-26,SP1,Vallecano,Sociedad,1,0.2,adaptive_mondrian_g0.02,0,1,1
2026-04-26,D1,Dortmund,Freiburg,0,0.2,adaptive_mondrian_g0.02,1,0,0
2026-04-26,F1,Marseille,Nice,1,0.2,adaptive_mondrian_g0.02,1,1,0
2026-04-26,F1,Rennes,Nantes,0,0.2,adaptive_mondrian_g0.02,1,0,0
2026-04-26,F1,Paris FC,Lille,2,0.2,adaptive_mondrian_g0.02,0,1,1
2026-04-26,D1,Stuttgart,Werder Bremen,1,0.2,adaptive_mondrian_g0.02,1,0,0
2026-04-26,F1,Le Havre,Metz,1,0.2,adaptive_mondrian_g0.02,1,0,0
2026-04-26,I1,Torino,Inter,1,0.2,adaptive_mondrian_g0.02,0,0,1
2026-04-26,SP1,Osasuna,Sevilla,0,0.2,adaptive_mondrian_g0.02,1,1,0
2026-04-26,I1,Milan,Juventus,1,0.2,adaptive_mondrian_g0.02,0,1,1
2026-04-26,I1,Genoa,Como,2,0.2,adaptive_mondrian_g0.02,0,1,1
2026-04-26,I1,Fiorentina,Sassuolo,1,0.2,adaptive_mondrian_g0.02,1,1,0
2026-04-26,SP1,Villarreal,Celta,0,0.2,adaptive_mondrian_g0.02,1,1,0
2026-04-26,F1,Lorient,Strasbourg,2,0.2,adaptive_mondrian_g0.02,1,1,1
2026-04-26,SP1,Oviedo,Elche,2,0.2,adaptive_mondrian_g0.02,1,1,1
2026-04-27,I1,Lazio,Udinese,1,0.2,adaptive_mondrian_g0.02,1,1,1
2026-04-27,SP1,Espanol,Levante,1,0.2,adaptive_mondrian_g0.02,1,1,1
2026-04-27,E0,Man United,Brentford,0,0.2,adaptive_mondrian_g0.02,1,1,0
2026-04-27,I1,Cagliari,Atalanta,0,0.2,adaptive_mondrian_g0.02,0,1,1
2026-05-01,SP1,Girona,Mallorca,2,0.2,adaptive_mondrian_g0.02,1,1,0
2026-05-01,I1,Pisa,Lecce,2,0.2,adaptive_mondrian_g0.02,0,1,1
2026-05-01,E0,Leeds,Burnley,0,0.2,adaptive_mondrian_g0.02,1,0,0
2026-05-02,F1,Nantes,Marseille,0,0.2,adaptive_mondrian_g0.02,0,1,1
2026-05-02,D1,Bayern Munich,Heidenheim,1,0.2,adaptive_mondrian_g0.02,1,0,0
2026-05-02,F1,Metz,Monaco,2,0.2,adaptive_mondrian_g0.02,0,0,1
2026-05-02,F1,Nice,Lens,1,0.2,adaptive_mondrian_g0.02,0,0,1
2026-05-02,D1,Ein Frankfurt,Hamburg,2,0.2,adaptive_mondrian_g0.02,1,0,0
2026-05-02,D1,Hoffenheim,Stuttgart,1,0.2,adaptive_mondrian_g0.02,1,1,1
2026-05-02,D1,Werder Bremen,Augsburg,2,0.2,adaptive_mondrian_g0.02,1,1,0
2026-05-02,D1,Leverkusen,RB Leipzig,0,0.2,adaptive_mondrian_g0.02,1,1,1
2026-05-02,F1,Paris SG,Lorient,1,0.2,adaptive_mondrian_g0.02,1,0,0
2026-05-02,I1,Atalanta,Genoa,1,0.2,adaptive_mondrian_g0.02,1,0,0
2026-05-02,D1,Union Berlin,FC Koln,1,0.2,adaptive_mondrian_g0.02,0,1,1
2026-05-02,I1,Como,Napoli,1,0.2,adaptive_mondrian_g0.02,1,1,1
2026-05-02,I1,Udinese,Torino,0,0.2,adaptive_mondrian_g0.02,1,1,0
2026-05-02,SP1,Alaves,Ath Bilbao,2,0.2,adaptive_mondrian_g0.02,0,1,1
2026-05-02,SP1,Valencia,Ath Madrid,2,0.2,adaptive_mondrian_g0.02,1,1,0
2026-05-02,SP1,Villarreal,Levante,0,0.2,adaptive_mondrian_g0.02,1,1,0
2026-05-02,SP1,Osasuna,Barcelona,2,0.2,adaptive_mondrian_g0.02,0,0,1
2026-05-02,E0,Newcastle,Brighton,0,0.2,adaptive_mondrian_g0.02,0,1,1
2026-05-02,E0,Wolves,Sunderland,1,0.2,adaptive_mondrian_g0.02,0,1,1
2026-05-02,E0,Arsenal,Fulham,0,0.2,adaptive_mondrian_g0.02,1,0,0
2026-05-02,E0,Brentford,West Ham,0,0.2,adaptive_mondrian_g0.02,1,1,0
2026-05-03,E0,Aston Villa,Tottenham,2,0.2,adaptive_mondrian_g0.02,1,1,1
2026-05-03,I1,Bologna,Cagliari,1,0.2,adaptive_mondrian_g0.02,1,1,1
2026-05-03,I1,Sassuolo,Milan,0,0.2,adaptive_mondrian_g0.02,0,1,1
2026-05-03,I1,Juventus,Verona,1,0.2,adaptive_mondrian_g0.02,1,0,0
2026-05-03,I1,Inter,Parma,0,0.2,adaptive_mondrian_g0.02,1,0,0
2026-05-03,SP1,Betis,Oviedo,0,0.2,adaptive_mondrian_g0.02,1,1,0
2026-05-03,SP1,Espanol,Real Madrid,2,0.2,adaptive_mondrian_g0.02,0,1,1
2026-05-03,SP1,Getafe,Vallecano,2,0.2,adaptive_mondrian_g0.02,1,1,0
2026-05-03,E0,Man United,Liverpool,0,0.2,adaptive_mondrian_g0.02,1,1,1
2026-05-03,D1,Freiburg,Wolfsburg,1,0.2,adaptive_mondrian_g0.02,1,1,1
2026-05-03,F1,Lyon,Rennes,0,0.2,adaptive_mondrian_g0.02,1,1,1
2026-05-03,F1,Strasbourg,Toulouse,2,0.2,adaptive_mondrian_g0.02,0,1,1
2026-05-03,F1,Paris FC,Brest,0,0.2,adaptive_mondrian_g0.02,1,1,1
2026-05-03,F1,Auxerre,Angers,0,0.2,adaptive_mondrian_g0.02,1,1,0
2026-05-03,F1,Lille,Le Havre,1,0.2,adaptive_mondrian_g0.02,1,0,0
2026-05-03,D1,St Pauli,Mainz,2,0.2,adaptive_mondrian_g0.02,0,1,1
2026-05-03,D1,M'gladbach,Dortmund,0,0.2,adaptive_mondrian_g0.02,0,1,1
2026-05-03,E0,Bournemouth,Crystal Palace,0,0.2,adaptive_mondrian_g0.02,1,0,0
2026-05-03,SP1,Celta,Elche,0,0.2,adaptive_mondrian_g0.02,1,1,0
2026-05-04,I1,Roma,Fiorentina,0,0.2,adaptive_mondrian_g0.02,1,1,0
2026-05-04,E0,Everton,Man City,1,0.2,adaptive_mondrian_g0.02,0,0,1
2026-05-04,E0,Chelsea,Nott'm Forest,2,0.2,adaptive_mondrian_g0.02,1,0,0
2026-05-04,I1,Cremonese,Lazio,2,0.2,adaptive_mondrian_g0.02,0,1,1
2026-05-04,SP1,Sevilla,Sociedad,0,0.2,adaptive_mondrian_g0.02,0,1,1
2026-05-08,F1,Lens,Nantes,0,0.2,adaptive_mondrian_g0.02,1,0,0
2026-05-08,D1,Dortmund,Ein Frankfurt,0,0.2,adaptive_mondrian_g0.02,1,1,0
2026-05-08,I1,Torino,Sassuolo,0,0.2,adaptive_mondrian_g0.02,0,1,1
2026-05-08,SP1,Levante,Osasuna,0,0.2,adaptive_mondrian_g0.02,0,1,1
2026-05-09,I1,Cagliari,Udinese,2,0.2,adaptive_mondrian_g0.02,0,1,1
2026-05-09,SP1,Sociedad,Betis,1,0.2,adaptive_mondrian_g0.02,0,1,1
2026-05-09,SP1,Ath Madrid,Celta,2,0.2,adaptive_mondrian_g0.02,1,1,0
2026-05-09,SP1,Sevilla,Espanol,0,0.2,adaptive_mondrian_g0.02,1,1,0
2026-05-09,SP1,Elche,Alaves,1,0.2,adaptive_mondrian_g0.02,1,1,1
2026-05-09,D1,RB Leipzig,St Pauli,0,0.2,adaptive_mondrian_g0.02,1,0,0
2026-05-09,I1,Lecce,Juventus,2,0.2,adaptive_mondrian_g0.02,0,1,1
2026-05-09,D1,Augsburg,M'gladbach,0,0.2,adaptive_mondrian_g0.02,1,1,1
2026-05-09,E0,Brighton,Wolves,0,0.2,adaptive_mondrian_g0.02,1,0,0
2026-05-09,E0,Sunderland,Man United,1,0.2,adaptive_mondrian_g0.02,0,1,1
2026-05-09,E0,Fulham,Bournemouth,2,0.2,adaptive_mondrian_g0.02,0,1,1
2026-05-09,E0,Liverpool,Chelsea,1,0.2,adaptive_mondrian_g0.02,1,1,1
2026-05-09,D1,Wolfsburg,Bayern Munich,2,0.2,adaptive_mondrian_g0.02,0,0,1
2026-05-09,D1,Stuttgart,Leverkusen,0,0.2,adaptive_mondrian_g0.02,1,1,1
2026-05-09,D1,Hoffenheim,Werder Bremen,0,0.2,adaptive_mondrian_g0.02,1,1,0
2026-05-09,I1,Lazio,Inter,2,0.2,adaptive_mondrian_g0.02,0,1,1
2026-05-09,E0,Man City,Brentford,0,0.2,adaptive_mondrian_g0.02,1,0,0
2026-05-10,D1,FC Koln,Heidenheim,2,0.2,adaptive_mondrian_g0.02,1,1,1
2026-05-10,E0,West Ham,Arsenal,2,0.2,adaptive_mondrian_g0.02,0,1,1
2026-05-10,F1,Paris SG,Brest,0,0.2,adaptive_mondrian_g0.02,1,0,0
2026-05-10,F1,Rennes,Paris FC,0,0.2,adaptive_mondrian_g0.02,1,0,0
2026-05-10,SP1,Mallorca,Villarreal,1,0.2,adaptive_mondrian_g0.02,0,1,1
2026-05-10,D1,Hamburg,Freiburg,0,0.2,adaptive_mondrian_g0.02,0,1,1
2026-05-10,SP1,Oviedo,Getafe,1,0.2,adaptive_mondrian_g0.02,0,1,1
2026-05-10,SP1,Barcelona,Real Madrid,0,0.2,adaptive_mondrian_g0.02,1,0,0
2026-05-10,D1,Mainz,Union Berlin,2,0.2,adaptive_mondrian_g0.02,1,1,0
2026-05-10,F1,Monaco,Lille,2,0.2,adaptive_mondrian_g0.02,0,1,1
2026-05-10,SP1,Ath Bilbao,Valencia,2,0.2,adaptive_mondrian_g0.02,1,1,0
2026-05-10,F1,Metz,Lorient,2,0.2,adaptive_mondrian_g0.02,0,1,1
2026-05-10,F1,Angers,Strasbourg,1,0.2,adaptive_mondrian_g0.02,0,1,1
2026-05-10,F1,Auxerre,Nice,0,0.2,adaptive_mondrian_g0.02,0,1,1
2026-05-10,I1,Milan,Atalanta,2,0.2,adaptive_mondrian_g0.02,1,1,1
2026-05-10,F1,Toulouse,Lyon,0,0.2,adaptive_mondrian_g0.02,0,1,1
2026-05-10,E0,Nott'm Forest,Newcastle,1,0.2,adaptive_mondrian_g0.02,0,1,1
2026-05-10,E0,Crystal Palace,Everton,1,0.2,adaptive_mondrian_g0.02,0,1,1
2026-05-10,E0,Burnley,Aston Villa,1,0.2,adaptive_mondrian_g0.02,0,1,1
2026-05-10,I1,Verona,Como,2,0.2,adaptive_mondrian_g0.02,0,0,1
2026-05-10,I1,Cremonese,Pisa,0,0.2,adaptive_mondrian_g0.02,1,1,1
2026-05-10,I1,Fiorentina,Genoa,1,0.2,adaptive_mondrian_g0.02,1,1,1
2026-05-10,I1,Parma,Roma,2,0.2,adaptive_mondrian_g0.02,0,1,1
2026-05-10,F1,Le Havre,Marseille,2,0.2,adaptive_mondrian_g0.02,0,1,1
2026-05-11,E0,Tottenham,Leeds,1,0.2,adaptive_mondrian_g0.02,1,1,0
2026-05-11,SP1,Vallecano,Girona,1,0.2,adaptive_mondrian_g0.02,1,1,1
2026-05-11,I1,Napoli,Bologna,2,0.2,adaptive_mondrian_g0.02,1,1,0
2026-05-12,SP1,Osasuna,Ath Madrid,2,0.2,adaptive_mondrian_g0.02,0,1,1
2026-05-12,SP1,Betis,Elche,0,0.2,adaptive_mondrian_g0.02,1,1,0
2026-05-12,SP1,Celta,Levante,2,0.2,adaptive_mondrian_g0.02,1,1,1
2026-05-13,E0,Man City,Crystal Palace,0,0.2,adaptive_mondrian_g0.02,1,0,0
2026-05-13,SP1,Espanol,Ath Bilbao,0,0.2,adaptive_mondrian_g0.02,0,1,1
2026-05-13,SP1,Villarreal,Sevilla,2,0.2,adaptive_mondrian_g0.02,1,1,1
2026-05-13,SP1,Alaves,Barcelona,0,0.2,adaptive_mondrian_g0.02,0,1,1
2026-05-13,SP1,Getafe,Mallorca,0,0.2,adaptive_mondrian_g0.02,1,1,1
2026-05-13,F1,Lens,Paris SG,2,0.2,adaptive_mondrian_g0.02,0,1,1
2026-05-13,F1,Brest,Strasbourg,2,0.2,adaptive_mondrian_g0.02,0,1,1
2026-05-14,SP1,Girona,Sociedad,1,0.2,adaptive_mondrian_g0.02,1,1,1
2026-05-14,SP1,Real Madrid,Oviedo,0,0.2,adaptive_mondrian_g0.02,1,0,0
2026-05-14,SP1,Valencia,Vallecano,1,0.2,adaptive_mondrian_g0.02,1,1,1
2026-05-15,E0,Aston Villa,Liverpool,0,0.2,adaptive_mondrian_g0.02,0,1,1
2026-05-16,D1,Union Berlin,Augsburg,0,0.2,adaptive_mondrian_g0.02,1,1,1
2026-05-16,D1,M'gladbach,Hoffenheim,0,0.2,adaptive_mondrian_g0.02,0,0,1
2026-05-16,D1,Bayern Munich,FC Koln,0,0.2,adaptive_mondrian_g0.02,1,0,0
2026-05-16,D1,Ein Frankfurt,Stuttgart,1,0.2,adaptive_mondrian_g0.02,0,0,1
2026-05-16,D1,Freiburg,RB Leipzig,0,0.2,adaptive_mondrian_g0.02,1,1,1
2026-05-16,D1,Heidenheim,Mainz,2,0.2,adaptive_mondrian_g0.02,1,1,1
2026-05-16,D1,Leverkusen,Hamburg,1,0.2,adaptive_mondrian_g0.02,1,0,0
2026-05-16,D1,Werder Bremen,Dortmund,2,0.2,adaptive_mondrian_g0.02,0,1,1
2026-05-16,D1,St Pauli,Wolfsburg,2,0.2,adaptive_mondrian_g0.02,1,1,1
2026-05-17,E0,Wolves,Fulham,1,0.2,adaptive_mondrian_g0.02,0,1,1
2026-05-17,E0,Leeds,Brighton,0,0.2,adaptive_mondrian_g0.02,0,1,1
2026-05-17,E0,Everton,Sunderland,2,0.2,adaptive_mondrian_g0.02,1,1,0
2026-05-17,I1,Como,Parma,0,0.2,adaptive_mondrian_g0.02,1,0,0
2026-05-17,F1,Paris FC,Paris SG,0,0.2,adaptive_mondrian_g0.02,0,0,1
2026-05-17,E0,Newcastle,West Ham,0,0.2,adaptive_mondrian_g0.02,1,1,1
2026-05-17,SP1,Ath Bilbao,Celta,1,0.2,adaptive_mondrian_g0.02,1,1,1
2026-05-17,F1,Strasbourg,Monaco,0,0.2,adaptive_mondrian_g0.02,0,1,1
2026-05-17,SP1,Vallecano,Villarreal,0,0.2,adaptive_mondrian_g0.02,1,1,1
2026-05-17,SP1,Elche,Getafe,0,0.2,adaptive_mondrian_g0.02,1,1,1
2026-05-17,SP1,Oviedo,Alaves,2,0.2,adaptive_mondrian_g0.02,0,1,1
2026-05-17,SP1,Sevilla,Real Madrid,2,0.2,adaptive_mondrian_g0.02,0,1,1
2026-05-17,SP1,Sociedad,Valencia,2,0.2,adaptive_mondrian_g0.02,1,1,1
2026-05-17,SP1,Barcelona,Betis,0,0.2,adaptive_mondrian_g0.02,1,0,0
2026-05-17,SP1,Osasuna,Espanol,2,0.2,adaptive_mondrian_g0.02,1,1,0
2026-05-17,SP1,Levante,Mallorca,0,0.2,adaptive_mondrian_g0.02,1,1,1
2026-05-17,I1,Genoa,Milan,2,0.2,adaptive_mondrian_g0.02,0,1,1
2026-05-17,I1,Pisa,Napoli,2,0.2,adaptive_mondrian_g0.02,0,1,1
2026-05-17,I1,Juventus,Fiorentina,2,0.2,adaptive_mondrian_g0.02,1,0,0
2026-05-17,SP1,Ath Madrid,Girona,0,0.2,adaptive_mondrian_g0.02,1,1,0
2026-05-17,E0,Brentford,Crystal Palace,1,0.2,adaptive_mondrian_g0.02,1,1,0
2026-05-17,F1,Nantes,Toulouse,1,0.2,adaptive_mondrian_g0.02,0,1,1
2026-05-17,F1,Nice,Metz,1,0.2,adaptive_mondrian_g0.02,1,0,0
2026-05-17,F1,Lyon,Lens,2,0.2,adaptive_mondrian_g0.02,1,1,0
2026-05-17,F1,Lorient,Le Havre,2,0.2,adaptive_mondrian_g0.02,1,1,1
2026-05-17,E0,Man United,Nott'm Forest,0,0.2,adaptive_mondrian_g0.02,1,0,0
2026-05-17,F1,Marseille,Rennes,0,0.2,adaptive_mondrian_g0.02,1,1,1
2026-05-17,F1,Brest,Angers,1,0.2,adaptive_mondrian_g0.02,1,1,0
2026-05-17,I1,Udinese,Cremonese,2,0.2,adaptive_mondrian_g0.02,1,1,1
2026-05-17,I1,Sassuolo,Lecce,2,0.2,adaptive_mondrian_g0.02,1,1,1
2026-05-17,I1,Cagliari,Torino,0,0.2,adaptive_mondrian_g0.02,1,1,1
2026-05-17,I1,Atalanta,Bologna,2,0.2,adaptive_mondrian_g0.02,1,1,0
2026-05-17,I1,Inter,Verona,1,0.2,adaptive_mondrian_g0.02,1,0,0
2026-05-17,I1,Roma,Lazio,0,0.2,adaptive_mondrian_g0.02,1,1,0
2026-05-17,F1,Lille,Auxerre,2,0.2,adaptive_mondrian_g0.02,1,0,0
2026-05-18,E0,Arsenal,Burnley,0,0.2,adaptive_mondrian_g0.02,1,0,0
2026-05-19,E0,Chelsea,Tottenham,0,0.2,adaptive_mondrian_g0.02,1,1,1
2026-05-19,E0,Bournemouth,Man City,1,0.2,adaptive_mondrian_g0.02,0,1,1
2026-05-22,I1,Fiorentina,Atalanta,1,0.2,adaptive_mondrian_g0.02,0,1,1
2026-05-23,I1,Bologna,Inter,1,0.2,adaptive_mondrian_g0.02,0,1,1
2026-05-23,SP1,Valencia,Barcelona,0,0.2,adaptive_mondrian_g0.02,0,1,1
2026-05-23,SP1,Betis,Levante,0,0.2,adaptive_mondrian_g0.02,1,1,1
2026-05-23,SP1,Alaves,Vallecano,2,0.2,adaptive_mondrian_g0.02,1,1,1
2026-05-23,SP1,Celta,Sevilla,0,0.2,adaptive_mondrian_g0.02,1,1,1
2026-05-23,SP1,Girona,Elche,1,0.2,adaptive_mondrian_g0.02,1,1,1
2026-05-23,SP1,Getafe,Osasuna,0,0.2,adaptive_mondrian_g0.02,0,1,1
2026-05-23,SP1,Mallorca,Oviedo,0,0.2,adaptive_mondrian_g0.02,1,1,0
2026-05-23,I1,Lazio,Pisa,0,0.2,adaptive_mondrian_g0.02,1,1,0
2026-05-23,SP1,Real Madrid,Ath Bilbao,0,0.2,adaptive_mondrian_g0.02,1,0,0
2026-05-23,SP1,Espanol,Sociedad,1,0.2,adaptive_mondrian_g0.02,1,1,1
2026-05-24,E0,Fulham,Newcastle,0,0.2,adaptive_mondrian_g0.02,1,1,1
2026-05-24,E0,Liverpool,Brentford,1,0.2,adaptive_mondrian_g0.02,1,1,1
2026-05-24,E0,Man City,Aston Villa,2,0.2,adaptive_mondrian_g0.02,1,0,0
2026-05-24,E0,Nott'm Forest,Bournemouth,1,0.2,adaptive_mondrian_g0.02,0,1,1
2026-05-24,E0,Sunderland,Chelsea,0,0.2,adaptive_mondrian_g0.02,0,1,1
2026-05-24,E0,Tottenham,Everton,0,0.2,adaptive_mondrian_g0.02,1,1,1
2026-05-24,I1,Verona,Roma,2,0.2,adaptive_mondrian_g0.02,0,0,1
2026-05-24,E0,Burnley,Wolves,1,0.2,adaptive_mondrian_g0.02,1,1,1
2026-05-24,I1,Milan,Cagliari,2,0.2,adaptive_mondrian_g0.02,1,0,0
2026-05-24,I1,Lecce,Genoa,0,0.2,adaptive_mondrian_g0.02,1,1,0
2026-05-24,I1,Cremonese,Como,2,0.2,adaptive_mondrian_g0.02,0,1,1
2026-05-24,I1,Napoli,Udinese,0,0.2,adaptive_mondrian_g0.02,1,1,0
2026-05-24,I1,Parma,Sassuolo,0,0.2,adaptive_mondrian_g0.02,0,1,1
2026-05-24,E0,Crystal Palace,Arsenal,2,0.2,adaptive_mondrian_g0.02,0,1,1
2026-05-24,E0,Brighton,Man United,2,0.2,adaptive_mondrian_g0.02,1,1,1
2026-05-24,E0,West Ham,Leeds,0,0.2,adaptive_mondrian_g0.02,1,1,0
2026-05-24,I1,Torino,Juventus,1,0.2,adaptive_mondrian_g0.02,0,1,1
2026-05-24,SP1,Villarreal,Ath Madrid,0,0.2,adaptive_mondrian_g0.02,1,1,1
2025-08-15,SP1,Girona,Vallecano,2,0.3,marginal,1,1,1
2025-08-15,E0,Liverpool,Bournemouth,0,0.3,marginal,1,0,0
2025-08-15,F1,Rennes,Marseille,0,0.3,marginal,0,0,1
2025-08-15,SP1,Villarreal,Oviedo,0,0.3,marginal,1,0,0
2025-08-16,SP1,Valencia,Sociedad,1,0.3,marginal,1,1,1
2025-08-16,F1,Monaco,Le Havre,0,0.3,marginal,1,0,0
2025-08-16,F1,Nice,Toulouse,2,0.3,marginal,1,0,0
2025-08-16,F1,Lens,Lyon,2,0.3,marginal,1,0,1
2025-08-16,SP1,Mallorca,Barcelona,2,0.3,marginal,0,0,1
2025-08-16,E0,Aston Villa,Newcastle,1,0.3,marginal,1,0,1
2025-08-16,SP1,Alaves,Levante,0,0.3,marginal,1,1,0
2025-08-16,E0,Wolves,Man City,2,0.3,marginal,0,0,1
2025-08-16,E0,Tottenham,Burnley,0,0.3,marginal,1,0,0
2025-08-16,E0,Sunderland,West Ham,0,0.3,marginal,0,1,1
2025-08-16,E0,Brighton,Fulham,1,0.3,marginal,1,0,0
2025-08-17,F1,Auxerre,Lorient,0,0.3,marginal,1,1,1
2025-08-17,SP1,Espanol,Ath Madrid,0,0.3,marginal,0,0,1
2025-08-17,SP1,Ath Bilbao,Sevilla,0,0.3,marginal,1,0,0
2025-08-17,SP1,Celta,Getafe,2,0.3,marginal,1,0,0
2025-08-17,E0,Man United,Arsenal,2,0.3,marginal,0,0,1
2025-08-17,F1,Angers,Paris FC,0,0.3,marginal,1,1,1
2025-08-17,E0,Nott'm Forest,Brentford,0,0.3,marginal,1,0,0
2025-08-17,E0,Chelsea,Crystal Palace,1,0.3,marginal,1,0,0
2025-08-17,F1,Metz,Strasbourg,2,0.3,marginal,0,0,1
2025-08-17,F1,Brest,Lille,1,0.3,marginal,1,1,1
2025-08-17,F1,Nantes,Paris SG,2,0.3,marginal,0,0,1
2025-08-18,SP1,Elche,Betis,1,0.3,marginal,1,1,1
2025-08-18,E0,Leeds,Everton,0,0.3,marginal,1,1,1
2025-08-19,SP1,Real Madrid,Osasuna,0,0.3,marginal,1,0,0
2025-08-22,F1,Paris SG,Angers,0,0.3,marginal,1,0,0
2025-08-22,E0,West Ham,Chelsea,2,0.3,marginal,0,0,1
2025-08-22,D1,Bayern Munich,RB Leipzig,0,0.3,marginal,1,0,0
2025-08-22,SP1,Betis,Alaves,0,0.3,marginal,1,0,0
2025-08-23,I1,Genoa,Lecce,1,0.3,marginal,1,0,0
2025-08-23,I1,Milan,Cremonese,2,0.3,marginal,1,0,0
2025-08-23,E0,Bournemouth,Wolves,0,0.3,marginal,1,0,0
2025-08-23,D1,Ein Frankfurt,Werder Bremen,0,0.3,marginal,1,0,0
2025-08-23,D1,Freiburg,Augsburg,2,0.3,marginal,1,0,0
2025-08-23,F1,Marseille,Paris FC,0,0.3,marginal,1,0,0
2025-08-23,F1,Lyon,Metz,0,0.3,marginal,1,0,0
2025-08-23,F1,Nice,Auxerre,0,0.3,marginal,1,0,0
2025-08-23,SP1,Ath Madrid,Elche,1,0.3,marginal,1,0,0
2025-08-23,SP1,Levante,Barcelona,2,0.3,marginal,0,0,1
2025-08-23,I1,Sassuolo,Napoli,2,0.3,marginal,0,0,1
2025-08-23,E0,Brentford,Aston Villa,0,0.3,marginal,0,0,1
2025-08-23,E0,Man City,Tottenham,2,0.3,marginal,1,0,0
2025-08-23,I1,Roma,Bologna,0,0.3,marginal,1,1,0
2025-08-23,D1,Leverkusen,Hoffenheim,2,0.3,marginal,1,0,0
2025-08-23,D1,Union Berlin,Stuttgart,0,0.3,marginal,0,0,1
2025-08-23,D1,Heidenheim,Wolfsburg,2,0.3,marginal,1,1,1
2025-08-23,SP1,Mallorca,Celta,1,0.3,marginal,1,1,1
2025-08-23,E0,Arsenal,Leeds,0,0.3,marginal,1,0,0
2025-08-23,E0,Burnley,Sunderland,0,0.3,marginal,1,1,1
2025-08-23,D1,St Pauli,Dortmund,1,0.3,marginal,0,0,1
2025-08-24,SP1,Sociedad,Espanol,1,0.3,marginal,1,0,0
2025-08-24,E0,Everton,Brighton,0,0.3,marginal,1,1,1
2025-08-24,SP1,Oviedo,Real Madrid,2,0.3,marginal,0,0,1
2025-08-24,SP1,Villarreal,Girona,0,0.3,marginal,1,0,0
2025-08-24,I1,Cagliari,Fiorentina,1,0.3,marginal,1,1,1
2025-08-24,I1,Como,Lazio,0,0.3,marginal,1,0,1
2025-08-24,E0,Crystal Palace,Nott'm Forest,1,0.3,marginal,1,1,1
2025-08-24,E0,Fulham,Man United,1,0.3,marginal,0,0,1
2025-08-24,F1,Lille,Monaco,0,0.3,marginal,1,0,1
2025-08-24,I1,Juventus,Parma,0,0.3,marginal,1,0,0
2025-08-24,D1,M'gladbach,Hamburg,1,0.3,marginal,1,0,0
2025-08-24,D1,Mainz,FC Koln,2,0.3,marginal,1,0,0
2025-08-24,F1,Toulouse,Brest,0,0.3,marginal,1,0,1
2025-08-24,F1,Strasbourg,Nantes,0,0.3,marginal,1,0,0
2025-08-24,F1,Le Havre,Lens,2,0.3,marginal,0,0,1
2025-08-24,F1,Lorient,Rennes,0,0.3,marginal,1,0,1
2025-08-24,SP1,Osasuna,Valencia,0,0.3,marginal,1,1,0
2025-08-24,I1,Atalanta,Pisa,1,0.3,marginal,1,0,0
2025-08-25,SP1,Ath Bilbao,Vallecano,0,0.3,marginal,1,0,0
2025-08-25,SP1,Sevilla,Getafe,2,0.3,marginal,1,1,0
2025-08-25,E0,Newcastle,Liverpool,2,0.3,marginal,1,0,1
2025-08-25,I1,Inter,Torino,0,0.3,marginal,1,0,0
2025-08-25,I1,Udinese,Verona,1,0.3,marginal,1,1,0
2025-08-27,SP1,Celta,Betis,1,0.3,marginal,1,0,1
2025-08-29,F1,Lens,Brest,0,0.3,marginal,1,0,0
2025-08-29,D1,Hamburg,St Pauli,2,0.3,marginal,1,1,1
2025-08-29,SP1,Valencia,Getafe,0,0.3,marginal,1,1,0
2025-08-29,SP1,Elche,Levante,0,0.3,marginal,1,1,0
2025-08-29,I1,Lecce,Milan,2,0.3,marginal,0,0,1
2025-08-29,I1,Cremonese,Sassuolo,0,0.3,marginal,1,1,1
2025-08-30,SP1,Real Madrid,Mallorca,0,0.3,marginal,1,0,0
2025-08-30,I1,Pisa,Roma,2,0.3,marginal,0,0,1
2025-08-30,F1,Nantes,Auxerre,0,0.3,marginal,1,0,1
2025-08-30,F1,Toulouse,Paris SG,2,0.3,marginal,0,0,1
2025-08-30,D1,Augsburg,Bayern Munich,2,0.3,marginal,0,0,1
2025-08-30,D1,Werder Bremen,Leverkusen,1,0.3,marginal,0,0,1
2025-08-30,D1,Stuttgart,M'gladbach,0,0.3,marginal,1,0,0
2025-08-30,D1,RB Leipzig,Heidenheim,0,0.3,marginal,1,0,0
2025-08-30,D1,Hoffenheim,Ein Frankfurt,2,0.3,marginal,1,0,1
2025-08-30,SP1,Girona,Sevilla,2,0.3,marginal,1,1,1
2025-08-30,F1,Lorient,Lille,2,0.3,marginal,0,0,1
2025-08-30,E0,Chelsea,Fulham,0,0.3,marginal,1,0,0
2025-08-30,E0,Sunderland,Brentford,0,0.3,marginal,1,0,1
2025-08-30,I1,Parma,Atalanta,1,0.3,marginal,0,0,1
2025-08-30,SP1,Alaves,Ath Madrid,1,0.3,marginal,0,0,1
2025-08-30,I1,Bologna,Como,0,0.3,marginal,1,1,1
2025-08-30,I1,Napoli,Cagliari,0,0.3,marginal,1,0,0
2025-08-30,E0,Wolves,Everton,2,0.3,marginal,0,1,1
2025-08-30,E0,Tottenham,Bournemouth,2,0.3,marginal,1,0,0
2025-08-30,SP1,Oviedo,Sociedad,0,0.3,marginal,0,1,1
2025-08-30,E0,Man United,Burnley,0,0.3,marginal,1,0,0
2025-08-30,E0,Leeds,Newcastle,1,0.3,marginal,0,0,1
2025-08-31,I1,Inter,Udinese,2,0.3,marginal,1,0,0
2025-08-31,SP1,Vallecano,Barcelona,1,0.3,marginal,0,0,1
2025-08-31,F1,Lyon,Marseille,0,0.3,marginal,1,0,1
2025-08-31,F1,Paris FC,Metz,0,0.3,marginal,1,0,0
2025-08-31,F1,Monaco,Strasbourg,0,0.3,marginal,1,0,0
2025-08-31,F1,Le Havre,Nice,0,0.3,marginal,1,0,1
2025-08-31,I1,Genoa,Juventus,2,0.3,marginal,0,1,1
2025-08-31,I1,Torino,Fiorentina,1,0.3,marginal,1,1,1
2025-08-31,D1,Wolfsburg,Mainz,1,0.3,marginal,1,0,1
2025-08-31,E0,Nott'm Forest,West Ham,2,0.3,marginal,1,0,0
2025-08-31,D1,Dortmund,Union Berlin,0,0.3,marginal,1,0,0
2025-08-31,SP1,Espanol,Osasuna,0,0.3,marginal,1,1,1
2025-08-31,E0,Aston Villa,Crystal Palace,2,0.3,marginal,1,0,1
2025-08-31,E0,Brighton,Man City,0,0.3,marginal,0,0,1
2025-08-31,I1,Lazio,Verona,0,0.3,marginal,1,0,0
2025-08-31,D1,FC Koln,Freiburg,0,0.3,marginal,1,1,1
2025-08-31,SP1,Betis,Ath Bilbao,2,0.3,marginal,1,1,1
2025-08-31,E0,Liverpool,Arsenal,0,0.3,marginal,1,0,1
2025-08-31,SP1,Celta,Villarreal,1,0.3,marginal,1,0,1
2025-08-31,F1,Angers,Rennes,1,0.3,marginal,0,0,1
2025-09-12,D1,Leverkusen,Ein Frankfurt,0,0.3,marginal,1,0,1
2025-09-12,F1,Marseille,Lorient,0,0.3,marginal,1,0,0
2025-09-12,SP1,Sevilla,Elche,1,0.3,marginal,1,1,0
2025-09-13,SP1,Sociedad,Real Madrid,2,0.3,marginal,0,0,1
2025-09-13,E0,Bournemouth,Brighton,0,0.3,marginal,1,0,1
2025-09-13,E0,Crystal Palace,Sunderland,1,0.3,marginal,1,0,0
2025-09-13,E0,Everton,Aston Villa,1,0.3,marginal,1,1,1
2025-09-13,E0,Fulham,Leeds,0,0.3,marginal,1,0,0
2025-09-13,E0,Newcastle,Wolves,0,0.3,marginal,1,0,0
2025-09-13,SP1,Getafe,Oviedo,0,0.3,marginal,1,1,0
2025-09-13,SP1,Ath Bilbao,Alaves,2,0.3,marginal,1,0,0
2025-09-13,SP1,Ath Madrid,Villarreal,0,0.3,marginal,1,0,0
2025-09-13,I1,Cagliari,Parma,0,0.3,marginal,1,1,0
2025-09-13,E0,West Ham,Tottenham,2,0.3,marginal,1,0,1
2025-09-13,I1,Juventus,Inter,0,0.3,marginal,1,1,1
2025-09-13,E0,Arsenal,Nott'm Forest,0,0.3,marginal,1,0,0
2025-09-13,F1,Auxerre,Monaco,2,0.3,marginal,0,0,1
2025-09-13,I1,Fiorentina,Napoli,2,0.3,marginal,0,1,1
2025-09-13,D1,Heidenheim,Dortmund,2,0.3,marginal,0,0,1
2025-09-13,D1,Mainz,RB Leipzig,2,0.3,marginal,1,0,1
2025-09-13,D1,Union Berlin,Hoffenheim,2,0.3,marginal,1,0,1
2025-09-13,D1,Freiburg,Stuttgart,0,0.3,marginal,1,0,1
2025-09-13,F1,Nice,Nantes,0,0.3,marginal,1,0,0
2025-09-13,D1,Bayern Munich,Hamburg,0,0.3,marginal,1,0,0
2025-09-13,E0,Brentford,Chelsea,1,0.3,marginal,0,0,1
2025-09-13,D1,Wolfsburg,FC Koln,1,0.3,marginal,1,0,0
2025-09-14,I1,Roma,Torino,2,0.3,marginal,1,0,0
2025-09-14,I1,Pisa,Udinese,2,0.3,marginal,1,1,1
2025-09-14,I1,Milan,Bologna,0,0.3,marginal,1,0,0
2025-09-14,D1,M'gladbach,Werder Bremen,2,0.3,marginal,1,0,1
2025-09-14,SP1,Celta,Girona,1,0.3,marginal,1,0,0
2025-09-14,SP1,Levante,Betis,1,0.3,marginal,0,0,1
2025-09-14,SP1,Osasuna,Vallecano,0,0.3,marginal,1,1,1
2025-09-14,SP1,Barcelona,Valencia,0,0.3,marginal,1,0,0
2025-09-14,I1,Atalanta,Lecce,0,0.3,marginal,1,0,0
2025-09-14,E0,Burnley,Liverpool,2,0.3,marginal,0,0,1
2025-09-14,D1,St Pauli,Augsburg,0,0.3,marginal,1,0,0
2025-09-14,F1,Rennes,Lyon,0,0.3,marginal,1,1,1
2025-09-14,F1,Strasbourg,Le Havre,0,0.3,marginal,1,0,0
2025-09-14,F1,Paris SG,Lens,0,0.3,marginal,1,0,0
2025-09-14,F1,Metz,Angers,1,0.3,marginal,1,0,1
2025-09-14,F1,Brest,Paris FC,2,0.3,marginal,1,0,1
2025-09-14,F1,Lille,Toulouse,0,0.3,marginal,1,0,0
2025-09-14,E0,Man City,Man United,0,0.3,marginal,1,0,0
2025-09-14,I1,Sassuolo,Lazio,0,0.3,marginal,0,0,1
2025-09-15,I1,Como,Genoa,1,0.3,marginal,1,0,0
2025-09-15,I1,Verona,Cremonese,1,0.3,marginal,1,1,1
2025-09-15,SP1,Espanol,Mallorca,0,0.3,marginal,1,1,0
2025-09-19,F1,Lyon,Angers,0,0.3,marginal,1,0,0
2025-09-19,SP1,Betis,Sociedad,0,0.3,marginal,1,0,0
2025-09-19,D1,Stuttgart,St Pauli,0,0.3,marginal,1,0,0
2025-09-19,I1,Lecce,Cagliari,2,0.3,marginal,1,1,1
2025-09-20,D1,RB Leipzig,FC Koln,0,0.3,marginal,1,0,0
2025-09-20,F1,Nantes,Rennes,1,0.3,marginal,0,0,1
2025-09-20,F1,Brest,Nice,0,0.3,marginal,1,0,1
2025-09-20,F1,Lens,Lille,0,0.3,marginal,1,0,1
2025-09-20,SP1,Valencia,Ath Bilbao,0,0.3,marginal,0,1,1
2025-09-20,SP1,Villarreal,Osasuna,0,0.3,marginal,1,0,0
2025-09-20,SP1,Alaves,Sevilla,2,0.3,marginal,1,1,0
2025-09-20,D1,Werder Bremen,Freiburg,2,0.3,marginal,1,0,1
2025-09-20,E0,Fulham,Brentford,0,0.3,marginal,1,1,0
2025-09-20,E0,Man United,Chelsea,0,0.3,marginal,1,0,1
2025-09-20,E0,Wolves,Leeds,2,0.3,marginal,1,1,1
2025-09-20,SP1,Real Madrid,Espanol,0,0.3,marginal,1,0,0
2025-09-20,E0,Burnley,Nott'm Forest,1,0.3,marginal,0,1,1
2025-09-20,E0,West Ham,Crystal Palace,2,0.3,marginal,1,0,1
2025-09-20,D1,Hoffenheim,Bayern Munich,2,0.3,marginal,0,0,1
2025-09-20,D1,Hamburg,Heidenheim,0,0.3,marginal,1,0,0
2025-09-20,D1,Augsburg,Mainz,2,0.3,marginal,1,0,1
2025-09-20,I1,Verona,Juventus,1,0.3,marginal,0,0,1
2025-09-20,I1,Bologna,Genoa,0,0.3,marginal,1,1,0
2025-09-20,SP1,Girona,Levante,2,0.3,marginal,1,0,0
2025-09-20,E0,Liverpool,Everton,0,0.3,marginal,1,0,0
2025-09-20,E0,Brighton,Tottenham,1,0.3,marginal,1,0,1
2025-09-20,I1,Udinese,Milan,2,0.3,marginal,0,0,1
2025-09-21,F1,Auxerre,Toulouse,0,0.3,marginal,0,1,1
2025-09-21,I1,Torino,Atalanta,2,0.3,marginal,0,1,1
2025-09-21,D1,Dortmund,Wolfsburg,0,0.3,marginal,1,0,0
2025-09-21,I1,Cremonese,Parma,1,0.3,marginal,1,1,1
2025-09-21,I1,Fiorentina,Como,2,0.3,marginal,1,1,1
2025-09-21,F1,Monaco,Metz,0,0.3,marginal,1,0,0
2025-09-21,D1,Ein Frankfurt,Union Berlin,2,0.3,marginal,1,0,0
2025-09-21,F1,Le Havre,Lorient,1,0.3,marginal,1,0,0
2025-09-21,F1,Paris FC,Strasbourg,2,0.3,marginal,1,0,1
2025-09-21,I1,Inter,Sassuolo,0,0.3,marginal,1,0,0
2025-09-21,E0,Sunderland,Aston Villa,1,0.3,marginal,0,0,1
2025-09-21,E0,Arsenal,Man City,1,0.3,marginal,1,0,0
2025-09-21,D1,Leverkusen,M'gladbach,1,0.3,marginal,1,0,0
2025-09-21,I1,Lazio,Roma,2,0.3,marginal,1,1,1
2025-09-21,E0,Bournemouth,Newcastle,1,0.3,marginal,1,1,1
2025-09-21,SP1,Barcelona,Getafe,0,0.3,marginal,1,0,0
2025-09-21,SP1,Elche,Oviedo,0,0.3,marginal,1,0,0
2025-09-21,SP1,Mallorca,Ath Madrid,1,0.3,marginal,0,0,1
2025-09-21,SP1,Vallecano,Celta,1,0.3,marginal,1,0,0
2025-09-22,I1,Napoli,Pisa,0,0.3,marginal,1,0,0
2025-09-22,F1,Marseille,Paris SG,0,0.3,marginal,0,0,1
2025-09-23,SP1,Espanol,Valencia,1,0.3,marginal,1,1,1
2025-09-23,SP1,Ath Bilbao,Girona,1,0.3,marginal,1,0,0
2025-09-23,SP1,Levante,Real Madrid,2,0.3,marginal,0,0,1
2025-09-23,SP1,Sevilla,Villarreal,2,0.3,marginal,1,0,1
2025-09-24,SP1,Sociedad,Mallorca,0,0.3,marginal,1,0,0
2025-09-24,SP1,Ath Madrid,Vallecano,0,0.3,marginal,1,0,0
2025-09-24,SP1,Getafe,Alaves,1,0.3,marginal,1,1,0
2025-09-25,SP1,Osasuna,Elche,1,0.3,marginal,1,1,0
2025-09-25,SP1,Oviedo,Barcelona,2,0.3,marginal,0,0,1
2025-09-26,SP1,Girona,Espanol,1,0.3,marginal,1,1,1
2025-09-26,D1,Bayern Munich,Werder Bremen,0,0.3,marginal,1,0,0
2025-09-26,F1,Strasbourg,Marseille,2,0.3,marginal,1,0,1
2025-09-27,I1,Como,Cremonese,1,0.3,marginal,1,0,0
2025-09-27,E0,Brentford,Man United,0,0.3,marginal,1,0,1
2025-09-27,I1,Juventus,Atalanta,1,0.3,marginal,1,0,0
2025-09-27,I1,Cagliari,Inter,2,0.3,marginal,0,0,1
2025-09-27,E0,Man City,Burnley,0,0.3,marginal,1,0,0
2025-09-27,E0,Nott'm Forest,Sunderland,2,0.3,marginal,1,0,0
2025-09-27,D1,M'gladbach,Ein Frankfurt,2,0.3,marginal,1,0,1
2025-09-27,E0,Leeds,Bournemouth,1,0.3,marginal,1,1,1
2025-09-27,E0,Crystal Palace,Liverpool,0,0.3,marginal,0,0,1
2025-09-27,E0,Tottenham,Wolves,1,0.3,marginal,1,0,0
2025-09-27,D1,Wolfsburg,RB Leipzig,2,0.3,marginal,1,0,1
2025-09-27,F1,Paris SG,Auxerre,0,0.3,marginal,1,0,0
2025-09-27,D1,Mainz,Dortmund,2,0.3,marginal,0,0,1
2025-09-27,D1,St Pauli,Leverkusen,2,0.3,marginal,1,0,1
2025-09-27,SP1,Ath Madrid,Real Madrid,0,0.3,marginal,1,0,1
2025-09-27,SP1,Mallorca,Alaves,0,0.3,marginal,1,1,0
2025-09-27,F1,Toulouse,Nantes,1,0.3,marginal,1,0,0
2025-09-27,SP1,Getafe,Levante,1,0.3,marginal,1,1,0
2025-09-27,SP1,Villarreal,Ath Bilbao,0,0.3,marginal,1,1,0
2025-09-27,E0,Chelsea,Brighton,2,0.3,marginal,1,0,0
2025-09-27,D1,Heidenheim,Augsburg,0,0.3,marginal,1,0,1
2025-09-27,F1,Lorient,Monaco,0,0.3,marginal,0,0,1
2025-09-28,D1,Freiburg,Hoffenheim,1,0.3,marginal,1,0,1
2025-09-28,E0,Newcastle,Arsenal,2,0.3,marginal,0,0,1
2025-09-28,F1,Metz,Le Havre,1,0.3,marginal,1,1,1
2025-09-28,SP1,Elche,Celta,0,0.3,marginal,1,1,1
2025-09-28,SP1,Barcelona,Sociedad,0,0.3,marginal,1,0,0
2025-09-28,SP1,Betis,Osasuna,0,0.3,marginal,1,0,0
2025-09-28,D1,FC Koln,Stuttgart,2,0.3,marginal,1,0,1
2025-09-28,F1,Rennes,Lens,1,0.3,marginal,1,0,1
2025-09-28,D1,Union Berlin,Hamburg,1,0.3,marginal,1,0,0
2025-09-28,I1,Roma,Verona,0,0.3,marginal,1,0,0
2025-09-28,I1,Milan,Napoli,0,0.3,marginal,1,0,0
2025-09-28,I1,Lecce,Bologna,1,0.3,marginal,0,0,1
2025-09-28,F1,Lille,Lyon,2,0.3,marginal,1,0,1
2025-09-28,I1,Pisa,Fiorentina,1,0.3,marginal,0,0,1
2025-09-28,I1,Sassuolo,Udinese,0,0.3,marginal,1,1,1
2025-09-28,SP1,Vallecano,Sevilla,2,0.3,marginal,1,1,0
2025-09-28,E0,Aston Villa,Fulham,0,0.3,marginal,1,1,0
2025-09-28,F1,Angers,Brest,2,0.3,marginal,1,1,1
2025-09-28,F1,Nice,Paris FC,1,0.3,marginal,1,0,0
2025-09-29,E0,Everton,West Ham,1,0.3,marginal,1,0,0
2025-09-29,I1,Genoa,Lazio,2,0.3,marginal,1,1,1
2025-09-29,I1,Parma,Torino,0,0.3,marginal,1,1,1
2025-09-30,SP1,Valencia,Oviedo,2,0.3,marginal,1,0,0
2025-10-03,D1,Hoffenheim,FC Koln,2,0.3,marginal,1,0,0
2025-10-03,I1,Verona,Sassuolo,2,0.3,marginal,1,1,0
2025-10-03,E0,Bournemouth,Fulham,0,0.3,marginal,1,0,0
2025-10-03,SP1,Osasuna,Getafe,0,0.3,marginal,1,1,0
2025-10-03,F1,Paris FC,Lorient,0,0.3,marginal,1,0,0
2025-10-04,F1,Brest,Nantes,1,0.3,marginal,1,0,0
2025-10-04,I1,Atalanta,Como,1,0.3,marginal,1,0,0
2025-10-04,E0,Leeds,Tottenham,2,0.3,marginal,1,0,1
2025-10-04,E0,Arsenal,West Ham,0,0.3,marginal,1,0,0
2025-10-04,E0,Man United,Sunderland,0,0.3,marginal,1,0,0
2025-10-04,E0,Chelsea,Liverpool,0,0.3,marginal,1,0,1
2025-10-04,I1,Parma,Lecce,2,0.3,marginal,1,0,0
2025-10-04,I1,Inter,Cremonese,0,0.3,marginal,1,0,0
2025-10-04,F1,Auxerre,Lens,2,0.3,marginal,0,0,1
2025-10-04,F1,Metz,Marseille,2,0.3,marginal,0,0,1
2025-10-04,D1,Leverkusen,Union Berlin,0,0.3,marginal,1,0,0
2025-10-04,D1,Augsburg,Wolfsburg,0,0.3,marginal,1,0,1
2025-10-04,D1,Dortmund,RB Leipzig,1,0.3,marginal,1,0,0
2025-10-04,D1,Werder Bremen,St Pauli,0,0.3,marginal,1,0,1
2025-10-04,D1,Ein Frankfurt,Bayern Munich,2,0.3,marginal,0,0,1
2025-10-04,SP1,Oviedo,Levante,2,0.3,marginal,1,1,1
2025-10-04,SP1,Girona,Valencia,0,0.3,marginal,1,1,1
2025-10-04,SP1,Ath Bilbao,Mallorca,0,0.3,marginal,1,0,0
2025-10-04,SP1,Real Madrid,Villarreal,0,0.3,marginal,1,0,0
2025-10-04,I1,Lazio,Torino,1,0.3,marginal,1,1,0
2025-10-05,I1,Napoli,Genoa,0,0.3,marginal,1,0,0
2025-10-05,I1,Fiorentina,Roma,2,0.3,marginal,1,1,1
2025-10-05,I1,Bologna,Pisa,0,0.3,marginal,1,0,0
2025-10-05,I1,Udinese,Cagliari,1,0.3,marginal,1,1,0
2025-10-05,F1,Lille,Paris SG,1,0.3,marginal,0,0,1
2025-10-05,D1,Hamburg,Mainz,0,0.3,marginal,1,0,1
2025-10-05,F1,Monaco,Nice,1,0.3,marginal,1,0,0
2025-10-05,F1,Le Havre,Rennes,1,0.3,marginal,1,0,1
2025-10-05,I1,Juventus,Milan,1,0.3,marginal,1,1,1
2025-10-05,F1,Lyon,Toulouse,2,0.3,marginal,1,0,0
2025-10-05,E0,Aston Villa,Burnley,0,0.3,marginal,1,0,0
2025-10-05,D1,Stuttgart,Heidenheim,0,0.3,marginal,1,0,0
2025-10-05,E0,Brentford,Man City,2,0.3,marginal,0,0,1
2025-10-05,E0,Everton,Crystal Palace,0,0.3,marginal,1,1,1
2025-10-05,E0,Newcastle,Nott'm Forest,0,0.3,marginal,1,0,0
2025-10-05,D1,M'gladbach,Freiburg,1,0.3,marginal,1,1,1
2025-10-05,SP1,Alaves,Elche,0,0.3,marginal,1,1,0
2025-10-05,F1,Strasbourg,Angers,0,0.3,marginal,1,0,0
2025-10-05,SP1,Espanol,Betis,2,0.3,marginal,1,0,1
2025-10-05,SP1,Sociedad,Vallecano,2,0.3,marginal,1,0,0
2025-10-05,SP1,Celta,Ath Madrid,1,0.3,marginal,0,0,1
2025-10-05,E0,Wolves,Brighton,1,0.3,marginal,0,0,1
2025-10-05,SP1,Sevilla,Barcelona,0,0.3,marginal,0,0,1
2025-10-17,SP1,Oviedo,Espanol,2,0.3,marginal,1,1,1
2025-10-17,F1,Paris SG,Strasbourg,1,0.3,marginal,1,0,0
2025-10-17,D1,Union Berlin,M'gladbach,0,0.3,marginal,1,1,1
2025-10-18,SP1,Sevilla,Mallorca,2,0.3,marginal,1,0,0
2025-10-18,E0,Sunderland,Wolves,0,0.3,marginal,1,1,1
2025-10-18,E0,Brighton,Newcastle,0,0.3,marginal,1,0,1
2025-10-18,F1,Angers,Monaco,1,0.3,marginal,0,0,1
2025-10-18,E0,Crystal Palace,Bournemouth,1,0.3,marginal,1,1,0
2025-10-18,E0,Man City,Everton,0,0.3,marginal,1,0,0
2025-10-18,D1,Heidenheim,Werder Bremen,1,0.3,marginal,1,0,1
2025-10-18,E0,Burnley,Leeds,0,0.3,marginal,0,1,1
2025-10-18,E0,Nott'm Forest,Chelsea,2,0.3,marginal,1,0,1
2025-10-18,F1,Nice,Lyon,0,0.3,marginal,1,0,1
2025-10-18,D1,FC Koln,Augsburg,1,0.3,marginal,1,0,0
2025-10-18,F1,Marseille,Le Havre,0,0.3,marginal,1,0,0
2025-10-18,D1,RB Leipzig,Hamburg,0,0.3,marginal,1,0,0
2025-10-18,I1,Roma,Inter,2,0.3,marginal,0,1,1
2025-10-18,I1,Torino,Napoli,0,0.3,marginal,0,1,1
2025-10-18,I1,Pisa,Verona,1,0.3,marginal,1,1,1
2025-10-18,I1,Lecce,Sassuolo,1,0.3,marginal,1,1,1
2025-10-18,SP1,Ath Madrid,Osasuna,0,0.3,marginal,1,0,0
2025-10-18,E0,Fulham,Arsenal,2,0.3,marginal,0,0,1
2025-10-18,SP1,Barcelona,Girona,0,0.3,marginal,1,0,0
2025-10-18,D1,Mainz,Leverkusen,2,0.3,marginal,1,0,1
2025-10-18,D1,Bayern Munich,Dortmund,0,0.3,marginal,1,0,0
2025-10-18,D1,Wolfsburg,Stuttgart,2,0.3,marginal,1,0,1
2025-10-18,SP1,Villarreal,Betis,1,0.3,marginal,1,0,1
2025-10-19,I1,Genoa,Parma,1,0.3,marginal,1,1,0
2025-10-19,I1,Cagliari,Bologna,2,0.3,marginal,0,0,1
2025-10-19,I1,Como,Juventus,0,0.3,marginal,1,0,1
2025-10-19,F1,Lorient,Brest,1,0.3,marginal,1,1,1
2025-10-19,F1,Nantes,Lille,2,0.3,marginal,0,0,1
2025-10-19,F1,Toulouse,Metz,0,0.3,marginal,1,0,0
2025-10-19,F1,Rennes,Auxerre,1,0.3,marginal,1,0,0
2025-10-19,I1,Atalanta,Lazio,1,0.3,marginal,1,0,0
2025-10-19,SP1,Getafe,Real Madrid,2,0.3,marginal,0,0,1
2025-10-19,D1,St Pauli,Hoffenheim,2,0.3,marginal,1,0,1
2025-10-19,SP1,Levante,Vallecano,2,0.3,marginal,1,1,1
2025-10-19,SP1,Celta,Sociedad,1,0.3,marginal,1,0,0
2025-10-19,D1,Freiburg,Ein Frankfurt,1,0.3,marginal,1,0,1
2025-10-19,E0,Tottenham,Aston Villa,2,0.3,marginal,1,0,1
2025-10-19,E0,Liverpool,Man United,2,0.3,marginal,1,0,0
2025-10-19,I1,Milan,Fiorentina,0,0.3,marginal,1,0,0
2025-10-19,F1,Lens,Paris FC,0,0.3,marginal,1,0,0
2025-10-19,SP1,Elche,Ath Bilbao,1,0.3,marginal,0,1,1
2025-10-20,I1,Cremonese,Udinese,1,0.3,marginal,1,1,1
2025-10-20,SP1,Alaves,Valencia,1,0.3,marginal,1,1,0
2025-10-20,E0,West Ham,Brentford,2,0.3,marginal,1,1,1
2025-10-24,D1,Werder Bremen,Union Berlin,0,0.3,marginal,1,0,1
2025-10-24,SP1,Sociedad,Sevilla,0,0.3,marginal,1,0,0
2025-10-24,F1,Paris FC,Nantes,2,0.3,marginal,1,0,0
2025-10-24,E0,Leeds,West Ham,0,0.3,marginal,1,0,0
2025-10-24,I1,Milan,Pisa,1,0.3,marginal,1,0,0
2025-10-25,SP1,Ath Bilbao,Getafe,2,0.3,marginal,1,0,0
2025-10-25,D1,Dortmund,FC Koln,0,0.3,marginal,1,0,0
2025-10-25,D1,M'gladbach,Bayern Munich,2,0.3,marginal,0,0,1
2025-10-25,E0,Chelsea,Sunderland,2,0.3,marginal,1,0,0
2025-10-25,D1,Hamburg,Wolfsburg,2,0.3,marginal,1,0,1
2025-10-25,D1,Ein Frankfurt,St Pauli,0,0.3,marginal,1,0,0
2025-10-25,D1,Augsburg,RB Leipzig,2,0.3,marginal,1,0,1
2025-10-25,E0,Newcastle,Fulham,0,0.3,marginal,1,0,0
2025-10-25,E0,Brentford,Liverpool,0,0.3,marginal,0,0,1
2025-10-25,SP1,Valencia,Villarreal,2,0.3,marginal,0,0,1
2025-10-25,E0,Man United,Brighton,0,0.3,marginal,1,0,0
2025-10-25,D1,Hoffenheim,Heidenheim,0,0.3,marginal,1,0,0
2025-10-25,SP1,Espanol,Elche,0,0.3,marginal,1,1,0
2025-10-25,I1,Parma,Como,1,0.3,marginal,0,1,1
2025-10-25,I1,Napoli,Inter,0,0.3,marginal,0,1,1
2025-10-25,I1,Udinese,Lecce,0,0.3,marginal,1,1,0
2025-10-25,F1,Brest,Paris SG,2,0.3,marginal,0,0,1
2025-10-25,F1,Monaco,Toulouse,0,0.3,marginal,1,0,1
2025-10-25,F1,Lens,Marseille,0,0.3,marginal,1,0,1
2025-10-25,SP1,Girona,Oviedo,1,0.3,marginal,1,0,0
2025-10-25,I1,Cremonese,Atalanta,1,0.3,marginal,0,0,1
2025-10-26,E0,Aston Villa,Man City,0,0.3,marginal,0,0,1
2025-10-26,E0,Arsenal,Crystal Palace,0,0.3,marginal,1,0,0
2025-10-26,D1,Leverkusen,Freiburg,0,0.3,marginal,1,0,0
2025-10-26,SP1,Mallorca,Levante,1,0.3,marginal,1,0,0
2025-10-26,SP1,Vallecano,Alaves,0,0.3,marginal,1,1,0
2025-10-26,SP1,Osasuna,Celta,2,0.3,marginal,1,1,1
2025-10-26,E0,Everton,Tottenham,2,0.3,marginal,1,0,1
2025-10-26,E0,Bournemouth,Nott'm Forest,0,0.3,marginal,1,0,0
2025-10-26,SP1,Real Madrid,Barcelona,0,0.3,marginal,1,0,0
2025-10-26,E0,Wolves,Burnley,2,0.3,marginal,1,1,0
2025-10-26,F1,Auxerre,Le Havre,2,0.3,marginal,1,1,0
2025-10-26,F1,Angers,Lorient,0,0.3,marginal,1,1,1
2025-10-26,I1,Fiorentina,Bologna,1,0.3,marginal,1,1,1
2025-10-26,I1,Verona,Cagliari,1,0.3,marginal,1,1,0
2025-10-26,I1,Sassuolo,Roma,2,0.3,marginal,0,0,1
2025-10-26,I1,Lazio,Juventus,0,0.3,marginal,0,1,1
2025-10-26,F1,Lille,Metz,0,0.3,marginal,1,0,0
2025-10-26,F1,Lyon,Strasbourg,0,0.3,marginal,1,0,0
2025-10-26,I1,Torino,Genoa,0,0.3,marginal,1,1,1
2025-10-26,F1,Rennes,Nice,2,0.3,marginal,1,0,0
2025-10-26,D1,Stuttgart,Mainz,0,0.3,marginal,1,0,0
2025-10-27,SP1,Betis,Ath Madrid,2,0.3,marginal,1,0,1
2025-10-28,I1,Lecce,Napoli,2,0.3,marginal,0,0,1
2025-10-28,I1,Atalanta,Milan,1,0.3,marginal,1,1,1
2025-10-29,F1,Toulouse,Rennes,1,0.3,marginal,1,0,0
2025-10-29,I1,Bologna,Torino,1,0.3,marginal,1,0,0
2025-10-29,F1,Marseille,Angers,1,0.3,marginal,1,0,0
2025-10-29,I1,Inter,Fiorentina,0,0.3,marginal,1,0,0
2025-10-29,F1,Le Havre,Brest,0,0.3,marginal,1,1,1
2025-10-29,I1,Genoa,Cremonese,2,0.3,marginal,1,0,0
2025-10-29,I1,Roma,Parma,0,0.3,marginal,1,0,0
2025-10-29,F1,Lorient,Paris SG,1,0.3,marginal,0,0,1
2025-10-29,I1,Como,Verona,0,0.3,marginal,1,0,0
2025-10-29,F1,Metz,Lens,0,0.3,marginal,0,0,1
2025-10-29,I1,Juventus,Udinese,0,0.3,marginal,1,0,0
2025-10-29,F1,Nice,Lille,0,0.3,marginal,0,0,1
2025-10-29,F1,Strasbourg,Auxerre,0,0.3,marginal,1,0,0
2025-10-29,F1,Nantes,Monaco,2,0.3,marginal,0,0,1
2025-10-29,F1,Paris FC,Lyon,1,0.3,marginal,1,0,1
2025-10-30,I1,Cagliari,Sassuolo,2,0.3,marginal,1,1,1
2025-10-30,I1,Pisa,Lazio,1,0.3,marginal,0,1,1
2025-10-31,SP1,Getafe,Girona,0,0.3,marginal,1,1,0
2025-10-31,D1,Augsburg,Dortmund,2,0.3,marginal,0,0,1
2025-11-01,E0,Nott'm Forest,Man United,1,0.3,marginal,1,0,1
2025-11-01,E0,Crystal Palace,Brentford,0,0.3,marginal,1,0,0
2025-11-01,E0,Brighton,Leeds,0,0.3,marginal,1,0,0
2025-11-01,SP1,Villarreal,Vallecano,0,0.3,marginal,1,0,0
2025-11-01,SP1,Ath Madrid,Sevilla,0,0.3,marginal,1,0,0
2025-11-01,SP1,Sociedad,Ath Bilbao,0,0.3,marginal,1,1,1
2025-11-01,E0,Liverpool,Aston Villa,0,0.3,marginal,1,0,0
2025-11-01,E0,Tottenham,Chelsea,2,0.3,marginal,1,0,1
2025-11-01,E0,Fulham,Wolves,0,0.3,marginal,1,0,0
2025-11-01,E0,Burnley,Arsenal,2,0.3,marginal,0,0,1
2025-11-01,D1,Bayern Munich,Leverkusen,0,0.3,marginal,1,0,0
2025-11-01,SP1,Real Madrid,Valencia,0,0.3,marginal,1,0,0
2025-11-01,F1,Auxerre,Marseille,2,0.3,marginal,0,0,1
2025-11-01,D1,St Pauli,M'gladbach,2,0.3,marginal,1,0,1
2025-11-01,F1,Monaco,Paris FC,2,0.3,marginal,1,0,0
2025-11-01,D1,Mainz,Werder Bremen,1,0.3,marginal,1,0,0
2025-11-01,D1,RB Leipzig,Stuttgart,0,0.3,marginal,1,0,1
2025-11-01,I1,Cremonese,Juventus,2,0.3,marginal,0,0,1
2025-11-01,D1,Heidenheim,Ein Frankfurt,1,0.3,marginal,0,0,1
2025-11-01,D1,Union Berlin,Freiburg,1,0.3,marginal,1,1,1
2025-11-01,F1,Paris SG,Nice,0,0.3,marginal,1,0,0
2025-11-01,I1,Napoli,Como,1,0.3,marginal,1,1,0
2025-11-01,I1,Udinese,Atalanta,0,0.3,marginal,0,0,1
2025-11-02,F1,Lens,Lorient,0,0.3,marginal,1,0,0
2025-11-02,E0,West Ham,Newcastle,0,0.3,marginal,0,0,1
2025-11-02,E0,Man City,Bournemouth,0,0.3,marginal,1,0,0
2025-11-02,D1,FC Koln,Hamburg,0,0.3,marginal,1,0,1
2025-11-02,D1,Wolfsburg,Hoffenheim,2,0.3,marginal,1,0,1
2025-11-02,I1,Fiorentina,Lecce,2,0.3,marginal,1,0,0
2025-11-02,F1,Rennes,Strasbourg,0,0.3,marginal,1,0,1
2025-11-02,SP1,Barcelona,Elche,0,0.3,marginal,1,0,0
2025-11-02,F1,Lille,Angers,0,0.3,marginal,1,0,0
2025-11-02,I1,Torino,Pisa,1,0.3,marginal,1,1,0
2025-11-02,F1,Toulouse,Le Havre,1,0.3,marginal,1,0,0
2025-11-02,F1,Brest,Lyon,1,0.3,marginal,1,0,1
2025-11-02,I1,Parma,Bologna,2,0.3,marginal,0,1,1
2025-11-02,I1,Milan,Roma,0,0.3,marginal,1,1,0
2025-11-02,SP1,Betis,Mallorca,0,0.3,marginal,1,0,0
2025-11-02,I1,Verona,Inter,2,0.3,marginal,0,0,1
2025-11-02,SP1,Levante,Celta,2,0.3,marginal,1,0,1
2025-11-02,SP1,Alaves,Espanol,0,0.3,marginal,1,1,1
2025-11-02,F1,Nantes,Metz,2,0.3,marginal,1,0,1
2025-11-03,E0,Sunderland,Everton,1,0.3,marginal,0,1,1
2025-11-03,I1,Sassuolo,Genoa,2,0.3,marginal,1,1,1
2025-11-03,I1,Lazio,Cagliari,0,0.3,marginal,1,0,0
2025-11-03,SP1,Oviedo,Osasuna,1,0.3,marginal,1,1,1
2025-11-07,SP1,Elche,Sociedad,1,0.3,marginal,1,1,1
2025-11-07,D1,Werder Bremen,Wolfsburg,0,0.3,marginal,1,0,1
2025-11-07,I1,Pisa,Cremonese,0,0.3,marginal,1,1,0
2025-11-07,F1,Paris FC,Rennes,2,0.3,marginal,1,0,1
2025-11-08,F1,Le Havre,Nantes,1,0.3,marginal,1,0,0
2025-11-08,F1,Marseille,Brest,0,0.3,marginal,1,0,0
2025-11-08,E0,West Ham,Burnley,0,0.3,marginal,1,0,0
2025-11-08,E0,Sunderland,Arsenal,1,0.3,marginal,0,0,1
2025-11-08,E0,Chelsea,Wolves,0,0.3,marginal,1,0,0
2025-11-08,SP1,Girona,Alaves,0,0.3,marginal,1,1,0
2025-11-08,SP1,Ath Madrid,Levante,0,0.3,marginal,1,0,0
2025-11-08,F1,Monaco,Lens,2,0.3,marginal,1,0,0
2025-11-08,SP1,Sevilla,Osasuna,0,0.3,marginal,1,1,1
2025-11-08,E0,Everton,Fulham,0,0.3,marginal,1,1,1
2025-11-08,E0,Tottenham,Man United,1,0.3,marginal,1,0,1
2025-11-08,SP1,Espanol,Villarreal,2,0.3,marginal,1,0,1
2025-11-08,D1,Hamburg,Dortmund,1,0.3,marginal,0,0,1
2025-11-08,D1,Hoffenheim,RB Leipzig,0,0.3,marginal,1,0,1
2025-11-08,D1,Leverkusen,Heidenheim,0,0.3,marginal,1,0,0
2025-11-08,D1,Union Berlin,Bayern Munich,1,0.3,marginal,0,0,1
2025-11-08,I1,Lecce,Verona,1,0.3,marginal,1,1,1
2025-11-08,I1,Juventus,Torino,1,0.3,marginal,1,0,0
2025-11-08,I1,Parma,Milan,1,0.3,marginal,0,0,1
2025-11-08,D1,M'gladbach,FC Koln,0,0.3,marginal,1,0,0
2025-11-08,I1,Como,Cagliari,1,0.3,marginal,1,0,0
2025-11-09,I1,Genoa,Fiorentina,1,0.3,marginal,1,1,1
2025-11-09,E0,Man City,Liverpool,0,0.3,marginal,1,0,0
2025-11-09,E0,Nott'm Forest,Leeds,0,0.3,marginal,1,1,0
2025-11-09,E0,Crystal Palace,Brighton,1,0.3,marginal,1,0,1
2025-11-09,F1,Strasbourg,Lille,0,0.3,marginal,1,0,1
2025-11-09,I1,Roma,Udinese,0,0.3,marginal,1,0,0
2025-11-09,I1,Inter,Lazio,0,0.3,marginal,1,0,0
2025-11-09,I1,Bologna,Napoli,0,0.3,marginal,1,1,1
2025-11-09,E0,Brentford,Newcastle,0,0.3,marginal,1,0,1
2025-11-09,I1,Atalanta,Sassuolo,2,0.3,marginal,1,0,0
2025-11-09,SP1,Mallorca,Getafe,0,0.3,marginal,1,1,1
2025-11-09,E0,Aston Villa,Bournemouth,0,0.3,marginal,1,0,1
2025-11-09,D1,Stuttgart,Augsburg,0,0.3,marginal,1,0,0
2025-11-09,F1,Angers,Auxerre,0,0.3,marginal,1,1,1
2025-11-09,SP1,Ath Bilbao,Oviedo,0,0.3,marginal,1,0,0
2025-11-09,SP1,Valencia,Betis,1,0.3,marginal,0,0,1
2025-11-09,D1,Freiburg,St Pauli,0,0.3,marginal,1,0,0
2025-11-09,D1,Ein Frankfurt,Mainz,0,0.3,marginal,1,0,0
2025-11-09,F1,Lorient,Toulouse,1,0.3,marginal,1,1,1
2025-11-09,F1,Metz,Nice,0,0.3,marginal,1,0,1
2025-11-09,F1,Lyon,Paris SG,2,0.3,marginal,0,0,1
2025-11-09,SP1,Vallecano,Real Madrid,1,0.3,marginal,0,0,1
2025-11-09,SP1,Celta,Barcelona,2,0.3,marginal,0,0,1
2025-11-21,SP1,Valencia,Levante,0,0.3,marginal,1,0,0
2025-11-21,D1,Mainz,Hoffenheim,1,0.3,marginal,1,0,1
2025-11-21,F1,Nice,Marseille,2,0.3,marginal,0,0,1
2025-11-22,SP1,Villarreal,Mallorca,0,0.3,marginal,1,0,0
2025-11-22,SP1,Alaves,Celta,2,0.3,marginal,1,1,1
2025-11-22,SP1,Barcelona,Ath Bilbao,0,0.3,marginal,1,0,0
2025-11-22,SP1,Osasuna,Sociedad,2,0.3,marginal,1,1,1
2025-11-22,D1,Augsburg,Hamburg,0,0.3,marginal,1,0,1
2025-11-22,D1,FC Koln,Ein Frankfurt,2,0.3,marginal,1,0,1
2025-11-22,I1,Udinese,Bologna,2,0.3,marginal,1,1,1
2025-11-22,F1,Lens,Strasbourg,0,0.3,marginal,1,0,1
2025-11-22,F1,Rennes,Monaco,0,0.3,marginal,1,0,1
2025-11-22,F1,Paris SG,Le Havre,0,0.3,marginal,1,0,0
2025-11-22,I1,Cagliari,Genoa,1,0.3,marginal,1,1,1
2025-11-22,D1,Wolfsburg,Leverkusen,2,0.3,marginal,0,0,1
2025-11-22,E0,Newcastle,Man City,0,0.3,marginal,0,0,1
2025-11-22,I1,Napoli,Atalanta,0,0.3,marginal,1,1,0
2025-11-22,E0,Bournemouth,West Ham,1,0.3,marginal,1,0,0
2025-11-22,E0,Fulham,Sunderland,0,0.3,marginal,1,0,0
2025-11-22,E0,Liverpool,Nott'm Forest,2,0.3,marginal,1,0,0
2025-11-22,E0,Wolves,Crystal Palace,2,0.3,marginal,0,0,1
2025-11-22,E0,Brighton,Brentford,0,0.3,marginal,1,0,0
2025-11-22,E0,Burnley,Chelsea,2,0.3,marginal,0,0,1
2025-11-22,I1,Fiorentina,Juventus,1,0.3,marginal,0,1,1
2025-11-22,D1,Dortmund,Stuttgart,1,0.3,marginal,1,0,0
2025-11-22,D1,Bayern Munich,Freiburg,0,0.3,marginal,1,0,0
2025-11-22,D1,Heidenheim,M'gladbach,2,0.3,marginal,0,0,1
2025-11-23,F1,Nantes,Lorient,1,0.3,marginal,1,1,1
2025-11-23,I1,Inter,Milan,2,0.3,marginal,1,1,0
2025-11-23,D1,RB Leipzig,Werder Bremen,0,0.3,marginal,1,0,0
2025-11-23,I1,Lazio,Lecce,0,0.3,marginal,1,1,0
2025-11-23,I1,Cremonese,Roma,2,0.3,marginal,0,0,1
2025-11-23,I1,Verona,Parma,2,0.3,marginal,1,1,0
2025-11-23,F1,Toulouse,Angers,2,0.3,marginal,1,0,0
2025-11-23,F1,Brest,Metz,0,0.3,marginal,1,0,0
2025-11-23,F1,Lille,Paris FC,0,0.3,marginal,1,0,0
2025-11-23,E0,Leeds,Aston Villa,2,0.3,marginal,1,0,1
2025-11-23,D1,St Pauli,Union Berlin,2,0.3,marginal,1,1,1
2025-11-23,E0,Arsenal,Tottenham,0,0.3,marginal,1,0,0
2025-11-23,SP1,Oviedo,Vallecano,1,0.3,marginal,0,1,1
2025-11-23,SP1,Getafe,Ath Madrid,2,0.3,marginal,0,0,1
2025-11-23,SP1,Betis,Girona,1,0.3,marginal,1,0,0
2025-11-23,SP1,Elche,Real Madrid,1,0.3,marginal,0,0,1
2025-11-23,F1,Auxerre,Lyon,1,0.3,marginal,0,0,1
2025-11-24,E0,Man United,Everton,2,0.3,marginal,1,0,0
2025-11-24,I1,Sassuolo,Pisa,1,0.3,marginal,1,1,0
2025-11-24,I1,Torino,Como,2,0.3,marginal,0,1,1
2025-11-24,SP1,Espanol,Sevilla,0,0.3,marginal,1,0,0
2025-11-28,SP1,Getafe,Elche,0,0.3,marginal,1,1,0
2025-11-28,I1,Como,Sassuolo,0,0.3,marginal,1,0,0
2025-11-28,D1,M'gladbach,RB Leipzig,1,0.3,marginal,1,0,1
2025-11-28,F1,Metz,Rennes,2,0.3,marginal,0,0,1
2025-11-29,SP1,Levante,Ath Bilbao,2,0.3,marginal,0,0,1
2025-11-29,E0,Everton,Newcastle,2,0.3,marginal,1,1,1
2025-11-29,E0,Sunderland,Bournemouth,0,0.3,marginal,1,1,1
2025-11-29,E0,Tottenham,Fulham,2,0.3,marginal,1,0,1
2025-11-29,E0,Brentford,Burnley,0,0.3,marginal,1,0,0
2025-11-29,F1,Monaco,Paris SG,0,0.3,marginal,0,0,1
2025-11-29,SP1,Mallorca,Osasuna,1,0.3,marginal,1,1,1
2025-11-29,F1,Paris FC,Auxerre,1,0.3,marginal,1,0,0
2025-11-29,F1,Marseille,Toulouse,1,0.3,marginal,1,0,0
2025-11-29,D1,Leverkusen,Dortmund,2,0.3,marginal,1,0,1
2025-11-29,E0,Man City,Leeds,0,0.3,marginal,1,0,0
2025-11-29,D1,Bayern Munich,St Pauli,0,0.3,marginal,1,0,0
2025-11-29,D1,Hoffenheim,Augsburg,0,0.3,marginal,1,0,0
2025-11-29,SP1,Ath Madrid,Oviedo,0,0.3,marginal,1,0,0
2025-11-29,D1,Union Berlin,Heidenheim,2,0.3,marginal,1,0,0
2025-11-29,D1,Werder Bremen,FC Koln,1,0.3,marginal,1,0,1
2025-11-29,I1,Juventus,Cagliari,0,0.3,marginal,1,0,0
2025-11-29,I1,Genoa,Verona,0,0.3,marginal,1,1,0
2025-11-29,I1,Milan,Lazio,0,0.3,marginal,1,0,0
2025-11-29,SP1,Barcelona,Alaves,0,0.3,marginal,1,0,0
2025-11-29,I1,Parma,Udinese,2,0.3,marginal,1,1,1
2025-11-30,D1,Hamburg,Stuttgart,0,0.3,marginal,1,0,1
2025-11-30,F1,Le Havre,Lille,2,0.3,marginal,0,0,1
2025-11-30,F1,Lyon,Nantes,0,0.3,marginal,1,0,0
2025-11-30,F1,Lorient,Nice,0,0.3,marginal,1,0,1
2025-11-30,SP1,Girona,Real Madrid,1,0.3,marginal,0,0,1
2025-11-30,I1,Roma,Napoli,2,0.3,marginal,1,1,1
2025-11-30,SP1,Sevilla,Betis,2,0.3,marginal,1,1,1
2025-11-30,D1,Ein Frankfurt,Wolfsburg,1,0.3,marginal,1,0,0
2025-11-30,SP1,Sociedad,Villarreal,2,0.3,marginal,1,0,1
2025-11-30,D1,Freiburg,Mainz,0,0.3,marginal,1,0,0
2025-11-30,SP1,Celta,Espanol,2,0.3,marginal,1,0,0
2025-11-30,I1,Lecce,Torino,0,0.3,marginal,1,1,1
2025-11-30,I1,Pisa,Inter,2,0.3,marginal,0,0,1
2025-11-30,F1,Angers,Lens,2,0.3,marginal,0,0,1
2025-11-30,F1,Strasbourg,Brest,2,0.3,marginal,1,0,0
2025-11-30,E0,Crystal Palace,Man United,2,0.3,marginal,1,0,0
2025-11-30,I1,Atalanta,Fiorentina,0,0.3,marginal,1,0,0
2025-11-30,E0,Nott'm Forest,Brighton,2,0.3,marginal,1,1,1
2025-11-30,E0,West Ham,Liverpool,2,0.3,marginal,0,0,1
2025-11-30,E0,Chelsea,Arsenal,1,0.3,marginal,1,1,1
2025-11-30,E0,Aston Villa,Wolves,0,0.3,marginal,1,0,0
2025-12-01,SP1,Vallecano,Valencia,1,0.3,marginal,1,0,0
2025-12-01,I1,Bologna,Cremonese,2,0.3,marginal,1,0,0
2025-12-02,E0,Fulham,Man City,2,0.3,marginal,0,0,1
2025-12-02,E0,Newcastle,Tottenham,1,0.3,marginal,1,0,0
2025-12-02,SP1,Barcelona,Ath Madrid,0,0.3,marginal,1,0,0
2025-12-02,E0,Bournemouth,Everton,2,0.3,marginal,1,0,1
2025-12-03,E0,Wolves,Nott'm Forest,2,0.3,marginal,1,1,1
2025-12-03,E0,Leeds,Chelsea,0,0.3,marginal,0,0,1
2025-12-03,E0,Burnley,Crystal Palace,2,0.3,marginal,0,0,1
2025-12-03,E0,Brighton,Aston Villa,2,0.3,marginal,1,0,1
2025-12-03,E0,Liverpool,Sunderland,1,0.3,marginal,1,0,0
2025-12-03,SP1,Ath Bilbao,Real Madrid,2,0.3,marginal,0,0,1
2025-12-03,E0,Arsenal,Brentford,0,0.3,marginal,1,0,0
2025-12-04,E0,Man United,West Ham,1,0.3,marginal,1,0,0
2025-12-05,SP1,Oviedo,Mallorca,1,0.3,marginal,1,1,1
2025-12-05,F1,Brest,Monaco,0,0.3,marginal,0,0,1
2025-12-05,D1,Mainz,M'gladbach,2,0.3,marginal,1,0,1
2025-12-05,F1,Lille,Marseille,0,0.3,marginal,1,0,1
2025-12-06,E0,Newcastle,Burnley,0,0.3,marginal,1,0,0
2025-12-06,F1,Nantes,Lens,2,0.3,marginal,0,0,1
2025-12-06,E0,Everton,Nott'm Forest,0,0.3,marginal,1,1,0
2025-12-06,E0,Man City,Sunderland,0,0.3,marginal,1,0,0
2025-12-06,I1,Inter,Como,0,0.3,marginal,1,0,0
2025-12-06,I1,Verona,Atalanta,0,0.3,marginal,0,0,1
2025-12-06,E0,Bournemouth,Chelsea,1,0.3,marginal,1,0,1
2025-12-06,F1,Paris SG,Rennes,0,0.3,marginal,1,0,0
2025-12-06,E0,Tottenham,Brentford,0,0.3,marginal,1,1,1
2025-12-06,E0,Aston Villa,Arsenal,0,0.3,marginal,0,0,1
2025-12-06,E0,Leeds,Liverpool,1,0.3,marginal,0,0,1
2025-12-06,SP1,Villarreal,Getafe,0,0.3,marginal,1,0,0
2025-12-06,SP1,Ath Bilbao,Ath Madrid,0,0.3,marginal,1,1,1
2025-12-06,F1,Toulouse,Strasbourg,0,0.3,marginal,1,1,1
2025-12-06,D1,RB Leipzig,Ein Frankfurt,0,0.3,marginal,1,0,0
2025-12-06,I1,Sassuolo,Fiorentina,0,0.3,marginal,1,1,1
2025-12-06,D1,Augsburg,Leverkusen,0,0.3,marginal,0,0,1
2025-12-06,SP1,Alaves,Sociedad,0,0.3,marginal,1,1,1
2025-12-06,D1,Heidenheim,Freiburg,0,0.3,marginal,0,0,1
2025-12-06,D1,Stuttgart,Bayern Munich,2,0.3,marginal,0,0,1
2025-12-06,D1,Wolfsburg,Union Berlin,0,0.3,marginal,1,0,0
2025-12-06,SP1,Betis,Barcelona,2,0.3,marginal,0,0,1
2025-12-06,D1,FC Koln,St Pauli,1,0.3,marginal,1,0,0
2025-12-07,D1,Hamburg,Werder Bremen,0,0.3,marginal,1,0,1
2025-12-07,F1,Lorient,Lyon,0,0.3,marginal,0,0,1
2025-12-07,SP1,Elche,Girona,0,0.3,marginal,1,1,0
2025-12-07,E0,Brighton,West Ham,1,0.3,marginal,1,0,0
2025-12-07,I1,Napoli,Juventus,0,0.3,marginal,1,1,1
2025-12-07,D1,Dortmund,Hoffenheim,0,0.3,marginal,1,0,0
2025-12-07,I1,Cremonese,Lecce,0,0.3,marginal,1,1,1
2025-12-07,F1,Le Havre,Paris FC,1,0.3,marginal,1,1,1
2025-12-07,I1,Lazio,Bologna,1,0.3,marginal,1,1,0
2025-12-07,SP1,Real Madrid,Celta,2,0.3,marginal,1,0,0
2025-12-07,E0,Fulham,Crystal Palace,2,0.3,marginal,1,0,1
2025-12-07,I1,Cagliari,Roma,0,0.3,marginal,0,0,1
2025-12-07,F1,Auxerre,Metz,0,0.3,marginal,1,0,0
2025-12-07,F1,Nice,Angers,2,0.3,marginal,1,0,0
2025-12-07,SP1,Valencia,Sevilla,1,0.3,marginal,1,0,0
2025-12-07,SP1,Espanol,Vallecano,0,0.3,marginal,1,1,1
2025-12-08,I1,Pisa,Parma,2,0.3,marginal,1,1,1
2025-12-08,I1,Torino,Milan,2,0.3,marginal,0,0,1
2025-12-08,I1,Udinese,Genoa,2,0.3,marginal,1,1,1
2025-12-08,E0,Wolves,Man United,2,0.3,marginal,0,0,1
2025-12-08,SP1,Osasuna,Levante,0,0.3,marginal,1,0,0
2025-12-12,I1,Lecce,Pisa,0,0.3,marginal,1,1,0
2025-12-12,F1,Angers,Nantes,0,0.3,marginal,1,1,0
2025-12-12,D1,Union Berlin,RB Leipzig,0,0.3,marginal,1,0,1
2025-12-12,SP1,Sociedad,Girona,2,0.3,marginal,1,0,0
2025-12-13,SP1,Mallorca,Elche,0,0.3,marginal,1,1,1
2025-12-13,E0,Chelsea,Everton,0,0.3,marginal,1,0,0
2025-12-13,F1,Paris FC,Toulouse,2,0.3,marginal,1,1,1
2025-12-13,I1,Parma,Lazio,2,0.3,marginal,0,1,1
2025-12-13,I1,Atalanta,Cagliari,0,0.3,marginal,1,0,0
2025-12-13,SP1,Getafe,Espanol,2,0.3,marginal,1,1,1
2025-12-13,SP1,Barcelona,Osasuna,0,0.3,marginal,1,0,0
2025-12-13,E0,Arsenal,Wolves,0,0.3,marginal,1,0,0
2025-12-13,SP1,Ath Madrid,Valencia,0,0.3,marginal,1,0,0
2025-12-13,I1,Torino,Cremonese,0,0.3,marginal,1,0,0
2025-12-13,F1,Metz,Paris SG,2,0.3,marginal,0,0,1
2025-12-13,F1,Rennes,Brest,0,0.3,marginal,1,0,0
2025-12-13,D1,Leverkusen,FC Koln,0,0.3,marginal,1,0,0
2025-12-13,D1,St Pauli,Heidenheim,0,0.3,marginal,1,0,0
2025-12-13,D1,M'gladbach,Wolfsburg,2,0.3,marginal,1,0,0
2025-12-13,D1,Hoffenheim,Hamburg,0,0.3,marginal,1,0,0
2025-12-13,D1,Ein Frankfurt,Augsburg,0,0.3,marginal,1,0,0
2025-12-13,E0,Burnley,Fulham,2,0.3,marginal,0,0,1
2025-12-13,E0,Liverpool,Brighton,0,0.3,marginal,1,0,0
2025-12-14,E0,Crystal Palace,Man City,2,0.3,marginal,0,0,1
2025-12-14,I1,Bologna,Juventus,2,0.3,marginal,0,1,1
2025-12-14,I1,Genoa,Inter,2,0.3,marginal,0,0,1
2025-12-14,I1,Udinese,Napoli,0,0.3,marginal,0,0,1
2025-12-14,F1,Marseille,Monaco,0,0.3,marginal,1,0,0
2025-12-14,I1,Milan,Sassuolo,1,0.3,marginal,1,0,0
2025-12-14,SP1,Celta,Ath Bilbao,0,0.3,marginal,1,1,1
2025-12-14,E0,Nott'm Forest,Tottenham,0,0.3,marginal,1,1,1
2025-12-14,I1,Fiorentina,Verona,2,0.3,marginal,1,1,0
2025-12-14,E0,Sunderland,Newcastle,0,0.3,marginal,0,0,1
2025-12-14,E0,West Ham,Aston Villa,2,0.3,marginal,1,0,1
2025-12-14,D1,Werder Bremen,Stuttgart,2,0.3,marginal,1,0,1
2025-12-14,D1,Bayern Munich,Mainz,1,0.3,marginal,1,0,0
2025-12-14,F1,Strasbourg,Lorient,1,0.3,marginal,1,0,0
2025-12-14,SP1,Alaves,Real Madrid,2,0.3,marginal,0,0,1
2025-12-14,D1,Freiburg,Dortmund,1,0.3,marginal,0,0,1
2025-12-14,SP1,Sevilla,Oviedo,0,0.3,marginal,1,1,0
2025-12-14,F1,Lens,Nice,0,0.3,marginal,1,0,0
2025-12-14,F1,Auxerre,Lille,2,0.3,marginal,0,1,1
2025-12-14,F1,Lyon,Le Havre,0,0.3,marginal,1,0,0
2025-12-14,E0,Brentford,Leeds,1,0.3,marginal,1,1,0
2025-12-15,E0,Man United,Bournemouth,1,0.3,marginal,1,0,0
2025-12-15,I1,Roma,Como,0,0.3,marginal,1,1,0
2025-12-15,SP1,Vallecano,Betis,1,0.3,marginal,1,1,1
2025-12-19,D1,Dortmund,M'gladbach,0,0.3,marginal,1,0,0
2025-12-19,SP1,Valencia,Mallorca,1,0.3,marginal,1,1,0
2025-12-20,I1,Juventus,Roma,0,0.3,marginal,1,1,0
2025-12-20,E0,Everton,Arsenal,2,0.3,marginal,0,0,1
2025-12-20,SP1,Levante,Sociedad,1,0.3,marginal,1,1,1
2025-12-20,E0,Leeds,Crystal Palace,0,0.3,marginal,1,1,1
2025-12-20,SP1,Osasuna,Alaves,0,0.3,marginal,1,1,0
2025-12-20,SP1,Oviedo,Celta,1,0.3,marginal,0,1,1
2025-12-20,E0,Man City,West Ham,0,0.3,marginal,1,0,0
2025-12-20,E0,Wolves,Brentford,2,0.3,marginal,0,0,1
2025-12-20,SP1,Real Madrid,Sevilla,0,0.3,marginal,1,0,0
2025-12-20,I1,Lazio,Cremonese,1,0.3,marginal,1,0,0
2025-12-20,E0,Tottenham,Liverpool,2,0.3,marginal,0,0,1
2025-12-20,E0,Bournemouth,Burnley,1,0.3,marginal,1,0,0
2025-12-20,E0,Brighton,Sunderland,1,0.3,marginal,1,0,0
2025-12-20,D1,Augsburg,Werder Bremen,1,0.3,marginal,1,0,1
2025-12-20,D1,FC Koln,Union Berlin,2,0.3,marginal,1,1,1
2025-12-20,D1,RB Leipzig,Leverkusen,2,0.3,marginal,1,0,1
2025-12-20,D1,Wolfsburg,Freiburg,2,0.3,marginal,1,0,1
2025-12-20,D1,Stuttgart,Hoffenheim,1,0.3,marginal,1,0,0
2025-12-20,D1,Hamburg,Ein Frankfurt,1,0.3,marginal,1,0,1
2025-12-20,E0,Newcastle,Chelsea,1,0.3,marginal,1,0,1
2025-12-21,SP1,Villarreal,Barcelona,2,0.3,marginal,0,0,1
2025-12-21,SP1,Elche,Vallecano,0,0.3,marginal,1,1,1
2025-12-21,SP1,Betis,Getafe,0,0.3,marginal,1,0,0
2025-12-21,I1,Genoa,Atalanta,2,0.3,marginal,0,1,1
2025-12-21,I1,Fiorentina,Udinese,0,0.3,marginal,1,1,0
2025-12-21,I1,Sassuolo,Torino,2,0.3,marginal,1,1,1
2025-12-21,D1,Heidenheim,Bayern Munich,2,0.3,marginal,0,0,1
2025-12-21,I1,Cagliari,Pisa,1,0.3,marginal,1,1,0
2025-12-21,E0,Aston Villa,Man United,0,0.3,marginal,1,0,0
2025-12-21,SP1,Girona,Ath Madrid,2,0.3,marginal,0,0,1
2025-12-21,D1,Mainz,St Pauli,1,0.3,marginal,1,0,0
2025-12-22,SP1,Ath Bilbao,Espanol,2,0.3,marginal,1,1,0
2025-12-22,E0,Fulham,Nott'm Forest,0,0.3,marginal,1,1,1
2025-12-26,E0,Man United,Newcastle,0,0.3,marginal,1,0,1
2025-12-27,E0,Nott'm Forest,Man City,2,0.3,marginal,0,0,1
2025-12-27,E0,Brentford,Bournemouth,0,0.3,marginal,1,0,1
2025-12-27,E0,Chelsea,Aston Villa,2,0.3,marginal,1,0,0
2025-12-27,E0,West Ham,Fulham,2,0.3,marginal,1,0,1
2025-12-27,E0,Arsenal,Brighton,0,0.3,marginal,1,0,0
2025-12-27,E0,Liverpool,Wolves,0,0.3,marginal,1,0,0
2025-12-27,I1,Udinese,Lazio,1,0.3,marginal,1,1,1
2025-12-27,E0,Burnley,Everton,1,0.3,marginal,0,1,1
2025-12-27,I1,Pisa,Juventus,2,0.3,marginal,0,0,1
2025-12-27,I1,Torino,Cagliari,2,0.3,marginal,1,0,0
2025-12-27,I1,Lecce,Como,2,0.3,marginal,0,0,1
2025-12-27,I1,Parma,Fiorentina,0,0.3,marginal,0,0,1
2025-12-28,I1,Atalanta,Inter,2,0.3,marginal,0,0,1
2025-12-28,I1,Milan,Verona,0,0.3,marginal,1,0,0
2025-12-28,I1,Cremonese,Napoli,2,0.3,marginal,0,0,1
2025-12-28,E0,Crystal Palace,Tottenham,2,0.3,marginal,1,0,1
2025-12-28,E0,Sunderland,Leeds,1,0.3,marginal,1,1,1
2025-12-28,I1,Bologna,Sassuolo,1,0.3,marginal,1,1,0
2025-12-29,I1,Roma,Genoa,0,0.3,marginal,1,0,0
2025-12-30,E0,Man United,Wolves,1,0.3,marginal,1,0,0
2025-12-30,E0,West Ham,Brighton,1,0.3,marginal,0,0,1
2025-12-30,E0,Nott'm Forest,Everton,2,0.3,marginal,1,0,0
2025-12-30,E0,Chelsea,Bournemouth,1,0.3,marginal,1,0,0
2025-12-30,E0,Burnley,Newcastle,2,0.3,marginal,0,0,1
2025-12-30,E0,Arsenal,Aston Villa,0,0.3,marginal,1,0,0
2026-01-01,E0,Crystal Palace,Fulham,1,0.3,marginal,1,1,0
2026-01-01,E0,Sunderland,Man City,1,0.3,marginal,0,0,1
2026-01-01,E0,Liverpool,Leeds,1,0.3,marginal,1,0,0
2026-01-01,E0,Brentford,Tottenham,1,0.3,marginal,1,0,1
2026-01-02,I1,Cagliari,Milan,2,0.3,marginal,0,0,1
2026-01-02,F1,Toulouse,Lens,2,0.3,marginal,1,1,1
2026-01-02,SP1,Vallecano,Getafe,1,0.3,marginal,1,1,0
2026-01-03,SP1,Espanol,Barcelona,2,0.3,marginal,0,0,1
2026-01-03,I1,Sassuolo,Parma,1,0.3,marginal,1,1,0
2026-01-03,F1,Monaco,Lyon,2,0.3,marginal,1,0,0
2026-01-03,I1,Atalanta,Roma,0,0.3,marginal,1,1,0
2026-01-03,I1,Juventus,Lecce,1,0.3,marginal,1,0,0
2026-01-03,SP1,Elche,Villarreal,2,0.3,marginal,1,0,1
2026-01-03,F1,Lille,Rennes,2,0.3,marginal,1,0,0
2026-01-03,SP1,Celta,Valencia,0,0.3,marginal,1,1,0
2026-01-03,I1,Genoa,Pisa,1,0.3,marginal,1,1,0
2026-01-03,F1,Nice,Strasbourg,1,0.3,marginal,1,0,1
2026-01-03,E0,Bournemouth,Arsenal,2,0.3,marginal,0,0,1
2026-01-03,E0,Aston Villa,Nott'm Forest,0,0.3,marginal,1,0,0
2026-01-03,E0,Brighton,Burnley,0,0.3,marginal,1,0,0
2026-01-03,E0,Wolves,West Ham,0,0.3,marginal,1,0,1
2026-01-03,SP1,Osasuna,Ath Bilbao,1,0.3,marginal,1,1,1
2026-01-03,I1,Como,Udinese,0,0.3,marginal,1,0,0
2026-01-04,SP1,Real Madrid,Betis,0,0.3,marginal,1,0,0
2026-01-04,SP1,Sevilla,Levante,2,0.3,marginal,1,0,0
2026-01-04,I1,Inter,Bologna,0,0.3,marginal,1,0,0
2026-01-04,F1,Lorient,Metz,1,0.3,marginal,1,0,0
2026-01-04,I1,Fiorentina,Cremonese,0,0.3,marginal,1,0,0
2026-01-04,I1,Lazio,Napoli,2,0.3,marginal,0,1,1
2026-01-04,SP1,Mallorca,Girona,2,0.3,marginal,1,1,0
2026-01-04,I1,Verona,Torino,2,0.3,marginal,1,1,1
2026-01-04,F1,Paris SG,Paris FC,0,0.3,marginal,1,0,0
2026-01-04,SP1,Alaves,Oviedo,1,0.3,marginal,1,1,0
2026-01-04,F1,Le Havre,Angers,0,0.3,marginal,1,1,1
2026-01-04,E0,Fulham,Liverpool,1,0.3,marginal,0,0,1
2026-01-04,F1,Marseille,Nantes,2,0.3,marginal,1,0,0
2026-01-04,E0,Leeds,Man United,1,0.3,marginal,1,1,1
2026-01-04,E0,Everton,Brentford,2,0.3,marginal,1,1,1
2026-01-04,E0,Man City,Chelsea,1,0.3,marginal,1,0,0
2026-01-04,F1,Brest,Auxerre,0,0.3,marginal,1,0,0
2026-01-04,E0,Newcastle,Crystal Palace,0,0.3,marginal,1,0,0
2026-01-04,E0,Tottenham,Sunderland,1,0.3,marginal,1,0,0
2026-01-04,SP1,Sociedad,Ath Madrid,1,0.3,marginal,0,0,1
2026-01-06,I1,Lecce,Roma,2,0.3,marginal,0,0,1
2026-01-06,E0,West Ham,Nott'm Forest,2,0.3,marginal,1,0,1
2026-01-06,I1,Sassuolo,Juventus,2,0.3,marginal,0,0,1
2026-01-06,I1,Pisa,Como,2,0.3,marginal,0,0,1
2026-01-07,E0,Man City,Brighton,1,0.3,marginal,1,0,0
2026-01-07,E0,Burnley,Man United,1,0.3,marginal,0,0,1
2026-01-07,E0,Brentford,Sunderland,0,0.3,marginal,1,1,0
2026-01-07,E0,Everton,Wolves,1,0.3,marginal,1,0,0
2026-01-07,E0,Newcastle,Leeds,0,0.3,marginal,1,0,0
2026-01-07,E0,Fulham,Chelsea,0,0.3,marginal,0,0,1
2026-01-07,E0,Bournemouth,Tottenham,0,0.3,marginal,1,0,1
2026-01-07,E0,Crystal Palace,Aston Villa,1,0.3,marginal,1,0,1
2026-01-07,I1,Bologna,Atalanta,2,0.3,marginal,1,1,1
2026-01-07,I1,Napoli,Verona,1,0.3,marginal,1,0,0
2026-01-07,I1,Parma,Inter,2,0.3,marginal,0,0,1
2026-01-07,I1,Torino,Udinese,2,0.3,marginal,1,1,0
2026-01-07,I1,Lazio,Fiorentina,1,0.3,marginal,1,1,0
2026-01-08,I1,Milan,Genoa,1,0.3,marginal,1,0,0
2026-01-08,E0,Arsenal,Liverpool,1,0.3,marginal,1,0,0
2026-01-08,I1,Cremonese,Cagliari,1,0.3,marginal,1,1,1
2026-01-09,D1,Ein Frankfurt,Dortmund,1,0.3,marginal,1,0,1
2026-01-09,SP1,Getafe,Sociedad,2,0.3,marginal,0,1,1
2026-01-10,D1,Heidenheim,FC Koln,1,0.3,marginal,1,0,1
2026-01-10,SP1,Valencia,Elche,1,0.3,marginal,1,1,0
2026-01-10,SP1,Girona,Osasuna,0,0.3,marginal,1,1,1
2026-01-10,SP1,Villarreal,Alaves,0,0.3,marginal,1,0,0
2026-01-10,D1,Leverkusen,Stuttgart,2,0.3,marginal,1,0,1
2026-01-10,SP1,Oviedo,Betis,1,0.3,marginal,0,0,1
2026-01-10,D1,Freiburg,Hamburg,0,0.3,marginal,1,0,0
2026-01-10,D1,Union Berlin,Mainz,1,0.3,marginal,1,1,0
2026-01-10,I1,Udinese,Pisa,1,0.3,marginal,1,1,0
2026-01-10,I1,Como,Bologna,1,0.3,marginal,1,1,0
2026-01-10,I1,Atalanta,Torino,0,0.3,marginal,1,0,0
2026-01-10,I1,Roma,Sassuolo,0,0.3,marginal,1,0,0
2026-01-11,I1,Lecce,Parma,2,0.3,marginal,1,1,1
2026-01-11,D1,Bayern Munich,Wolfsburg,0,0.3,marginal,1,0,0
2026-01-11,SP1,Levante,Espanol,1,0.3,marginal,1,0,1
2026-01-11,I1,Verona,Lazio,2,0.3,marginal,0,1,1
2026-01-11,D1,M'gladbach,Augsburg,0,0.3,marginal,1,0,0
2026-01-11,I1,Inter,Napoli,1,0.3,marginal,1,0,0
2026-01-11,I1,Fiorentina,Milan,1,0.3,marginal,1,1,1
2026-01-11,SP1,Vallecano,Mallorca,0,0.3,marginal,1,1,0
2026-01-12,I1,Juventus,Cremonese,0,0.3,marginal,1,0,0
2026-01-12,I1,Genoa,Cagliari,0,0.3,marginal,1,1,0
2026-01-12,SP1,Sevilla,Celta,2,0.3,marginal,1,1,1
2026-01-13,D1,Mainz,Heidenheim,0,0.3,marginal,1,0,0
2026-01-13,D1,Stuttgart,Ein Frankfurt,0,0.3,marginal,1,0,0
2026-01-13,D1,Dortmund,Werder Bremen,0,0.3,marginal,1,0,0
2026-01-14,I1,Napoli,Parma,1,0.3,marginal,1,0,0
2026-01-14,D1,Wolfsburg,St Pauli,0,0.3,marginal,1,0,0
2026-01-14,I1,Inter,Lecce,0,0.3,marginal,1,0,0
2026-01-14,D1,FC Koln,Bayern Munich,2,0.3,marginal,0,0,1
2026-01-14,D1,Hoffenheim,M'gladbach,0,0.3,marginal,1,0,0
2026-01-14,D1,RB Leipzig,Freiburg,0,0.3,marginal,1,0,0
2026-01-15,I1,Verona,Bologna,2,0.3,marginal,0,1,1
2026-01-15,I1,Como,Milan,2,0.3,marginal,1,1,1
2026-01-15,D1,Augsburg,Union Berlin,1,0.3,marginal,1,1,1
2026-01-16,F1,Paris SG,Lille,0,0.3,marginal,1,0,0
2026-01-16,SP1,Espanol,Girona,2,0.3,marginal,1,0,0
2026-01-16,I1,Pisa,Atalanta,1,0.3,marginal,0,0,1
2026-01-16,D1,Werder Bremen,Ein Frankfurt,1,0.3,marginal,1,0,1
2026-01-16,F1,Monaco,Lorient,2,0.3,marginal,1,0,0
2026-01-17,SP1,Osasuna,Oviedo,0,0.3,marginal,1,0,0
2026-01-17,D1,Hoffenheim,Leverkusen,0,0.3,marginal,1,0,1
2026-01-17,SP1,Betis,Villarreal,0,0.3,marginal,1,0,1
2026-01-17,I1,Cagliari,Juventus,0,0.3,marginal,0,0,1
2026-01-17,E0,Nott'm Forest,Arsenal,1,0.3,marginal,0,0,1
2026-01-17,F1,Angers,Marseille,2,0.3,marginal,0,0,1
2026-01-17,F1,Toulouse,Nice,0,0.3,marginal,1,0,0
2026-01-17,F1,Lens,Auxerre,0,0.3,marginal,1,0,0
2026-01-17,SP1,Mallorca,Ath Bilbao,0,0.3,marginal,0,1,1
2026-01-17,I1,Napoli,Sassuolo,0,0.3,marginal,1,0,0
2026-01-17,SP1,Real Madrid,Levante,0,0.3,marginal,1,0,0
2026-01-17,D1,RB Leipzig,Bayern Munich,2,0.3,marginal,0,0,1
2026-01-17,E0,Chelsea,Brentford,0,0.3,marginal,1,0,0
2026-01-17,D1,Dortmund,St Pauli,0,0.3,marginal,1,0,0
2026-01-17,E0,Tottenham,West Ham,2,0.3,marginal,1,0,0
2026-01-17,E0,Sunderland,Crystal Palace,0,0.3,marginal,1,1,1
2026-01-17,D1,FC Koln,Mainz,0,0.3,marginal,1,0,0
2026-01-17,E0,Man United,Man City,0,0.3,marginal,1,0,1
2026-01-17,I1,Udinese,Inter,2,0.3,marginal,0,0,1
2026-01-17,D1,Wolfsburg,Heidenheim,1,0.3,marginal,1,0,0
2026-01-17,E0,Liverpool,Burnley,1,0.3,marginal,1,0,0
2026-01-17,E0,Leeds,Fulham,0,0.3,marginal,1,0,1
2026-01-17,D1,Hamburg,M'gladbach,1,0.3,marginal,1,0,1
2026-01-18,SP1,Ath Madrid,Alaves,0,0.3,marginal,1,0,0
2026-01-18,SP1,Sociedad,Barcelona,0,0.3,marginal,0,0,1
2026-01-18,SP1,Celta,Vallecano,0,0.3,marginal,1,1,0
2026-01-18,D1,Stuttgart,Union Berlin,1,0.3,marginal,1,0,0
2026-01-18,E0,Wolves,Newcastle,1,0.3,marginal,0,0,1
2026-01-18,E0,Aston Villa,Everton,2,0.3,marginal,1,0,0
2026-01-18,D1,Augsburg,Freiburg,1,0.3,marginal,1,1,1
2026-01-18,SP1,Getafe,Valencia,2,0.3,marginal,1,1,0
2026-01-18,I1,Torino,Roma,2,0.3,marginal,0,1,1
2026-01-18,F1,Rennes,Le Havre,1,0.3,marginal,1,0,0
2026-01-18,F1,Nantes,Paris FC,2,0.3,marginal,1,1,1
2026-01-18,F1,Strasbourg,Metz,0,0.3,marginal,1,0,0
2026-01-18,I1,Bologna,Fiorentina,2,0.3,marginal,1,1,1
2026-01-18,I1,Parma,Genoa,1,0.3,marginal,1,1,1
2026-01-18,I1,Milan,Lecce,0,0.3,marginal,1,0,0
2026-01-18,F1,Lyon,Brest,0,0.3,marginal,1,0,0
2026-01-19,I1,Lazio,Como,2,0.3,marginal,1,1,1
2026-01-19,I1,Cremonese,Verona,1,0.3,marginal,1,1,1
2026-01-19,SP1,Elche,Sevilla,1,0.3,marginal,1,1,1
2026-01-19,E0,Brighton,Bournemouth,1,0.3,marginal,1,0,0
2026-01-23,I1,Inter,Pisa,0,0.3,marginal,1,0,0
2026-01-23,F1,Auxerre,Paris SG,2,0.3,marginal,0,0,1
2026-01-23,SP1,Levante,Elche,0,0.3,marginal,1,0,1
2026-01-23,D1,St Pauli,Hamburg,1,0.3,marginal,1,1,1
2026-01-24,E0,Bournemouth,Liverpool,0,0.3,marginal,0,0,1
2026-01-24,E0,Burnley,Tottenham,1,0.3,marginal,0,0,1
2026-01-24,D1,Bayern Munich,Augsburg,2,0.3,marginal,1,0,0
2026-01-24,E0,West Ham,Sunderland,0,0.3,marginal,1,0,1
2026-01-24,SP1,Villarreal,Real Madrid,2,0.3,marginal,0,0,1
2026-01-24,E0,Fulham,Brighton,0,0.3,marginal,1,0,1
2026-01-24,E0,Man City,Wolves,0,0.3,marginal,1,0,0
2026-01-24,SP1,Vallecano,Osasuna,2,0.3,marginal,1,1,0
2026-01-24,SP1,Valencia,Espanol,0,0.3,marginal,1,1,1
2026-01-24,D1,Heidenheim,RB Leipzig,2,0.3,marginal,0,0,1
2026-01-24,D1,Ein Frankfurt,Hoffenheim,2,0.3,marginal,1,0,1
2026-01-24,F1,Marseille,Lens,0,0.3,marginal,1,0,1
2026-01-24,D1,Union Berlin,Dortmund,2,0.3,marginal,1,1,1
2026-01-24,D1,Mainz,Wolfsburg,0,0.3,marginal,1,0,1
2026-01-24,SP1,Sevilla,Ath Bilbao,0,0.3,marginal,1,1,1
2026-01-24,I1,Lecce,Lazio,1,0.3,marginal,0,1,1
2026-01-24,I1,Como,Torino,0,0.3,marginal,1,0,0
2026-01-24,I1,Fiorentina,Cagliari,2,0.3,marginal,1,0,0
2026-01-24,F1,Le Havre,Monaco,1,0.3,marginal,0,0,1
2026-01-24,F1,Rennes,Lorient,2,0.3,marginal,1,0,0
2026-01-24,D1,Leverkusen,Werder Bremen,0,0.3,marginal,1,0,0
2026-01-25,F1,Brest,Toulouse,2,0.3,marginal,1,1,1
2026-01-25,F1,Paris FC,Angers,1,0.3,marginal,1,1,0
2026-01-25,F1,Metz,Lyon,2,0.3,marginal,0,0,1
2026-01-25,F1,Nantes,Nice,2,0.3,marginal,1,1,1
2026-01-25,F1,Lille,Strasbourg,2,0.3,marginal,1,1,1
2026-01-25,SP1,Barcelona,Oviedo,0,0.3,marginal,1,0,0
2026-01-25,I1,Roma,Milan,1,0.3,marginal,1,1,1
2026-01-25,SP1,Sociedad,Celta,0,0.3,marginal,1,1,0
2026-01-25,SP1,Ath Madrid,Mallorca,0,0.3,marginal,1,0,0
2026-01-25,D1,M'gladbach,Stuttgart,2,0.3,marginal,1,0,1
2026-01-25,I1,Atalanta,Parma,0,0.3,marginal,1,0,0
2026-01-25,SP1,Alaves,Betis,0,0.3,marginal,1,1,1
2026-01-25,E0,Brentford,Nott'm Forest,2,0.3,marginal,1,0,0
2026-01-25,E0,Crystal Palace,Chelsea,2,0.3,marginal,0,0,1
2026-01-25,E0,Newcastle,Aston Villa,2,0.3,marginal,1,0,1
2026-01-25,D1,Freiburg,FC Koln,0,0.3,marginal,1,0,0
2026-01-25,I1,Juventus,Napoli,0,0.3,marginal,1,1,0
2026-01-25,E0,Arsenal,Man United,2,0.3,marginal,1,0,0
2026-01-25,I1,Sassuolo,Cremonese,0,0.3,marginal,1,1,0
2026-01-25,I1,Genoa,Bologna,0,0.3,marginal,1,1,1
2026-01-26,I1,Verona,Udinese,2,0.3,marginal,1,1,1
2026-01-26,E0,Everton,Leeds,1,0.3,marginal,1,1,1
2026-01-26,SP1,Girona,Getafe,1,0.3,marginal,1,1,0
2026-01-27,D1,Werder Bremen,Hoffenheim,2,0.3,marginal,0,0,1
2026-01-27,D1,St Pauli,RB Leipzig,1,0.3,marginal,0,0,1
2026-01-30,F1,Lens,Le Havre,0,0.3,marginal,1,0,0
2026-01-30,SP1,Espanol,Alaves,2,0.3,marginal,1,1,0
2026-01-30,D1,FC Koln,Wolfsburg,0,0.3,marginal,1,0,0
2026-01-30,I1,Lazio,Genoa,0,0.3,marginal,1,1,0
2026-01-31,D1,RB Leipzig,Mainz,2,0.3,marginal,1,0,0
2026-01-31,D1,Werder Bremen,M'gladbach,1,0.3,marginal,1,0,1
2026-01-31,D1,Hamburg,Bayern Munich,1,0.3,marginal,0,0,1
2026-01-31,F1,Lorient,Nantes,0,0.3,marginal,1,0,0
2026-01-31,D1,Ein Frankfurt,Leverkusen,2,0.3,marginal,0,0,1
2026-01-31,F1,Paris FC,Marseille,1,0.3,marginal,0,0,1
2026-01-31,F1,Monaco,Rennes,0,0.3,marginal,1,0,0
2026-01-31,SP1,Elche,Barcelona,2,0.3,marginal,0,0,1
2026-01-31,SP1,Levante,Ath Madrid,1,0.3,marginal,0,0,1
2026-01-31,SP1,Osasuna,Villarreal,1,0.3,marginal,1,1,1
2026-01-31,D1,Augsburg,St Pauli,0,0.3,marginal,1,1,0
2026-01-31,D1,Hoffenheim,Union Berlin,0,0.3,marginal,1,0,0
2026-01-31,SP1,Oviedo,Girona,0,0.3,marginal,1,1,1
2026-01-31,I1,Cagliari,Verona,0,0.3,marginal,1,1,0
2026-01-31,I1,Pisa,Sassuolo,2,0.3,marginal,1,1,1
2026-01-31,I1,Napoli,Fiorentina,0,0.3,marginal,1,1,0
2026-01-31,E0,Wolves,Bournemouth,2,0.3,marginal,1,0,1
2026-01-31,E0,Leeds,Arsenal,2,0.3,marginal,0,0,1
2026-01-31,E0,Chelsea,West Ham,0,0.3,marginal,1,0,0
2026-01-31,E0,Liverpool,Newcastle,0,0.3,marginal,1,0,0
2026-01-31,E0,Brighton,Everton,1,0.3,marginal,1,0,0
2026-02-01,E0,Man United,Fulham,0,0.3,marginal,1,0,0
2026-02-01,D1,Stuttgart,Freiburg,0,0.3,marginal,1,0,0
2026-02-01,D1,Dortmund,Heidenheim,0,0.3,marginal,1,0,0
2026-02-01,SP1,Ath Bilbao,Sociedad,1,0.3,marginal,1,1,0
2026-02-01,SP1,Getafe,Celta,1,0.3,marginal,1,1,1
2026-02-01,SP1,Betis,Valencia,0,0.3,marginal,1,0,0
2026-02-01,SP1,Real Madrid,Vallecano,0,0.3,marginal,1,0,0
2026-02-01,F1,Strasbourg,Paris SG,2,0.3,marginal,0,0,1
2026-02-01,E0,Nott'm Forest,Crystal Palace,1,0.3,marginal,1,1,0
2026-02-01,E0,Tottenham,Man City,1,0.3,marginal,0,0,1
2026-02-01,I1,Torino,Lecce,0,0.3,marginal,1,1,0
2026-02-01,F1,Nice,Brest,1,0.3,marginal,1,1,1
2026-02-01,F1,Angers,Metz,0,0.3,marginal,1,1,0
2026-02-01,F1,Lyon,Lille,0,0.3,marginal,1,0,1
2026-02-01,I1,Parma,Juventus,2,0.3,marginal,0,0,1
2026-02-01,I1,Cremonese,Inter,2,0.3,marginal,0,0,1
2026-02-01,F1,Toulouse,Auxerre,1,0.3,marginal,1,0,0
2026-02-01,I1,Como,Atalanta,1,0.3,marginal,1,1,1
2026-02-01,E0,Aston Villa,Brentford,2,0.3,marginal,1,0,1
2026-02-02,E0,Sunderland,Burnley,0,0.3,marginal,1,1,0
2026-02-02,I1,Udinese,Roma,0,0.3,marginal,0,1,1
2026-02-02,SP1,Mallorca,Sevilla,0,0.3,marginal,1,1,1
2026-02-03,I1,Bologna,Milan,2,0.3,marginal,1,1,1
2026-02-06,E0,Leeds,Nott'm Forest,0,0.3,marginal,1,0,0
2026-02-06,D1,Union Berlin,Ein Frankfurt,1,0.3,marginal,1,0,1
2026-02-06,F1,Metz,Lille,1,0.3,marginal,0,0,1
2026-02-06,SP1,Celta,Osasuna,2,0.3,marginal,1,1,0
2026-02-06,I1,Verona,Pisa,1,0.3,marginal,1,1,1
2026-02-07,E0,Newcastle,Brentford,2,0.3,marginal,1,0,0
2026-02-07,D1,Freiburg,Werder Bremen,0,0.3,marginal,1,0,0
2026-02-07,D1,Mainz,Augsburg,0,0.3,marginal,1,0,0
2026-02-07,D1,St Pauli,Stuttgart,0,0.3,marginal,0,0,1
2026-02-07,D1,Wolfsburg,Dortmund,2,0.3,marginal,0,0,1
2026-02-07,D1,Heidenheim,Hamburg,2,0.3,marginal,1,0,1
2026-02-07,D1,M'gladbach,Leverkusen,1,0.3,marginal,0,0,1
2026-02-07,SP1,Barcelona,Mallorca,0,0.3,marginal,1,0,0
2026-02-07,SP1,Sociedad,Elche,0,0.3,marginal,1,0,0
2026-02-07,F1,Nantes,Lyon,2,0.3,marginal,0,0,1
2026-02-07,I1,Genoa,Napoli,2,0.3,marginal,0,1,1
2026-02-07,F1,Lens,Rennes,0,0.3,marginal,1,0,0
2026-02-07,E0,Man United,Tottenham,0,0.3,marginal,1,0,0
2026-02-07,E0,Bournemouth,Aston Villa,1,0.3,marginal,1,0,1
2026-02-07,I1,Fiorentina,Torino,1,0.3,marginal,1,0,0
2026-02-07,E0,Burnley,West Ham,2,0.3,marginal,1,0,1
2026-02-07,E0,Fulham,Everton,2,0.3,marginal,1,0,0
2026-02-07,E0,Wolves,Chelsea,2,0.3,marginal,0,0,1
2026-02-07,E0,Arsenal,Sunderland,0,0.3,marginal,1,0,0
2026-02-07,F1,Brest,Lorient,0,0.3,marginal,1,1,0
2026-02-08,F1,Angers,Toulouse,0,0.3,marginal,0,1,1
2026-02-08,F1,Nice,Monaco,1,0.3,marginal,0,0,1
2026-02-08,D1,Bayern Munich,Hoffenheim,0,0.3,marginal,1,0,0
2026-02-08,F1,Auxerre,Paris FC,1,0.3,marginal,1,1,1
2026-02-08,SP1,Sevilla,Girona,1,0.3,marginal,1,0,0
2026-02-08,I1,Juventus,Lazio,1,0.3,marginal,1,0,0
2026-02-08,D1,FC Koln,RB Leipzig,2,0.3,marginal,0,0,1
2026-02-08,I1,Sassuolo,Inter,2,0.3,marginal,0,0,1
2026-02-08,I1,Lecce,Udinese,0,0.3,marginal,1,1,1
2026-02-08,F1,Paris SG,Marseille,0,0.3,marginal,1,0,0
2026-02-08,SP1,Ath Bilbao,Levante,0,0.3,marginal,1,0,0
2026-02-08,E0,Liverpool,Man City,2,0.3,marginal,1,0,1
2026-02-08,E0,Brighton,Crystal Palace,2,0.3,marginal,1,1,0
2026-02-08,SP1,Alaves,Getafe,2,0.3,marginal,1,1,0
2026-02-08,SP1,Ath Madrid,Betis,2,0.3,marginal,1,0,0
2026-02-08,I1,Bologna,Parma,2,0.3,marginal,1,0,0
2026-02-08,SP1,Valencia,Real Madrid,2,0.3,marginal,0,0,1
2026-02-08,F1,Le Havre,Strasbourg,0,0.3,marginal,0,0,1
2026-02-09,SP1,Villarreal,Espanol,0,0.3,marginal,1,0,0
2026-02-09,I1,Roma,Cagliari,0,0.3,marginal,1,0,0
2026-02-09,I1,Atalanta,Cremonese,0,0.3,marginal,1,0,0
2026-02-10,E0,Chelsea,Leeds,1,0.3,marginal,1,0,0
2026-02-10,E0,Everton,Bournemouth,2,0.3,marginal,1,0,1
2026-02-10,E0,Tottenham,Newcastle,2,0.3,marginal,1,0,1
2026-02-10,E0,West Ham,Man United,1,0.3,marginal,0,0,1
2026-02-11,E0,Aston Villa,Brighton,0,0.3,marginal,1,0,1
2026-02-11,E0,Crystal Palace,Burnley,2,0.3,marginal,1,0,0
2026-02-11,E0,Man City,Fulham,0,0.3,marginal,1,0,0
2026-02-11,E0,Nott'm Forest,Wolves,1,0.3,marginal,1,0,0
2026-02-11,E0,Sunderland,Liverpool,2,0.3,marginal,0,0,1
2026-02-12,E0,Brentford,Arsenal,1,0.3,marginal,0,0,1
2026-02-13,F1,Rennes,Paris SG,0,0.3,marginal,0,0,1
2026-02-13,I1,Pisa,Milan,2,0.3,marginal,0,0,1
2026-02-13,SP1,Elche,Osasuna,1,0.3,marginal,1,1,1
2026-02-13,F1,Monaco,Nantes,0,0.3,marginal,1,0,0
2026-02-13,D1,Dortmund,Mainz,0,0.3,marginal,1,0,0
2026-02-14,F1,Paris FC,Lens,2,0.3,marginal,0,0,1
2026-02-14,D1,Stuttgart,FC Koln,0,0.3,marginal,1,0,0
2026-02-14,SP1,Real Madrid,Sociedad,0,0.3,marginal,1,0,0
2026-02-14,SP1,Sevilla,Alaves,1,0.3,marginal,1,1,0
2026-02-14,SP1,Getafe,Villarreal,0,0.3,marginal,1,1,1
2026-02-14,D1,Ein Frankfurt,M'gladbach,0,0.3,marginal,1,0,1
2026-02-14,F1,Lille,Brest,1,0.3,marginal,1,0,0
2026-02-14,SP1,Espanol,Celta,1,0.3,marginal,1,1,1
2026-02-14,D1,Werder Bremen,Bayern Munich,2,0.3,marginal,0,0,1
2026-02-14,D1,Leverkusen,St Pauli,0,0.3,marginal,1,0,0
2026-02-14,I1,Como,Fiorentina,2,0.3,marginal,1,0,0
2026-02-14,I1,Lazio,Atalanta,2,0.3,marginal,0,1,1
2026-02-14,I1,Inter,Juventus,0,0.3,marginal,1,1,0
2026-02-14,D1,Hamburg,Union Berlin,0,0.3,marginal,1,1,1
2026-02-14,D1,Hoffenheim,Freiburg,0,0.3,marginal,1,0,0
2026-02-14,F1,Marseille,Strasbourg,1,0.3,marginal,1,0,1
2026-02-15,I1,Parma,Verona,0,0.3,marginal,1,1,0
2026-02-15,SP1,Levante,Valencia,2,0.3,marginal,1,1,1
2026-02-15,SP1,Vallecano,Ath Madrid,0,0.3,marginal,0,0,1
2026-02-15,D1,RB Leipzig,Wolfsburg,1,0.3,marginal,1,0,0
2026-02-15,D1,Augsburg,Heidenheim,0,0.3,marginal,1,0,0
2026-02-15,I1,Cremonese,Genoa,1,0.3,marginal,0,1,1
2026-02-15,SP1,Mallorca,Betis,2,0.3,marginal,1,1,1
2026-02-15,I1,Udinese,Sassuolo,2,0.3,marginal,1,1,1
2026-02-15,SP1,Oviedo,Ath Bilbao,2,0.3,marginal,1,1,1
2026-02-15,F1,Le Havre,Toulouse,0,0.3,marginal,0,1,1
2026-02-15,I1,Napoli,Roma,1,0.3,marginal,1,1,0
2026-02-15,F1,Lorient,Angers,0,0.3,marginal,1,1,0
2026-02-15,F1,Lyon,Nice,0,0.3,marginal,1,0,0
2026-02-15,F1,Metz,Auxerre,2,0.3,marginal,1,1,1
2026-02-15,I1,Torino,Bologna,2,0.3,marginal,1,1,1
2026-02-16,SP1,Girona,Barcelona,0,0.3,marginal,0,0,1
2026-02-16,I1,Cagliari,Lecce,2,0.3,marginal,1,1,0
2026-02-18,SP1,Levante,Villarreal,2,0.3,marginal,0,0,1
2026-02-18,E0,Wolves,Arsenal,1,0.3,marginal,0,0,1
2026-02-18,I1,Milan,Como,1,0.3,marginal,1,1,1
2026-02-20,D1,Mainz,Hamburg,1,0.3,marginal,1,0,0
2026-02-20,SP1,Ath Bilbao,Elche,0,0.3,marginal,1,0,0
2026-02-20,F1,Brest,Marseille,0,0.3,marginal,0,0,1
2026-02-20,I1,Sassuolo,Verona,0,0.3,marginal,1,0,0
2026-02-21,I1,Lecce,Inter,2,0.3,marginal,0,0,1
2026-02-21,D1,FC Koln,Hoffenheim,1,0.3,marginal,1,0,1
2026-02-21,D1,Union Berlin,Leverkusen,0,0.3,marginal,1,1,1
2026-02-21,E0,Man City,Newcastle,0,0.3,marginal,1,0,0
2026-02-21,E0,Aston Villa,Leeds,1,0.3,marginal,1,0,0
2026-02-21,E0,Brentford,Brighton,2,0.3,marginal,1,0,1
2026-02-21,E0,Chelsea,Burnley,1,0.3,marginal,1,0,0
2026-02-21,D1,Bayern Munich,Ein Frankfurt,0,0.3,marginal,1,0,0
2026-02-21,I1,Cagliari,Lazio,1,0.3,marginal,1,1,1
2026-02-21,I1,Juventus,Como,2,0.3,marginal,1,0,0
2026-02-21,D1,RB Leipzig,Dortmund,1,0.3,marginal,1,0,0
2026-02-21,D1,Wolfsburg,Augsburg,2,0.3,marginal,1,0,1
2026-02-21,SP1,Osasuna,Real Madrid,0,0.3,marginal,0,0,1
2026-02-21,F1,Paris SG,Metz,0,0.3,marginal,1,0,0
2026-02-21,SP1,Betis,Vallecano,1,0.3,marginal,1,1,0
2026-02-21,SP1,Ath Madrid,Espanol,0,0.3,marginal,1,0,0
2026-02-21,F1,Lens,Monaco,2,0.3,marginal,1,0,0
2026-02-21,F1,Toulouse,Paris FC,1,0.3,marginal,1,0,0
2026-02-21,SP1,Sociedad,Oviedo,1,0.3,marginal,1,0,0
2026-02-21,E0,West Ham,Bournemouth,1,0.3,marginal,1,0,1
2026-02-22,E0,Tottenham,Arsenal,2,0.3,marginal,0,0,1
2026-02-22,D1,Freiburg,M'gladbach,0,0.3,marginal,1,1,0
2026-02-22,D1,St Pauli,Werder Bremen,0,0.3,marginal,1,1,1
2026-02-22,SP1,Barcelona,Levante,0,0.3,marginal,1,0,0
2026-02-22,I1,Genoa,Torino,0,0.3,marginal,1,1,0
2026-02-22,I1,Atalanta,Napoli,0,0.3,marginal,1,1,1
2026-02-22,E0,Sunderland,Fulham,2,0.3,marginal,1,1,1
2026-02-22,D1,Heidenheim,Stuttgart,1,0.3,marginal,0,0,1
2026-02-22,I1,Roma,Cremonese,0,0.3,marginal,1,0,0
2026-02-22,F1,Auxerre,Rennes,2,0.3,marginal,1,0,1
2026-02-22,SP1,Getafe,Sevilla,2,0.3,marginal,1,1,0
2026-02-22,E0,Nott'm Forest,Liverpool,2,0.3,marginal,0,0,1
2026-02-22,SP1,Celta,Mallorca,0,0.3,marginal,1,0,0
2026-02-22,F1,Nice,Lorient,1,0.3,marginal,1,0,0
2026-02-22,F1,Nantes,Le Havre,0,0.3,marginal,1,1,1
2026-02-22,F1,Angers,Lille,2,0.3,marginal,0,0,1
2026-02-22,I1,Milan,Parma,2,0.3,marginal,1,0,0
2026-02-22,SP1,Villarreal,Valencia,0,0.3,marginal,1,0,0
2026-02-22,F1,Strasbourg,Lyon,0,0.3,marginal,1,0,1
2026-02-22,E0,Crystal Palace,Wolves,0,0.3,marginal,1,0,0
2026-02-23,SP1,Alaves,Girona,1,0.3,marginal,1,1,1
2026-02-23,E0,Everton,Man United,2,0.3,marginal,0,0,1
2026-02-23,I1,Bologna,Udinese,0,0.3,marginal,1,0,0
2026-02-23,I1,Fiorentina,Pisa,0,0.3,marginal,1,0,0
2026-02-27,F1,Strasbourg,Lens,1,0.3,marginal,1,0,1
2026-02-27,I1,Parma,Cagliari,1,0.3,marginal,1,1,0
2026-02-27,D1,Augsburg,FC Koln,0,0.3,marginal,1,0,1
2026-02-27,E0,Wolves,Aston Villa,0,0.3,marginal,0,0,1
2026-02-27,SP1,Levante,Alaves,0,0.3,marginal,1,1,1
2026-02-28,E0,Bournemouth,Sunderland,1,0.3,marginal,1,0,0
2026-02-28,D1,Dortmund,Bayern Munich,2,0.3,marginal,0,0,1
2026-02-28,D1,Werder Bremen,Heidenheim,0,0.3,marginal,1,0,0
2026-02-28,D1,M'gladbach,Union Berlin,0,0.3,marginal,1,1,1
2026-02-28,D1,Leverkusen,Mainz,1,0.3,marginal,1,0,0
2026-02-28,E0,Leeds,Man City,2,0.3,marginal,0,0,1
2026-02-28,E0,Newcastle,Everton,2,0.3,marginal,1,0,0
2026-02-28,E0,Burnley,Brentford,2,0.3,marginal,0,0,1
2026-02-28,D1,Hoffenheim,St Pauli,2,0.3,marginal,1,0,0
2026-02-28,E0,Liverpool,West Ham,0,0.3,marginal,1,0,0
2026-02-28,SP1,Vallecano,Ath Bilbao,1,0.3,marginal,1,1,1
2026-02-28,SP1,Mallorca,Sociedad,2,0.3,marginal,1,1,1
2026-02-28,SP1,Oviedo,Ath Madrid,2,0.3,marginal,0,0,1
2026-02-28,I1,Inter,Genoa,0,0.3,marginal,1,0,0
2026-02-28,I1,Verona,Napoli,2,0.3,marginal,0,0,1
2026-02-28,SP1,Barcelona,Villarreal,0,0.3,marginal,1,0,0
2026-02-28,F1,Monaco,Angers,0,0.3,marginal,1,0,0
2026-02-28,F1,Rennes,Toulouse,0,0.3,marginal,1,0,0
2026-02-28,I1,Como,Lecce,0,0.3,marginal,1,0,0
2026-02-28,F1,Le Havre,Paris SG,2,0.3,marginal,0,0,1
2026-03-01,SP1,Girona,Celta,2,0.3,marginal,1,1,1
2026-03-01,F1,Lille,Nantes,0,0.3,marginal,1,0,0
2026-03-01,E0,Man United,Crystal Palace,0,0.3,marginal,1,0,0
2026-03-01,F1,Paris FC,Nice,0,0.3,marginal,1,0,1
2026-03-01,E0,Brighton,Nott'm Forest,0,0.3,marginal,1,0,0
2026-03-01,F1,Lorient,Auxerre,1,0.3,marginal,1,1,0
2026-03-01,F1,Metz,Brest,2,0.3,marginal,0,0,1
2026-03-01,F1,Marseille,Lyon,0,0.3,marginal,1,0,0
2026-03-01,E0,Fulham,Tottenham,0,0.3,marginal,1,0,0
2026-03-01,SP1,Betis,Sevilla,1,0.3,marginal,1,0,0
2026-03-01,I1,Torino,Lazio,0,0.3,marginal,1,1,1
2026-03-01,SP1,Elche,Espanol,1,0.3,marginal,1,1,1
2026-03-01,SP1,Valencia,Osasuna,0,0.3,marginal,1,1,1
2026-03-01,I1,Cremonese,Milan,2,0.3,marginal,0,0,1
2026-03-01,I1,Roma,Juventus,1,0.3,marginal,1,1,1
2026-03-01,I1,Sassuolo,Atalanta,0,0.3,marginal,1,1,1
2026-03-01,D1,Ein Frankfurt,Freiburg,0,0.3,marginal,1,0,1
2026-03-01,D1,Hamburg,RB Leipzig,2,0.3,marginal,0,0,1
2026-03-01,E0,Arsenal,Chelsea,0,0.3,marginal,1,0,0
2026-03-01,D1,Stuttgart,Wolfsburg,0,0.3,marginal,1,0,0
2026-03-02,I1,Pisa,Bologna,2,0.3,marginal,0,1,1
2026-03-02,SP1,Real Madrid,Getafe,2,0.3,marginal,1,0,0
2026-03-02,I1,Udinese,Fiorentina,0,0.3,marginal,1,1,1
2026-03-03,E0,Bournemouth,Brentford,1,0.3,marginal,1,0,1
2026-03-03,E0,Everton,Burnley,0,0.3,marginal,1,0,0
2026-03-03,E0,Leeds,Sunderland,2,0.3,marginal,1,0,0
2026-03-03,E0,Wolves,Liverpool,0,0.3,marginal,0,0,1
2026-03-04,SP1,Vallecano,Oviedo,0,0.3,marginal,1,0,0
2026-03-04,E0,Fulham,West Ham,2,0.3,marginal,1,0,1
2026-03-04,E0,Newcastle,Man United,0,0.3,marginal,1,0,1
2026-03-04,E0,Aston Villa,Chelsea,2,0.3,marginal,1,0,1
2026-03-04,D1,Hamburg,Leverkusen,2,0.3,marginal,0,0,1
2026-03-04,E0,Man City,Nott'm Forest,1,0.3,marginal,1,0,0
2026-03-04,E0,Brighton,Arsenal,2,0.3,marginal,0,0,1
2026-03-05,E0,Tottenham,Crystal Palace,2,0.3,marginal,1,1,1
2026-03-06,F1,Paris SG,Monaco,2,0.3,marginal,1,0,0
2026-03-06,SP1,Celta,Real Madrid,2,0.3,marginal,1,0,1
2026-03-06,D1,Bayern Munich,M'gladbach,0,0.3,marginal,1,0,0
2026-03-06,I1,Napoli,Torino,0,0.3,marginal,1,0,0
2026-03-07,I1,Atalanta,Udinese,1,0.3,marginal,1,0,0
2026-03-07,SP1,Ath Madrid,Sociedad,0,0.3,marginal,1,0,0
2026-03-07,SP1,Levante,Girona,1,0.3,marginal,1,1,1
2026-03-07,SP1,Osasuna,Mallorca,1,0.3,marginal,1,0,0
2026-03-07,F1,Nantes,Angers,2,0.3,marginal,1,1,0
2026-03-07,D1,FC Koln,Dortmund,2,0.3,marginal,0,0,1
2026-03-07,D1,Wolfsburg,Hamburg,2,0.3,marginal,1,0,1
2026-03-07,I1,Cagliari,Como,2,0.3,marginal,0,0,1
2026-03-07,I1,Juventus,Pisa,0,0.3,marginal,1,0,0
2026-03-07,D1,RB Leipzig,Augsburg,0,0.3,marginal,1,0,0
2026-03-07,D1,Mainz,Stuttgart,1,0.3,marginal,0,0,1
2026-03-07,D1,Heidenheim,Hoffenheim,2,0.3,marginal,0,0,1
2026-03-07,D1,Freiburg,Leverkusen,1,0.3,marginal,1,0,1
2026-03-07,F1,Auxerre,Strasbourg,1,0.3,marginal,0,1,1
2026-03-07,F1,Toulouse,Marseille,2,0.3,marginal,1,0,1
2026-03-07,SP1,Ath Bilbao,Barcelona,2,0.3,marginal,0,0,1
2026-03-08,SP1,Valencia,Alaves,0,0.3,marginal,1,1,0
2026-03-08,I1,Fiorentina,Parma,1,0.3,marginal,1,0,0
2026-03-08,I1,Genoa,Roma,0,0.3,marginal,0,1,1
2026-03-08,I1,Lecce,Cremonese,0,0.3,marginal,1,1,0
2026-03-08,I1,Milan,Inter,0,0.3,marginal,1,1,1
2026-03-08,F1,Lille,Lorient,1,0.3,marginal,1,0,0
2026-03-08,F1,Nice,Rennes,2,0.3,marginal,1,0,1
2026-03-08,F1,Brest,Le Havre,0,0.3,marginal,1,0,0
2026-03-08,F1,Lens,Metz,0,0.3,marginal,1,0,0
2026-03-08,F1,Lyon,Paris FC,1,0.3,marginal,1,0,0
2026-03-08,I1,Bologna,Verona,2,0.3,marginal,1,0,0
2026-03-08,SP1,Getafe,Betis,0,0.3,marginal,1,1,1
2026-03-08,D1,Union Berlin,Werder Bremen,2,0.3,marginal,1,1,1
2026-03-08,D1,St Pauli,Ein Frankfurt,1,0.3,marginal,1,0,1
2026-03-08,SP1,Villarreal,Elche,0,0.3,marginal,1,0,0
2026-03-08,SP1,Sevilla,Vallecano,1,0.3,marginal,1,1,1
2026-03-09,SP1,Espanol,Oviedo,1,0.3,marginal,1,0,0
2026-03-09,I1,Lazio,Sassuolo,0,0.3,marginal,1,1,0
2026-03-13,D1,M'gladbach,St Pauli,0,0.3,marginal,1,0,0
2026-03-13,F1,Marseille,Auxerre,0,0.3,marginal,1,0,0
2026-03-13,SP1,Alaves,Villarreal,1,0.3,marginal,0,0,1
2026-03-13,I1,Torino,Parma,0,0.3,marginal,1,1,0
2026-03-14,E0,Arsenal,Everton,0,0.3,marginal,1,0,0
2026-03-14,I1,Napoli,Lecce,0,0.3,marginal,1,0,0
2026-03-14,I1,Udinese,Juventus,2,0.3,marginal,0,0,1
2026-03-14,D1,Hoffenheim,Wolfsburg,1,0.3,marginal,1,0,0
2026-03-14,F1,Monaco,Brest,0,0.3,marginal,1,0,0
2026-03-14,D1,Leverkusen,Bayern Munich,1,0.3,marginal,0,0,1
2026-03-14,E0,West Ham,Man City,1,0.3,marginal,0,0,1
2026-03-14,E0,Chelsea,Newcastle,2,0.3,marginal,1,0,0
2026-03-14,E0,Sunderland,Brighton,2,0.3,marginal,0,0,1
2026-03-14,I1,Inter,Atalanta,1,0.3,marginal,1,0,0
2026-03-14,F1,Angers,Nice,2,0.3,marginal,1,1,1
2026-03-14,F1,Lorient,Lens,0,0.3,marginal,0,0,1
2026-03-14,D1,Hamburg,FC Koln,1,0.3,marginal,1,0,1
2026-03-14,SP1,Ath Madrid,Getafe,0,0.3,marginal,1,0,0
2026-03-14,D1,Ein Frankfurt,Heidenheim,0,0.3,marginal,1,0,0
2026-03-14,E0,Burnley,Bournemouth,1,0.3,marginal,0,0,1
2026-03-14,SP1,Real Madrid,Elche,0,0.3,marginal,1,0,0
2026-03-14,SP1,Oviedo,Valencia,0,0.3,marginal,1,1,1
2026-03-14,SP1,Girona,Ath Bilbao,0,0.3,marginal,1,0,1
2026-03-14,D1,Dortmund,Augsburg,0,0.3,marginal,1,0,0
2026-03-15,F1,Le Havre,Lyon,1,0.3,marginal,0,0,1
2026-03-15,D1,Werder Bremen,Mainz,2,0.3,marginal,1,0,1
2026-03-15,F1,Strasbourg,Paris FC,1,0.3,marginal,1,0,0
2026-03-15,SP1,Mallorca,Espanol,0,0.3,marginal,1,1,1
2026-03-15,SP1,Barcelona,Sevilla,0,0.3,marginal,1,0,0
2026-03-15,SP1,Betis,Celta,1,0.3,marginal,1,1,0
2026-03-15,SP1,Sociedad,Osasuna,0,0.3,marginal,1,0,0
2026-03-15,F1,Metz,Toulouse,2,0.3,marginal,0,0,1
2026-03-15,I1,Verona,Genoa,2,0.3,marginal,0,1,1
2026-03-15,F1,Rennes,Lille,2,0.3,marginal,1,1,0
2026-03-15,I1,Pisa,Cagliari,0,0.3,marginal,1,1,1
2026-03-15,I1,Sassuolo,Bologna,2,0.3,marginal,1,1,1
2026-03-15,I1,Lazio,Milan,0,0.3,marginal,0,0,1
2026-03-15,E0,Liverpool,Tottenham,1,0.3,marginal,1,0,0
2026-03-15,E0,Nott'm Forest,Fulham,1,0.3,marginal,1,1,1
2026-03-15,E0,Man United,Aston Villa,0,0.3,marginal,1,0,0
2026-03-15,E0,Crystal Palace,Leeds,1,0.3,marginal,1,1,1
2026-03-15,D1,Stuttgart,RB Leipzig,0,0.3,marginal,1,0,1
2026-03-15,I1,Como,Roma,0,0.3,marginal,1,1,0
2026-03-15,D1,Freiburg,Union Berlin,2,0.3,marginal,1,0,0
2026-03-16,I1,Cremonese,Fiorentina,2,0.3,marginal,0,0,1
2026-03-16,E0,Brentford,Wolves,1,0.3,marginal,1,0,0
2026-03-16,SP1,Vallecano,Levante,1,0.3,marginal,1,0,0
2026-03-20,I1,Genoa,Udinese,2,0.3,marginal,1,1,0
2026-03-20,SP1,Villarreal,Sociedad,0,0.3,marginal,1,0,0
2026-03-20,I1,Cagliari,Napoli,2,0.3,marginal,0,0,1
2026-03-20,E0,Bournemouth,Man United,1,0.3,marginal,1,0,1
2026-03-20,D1,RB Leipzig,Hoffenheim,0,0.3,marginal,1,0,0
2026-03-20,F1,Lens,Angers,0,0.3,marginal,1,0,0
2026-03-21,E0,Fulham,Burnley,0,0.3,marginal,1,0,0
2026-03-21,SP1,Elche,Mallorca,0,0.3,marginal,1,0,0
2026-03-21,E0,Leeds,Brentford,1,0.3,marginal,1,0,1
2026-03-21,F1,Nice,Paris SG,2,0.3,marginal,0,0,1
2026-03-21,D1,Dortmund,Hamburg,0,0.3,marginal,1,0,0
2026-03-21,D1,Wolfsburg,Werder Bremen,2,0.3,marginal,1,0,1
2026-03-21,D1,Heidenheim,Leverkusen,1,0.3,marginal,0,0,1
2026-03-21,D1,FC Koln,M'gladbach,1,0.3,marginal,1,0,1
2026-03-21,E0,Brighton,Liverpool,0,0.3,marginal,1,0,1
2026-03-21,F1,Auxerre,Brest,0,0.3,marginal,1,1,0
2026-03-21,I1,Juventus,Sassuolo,1,0.3,marginal,1,0,0
2026-03-21,E0,Everton,Chelsea,0,0.3,marginal,1,0,1
2026-03-21,D1,Bayern Munich,Union Berlin,0,0.3,marginal,1,0,0
2026-03-21,SP1,Sevilla,Valencia,2,0.3,marginal,1,1,0
2026-03-21,SP1,Osasuna,Girona,0,0.3,marginal,1,0,0
2026-03-21,I1,Parma,Cremonese,2,0.3,marginal,1,1,0
2026-03-21,SP1,Espanol,Getafe,2,0.3,marginal,1,1,1
2026-03-21,F1,Toulouse,Lorient,0,0.3,marginal,1,1,0
2026-03-21,I1,Milan,Torino,0,0.3,marginal,1,0,0
2026-03-21,SP1,Levante,Oviedo,0,0.3,marginal,1,1,1
2026-03-22,E0,Tottenham,Nott'm Forest,2,0.3,marginal,1,0,1
2026-03-22,SP1,Real Madrid,Ath Madrid,0,0.3,marginal,1,0,1
2026-03-22,SP1,Ath Bilbao,Betis,0,0.3,marginal,1,0,0
2026-03-22,SP1,Celta,Alaves,2,0.3,marginal,1,1,0
2026-03-22,SP1,Barcelona,Vallecano,0,0.3,marginal,1,0,0
2026-03-22,D1,Mainz,Ein Frankfurt,0,0.3,marginal,1,0,1
2026-03-22,D1,St Pauli,Freiburg,2,0.3,marginal,1,1,1
2026-03-22,E0,Newcastle,Sunderland,2,0.3,marginal,1,0,0
2026-03-22,E0,Aston Villa,West Ham,0,0.3,marginal,1,0,0
2026-03-22,D1,Augsburg,Stuttgart,2,0.3,marginal,0,0,1
2026-03-22,F1,Nantes,Strasbourg,2,0.3,marginal,0,0,1
2026-03-22,F1,Rennes,Metz,1,0.3,marginal,1,0,0
2026-03-22,F1,Paris FC,Le Havre,0,0.3,marginal,1,1,0
2026-03-22,F1,Marseille,Lille,2,0.3,marginal,1,0,0
2026-03-22,F1,Lyon,Monaco,2,0.3,marginal,1,0,1
2026-03-22,I1,Fiorentina,Inter,1,0.3,marginal,0,0,1
2026-03-22,I1,Como,Pisa,0,0.3,marginal,1,0,0
2026-03-22,I1,Bologna,Lazio,2,0.3,marginal,1,1,0
2026-03-22,I1,Atalanta,Verona,0,0.3,marginal,1,0,0
2026-03-22,I1,Roma,Lecce,0,0.3,marginal,1,0,0
2026-04-03,F1,Paris SG,Toulouse,0,0.3,marginal,1,0,0
2026-04-03,SP1,Vallecano,Elche,0,0.3,marginal,1,0,0
2026-04-04,D1,Stuttgart,Dortmund,2,0.3,marginal,1,0,1
2026-04-04,D1,Werder Bremen,RB Leipzig,2,0.3,marginal,0,0,1
2026-04-04,I1,Verona,Fiorentina,2,0.3,marginal,0,1,1
2026-04-04,F1,Lille,Lens,0,0.3,marginal,1,0,1
2026-04-04,F1,Brest,Rennes,2,0.3,marginal,1,0,1
2026-04-04,F1,Strasbourg,Nice,0,0.3,marginal,1,0,0
2026-04-04,D1,M'gladbach,Heidenheim,1,0.3,marginal,1,0,0
2026-04-04,I1,Lazio,Parma,1,0.3,marginal,1,1,0
2026-04-04,SP1,Sociedad,Levante,0,0.3,marginal,1,0,0
2026-04-04,D1,Freiburg,Bayern Munich,2,0.3,marginal,0,0,1
2026-04-04,D1,Hamburg,Augsburg,1,0.3,marginal,1,0,1
2026-04-04,D1,Hoffenheim,Mainz,2,0.3,marginal,1,0,0
2026-04-04,SP1,Ath Madrid,Barcelona,2,0.3,marginal,1,0,1
2026-04-04,SP1,Betis,Espanol,1,0.3,marginal,1,0,0
2026-04-04,SP1,Mallorca,Real Madrid,0,0.3,marginal,0,0,1
2026-04-04,D1,Leverkusen,Wolfsburg,0,0.3,marginal,1,0,0
2026-04-04,I1,Sassuolo,Cagliari,0,0.3,marginal,1,1,0
2026-04-05,F1,Le Havre,Auxerre,1,0.3,marginal,1,1,1
2026-04-05,I1,Cremonese,Bologna,2,0.3,marginal,0,0,1
2026-04-05,I1,Pisa,Torino,2,0.3,marginal,1,1,1
2026-04-05,F1,Monaco,Marseille,0,0.3,marginal,1,0,1
2026-04-05,SP1,Alaves,Osasuna,1,0.3,marginal,1,1,1
2026-04-05,SP1,Oviedo,Sevilla,0,0.3,marginal,1,1,1
2026-04-05,SP1,Valencia,Celta,2,0.3,marginal,1,1,1
2026-04-05,F1,Lorient,Paris FC,1,0.3,marginal,1,1,1
2026-04-05,F1,Angers,Lyon,1,0.3,marginal,0,0,1
2026-04-05,I1,Inter,Roma,0,0.3,marginal,1,0,0
2026-04-05,F1,Metz,Nantes,1,0.3,marginal,1,0,1
2026-04-05,D1,Ein Frankfurt,FC Koln,1,0.3,marginal,1,0,0
2026-04-05,D1,Union Berlin,St Pauli,1,0.3,marginal,1,1,0
2026-04-05,SP1,Getafe,Ath Bilbao,0,0.3,marginal,1,1,1
2026-04-06,SP1,Girona,Villarreal,0,0.3,marginal,1,0,1
2026-04-06,I1,Udinese,Como,1,0.3,marginal,0,0,1
2026-04-06,I1,Juventus,Genoa,0,0.3,marginal,1,0,0
2026-04-06,I1,Lecce,Atalanta,2,0.3,marginal,0,0,1
2026-04-06,I1,Napoli,Milan,0,0.3,marginal,1,1,1
2026-04-10,SP1,Real Madrid,Girona,1,0.3,marginal,1,0,0
2026-04-10,F1,Marseille,Metz,0,0.3,marginal,1,0,0
2026-04-10,F1,Paris FC,Monaco,0,0.3,marginal,0,0,1
2026-04-10,E0,West Ham,Wolves,0,0.3,marginal,1,0,0
2026-04-10,I1,Roma,Pisa,0,0.3,marginal,1,0,0
2026-04-10,D1,Augsburg,Hoffenheim,1,0.3,marginal,0,0,1
2026-04-11,SP1,Elche,Valencia,0,0.3,marginal,1,0,1
2026-04-11,SP1,Sociedad,Alaves,1,0.3,marginal,1,0,0
2026-04-11,D1,Heidenheim,Union Berlin,0,0.3,marginal,1,0,1
2026-04-11,D1,Dortmund,Leverkusen,2,0.3,marginal,1,0,1
2026-04-11,I1,Torino,Verona,0,0.3,marginal,1,1,0
2026-04-11,E0,Brentford,Everton,1,0.3,marginal,1,0,0
2026-04-11,SP1,Barcelona,Espanol,0,0.3,marginal,1,0,0
2026-04-11,I1,Cagliari,Cremonese,0,0.3,marginal,1,1,0
2026-04-11,E0,Arsenal,Bournemouth,2,0.3,marginal,1,0,0
2026-04-11,E0,Liverpool,Fulham,0,0.3,marginal,1,0,0
2026-04-11,E0,Burnley,Brighton,2,0.3,marginal,0,0,1
2026-04-11,D1,RB Leipzig,M'gladbach,0,0.3,marginal,1,0,0
2026-04-11,D1,Wolfsburg,Ein Frankfurt,2,0.3,marginal,1,0,1
2026-04-11,D1,St Pauli,Bayern Munich,2,0.3,marginal,0,0,1
2026-04-11,I1,Atalanta,Juventus,2,0.3,marginal,1,0,1
2026-04-11,F1,Rennes,Angers,0,0.3,marginal,1,0,0
2026-04-11,SP1,Sevilla,Ath Madrid,0,0.3,marginal,1,0,1
2026-04-11,I1,Milan,Udinese,2,0.3,marginal,1,0,0
2026-04-11,F1,Auxerre,Nantes,1,0.3,marginal,1,0,0
2026-04-12,I1,Bologna,Lecce,0,0.3,marginal,1,0,0
2026-04-12,E0,Chelsea,Man City,2,0.3,marginal,0,0,1
2026-04-12,E0,Sunderland,Tottenham,0,0.3,marginal,1,1,1
2026-04-12,E0,Nott'm Forest,Aston Villa,1,0.3,marginal,1,0,1
2026-04-12,E0,Crystal Palace,Newcastle,0,0.3,marginal,1,1,1
2026-04-12,I1,Como,Inter,2,0.3,marginal,1,1,1
2026-04-12,I1,Genoa,Sassuolo,0,0.3,marginal,1,0,0
2026-04-12,I1,Parma,Napoli,1,0.3,marginal,0,0,1
2026-04-12,F1,Lyon,Lorient,0,0.3,marginal,1,0,0
2026-04-12,SP1,Celta,Oviedo,2,0.3,marginal,1,0,0
2026-04-12,F1,Nice,Le Havre,1,0.3,marginal,1,0,0
2026-04-12,D1,FC Koln,Werder Bremen,0,0.3,marginal,1,0,1
2026-04-12,D1,Stuttgart,Hamburg,0,0.3,marginal,1,0,0
2026-04-12,D1,Mainz,Freiburg,2,0.3,marginal,1,1,0
2026-04-12,SP1,Ath Bilbao,Villarreal,2,0.3,marginal,1,0,0
2026-04-12,SP1,Mallorca,Vallecano,0,0.3,marginal,1,0,1
2026-04-12,SP1,Osasuna,Betis,1,0.3,marginal,1,0,1
2026-04-12,F1,Toulouse,Lille,2,0.3,marginal,0,1,1
2026-04-13,SP1,Levante,Getafe,0,0.3,marginal,1,1,1
2026-04-13,E0,Man United,Leeds,2,0.3,marginal,1,0,0
2026-04-13,I1,Fiorentina,Lazio,0,0.3,marginal,1,1,1
2026-04-17,D1,St Pauli,FC Koln,1,0.3,marginal,1,1,1
2026-04-17,F1,Lens,Toulouse,0,0.3,marginal,1,0,0
2026-04-17,I1,Sassuolo,Como,0,0.3,marginal,0,0,1
2026-04-17,I1,Inter,Cagliari,0,0.3,marginal,1,0,0
2026-04-18,E0,Brentford,Fulham,1,0.3,marginal,1,0,0
2026-04-18,E0,Leeds,Wolves,0,0.3,marginal,1,0,0
2026-04-18,D1,Ein Frankfurt,RB Leipzig,2,0.3,marginal,1,0,1
2026-04-18,D1,Werder Bremen,Hamburg,0,0.3,marginal,1,0,0
2026-04-18,D1,Union Berlin,Wolfsburg,2,0.3,marginal,1,0,1
2026-04-18,D1,Leverkusen,Augsburg,2,0.3,marginal,1,0,0
2026-04-18,D1,Hoffenheim,Dortmund,0,0.3,marginal,1,0,1
2026-04-18,I1,Roma,Atalanta,1,0.3,marginal,1,0,1
2026-04-18,I1,Udinese,Parma,2,0.3,marginal,1,1,0
2026-04-18,I1,Napoli,Lazio,2,0.3,marginal,1,0,0
2026-04-18,E0,Newcastle,Bournemouth,2,0.3,marginal,1,0,1
2026-04-18,E0,Chelsea,Man United,2,0.3,marginal,1,0,1
2026-04-18,F1,Lorient,Marseille,0,0.3,marginal,0,0,1
2026-04-18,E0,Tottenham,Brighton,1,0.3,marginal,1,0,1
2026-04-18,F1,Lille,Nice,1,0.3,marginal,1,0,0
2026-04-18,F1,Angers,Le Havre,1,0.3,marginal,1,1,1
2026-04-19,E0,Nott'm Forest,Burnley,0,0.3,marginal,1,0,0
2026-04-19,F1,Nantes,Brest,1,0.3,marginal,1,1,1
2026-04-19,I1,Juventus,Bologna,0,0.3,marginal,1,0,0
2026-04-19,I1,Pisa,Genoa,2,0.3,marginal,1,1,1
2026-04-19,I1,Verona,Milan,2,0.3,marginal,0,0,1
2026-04-19,I1,Cremonese,Torino,1,0.3,marginal,1,1,1
2026-04-19,D1,M'gladbach,Mainz,1,0.3,marginal,1,0,1
2026-04-19,D1,Bayern Munich,Stuttgart,0,0.3,marginal,1,0,0
2026-04-19,F1,Strasbourg,Rennes,2,0.3,marginal,0,0,1
2026-04-19,F1,Metz,Paris FC,2,0.3,marginal,1,0,1
2026-04-19,E0,Man City,Arsenal,0,0.3,marginal,1,0,0
2026-04-19,E0,Aston Villa,Sunderland,0,0.3,marginal,1,0,0
2026-04-19,E0,Everton,Liverpool,2,0.3,marginal,1,0,1
2026-04-19,F1,Monaco,Auxerre,1,0.3,marginal,1,0,0
2026-04-19,D1,Freiburg,Heidenheim,0,0.3,marginal,1,0,0
2026-04-19,F1,Paris SG,Lyon,2,0.3,marginal,1,0,0
2026-04-20,I1,Lecce,Fiorentina,1,0.3,marginal,0,0,1
2026-04-20,E0,Crystal Palace,West Ham,1,0.3,marginal,1,1,1
2026-04-21,SP1,Girona,Betis,2,0.3,marginal,1,1,1
2026-04-21,SP1,Real Madrid,Alaves,0,0.3,marginal,1,0,0
2026-04-21,E0,Brighton,Chelsea,0,0.3,marginal,1,0,1
2026-04-21,SP1,Mallorca,Valencia,1,0.3,marginal,1,1,1
2026-04-21,SP1,Ath Bilbao,Osasuna,0,0.3,marginal,1,0,0
2026-04-22,SP1,Sociedad,Getafe,2,0.3,marginal,1,1,0
2026-04-22,F1,Paris SG,Nantes,0,0.3,marginal,1,0,0
2026-04-22,E0,Bournemouth,Leeds,1,0.3,marginal,1,0,0
2026-04-22,E0,Burnley,Man City,2,0.3,marginal,0,0,1
2026-04-22,SP1,Elche,Ath Madrid,0,0.3,marginal,1,0,1
2026-04-22,SP1,Barcelona,Celta,0,0.3,marginal,1,0,0
2026-04-23,SP1,Oviedo,Villarreal,1,0.3,marginal,1,1,1
2026-04-23,SP1,Vallecano,Espanol,0,0.3,marginal,1,1,0
2026-04-23,SP1,Levante,Sevilla,0,0.3,marginal,1,1,1
2026-04-24,E0,Sunderland,Nott'm Forest,2,0.3,marginal,1,1,1
2026-04-24,SP1,Betis,Real Madrid,1,0.3,marginal,0,0,1
2026-04-24,D1,RB Leipzig,Union Berlin,0,0.3,marginal,1,0,0
2026-04-24,F1,Brest,Lens,1,0.3,marginal,0,0,1
2026-04-24,I1,Napoli,Cremonese,0,0.3,marginal,1,0,0
2026-04-25,F1,Toulouse,Monaco,1,0.3,marginal,0,0,1
2026-04-25,SP1,Valencia,Girona,0,0.3,marginal,1,1,1
2026-04-25,SP1,Alaves,Mallorca,0,0.3,marginal,1,1,0
2026-04-25,SP1,Ath Madrid,Ath Bilbao,0,0.3,marginal,1,0,0
2026-04-25,SP1,Getafe,Barcelona,2,0.3,marginal,0,0,1
2026-04-25,E0,Arsenal,Newcastle,0,0.3,marginal,1,0,0
2026-04-25,E0,Wolves,Tottenham,2,0.3,marginal,0,0,1
2026-04-25,E0,West Ham,Everton,0,0.3,marginal,1,0,1
2026-04-25,F1,Lyon,Auxerre,0,0.3,marginal,1,0,0
2026-04-25,F1,Angers,Paris SG,2,0.3,marginal,0,0,1
2026-04-25,D1,Mainz,Bayern Munich,2,0.3,marginal,0,0,1
2026-04-25,I1,Bologna,Roma,2,0.3,marginal,0,1,1
2026-04-25,I1,Parma,Pisa,0,0.3,marginal,1,1,0
2026-04-25,E0,Liverpool,Crystal Palace,0,0.3,marginal,1,0,0
2026-04-25,D1,Wolfsburg,M'gladbach,1,0.3,marginal,1,0,1
2026-04-25,D1,Heidenheim,St Pauli,0,0.3,marginal,1,0,1
2026-04-25,D1,Hamburg,Hoffenheim,2,0.3,marginal,0,0,1
2026-04-25,D1,Augsburg,Ein Frankfurt,1,0.3,marginal,1,0,1
2026-04-25,E0,Fulham,Aston Villa,0,0.3,marginal,1,0,1
2026-04-25,I1,Verona,Lecce,1,0.3,marginal,1,1,1
2026-04-25,D1,FC Koln,Leverkusen,2,0.3,marginal,0,0,1
2026-04-26,SP1,Vallecano,Sociedad,1,0.3,marginal,1,1,1
2026-04-26,D1,Dortmund,Freiburg,0,0.3,marginal,1,0,0
2026-04-26,F1,Marseille,Nice,1,0.3,marginal,1,0,0
2026-04-26,F1,Rennes,Nantes,0,0.3,marginal,1,0,0
2026-04-26,F1,Paris FC,Lille,2,0.3,marginal,0,0,1
2026-04-26,D1,Stuttgart,Werder Bremen,1,0.3,marginal,1,0,0
2026-04-26,F1,Le Havre,Metz,1,0.3,marginal,1,0,0
2026-04-26,I1,Torino,Inter,1,0.3,marginal,0,0,1
2026-04-26,SP1,Osasuna,Sevilla,0,0.3,marginal,1,0,0
2026-04-26,I1,Milan,Juventus,1,0.3,marginal,1,1,1
2026-04-26,I1,Genoa,Como,2,0.3,marginal,0,0,1
2026-04-26,I1,Fiorentina,Sassuolo,1,0.3,marginal,1,1,0
2026-04-26,SP1,Villarreal,Celta,0,0.3,marginal,1,0,0
2026-04-26,F1,Lorient,Strasbourg,2,0.3,marginal,1,0,1
2026-04-26,SP1,Oviedo,Elche,2,0.3,marginal,1,0,1
2026-04-27,I1,Lazio,Udinese,1,0.3,marginal,1,1,0
2026-04-27,SP1,Espanol,Levante,1,0.3,marginal,1,0,0
2026-04-27,E0,Man United,Brentford,0,0.3,marginal,1,0,0
2026-04-27,I1,Cagliari,Atalanta,0,0.3,marginal,0,0,1
2026-05-01,SP1,Girona,Mallorca,2,0.3,marginal,1,0,0
2026-05-01,I1,Pisa,Lecce,2,0.3,marginal,0,1,1
2026-05-01,E0,Leeds,Burnley,0,0.3,marginal,1,0,0
2026-05-02,F1,Nantes,Marseille,0,0.3,marginal,0,0,1
2026-05-02,D1,Bayern Munich,Heidenheim,1,0.3,marginal,1,0,0
2026-05-02,F1,Metz,Monaco,2,0.3,marginal,0,0,1
2026-05-02,F1,Nice,Lens,1,0.3,marginal,0,0,1
2026-05-02,D1,Ein Frankfurt,Hamburg,2,0.3,marginal,1,0,0
2026-05-02,D1,Hoffenheim,Stuttgart,1,0.3,marginal,1,0,1
2026-05-02,D1,Werder Bremen,Augsburg,2,0.3,marginal,1,0,0
2026-05-02,D1,Leverkusen,RB Leipzig,0,0.3,marginal,1,0,1
2026-05-02,F1,Paris SG,Lorient,1,0.3,marginal,1,0,0
2026-05-02,I1,Atalanta,Genoa,1,0.3,marginal,1,0,0
2026-05-02,D1,Union Berlin,FC Koln,1,0.3,marginal,1,0,1
2026-05-02,I1,Como,Napoli,1,0.3,marginal,1,1,0
2026-05-02,I1,Udinese,Torino,0,0.3,marginal,1,1,0
2026-05-02,SP1,Alaves,Ath Bilbao,2,0.3,marginal,1,1,1
2026-05-02,SP1,Valencia,Ath Madrid,2,0.3,marginal,1,0,0
2026-05-02,SP1,Villarreal,Levante,0,0.3,marginal,1,0,0
2026-05-02,SP1,Osasuna,Barcelona,2,0.3,marginal,0,0,1
2026-05-02,E0,Newcastle,Brighton,0,0.3,marginal,1,0,1
2026-05-02,E0,Wolves,Sunderland,1,0.3,marginal,0,0,1
2026-05-02,E0,Arsenal,Fulham,0,0.3,marginal,1,0,0
2026-05-02,E0,Brentford,West Ham,0,0.3,marginal,1,0,0
2026-05-03,E0,Aston Villa,Tottenham,2,0.3,marginal,1,0,1
2026-05-03,I1,Bologna,Cagliari,1,0.3,marginal,1,1,0
2026-05-03,I1,Sassuolo,Milan,0,0.3,marginal,0,0,1
2026-05-03,I1,Juventus,Verona,1,0.3,marginal,1,0,0
2026-05-03,I1,Inter,Parma,0,0.3,marginal,1,0,0
2026-05-03,SP1,Betis,Oviedo,0,0.3,marginal,1,0,0
2026-05-03,SP1,Espanol,Real Madrid,2,0.3,marginal,0,0,1
2026-05-03,SP1,Getafe,Vallecano,2,0.3,marginal,1,1,0
2026-05-03,E0,Man United,Liverpool,0,0.3,marginal,1,0,1
2026-05-03,D1,Freiburg,Wolfsburg,1,0.3,marginal,1,0,0
2026-05-03,F1,Lyon,Rennes,0,0.3,marginal,1,0,1
2026-05-03,F1,Strasbourg,Toulouse,2,0.3,marginal,1,0,1
2026-05-03,F1,Paris FC,Brest,0,0.3,marginal,1,0,0
2026-05-03,F1,Auxerre,Angers,0,0.3,marginal,1,0,0
2026-05-03,F1,Lille,Le Havre,1,0.3,marginal,1,0,0
2026-05-03,D1,St Pauli,Mainz,2,0.3,marginal,1,1,1
2026-05-03,D1,M'gladbach,Dortmund,0,0.3,marginal,0,0,1
2026-05-03,E0,Bournemouth,Crystal Palace,0,0.3,marginal,1,0,0
2026-05-03,SP1,Celta,Elche,0,0.3,marginal,1,0,0
2026-05-04,I1,Roma,Fiorentina,0,0.3,marginal,1,0,0
2026-05-04,E0,Everton,Man City,1,0.3,marginal,0,0,1
2026-05-04,E0,Chelsea,Nott'm Forest,2,0.3,marginal,1,0,0
2026-05-04,I1,Cremonese,Lazio,2,0.3,marginal,1,1,1
2026-05-04,SP1,Sevilla,Sociedad,0,0.3,marginal,1,1,1
2026-05-08,F1,Lens,Nantes,0,0.3,marginal,1,0,0
2026-05-08,D1,Dortmund,Ein Frankfurt,0,0.3,marginal,1,0,0
2026-05-08,I1,Torino,Sassuolo,0,0.3,marginal,1,1,1
2026-05-08,SP1,Levante,Osasuna,0,0.3,marginal,1,0,1
2026-05-09,I1,Cagliari,Udinese,2,0.3,marginal,1,1,1
2026-05-09,SP1,Sociedad,Betis,1,0.3,marginal,1,0,1
2026-05-09,SP1,Ath Madrid,Celta,2,0.3,marginal,1,0,0
2026-05-09,SP1,Sevilla,Espanol,0,0.3,marginal,1,1,0
2026-05-09,SP1,Elche,Alaves,1,0.3,marginal,1,1,0
2026-05-09,D1,RB Leipzig,St Pauli,0,0.3,marginal,1,0,0
2026-05-09,I1,Lecce,Juventus,2,0.3,marginal,0,0,1
2026-05-09,D1,Augsburg,M'gladbach,0,0.3,marginal,1,0,0
2026-05-09,E0,Brighton,Wolves,0,0.3,marginal,1,0,0
2026-05-09,E0,Sunderland,Man United,1,0.3,marginal,1,0,1
2026-05-09,E0,Fulham,Bournemouth,2,0.3,marginal,1,0,1
2026-05-09,E0,Liverpool,Chelsea,1,0.3,marginal,1,0,0
2026-05-09,D1,Wolfsburg,Bayern Munich,2,0.3,marginal,0,0,1
2026-05-09,D1,Stuttgart,Leverkusen,0,0.3,marginal,1,0,1
2026-05-09,D1,Hoffenheim,Werder Bremen,0,0.3,marginal,1,0,0
2026-05-09,I1,Lazio,Inter,2,0.3,marginal,0,0,1
2026-05-09,E0,Man City,Brentford,0,0.3,marginal,1,0,0
2026-05-10,D1,FC Koln,Heidenheim,2,0.3,marginal,1,0,1
2026-05-10,E0,West Ham,Arsenal,2,0.3,marginal,0,0,1
2026-05-10,F1,Paris SG,Brest,0,0.3,marginal,1,0,0
2026-05-10,F1,Rennes,Paris FC,0,0.3,marginal,1,0,0
2026-05-10,SP1,Mallorca,Villarreal,1,0.3,marginal,1,0,1
2026-05-10,D1,Hamburg,Freiburg,0,0.3,marginal,1,0,1
2026-05-10,SP1,Oviedo,Getafe,1,0.3,marginal,1,1,1
2026-05-10,SP1,Barcelona,Real Madrid,0,0.3,marginal,1,0,0
2026-05-10,D1,Mainz,Union Berlin,2,0.3,marginal,1,0,0
2026-05-10,F1,Monaco,Lille,2,0.3,marginal,1,0,1
2026-05-10,SP1,Ath Bilbao,Valencia,2,0.3,marginal,1,0,0
2026-05-10,F1,Metz,Lorient,2,0.3,marginal,1,0,1
2026-05-10,F1,Angers,Strasbourg,1,0.3,marginal,1,0,1
2026-05-10,F1,Auxerre,Nice,0,0.3,marginal,1,0,1
2026-05-10,I1,Milan,Atalanta,2,0.3,marginal,1,1,1
2026-05-10,F1,Toulouse,Lyon,0,0.3,marginal,0,0,1
2026-05-10,E0,Nott'm Forest,Newcastle,1,0.3,marginal,0,0,1
2026-05-10,E0,Crystal Palace,Everton,1,0.3,marginal,1,0,1
2026-05-10,E0,Burnley,Aston Villa,1,0.3,marginal,0,0,1
2026-05-10,I1,Verona,Como,2,0.3,marginal,0,0,1
2026-05-10,I1,Cremonese,Pisa,0,0.3,marginal,1,0,0
2026-05-10,I1,Fiorentina,Genoa,1,0.3,marginal,1,0,0
2026-05-10,I1,Parma,Roma,2,0.3,marginal,0,0,1
2026-05-10,F1,Le Havre,Marseille,2,0.3,marginal,0,0,1
2026-05-11,E0,Tottenham,Leeds,1,0.3,marginal,1,0,0
2026-05-11,SP1,Vallecano,Girona,1,0.3,marginal,1,1,1
2026-05-11,I1,Napoli,Bologna,2,0.3,marginal,1,0,0
2026-05-12,SP1,Osasuna,Ath Madrid,2,0.3,marginal,1,0,1
2026-05-12,SP1,Betis,Elche,0,0.3,marginal,1,0,0
2026-05-12,SP1,Celta,Levante,2,0.3,marginal,1,0,0
2026-05-13,E0,Man City,Crystal Palace,0,0.3,marginal,1,0,0
2026-05-13,SP1,Espanol,Ath Bilbao,0,0.3,marginal,1,1,1
2026-05-13,SP1,Villarreal,Sevilla,2,0.3,marginal,1,1,0
2026-05-13,SP1,Alaves,Barcelona,0,0.3,marginal,1,0,1
2026-05-13,SP1,Getafe,Mallorca,0,0.3,marginal,1,1,0
2026-05-13,F1,Lens,Paris SG,2,0.3,marginal,1,0,1
2026-05-13,F1,Brest,Strasbourg,2,0.3,marginal,1,0,1
2026-05-14,SP1,Girona,Sociedad,1,0.3,marginal,1,0,0
2026-05-14,SP1,Real Madrid,Oviedo,0,0.3,marginal,1,0,0
2026-05-14,SP1,Valencia,Vallecano,1,0.3,marginal,1,1,1
2026-05-15,E0,Aston Villa,Liverpool,0,0.3,marginal,1,0,1
2026-05-16,D1,Union Berlin,Augsburg,0,0.3,marginal,1,0,1
2026-05-16,D1,M'gladbach,Hoffenheim,0,0.3,marginal,0,0,1
2026-05-16,D1,Bayern Munich,FC Koln,0,0.3,marginal,1,0,0
2026-05-16,D1,Ein Frankfurt,Stuttgart,1,0.3,marginal,0,0,1
2026-05-16,D1,Freiburg,RB Leipzig,0,0.3,marginal,1,0,1
2026-05-16,D1,Heidenheim,Mainz,2,0.3,marginal,1,0,1
2026-05-16,D1,Leverkusen,Hamburg,1,0.3,marginal,1,0,0
2026-05-16,D1,Werder Bremen,Dortmund,2,0.3,marginal,1,0,1
2026-05-16,D1,St Pauli,Wolfsburg,2,0.3,marginal,1,0,1
2026-05-17,E0,Wolves,Fulham,1,0.3,marginal,0,0,1
2026-05-17,E0,Leeds,Brighton,0,0.3,marginal,0,0,1
2026-05-17,E0,Everton,Sunderland,2,0.3,marginal,1,0,0
2026-05-17,I1,Como,Parma,0,0.3,marginal,1,0,0
2026-05-17,F1,Paris FC,Paris SG,0,0.3,marginal,0,0,1
2026-05-17,E0,Newcastle,West Ham,0,0.3,marginal,1,0,1
2026-05-17,SP1,Ath Bilbao,Celta,1,0.3,marginal,1,1,0
2026-05-17,F1,Strasbourg,Monaco,0,0.3,marginal,1,0,1
2026-05-17,SP1,Vallecano,Villarreal,0,0.3,marginal,1,0,0
2026-05-17,SP1,Elche,Getafe,0,0.3,marginal,1,1,0
2026-05-17,SP1,Oviedo,Alaves,2,0.3,marginal,0,1,1
2026-05-17,SP1,Sevilla,Real Madrid,2,0.3,marginal,0,0,1
2026-05-17,SP1,Sociedad,Valencia,2,0.3,marginal,1,1,1
2026-05-17,SP1,Barcelona,Betis,0,0.3,marginal,1,0,0
2026-05-17,SP1,Osasuna,Espanol,2,0.3,marginal,1,1,0
2026-05-17,SP1,Levante,Mallorca,0,0.3,marginal,1,0,0
2026-05-17,I1,Genoa,Milan,2,0.3,marginal,0,0,1
2026-05-17,I1,Pisa,Napoli,2,0.3,marginal,0,0,1
2026-05-17,I1,Juventus,Fiorentina,2,0.3,marginal,1,0,0
2026-05-17,SP1,Ath Madrid,Girona,0,0.3,marginal,1,0,0
2026-05-17,E0,Brentford,Crystal Palace,1,0.3,marginal,1,0,0
2026-05-17,F1,Nantes,Toulouse,1,0.3,marginal,1,0,1
2026-05-17,F1,Nice,Metz,1,0.3,marginal,1,0,0
2026-05-17,F1,Lyon,Lens,2,0.3,marginal,1,0,0
2026-05-17,F1,Lorient,Le Havre,2,0.3,marginal,1,0,1
2026-05-17,E0,Man United,Nott'm Forest,0,0.3,marginal,1,0,0
2026-05-17,F1,Marseille,Rennes,0,0.3,marginal,1,0,0
2026-05-17,F1,Brest,Angers,1,0.3,marginal,1,0,0
2026-05-17,I1,Udinese,Cremonese,2,0.3,marginal,1,1,1
2026-05-17,I1,Sassuolo,Lecce,2,0.3,marginal,1,1,1
2026-05-17,I1,Cagliari,Torino,0,0.3,marginal,1,1,0
2026-05-17,I1,Atalanta,Bologna,2,0.3,marginal,1,0,0
2026-05-17,I1,Inter,Verona,1,0.3,marginal,1,0,0
2026-05-17,I1,Roma,Lazio,0,0.3,marginal,1,0,0
2026-05-17,F1,Lille,Auxerre,2,0.3,marginal,1,0,0
2026-05-18,E0,Arsenal,Burnley,0,0.3,marginal,1,0,0
2026-05-19,E0,Chelsea,Tottenham,0,0.3,marginal,1,1,1
2026-05-19,E0,Bournemouth,Man City,1,0.3,marginal,0,0,1
2026-05-22,I1,Fiorentina,Atalanta,1,0.3,marginal,1,0,1
2026-05-23,I1,Bologna,Inter,1,0.3,marginal,0,0,1
2026-05-23,SP1,Valencia,Barcelona,0,0.3,marginal,0,0,1
2026-05-23,SP1,Betis,Levante,0,0.3,marginal,1,0,1
2026-05-23,SP1,Alaves,Vallecano,2,0.3,marginal,1,1,0
2026-05-23,SP1,Celta,Sevilla,0,0.3,marginal,1,0,0
2026-05-23,SP1,Girona,Elche,1,0.3,marginal,1,0,0
2026-05-23,SP1,Getafe,Osasuna,0,0.3,marginal,1,1,1
2026-05-23,SP1,Mallorca,Oviedo,0,0.3,marginal,1,0,0
2026-05-23,I1,Lazio,Pisa,0,0.3,marginal,1,0,0
2026-05-23,SP1,Real Madrid,Ath Bilbao,0,0.3,marginal,1,0,0
2026-05-23,SP1,Espanol,Sociedad,1,0.3,marginal,1,0,1
2026-05-24,E0,Fulham,Newcastle,0,0.3,marginal,1,0,1
2026-05-24,E0,Liverpool,Brentford,1,0.3,marginal,1,0,0
2026-05-24,E0,Man City,Aston Villa,2,0.3,marginal,1,0,0
2026-05-24,E0,Nott'm Forest,Bournemouth,1,0.3,marginal,0,0,1
2026-05-24,E0,Sunderland,Chelsea,0,0.3,marginal,1,0,1
2026-05-24,E0,Tottenham,Everton,0,0.3,marginal,1,0,0
2026-05-24,I1,Verona,Roma,2,0.3,marginal,0,0,1
2026-05-24,E0,Burnley,Wolves,1,0.3,marginal,1,0,1
2026-05-24,I1,Milan,Cagliari,2,0.3,marginal,1,0,0
2026-05-24,I1,Lecce,Genoa,0,0.3,marginal,1,1,0
2026-05-24,I1,Cremonese,Como,2,0.3,marginal,0,0,1
2026-05-24,I1,Napoli,Udinese,0,0.3,marginal,1,0,0
2026-05-24,I1,Parma,Sassuolo,0,0.3,marginal,1,0,1
2026-05-24,E0,Crystal Palace,Arsenal,2,0.3,marginal,0,0,1
2026-05-24,E0,Brighton,Man United,2,0.3,marginal,1,0,0
2026-05-24,E0,West Ham,Leeds,0,0.3,marginal,1,0,0
2026-05-24,I1,Torino,Juventus,1,0.3,marginal,0,0,1
2026-05-24,SP1,Villarreal,Ath Madrid,0,0.3,marginal,1,0,1
2025-08-15,SP1,Girona,Vallecano,2,0.3,mondrian,0,1,1
2025-08-15,E0,Liverpool,Bournemouth,0,0.3,mondrian,1,0,0
2025-08-15,F1,Rennes,Marseille,0,0.3,mondrian,0,1,1
2025-08-15,SP1,Villarreal,Oviedo,0,0.3,mondrian,1,0,0
2025-08-16,SP1,Valencia,Sociedad,1,0.3,mondrian,0,1,1
2025-08-16,F1,Monaco,Le Havre,0,0.3,mondrian,1,0,0
2025-08-16,F1,Nice,Toulouse,2,0.3,mondrian,1,1,0
2025-08-16,F1,Lens,Lyon,2,0.3,mondrian,0,1,1
2025-08-16,SP1,Mallorca,Barcelona,2,0.3,mondrian,0,0,1
2025-08-16,E0,Aston Villa,Newcastle,1,0.3,mondrian,0,1,1
2025-08-16,SP1,Alaves,Levante,0,0.3,mondrian,1,1,0
2025-08-16,E0,Wolves,Man City,2,0.3,mondrian,0,0,1
2025-08-16,E0,Tottenham,Burnley,0,0.3,mondrian,1,1,0
2025-08-16,E0,Sunderland,West Ham,0,0.3,mondrian,0,1,1
2025-08-16,E0,Brighton,Fulham,1,0.3,mondrian,1,1,0
2025-08-17,F1,Auxerre,Lorient,0,0.3,mondrian,0,1,1
2025-08-17,SP1,Espanol,Ath Madrid,0,0.3,mondrian,0,1,1
2025-08-17,SP1,Ath Bilbao,Sevilla,0,0.3,mondrian,1,1,0
2025-08-17,SP1,Celta,Getafe,2,0.3,mondrian,1,1,0
2025-08-17,E0,Man United,Arsenal,2,0.3,mondrian,0,1,1
2025-08-17,F1,Angers,Paris FC,0,0.3,mondrian,0,1,1
2025-08-17,E0,Nott'm Forest,Brentford,0,0.3,mondrian,1,1,0
2025-08-17,E0,Chelsea,Crystal Palace,1,0.3,mondrian,1,1,0
2025-08-17,F1,Metz,Strasbourg,2,0.3,mondrian,0,1,1
2025-08-17,F1,Brest,Lille,1,0.3,mondrian,0,1,1
2025-08-17,F1,Nantes,Paris SG,2,0.3,mondrian,0,0,1
2025-08-18,SP1,Elche,Betis,1,0.3,mondrian,0,1,1
2025-08-18,E0,Leeds,Everton,0,0.3,mondrian,0,1,1
2025-08-19,SP1,Real Madrid,Osasuna,0,0.3,mondrian,1,0,0
2025-08-22,F1,Paris SG,Angers,0,0.3,mondrian,1,0,0
2025-08-22,E0,West Ham,Chelsea,2,0.3,mondrian,0,1,1
2025-08-22,D1,Bayern Munich,RB Leipzig,0,0.3,mondrian,1,0,0
2025-08-22,SP1,Betis,Alaves,0,0.3,mondrian,1,1,0
2025-08-23,I1,Genoa,Lecce,1,0.3,mondrian,1,1,0
2025-08-23,I1,Milan,Cremonese,2,0.3,mondrian,1,0,0
2025-08-23,E0,Bournemouth,Wolves,0,0.3,mondrian,1,1,0
2025-08-23,D1,Ein Frankfurt,Werder Bremen,0,0.3,mondrian,1,0,0
2025-08-23,D1,Freiburg,Augsburg,2,0.3,mondrian,1,1,0
2025-08-23,F1,Marseille,Paris FC,0,0.3,mondrian,1,0,0
2025-08-23,F1,Lyon,Metz,0,0.3,mondrian,1,0,0
2025-08-23,F1,Nice,Auxerre,0,0.3,mondrian,1,1,0
2025-08-23,SP1,Ath Madrid,Elche,1,0.3,mondrian,1,0,0
2025-08-23,SP1,Levante,Barcelona,2,0.3,mondrian,0,0,1
2025-08-23,I1,Sassuolo,Napoli,2,0.3,mondrian,0,1,1
2025-08-23,E0,Brentford,Aston Villa,0,0.3,mondrian,0,1,1
2025-08-23,E0,Man City,Tottenham,2,0.3,mondrian,1,0,0
2025-08-23,I1,Roma,Bologna,0,0.3,mondrian,0,1,0
2025-08-23,D1,Leverkusen,Hoffenheim,2,0.3,mondrian,1,0,0
2025-08-23,D1,Union Berlin,Stuttgart,0,0.3,mondrian,0,1,1
2025-08-23,D1,Heidenheim,Wolfsburg,2,0.3,mondrian,0,1,1
2025-08-23,SP1,Mallorca,Celta,1,0.3,mondrian,0,1,1
2025-08-23,E0,Arsenal,Leeds,0,0.3,mondrian,1,0,0
2025-08-23,E0,Burnley,Sunderland,0,0.3,mondrian,0,1,1
2025-08-23,D1,St Pauli,Dortmund,1,0.3,mondrian,0,1,1
2025-08-24,SP1,Sociedad,Espanol,1,0.3,mondrian,1,1,0
2025-08-24,E0,Everton,Brighton,0,0.3,mondrian,0,1,1
2025-08-24,SP1,Oviedo,Real Madrid,2,0.3,mondrian,0,0,1
2025-08-24,SP1,Villarreal,Girona,0,0.3,mondrian,1,0,0
2025-08-24,I1,Cagliari,Fiorentina,1,0.3,mondrian,0,1,1
2025-08-24,I1,Como,Lazio,0,0.3,mondrian,0,1,1
2025-08-24,E0,Crystal Palace,Nott'm Forest,1,0.3,mondrian,0,1,1
2025-08-24,E0,Fulham,Man United,1,0.3,mondrian,0,1,1
2025-08-24,F1,Lille,Monaco,0,0.3,mondrian,0,1,1
2025-08-24,I1,Juventus,Parma,0,0.3,mondrian,1,0,0
2025-08-24,D1,M'gladbach,Hamburg,1,0.3,mondrian,1,1,0
2025-08-24,D1,Mainz,FC Koln,2,0.3,mondrian,1,1,0
2025-08-24,F1,Toulouse,Brest,0,0.3,mondrian,0,1,1
2025-08-24,F1,Strasbourg,Nantes,0,0.3,mondrian,1,1,0
2025-08-24,F1,Le Havre,Lens,2,0.3,mondrian,0,1,1
2025-08-24,F1,Lorient,Rennes,0,0.3,mondrian,0,1,1
2025-08-24,SP1,Osasuna,Valencia,0,0.3,mondrian,1,1,0
2025-08-24,I1,Atalanta,Pisa,1,0.3,mondrian,1,0,0
2025-08-25,SP1,Ath Bilbao,Vallecano,0,0.3,mondrian,1,1,0
2025-08-25,SP1,Sevilla,Getafe,2,0.3,mondrian,1,1,0
2025-08-25,E0,Newcastle,Liverpool,2,0.3,mondrian,0,1,1
2025-08-25,I1,Inter,Torino,0,0.3,mondrian,1,0,0
2025-08-25,I1,Udinese,Verona,1,0.3,mondrian,1,1,0
2025-08-27,SP1,Celta,Betis,1,0.3,mondrian,0,1,1
2025-08-29,F1,Lens,Brest,0,0.3,mondrian,1,1,0
2025-08-29,D1,Hamburg,St Pauli,2,0.3,mondrian,0,1,1
2025-08-29,SP1,Valencia,Getafe,0,0.3,mondrian,0,1,0
2025-08-29,SP1,Elche,Levante,0,0.3,mondrian,1,1,0
2025-08-29,I1,Lecce,Milan,2,0.3,mondrian,0,1,1
2025-08-29,I1,Cremonese,Sassuolo,0,0.3,mondrian,0,1,1
2025-08-30,SP1,Real Madrid,Mallorca,0,0.3,mondrian,1,0,0
2025-08-30,I1,Pisa,Roma,2,0.3,mondrian,0,1,1
2025-08-30,F1,Nantes,Auxerre,0,0.3,mondrian,0,1,1
2025-08-30,F1,Toulouse,Paris SG,2,0.3,mondrian,0,0,1
2025-08-30,D1,Augsburg,Bayern Munich,2,0.3,mondrian,0,0,1
2025-08-30,D1,Werder Bremen,Leverkusen,1,0.3,mondrian,0,1,1
2025-08-30,D1,Stuttgart,M'gladbach,0,0.3,mondrian,1,0,0
2025-08-30,D1,RB Leipzig,Heidenheim,0,0.3,mondrian,1,0,0
2025-08-30,D1,Hoffenheim,Ein Frankfurt,2,0.3,mondrian,0,1,1
2025-08-30,SP1,Girona,Sevilla,2,0.3,mondrian,0,1,1
2025-08-30,F1,Lorient,Lille,2,0.3,mondrian,0,1,1
2025-08-30,E0,Chelsea,Fulham,0,0.3,mondrian,1,0,0
2025-08-30,E0,Sunderland,Brentford,0,0.3,mondrian,0,1,1
2025-08-30,I1,Parma,Atalanta,1,0.3,mondrian,0,1,1
2025-08-30,SP1,Alaves,Ath Madrid,1,0.3,mondrian,0,1,1
2025-08-30,I1,Bologna,Como,0,0.3,mondrian,0,1,1
2025-08-30,I1,Napoli,Cagliari,0,0.3,mondrian,1,0,0
2025-08-30,E0,Wolves,Everton,2,0.3,mondrian,0,1,1
2025-08-30,E0,Tottenham,Bournemouth,2,0.3,mondrian,1,1,0
2025-08-30,SP1,Oviedo,Sociedad,0,0.3,mondrian,0,1,1
2025-08-30,E0,Man United,Burnley,0,0.3,mondrian,1,0,0
2025-08-30,E0,Leeds,Newcastle,1,0.3,mondrian,0,1,1
2025-08-31,I1,Inter,Udinese,2,0.3,mondrian,1,0,0
2025-08-31,SP1,Vallecano,Barcelona,1,0.3,mondrian,0,0,1
2025-08-31,F1,Lyon,Marseille,0,0.3,mondrian,0,1,1
2025-08-31,F1,Paris FC,Metz,0,0.3,mondrian,1,0,0
2025-08-31,F1,Monaco,Strasbourg,0,0.3,mondrian,1,0,0
2025-08-31,F1,Le Havre,Nice,0,0.3,mondrian,0,1,1
2025-08-31,I1,Genoa,Juventus,2,0.3,mondrian,0,1,1
2025-08-31,I1,Torino,Fiorentina,1,0.3,mondrian,0,1,1
2025-08-31,D1,Wolfsburg,Mainz,1,0.3,mondrian,1,1,1
2025-08-31,E0,Nott'm Forest,West Ham,2,0.3,mondrian,1,0,0
2025-08-31,D1,Dortmund,Union Berlin,0,0.3,mondrian,1,0,0
2025-08-31,SP1,Espanol,Osasuna,0,0.3,mondrian,0,1,1
2025-08-31,E0,Aston Villa,Crystal Palace,2,0.3,mondrian,1,1,1
2025-08-31,E0,Brighton,Man City,0,0.3,mondrian,0,1,1
2025-08-31,I1,Lazio,Verona,0,0.3,mondrian,1,0,0
2025-08-31,D1,FC Koln,Freiburg,0,0.3,mondrian,0,1,1
2025-08-31,SP1,Betis,Ath Bilbao,2,0.3,mondrian,0,1,1
2025-08-31,E0,Liverpool,Arsenal,0,0.3,mondrian,0,1,1
2025-08-31,SP1,Celta,Villarreal,1,0.3,mondrian,0,1,1
2025-08-31,F1,Angers,Rennes,1,0.3,mondrian,0,1,1
2025-09-12,D1,Leverkusen,Ein Frankfurt,0,0.3,mondrian,1,1,1
2025-09-12,F1,Marseille,Lorient,0,0.3,mondrian,1,0,0
2025-09-12,SP1,Sevilla,Elche,1,0.3,mondrian,1,1,0
2025-09-13,SP1,Sociedad,Real Madrid,2,0.3,mondrian,0,0,1
2025-09-13,E0,Bournemouth,Brighton,0,0.3,mondrian,0,1,1
2025-09-13,E0,Crystal Palace,Sunderland,1,0.3,mondrian,1,1,0
2025-09-13,E0,Everton,Aston Villa,1,0.3,mondrian,0,1,1
2025-09-13,E0,Fulham,Leeds,0,0.3,mondrian,1,1,0
2025-09-13,E0,Newcastle,Wolves,0,0.3,mondrian,1,0,0
2025-09-13,SP1,Getafe,Oviedo,0,0.3,mondrian,1,1,0
2025-09-13,SP1,Ath Bilbao,Alaves,2,0.3,mondrian,1,1,0
2025-09-13,SP1,Ath Madrid,Villarreal,0,0.3,mondrian,1,1,0
2025-09-13,I1,Cagliari,Parma,0,0.3,mondrian,0,1,0
2025-09-13,E0,West Ham,Tottenham,2,0.3,mondrian,0,1,1
2025-09-13,I1,Juventus,Inter,0,0.3,mondrian,0,1,1
2025-09-13,E0,Arsenal,Nott'm Forest,0,0.3,mondrian,1,0,0
2025-09-13,F1,Auxerre,Monaco,2,0.3,mondrian,0,0,1
2025-09-13,I1,Fiorentina,Napoli,2,0.3,mondrian,0,1,1
2025-09-13,D1,Heidenheim,Dortmund,2,0.3,mondrian,0,0,1
2025-09-13,D1,Mainz,RB Leipzig,2,0.3,mondrian,0,1,1
2025-09-13,D1,Union Berlin,Hoffenheim,2,0.3,mondrian,0,1,1
2025-09-13,D1,Freiburg,Stuttgart,0,0.3,mondrian,0,1,1
2025-09-13,F1,Nice,Nantes,0,0.3,mondrian,1,0,0
2025-09-13,D1,Bayern Munich,Hamburg,0,0.3,mondrian,1,0,0
2025-09-13,E0,Brentford,Chelsea,1,0.3,mondrian,0,1,1
2025-09-13,D1,Wolfsburg,FC Koln,1,0.3,mondrian,1,1,0
2025-09-14,I1,Roma,Torino,2,0.3,mondrian,1,0,0
2025-09-14,I1,Pisa,Udinese,2,0.3,mondrian,0,1,1
2025-09-14,I1,Milan,Bologna,0,0.3,mondrian,1,1,0
2025-09-14,D1,M'gladbach,Werder Bremen,2,0.3,mondrian,1,0,1
2025-09-14,SP1,Celta,Girona,1,0.3,mondrian,1,1,0
2025-09-14,SP1,Levante,Betis,1,0.3,mondrian,0,1,1
2025-09-14,SP1,Osasuna,Vallecano,0,0.3,mondrian,0,1,1
2025-09-14,SP1,Barcelona,Valencia,0,0.3,mondrian,1,0,0
2025-09-14,I1,Atalanta,Lecce,0,0.3,mondrian,1,0,0
2025-09-14,E0,Burnley,Liverpool,2,0.3,mondrian,0,0,1
2025-09-14,D1,St Pauli,Augsburg,0,0.3,mondrian,1,1,0
2025-09-14,F1,Rennes,Lyon,0,0.3,mondrian,0,1,1
2025-09-14,F1,Strasbourg,Le Havre,0,0.3,mondrian,1,1,0
2025-09-14,F1,Paris SG,Lens,0,0.3,mondrian,1,0,0
2025-09-14,F1,Metz,Angers,1,0.3,mondrian,0,1,1
2025-09-14,F1,Brest,Paris FC,2,0.3,mondrian,0,1,1
2025-09-14,F1,Lille,Toulouse,0,0.3,mondrian,1,1,0
2025-09-14,E0,Man City,Man United,0,0.3,mondrian,1,0,0
2025-09-14,I1,Sassuolo,Lazio,0,0.3,mondrian,0,1,1
2025-09-15,I1,Como,Genoa,1,0.3,mondrian,1,1,0
2025-09-15,I1,Verona,Cremonese,1,0.3,mondrian,0,1,1
2025-09-15,SP1,Espanol,Mallorca,0,0.3,mondrian,0,1,0
2025-09-19,F1,Lyon,Angers,0,0.3,mondrian,1,0,0
2025-09-19,SP1,Betis,Sociedad,0,0.3,mondrian,1,1,0
2025-09-19,D1,Stuttgart,St Pauli,0,0.3,mondrian,1,1,0
2025-09-19,I1,Lecce,Cagliari,2,0.3,mondrian,0,1,1
2025-09-20,D1,RB Leipzig,FC Koln,0,0.3,mondrian,1,0,0
2025-09-20,F1,Nantes,Rennes,1,0.3,mondrian,0,1,1
2025-09-20,F1,Brest,Nice,0,0.3,mondrian,0,1,1
2025-09-20,F1,Lens,Lille,0,0.3,mondrian,0,1,1
2025-09-20,SP1,Valencia,Ath Bilbao,0,0.3,mondrian,0,1,1
2025-09-20,SP1,Villarreal,Osasuna,0,0.3,mondrian,1,1,0
2025-09-20,SP1,Alaves,Sevilla,2,0.3,mondrian,0,1,0
2025-09-20,D1,Werder Bremen,Freiburg,2,0.3,mondrian,0,1,1
2025-09-20,E0,Fulham,Brentford,0,0.3,mondrian,1,1,0
2025-09-20,E0,Man United,Chelsea,0,0.3,mondrian,0,1,1
2025-09-20,E0,Wolves,Leeds,2,0.3,mondrian,0,1,1
2025-09-20,SP1,Real Madrid,Espanol,0,0.3,mondrian,1,0,0
2025-09-20,E0,Burnley,Nott'm Forest,1,0.3,mondrian,0,1,1
2025-09-20,E0,West Ham,Crystal Palace,2,0.3,mondrian,0,1,1
2025-09-20,D1,Hoffenheim,Bayern Munich,2,0.3,mondrian,0,0,1
2025-09-20,D1,Hamburg,Heidenheim,0,0.3,mondrian,1,1,0
2025-09-20,D1,Augsburg,Mainz,2,0.3,mondrian,0,1,1
2025-09-20,I1,Verona,Juventus,1,0.3,mondrian,0,1,1
2025-09-20,I1,Bologna,Genoa,0,0.3,mondrian,1,1,0
2025-09-20,SP1,Girona,Levante,2,0.3,mondrian,1,1,0
2025-09-20,E0,Liverpool,Everton,0,0.3,mondrian,1,0,0
2025-09-20,E0,Brighton,Tottenham,1,0.3,mondrian,1,1,0
2025-09-20,I1,Udinese,Milan,2,0.3,mondrian,0,0,1
2025-09-21,F1,Auxerre,Toulouse,0,0.3,mondrian,0,1,1
2025-09-21,I1,Torino,Atalanta,2,0.3,mondrian,0,1,1
2025-09-21,D1,Dortmund,Wolfsburg,0,0.3,mondrian,1,0,0
2025-09-21,I1,Cremonese,Parma,1,0.3,mondrian,0,1,1
2025-09-21,I1,Fiorentina,Como,2,0.3,mondrian,0,1,1
2025-09-21,F1,Monaco,Metz,0,0.3,mondrian,1,0,0
2025-09-21,D1,Ein Frankfurt,Union Berlin,2,0.3,mondrian,1,0,0
2025-09-21,F1,Le Havre,Lorient,1,0.3,mondrian,1,1,0
2025-09-21,F1,Paris FC,Strasbourg,2,0.3,mondrian,0,1,1
2025-09-21,I1,Inter,Sassuolo,0,0.3,mondrian,1,0,0
2025-09-21,E0,Sunderland,Aston Villa,1,0.3,mondrian,0,1,1
2025-09-21,E0,Arsenal,Man City,1,0.3,mondrian,1,1,0
2025-09-21,D1,Leverkusen,M'gladbach,1,0.3,mondrian,1,0,0
2025-09-21,I1,Lazio,Roma,2,0.3,mondrian,0,1,1
2025-09-21,E0,Bournemouth,Newcastle,1,0.3,mondrian,0,1,1
2025-09-21,SP1,Barcelona,Getafe,0,0.3,mondrian,1,0,0
2025-09-21,SP1,Elche,Oviedo,0,0.3,mondrian,1,1,0
2025-09-21,SP1,Mallorca,Ath Madrid,1,0.3,mondrian,0,1,1
2025-09-21,SP1,Vallecano,Celta,1,0.3,mondrian,1,1,0
2025-09-22,I1,Napoli,Pisa,0,0.3,mondrian,1,0,0
2025-09-22,F1,Marseille,Paris SG,0,0.3,mondrian,0,1,1
2025-09-23,SP1,Espanol,Valencia,1,0.3,mondrian,0,1,1
2025-09-23,SP1,Ath Bilbao,Girona,1,0.3,mondrian,1,0,0
2025-09-23,SP1,Levante,Real Madrid,2,0.3,mondrian,0,0,1
2025-09-23,SP1,Sevilla,Villarreal,2,0.3,mondrian,0,1,1
2025-09-24,SP1,Sociedad,Mallorca,0,0.3,mondrian,1,1,0
2025-09-24,SP1,Ath Madrid,Vallecano,0,0.3,mondrian,1,0,0
2025-09-24,SP1,Getafe,Alaves,1,0.3,mondrian,1,1,0
2025-09-25,SP1,Osasuna,Elche,1,0.3,mondrian,1,1,0
2025-09-25,SP1,Oviedo,Barcelona,2,0.3,mondrian,0,0,1
2025-09-26,SP1,Girona,Espanol,1,0.3,mondrian,0,1,1
2025-09-26,D1,Bayern Munich,Werder Bremen,0,0.3,mondrian,1,0,0
2025-09-26,F1,Strasbourg,Marseille,2,0.3,mondrian,0,1,1
2025-09-27,I1,Como,Cremonese,1,0.3,mondrian,1,0,0
2025-09-27,E0,Brentford,Man United,0,0.3,mondrian,0,1,1
2025-09-27,I1,Juventus,Atalanta,1,0.3,mondrian,1,1,0
2025-09-27,I1,Cagliari,Inter,2,0.3,mondrian,0,0,1
2025-09-27,E0,Man City,Burnley,0,0.3,mondrian,1,0,0
2025-09-27,E0,Nott'm Forest,Sunderland,2,0.3,mondrian,1,1,0
2025-09-27,D1,M'gladbach,Ein Frankfurt,2,0.3,mondrian,0,1,1
2025-09-27,E0,Leeds,Bournemouth,1,0.3,mondrian,0,1,1
2025-09-27,E0,Crystal Palace,Liverpool,0,0.3,mondrian,0,1,1
2025-09-27,E0,Tottenham,Wolves,1,0.3,mondrian,1,0,0
2025-09-27,D1,Wolfsburg,RB Leipzig,2,0.3,mondrian,0,1,1
2025-09-27,F1,Paris SG,Auxerre,0,0.3,mondrian,1,0,0
2025-09-27,D1,Mainz,Dortmund,2,0.3,mondrian,0,1,1
2025-09-27,D1,St Pauli,Leverkusen,2,0.3,mondrian,0,1,1
2025-09-27,SP1,Ath Madrid,Real Madrid,0,0.3,mondrian,0,1,1
2025-09-27,SP1,Mallorca,Alaves,0,0.3,mondrian,0,1,0
2025-09-27,F1,Toulouse,Nantes,1,0.3,mondrian,1,1,0
2025-09-27,SP1,Getafe,Levante,1,0.3,mondrian,1,1,0
2025-09-27,SP1,Villarreal,Ath Bilbao,0,0.3,mondrian,1,1,0
2025-09-27,E0,Chelsea,Brighton,2,0.3,mondrian,1,1,0
2025-09-27,D1,Heidenheim,Augsburg,0,0.3,mondrian,0,1,1
2025-09-27,F1,Lorient,Monaco,0,0.3,mondrian,0,1,1
2025-09-28,D1,Freiburg,Hoffenheim,1,0.3,mondrian,0,1,1
2025-09-28,E0,Newcastle,Arsenal,2,0.3,mondrian,0,1,1
2025-09-28,F1,Metz,Le Havre,1,0.3,mondrian,0,1,1
2025-09-28,SP1,Elche,Celta,0,0.3,mondrian,0,1,1
2025-09-28,SP1,Barcelona,Sociedad,0,0.3,mondrian,1,0,0
2025-09-28,SP1,Betis,Osasuna,0,0.3,mondrian,1,1,0
2025-09-28,D1,FC Koln,Stuttgart,2,0.3,mondrian,0,1,1
2025-09-28,F1,Rennes,Lens,1,0.3,mondrian,0,1,1
2025-09-28,D1,Union Berlin,Hamburg,1,0.3,mondrian,1,1,0
2025-09-28,I1,Roma,Verona,0,0.3,mondrian,1,0,0
2025-09-28,I1,Milan,Napoli,0,0.3,mondrian,1,1,0
2025-09-28,I1,Lecce,Bologna,1,0.3,mondrian,0,1,1
2025-09-28,F1,Lille,Lyon,2,0.3,mondrian,0,1,1
2025-09-28,I1,Pisa,Fiorentina,1,0.3,mondrian,0,1,1
2025-09-28,I1,Sassuolo,Udinese,0,0.3,mondrian,0,1,1
2025-09-28,SP1,Vallecano,Sevilla,2,0.3,mondrian,1,1,0
2025-09-28,E0,Aston Villa,Fulham,0,0.3,mondrian,1,1,0
2025-09-28,F1,Angers,Brest,2,0.3,mondrian,0,1,1
2025-09-28,F1,Nice,Paris FC,1,0.3,mondrian,1,1,0
2025-09-29,E0,Everton,West Ham,1,0.3,mondrian,1,1,0
2025-09-29,I1,Genoa,Lazio,2,0.3,mondrian,0,1,1
2025-09-29,I1,Parma,Torino,0,0.3,mondrian,0,1,1
2025-09-30,SP1,Valencia,Oviedo,2,0.3,mondrian,1,1,0
2025-10-03,D1,Hoffenheim,FC Koln,2,0.3,mondrian,1,1,0
2025-10-03,I1,Verona,Sassuolo,2,0.3,mondrian,0,1,0
2025-10-03,E0,Bournemouth,Fulham,0,0.3,mondrian,1,1,0
2025-10-03,SP1,Osasuna,Getafe,0,0.3,mondrian,1,1,0
2025-10-03,F1,Paris FC,Lorient,0,0.3,mondrian,1,1,0
2025-10-04,F1,Brest,Nantes,1,0.3,mondrian,1,1,0
2025-10-04,I1,Atalanta,Como,1,0.3,mondrian,1,1,0
2025-10-04,E0,Leeds,Tottenham,2,0.3,mondrian,0,1,1
2025-10-04,E0,Arsenal,West Ham,0,0.3,mondrian,1,0,0
2025-10-04,E0,Man United,Sunderland,0,0.3,mondrian,1,0,0
2025-10-04,E0,Chelsea,Liverpool,0,0.3,mondrian,0,1,1
2025-10-04,I1,Parma,Lecce,2,0.3,mondrian,1,1,0
2025-10-04,I1,Inter,Cremonese,0,0.3,mondrian,1,0,0
2025-10-04,F1,Auxerre,Lens,2,0.3,mondrian,0,1,1
2025-10-04,F1,Metz,Marseille,2,0.3,mondrian,0,0,1
2025-10-04,D1,Leverkusen,Union Berlin,0,0.3,mondrian,1,0,0
2025-10-04,D1,Augsburg,Wolfsburg,0,0.3,mondrian,0,1,1
2025-10-04,D1,Dortmund,RB Leipzig,1,0.3,mondrian,1,0,0
2025-10-04,D1,Werder Bremen,St Pauli,0,0.3,mondrian,0,1,1
2025-10-04,D1,Ein Frankfurt,Bayern Munich,2,0.3,mondrian,0,0,1
2025-10-04,SP1,Oviedo,Levante,2,0.3,mondrian,0,1,1
2025-10-04,SP1,Girona,Valencia,0,0.3,mondrian,0,1,1
2025-10-04,SP1,Ath Bilbao,Mallorca,0,0.3,mondrian,1,1,0
2025-10-04,SP1,Real Madrid,Villarreal,0,0.3,mondrian,1,0,0
2025-10-04,I1,Lazio,Torino,1,0.3,mondrian,1,1,0
2025-10-05,I1,Napoli,Genoa,0,0.3,mondrian,1,0,0
2025-10-05,I1,Fiorentina,Roma,2,0.3,mondrian,0,1,1
2025-10-05,I1,Bologna,Pisa,0,0.3,mondrian,1,1,0
2025-10-05,I1,Udinese,Cagliari,1,0.3,mondrian,1,1,0
2025-10-05,F1,Lille,Paris SG,1,0.3,mondrian,0,1,1
2025-10-05,D1,Hamburg,Mainz,0,0.3,mondrian,0,1,1
2025-10-05,F1,Monaco,Nice,1,0.3,mondrian,1,1,0
2025-10-05,F1,Le Havre,Rennes,1,0.3,mondrian,0,1,1
2025-10-05,I1,Juventus,Milan,1,0.3,mondrian,0,1,1
2025-10-05,F1,Lyon,Toulouse,2,0.3,mondrian,1,1,0
2025-10-05,E0,Aston Villa,Burnley,0,0.3,mondrian,1,0,0
2025-10-05,D1,Stuttgart,Heidenheim,0,0.3,mondrian,1,0,0
2025-10-05,E0,Brentford,Man City,2,0.3,mondrian,0,0,1
2025-10-05,E0,Everton,Crystal Palace,0,0.3,mondrian,0,1,1
2025-10-05,E0,Newcastle,Nott'm Forest,0,0.3,mondrian,1,0,0
2025-10-05,D1,M'gladbach,Freiburg,1,0.3,mondrian,0,1,1
2025-10-05,SP1,Alaves,Elche,0,0.3,mondrian,0,1,0
2025-10-05,F1,Strasbourg,Angers,0,0.3,mondrian,1,1,0
2025-10-05,SP1,Espanol,Betis,2,0.3,mondrian,0,1,1
2025-10-05,SP1,Sociedad,Vallecano,2,0.3,mondrian,1,1,0
2025-10-05,SP1,Celta,Ath Madrid,1,0.3,mondrian,0,1,1
2025-10-05,E0,Wolves,Brighton,1,0.3,mondrian,0,1,1
2025-10-05,SP1,Sevilla,Barcelona,0,0.3,mondrian,0,0,1
2025-10-17,SP1,Oviedo,Espanol,2,0.3,mondrian,0,1,1
2025-10-17,F1,Paris SG,Strasbourg,1,0.3,mondrian,1,0,0
2025-10-17,D1,Union Berlin,M'gladbach,0,0.3,mondrian,0,1,1
2025-10-18,SP1,Sevilla,Mallorca,2,0.3,mondrian,1,1,0
2025-10-18,E0,Sunderland,Wolves,0,0.3,mondrian,0,1,1
2025-10-18,E0,Brighton,Newcastle,0,0.3,mondrian,0,1,1
2025-10-18,F1,Angers,Monaco,1,0.3,mondrian,0,0,1
2025-10-18,E0,Crystal Palace,Bournemouth,1,0.3,mondrian,1,1,0
2025-10-18,E0,Man City,Everton,0,0.3,mondrian,1,0,0
2025-10-18,D1,Heidenheim,Werder Bremen,1,0.3,mondrian,0,1,1
2025-10-18,E0,Burnley,Leeds,0,0.3,mondrian,0,1,1
2025-10-18,E0,Nott'm Forest,Chelsea,2,0.3,mondrian,0,1,1
2025-10-18,F1,Nice,Lyon,0,0.3,mondrian,0,1,1
2025-10-18,D1,FC Koln,Augsburg,1,0.3,mondrian,1,1,0
2025-10-18,F1,Marseille,Le Havre,0,0.3,mondrian,1,0,0
2025-10-18,D1,RB Leipzig,Hamburg,0,0.3,mondrian,1,0,0
2025-10-18,I1,Roma,Inter,2,0.3,mondrian,0,1,1
2025-10-18,I1,Torino,Napoli,0,0.3,mondrian,0,1,1
2025-10-18,I1,Pisa,Verona,1,0.3,mondrian,0,1,1
2025-10-18,I1,Lecce,Sassuolo,1,0.3,mondrian,0,1,1
2025-10-18,SP1,Ath Madrid,Osasuna,0,0.3,mondrian,1,0,0
2025-10-18,E0,Fulham,Arsenal,2,0.3,mondrian,0,0,1
2025-10-18,SP1,Barcelona,Girona,0,0.3,mondrian,1,0,0
2025-10-18,D1,Mainz,Leverkusen,2,0.3,mondrian,0,1,1
2025-10-18,D1,Bayern Munich,Dortmund,0,0.3,mondrian,1,0,0
2025-10-18,D1,Wolfsburg,Stuttgart,2,0.3,mondrian,0,1,1
2025-10-18,SP1,Villarreal,Betis,1,0.3,mondrian,1,1,0
2025-10-19,I1,Genoa,Parma,1,0.3,mondrian,0,1,0
2025-10-19,I1,Cagliari,Bologna,2,0.3,mondrian,0,1,1
2025-10-19,I1,Como,Juventus,0,0.3,mondrian,0,1,1
2025-10-19,F1,Lorient,Brest,1,0.3,mondrian,0,1,1
2025-10-19,F1,Nantes,Lille,2,0.3,mondrian,0,1,1
2025-10-19,F1,Toulouse,Metz,0,0.3,mondrian,1,0,0
2025-10-19,F1,Rennes,Auxerre,1,0.3,mondrian,1,1,0
2025-10-19,I1,Atalanta,Lazio,1,0.3,mondrian,1,1,0
2025-10-19,SP1,Getafe,Real Madrid,2,0.3,mondrian,0,0,1
2025-10-19,D1,St Pauli,Hoffenheim,2,0.3,mondrian,0,1,1
2025-10-19,SP1,Levante,Vallecano,2,0.3,mondrian,0,1,1
2025-10-19,SP1,Celta,Sociedad,1,0.3,mondrian,1,1,0
2025-10-19,D1,Freiburg,Ein Frankfurt,1,0.3,mondrian,0,1,1
2025-10-19,E0,Tottenham,Aston Villa,2,0.3,mondrian,0,1,1
2025-10-19,E0,Liverpool,Man United,2,0.3,mondrian,1,0,0
2025-10-19,I1,Milan,Fiorentina,0,0.3,mondrian,1,1,0
2025-10-19,F1,Lens,Paris FC,0,0.3,mondrian,1,1,0
2025-10-19,SP1,Elche,Ath Bilbao,1,0.3,mondrian,0,1,1
2025-10-20,I1,Cremonese,Udinese,1,0.3,mondrian,0,1,1
2025-10-20,SP1,Alaves,Valencia,1,0.3,mondrian,1,1,0
2025-10-20,E0,West Ham,Brentford,2,0.3,mondrian,0,1,1
2025-10-24,D1,Werder Bremen,Union Berlin,0,0.3,mondrian,0,1,1
2025-10-24,SP1,Sociedad,Sevilla,0,0.3,mondrian,1,1,0
2025-10-24,F1,Paris FC,Nantes,2,0.3,mondrian,1,0,0
2025-10-24,E0,Leeds,West Ham,0,0.3,mondrian,1,1,0
2025-10-24,I1,Milan,Pisa,1,0.3,mondrian,1,0,0
2025-10-25,SP1,Ath Bilbao,Getafe,2,0.3,mondrian,1,1,0
2025-10-25,D1,Dortmund,FC Koln,0,0.3,mondrian,1,0,0
2025-10-25,D1,M'gladbach,Bayern Munich,2,0.3,mondrian,0,0,1
2025-10-25,E0,Chelsea,Sunderland,2,0.3,mondrian,1,0,0
2025-10-25,D1,Hamburg,Wolfsburg,2,0.3,mondrian,0,1,1
2025-10-25,D1,Ein Frankfurt,St Pauli,0,0.3,mondrian,1,0,0
2025-10-25,D1,Augsburg,RB Leipzig,2,0.3,mondrian,0,1,1
2025-10-25,E0,Newcastle,Fulham,0,0.3,mondrian,1,0,0
2025-10-25,E0,Brentford,Liverpool,0,0.3,mondrian,0,0,1
2025-10-25,SP1,Valencia,Villarreal,2,0.3,mondrian,0,1,1
2025-10-25,E0,Man United,Brighton,0,0.3,mondrian,1,1,0
2025-10-25,D1,Hoffenheim,Heidenheim,0,0.3,mondrian,1,0,0
2025-10-25,SP1,Espanol,Elche,0,0.3,mondrian,1,1,0
2025-10-25,I1,Parma,Como,1,0.3,mondrian,0,1,1
2025-10-25,I1,Napoli,Inter,0,0.3,mondrian,0,1,1
2025-10-25,I1,Udinese,Lecce,0,0.3,mondrian,1,1,0
2025-10-25,F1,Brest,Paris SG,2,0.3,mondrian,0,0,1
2025-10-25,F1,Monaco,Toulouse,0,0.3,mondrian,0,1,1
2025-10-25,F1,Lens,Marseille,0,0.3,mondrian,0,1,1
2025-10-25,SP1,Girona,Oviedo,1,0.3,mondrian,1,1,0
2025-10-25,I1,Cremonese,Atalanta,1,0.3,mondrian,0,0,1
2025-10-26,E0,Aston Villa,Man City,0,0.3,mondrian,0,1,1
2025-10-26,E0,Arsenal,Crystal Palace,0,0.3,mondrian,1,0,0
2025-10-26,D1,Leverkusen,Freiburg,0,0.3,mondrian,1,1,0
2025-10-26,SP1,Mallorca,Levante,1,0.3,mondrian,1,1,0
2025-10-26,SP1,Vallecano,Alaves,0,0.3,mondrian,0,1,0
2025-10-26,SP1,Osasuna,Celta,2,0.3,mondrian,0,1,1
2025-10-26,E0,Everton,Tottenham,2,0.3,mondrian,1,1,1
2025-10-26,E0,Bournemouth,Nott'm Forest,0,0.3,mondrian,1,1,0
2025-10-26,SP1,Real Madrid,Barcelona,0,0.3,mondrian,1,0,0
2025-10-26,E0,Wolves,Burnley,2,0.3,mondrian,1,1,0
2025-10-26,F1,Auxerre,Le Havre,2,0.3,mondrian,1,1,0
2025-10-26,F1,Angers,Lorient,0,0.3,mondrian,0,1,1
2025-10-26,I1,Fiorentina,Bologna,1,0.3,mondrian,0,1,1
2025-10-26,I1,Verona,Cagliari,1,0.3,mondrian,1,1,0
2025-10-26,I1,Sassuolo,Roma,2,0.3,mondrian,0,1,1
2025-10-26,I1,Lazio,Juventus,0,0.3,mondrian,0,1,1
2025-10-26,F1,Lille,Metz,0,0.3,mondrian,1,0,0
2025-10-26,F1,Lyon,Strasbourg,0,0.3,mondrian,1,1,0
2025-10-26,I1,Torino,Genoa,0,0.3,mondrian,0,1,1
2025-10-26,F1,Rennes,Nice,2,0.3,mondrian,1,1,0
2025-10-26,D1,Stuttgart,Mainz,0,0.3,mondrian,1,1,0
2025-10-27,SP1,Betis,Ath Madrid,2,0.3,mondrian,0,1,1
2025-10-28,I1,Lecce,Napoli,2,0.3,mondrian,0,1,1
2025-10-28,I1,Atalanta,Milan,1,0.3,mondrian,0,1,1
2025-10-29,F1,Toulouse,Rennes,1,0.3,mondrian,1,1,0
2025-10-29,I1,Bologna,Torino,1,0.3,mondrian,1,1,0
2025-10-29,F1,Marseille,Angers,1,0.3,mondrian,1,0,0
2025-10-29,I1,Inter,Fiorentina,0,0.3,mondrian,1,0,0
2025-10-29,F1,Le Havre,Brest,0,0.3,mondrian,0,1,1
2025-10-29,I1,Genoa,Cremonese,2,0.3,mondrian,1,1,0
2025-10-29,I1,Roma,Parma,0,0.3,mondrian,1,1,0
2025-10-29,F1,Lorient,Paris SG,1,0.3,mondrian,0,0,1
2025-10-29,I1,Como,Verona,0,0.3,mondrian,1,1,0
2025-10-29,F1,Metz,Lens,0,0.3,mondrian,0,0,1
2025-10-29,I1,Juventus,Udinese,0,0.3,mondrian,1,0,0
2025-10-29,F1,Nice,Lille,0,0.3,mondrian,0,1,1
2025-10-29,F1,Strasbourg,Auxerre,0,0.3,mondrian,1,0,0
2025-10-29,F1,Nantes,Monaco,2,0.3,mondrian,0,0,1
2025-10-29,F1,Paris FC,Lyon,1,0.3,mondrian,0,1,1
2025-10-30,I1,Cagliari,Sassuolo,2,0.3,mondrian,0,1,1
2025-10-30,I1,Pisa,Lazio,1,0.3,mondrian,0,1,1
2025-10-31,SP1,Getafe,Girona,0,0.3,mondrian,1,1,0
2025-10-31,D1,Augsburg,Dortmund,2,0.3,mondrian,0,0,1
2025-11-01,E0,Nott'm Forest,Man United,1,0.3,mondrian,0,1,1
2025-11-01,E0,Crystal Palace,Brentford,0,0.3,mondrian,1,1,0
2025-11-01,E0,Brighton,Leeds,0,0.3,mondrian,1,1,0
2025-11-01,SP1,Villarreal,Vallecano,0,0.3,mondrian,1,1,0
2025-11-01,SP1,Ath Madrid,Sevilla,0,0.3,mondrian,1,0,0
2025-11-01,SP1,Sociedad,Ath Bilbao,0,0.3,mondrian,0,1,1
2025-11-01,E0,Liverpool,Aston Villa,0,0.3,mondrian,1,0,0
2025-11-01,E0,Tottenham,Chelsea,2,0.3,mondrian,0,1,1
2025-11-01,E0,Fulham,Wolves,0,0.3,mondrian,1,1,0
2025-11-01,E0,Burnley,Arsenal,2,0.3,mondrian,0,0,1
2025-11-01,D1,Bayern Munich,Leverkusen,0,0.3,mondrian,1,0,0
2025-11-01,SP1,Real Madrid,Valencia,0,0.3,mondrian,1,0,0
2025-11-01,F1,Auxerre,Marseille,2,0.3,mondrian,0,1,1
2025-11-01,D1,St Pauli,M'gladbach,2,0.3,mondrian,0,1,1
2025-11-01,F1,Monaco,Paris FC,2,0.3,mondrian,1,0,0
2025-11-01,D1,Mainz,Werder Bremen,1,0.3,mondrian,1,1,0
2025-11-01,D1,RB Leipzig,Stuttgart,0,0.3,mondrian,1,1,1
2025-11-01,I1,Cremonese,Juventus,2,0.3,mondrian,0,0,1
2025-11-01,D1,Heidenheim,Ein Frankfurt,1,0.3,mondrian,0,0,1
2025-11-01,D1,Union Berlin,Freiburg,1,0.3,mondrian,0,1,1
2025-11-01,F1,Paris SG,Nice,0,0.3,mondrian,1,0,0
2025-11-01,I1,Napoli,Como,1,0.3,mondrian,1,1,0
2025-11-01,I1,Udinese,Atalanta,0,0.3,mondrian,0,1,1
2025-11-02,F1,Lens,Lorient,0,0.3,mondrian,1,0,0
2025-11-02,E0,West Ham,Newcastle,0,0.3,mondrian,0,0,1
2025-11-02,E0,Man City,Bournemouth,0,0.3,mondrian,1,0,0
2025-11-02,D1,FC Koln,Hamburg,0,0.3,mondrian,0,1,1
2025-11-02,D1,Wolfsburg,Hoffenheim,2,0.3,mondrian,0,1,1
2025-11-02,I1,Fiorentina,Lecce,2,0.3,mondrian,1,1,0
2025-11-02,F1,Rennes,Strasbourg,0,0.3,mondrian,0,1,1
2025-11-02,SP1,Barcelona,Elche,0,0.3,mondrian,1,0,0
2025-11-02,F1,Lille,Angers,0,0.3,mondrian,1,0,0
2025-11-02,I1,Torino,Pisa,1,0.3,mondrian,1,1,0
2025-11-02,F1,Toulouse,Le Havre,1,0.3,mondrian,1,1,0
2025-11-02,F1,Brest,Lyon,1,0.3,mondrian,0,1,1
2025-11-02,I1,Parma,Bologna,2,0.3,mondrian,0,1,1
2025-11-02,I1,Milan,Roma,0,0.3,mondrian,0,1,0
2025-11-02,SP1,Betis,Mallorca,0,0.3,mondrian,1,0,0
2025-11-02,I1,Verona,Inter,2,0.3,mondrian,0,0,1
2025-11-02,SP1,Levante,Celta,2,0.3,mondrian,0,1,1
2025-11-02,SP1,Alaves,Espanol,0,0.3,mondrian,0,1,1
2025-11-02,F1,Nantes,Metz,2,0.3,mondrian,1,1,0
2025-11-03,E0,Sunderland,Everton,1,0.3,mondrian,0,1,1
2025-11-03,I1,Sassuolo,Genoa,2,0.3,mondrian,0,1,1
2025-11-03,I1,Lazio,Cagliari,0,0.3,mondrian,1,1,0
2025-11-03,SP1,Oviedo,Osasuna,1,0.3,mondrian,0,1,1
2025-11-07,SP1,Elche,Sociedad,1,0.3,mondrian,0,1,1
2025-11-07,D1,Werder Bremen,Wolfsburg,0,0.3,mondrian,1,1,1
2025-11-07,I1,Pisa,Cremonese,0,0.3,mondrian,0,1,0
2025-11-07,F1,Paris FC,Rennes,2,0.3,mondrian,0,1,1
2025-11-08,F1,Le Havre,Nantes,1,0.3,mondrian,1,1,0
2025-11-08,F1,Marseille,Brest,0,0.3,mondrian,1,0,0
2025-11-08,E0,West Ham,Burnley,0,0.3,mondrian,1,1,0
2025-11-08,E0,Sunderland,Arsenal,1,0.3,mondrian,0,0,1
2025-11-08,E0,Chelsea,Wolves,0,0.3,mondrian,1,0,0
2025-11-08,SP1,Girona,Alaves,0,0.3,mondrian,1,1,0
2025-11-08,SP1,Ath Madrid,Levante,0,0.3,mondrian,1,0,0
2025-11-08,F1,Monaco,Lens,2,0.3,mondrian,1,1,0
2025-11-08,SP1,Sevilla,Osasuna,0,0.3,mondrian,0,1,1
2025-11-08,E0,Everton,Fulham,0,0.3,mondrian,0,1,1
2025-11-08,E0,Tottenham,Man United,1,0.3,mondrian,0,1,1
2025-11-08,SP1,Espanol,Villarreal,2,0.3,mondrian,0,1,1
2025-11-08,D1,Hamburg,Dortmund,1,0.3,mondrian,0,1,1
2025-11-08,D1,Hoffenheim,RB Leipzig,0,0.3,mondrian,0,1,1
2025-11-08,D1,Leverkusen,Heidenheim,0,0.3,mondrian,1,0,0
2025-11-08,D1,Union Berlin,Bayern Munich,1,0.3,mondrian,0,0,1
2025-11-08,I1,Lecce,Verona,1,0.3,mondrian,0,1,1
2025-11-08,I1,Juventus,Torino,1,0.3,mondrian,1,0,0
2025-11-08,I1,Parma,Milan,1,0.3,mondrian,0,0,1
2025-11-08,D1,M'gladbach,FC Koln,0,0.3,mondrian,1,1,0
2025-11-08,I1,Como,Cagliari,1,0.3,mondrian,1,1,0
2025-11-09,I1,Genoa,Fiorentina,1,0.3,mondrian,0,1,1
2025-11-09,E0,Man City,Liverpool,0,0.3,mondrian,1,0,0
2025-11-09,E0,Nott'm Forest,Leeds,0,0.3,mondrian,0,1,0
2025-11-09,E0,Crystal Palace,Brighton,1,0.3,mondrian,0,1,1
2025-11-09,F1,Strasbourg,Lille,0,0.3,mondrian,0,1,1
2025-11-09,I1,Roma,Udinese,0,0.3,mondrian,1,0,0
2025-11-09,I1,Inter,Lazio,0,0.3,mondrian,1,0,0
2025-11-09,I1,Bologna,Napoli,0,0.3,mondrian,0,1,1
2025-11-09,E0,Brentford,Newcastle,0,0.3,mondrian,0,1,1
2025-11-09,I1,Atalanta,Sassuolo,2,0.3,mondrian,1,0,0
2025-11-09,SP1,Mallorca,Getafe,0,0.3,mondrian,0,1,1
2025-11-09,E0,Aston Villa,Bournemouth,0,0.3,mondrian,0,1,1
2025-11-09,D1,Stuttgart,Augsburg,0,0.3,mondrian,1,0,0
2025-11-09,F1,Angers,Auxerre,0,0.3,mondrian,0,1,1
2025-11-09,SP1,Ath Bilbao,Oviedo,0,0.3,mondrian,1,1,0
2025-11-09,SP1,Valencia,Betis,1,0.3,mondrian,0,1,1
2025-11-09,D1,Freiburg,St Pauli,0,0.3,mondrian,1,1,0
2025-11-09,D1,Ein Frankfurt,Mainz,0,0.3,mondrian,1,0,0
2025-11-09,F1,Lorient,Toulouse,1,0.3,mondrian,0,1,1
2025-11-09,F1,Metz,Nice,0,0.3,mondrian,0,1,1
2025-11-09,F1,Lyon,Paris SG,2,0.3,mondrian,0,0,1
2025-11-09,SP1,Vallecano,Real Madrid,1,0.3,mondrian,0,0,1
2025-11-09,SP1,Celta,Barcelona,2,0.3,mondrian,0,0,1
2025-11-21,SP1,Valencia,Levante,0,0.3,mondrian,1,1,0
2025-11-21,D1,Mainz,Hoffenheim,1,0.3,mondrian,0,1,1
2025-11-21,F1,Nice,Marseille,2,0.3,mondrian,0,1,1
2025-11-22,SP1,Villarreal,Mallorca,0,0.3,mondrian,1,0,0
2025-11-22,SP1,Alaves,Celta,2,0.3,mondrian,0,1,1
2025-11-22,SP1,Barcelona,Ath Bilbao,0,0.3,mondrian,1,0,0
2025-11-22,SP1,Osasuna,Sociedad,2,0.3,mondrian,0,1,1
2025-11-22,D1,Augsburg,Hamburg,0,0.3,mondrian,0,1,1
2025-11-22,D1,FC Koln,Ein Frankfurt,2,0.3,mondrian,0,1,1
2025-11-22,I1,Udinese,Bologna,2,0.3,mondrian,0,1,1
2025-11-22,F1,Lens,Strasbourg,0,0.3,mondrian,1,1,1
2025-11-22,F1,Rennes,Monaco,0,0.3,mondrian,0,1,1
2025-11-22,F1,Paris SG,Le Havre,0,0.3,mondrian,1,0,0
2025-11-22,I1,Cagliari,Genoa,1,0.3,mondrian,0,1,1
2025-11-22,D1,Wolfsburg,Leverkusen,2,0.3,mondrian,0,1,1
2025-11-22,E0,Newcastle,Man City,0,0.3,mondrian,0,1,1
2025-11-22,I1,Napoli,Atalanta,0,0.3,mondrian,0,1,0
2025-11-22,E0,Bournemouth,West Ham,1,0.3,mondrian,1,0,0
2025-11-22,E0,Fulham,Sunderland,0,0.3,mondrian,1,1,0
2025-11-22,E0,Liverpool,Nott'm Forest,2,0.3,mondrian,1,0,0
2025-11-22,E0,Wolves,Crystal Palace,2,0.3,mondrian,0,1,1
2025-11-22,E0,Brighton,Brentford,0,0.3,mondrian,1,1,0
2025-11-22,E0,Burnley,Chelsea,2,0.3,mondrian,0,0,1
2025-11-22,I1,Fiorentina,Juventus,1,0.3,mondrian,0,1,1
2025-11-22,D1,Dortmund,Stuttgart,1,0.3,mondrian,1,0,0
2025-11-22,D1,Bayern Munich,Freiburg,0,0.3,mondrian,1,0,0
2025-11-22,D1,Heidenheim,M'gladbach,2,0.3,mondrian,0,1,1
2025-11-23,F1,Nantes,Lorient,1,0.3,mondrian,0,1,1
2025-11-23,I1,Inter,Milan,2,0.3,mondrian,1,1,0
2025-11-23,D1,RB Leipzig,Werder Bremen,0,0.3,mondrian,1,0,0
2025-11-23,I1,Lazio,Lecce,0,0.3,mondrian,1,1,0
2025-11-23,I1,Cremonese,Roma,2,0.3,mondrian,0,1,1
2025-11-23,I1,Verona,Parma,2,0.3,mondrian,1,1,0
2025-11-23,F1,Toulouse,Angers,2,0.3,mondrian,1,1,0
2025-11-23,F1,Brest,Metz,0,0.3,mondrian,1,1,0
2025-11-23,F1,Lille,Paris FC,0,0.3,mondrian,1,1,0
2025-11-23,E0,Leeds,Aston Villa,2,0.3,mondrian,0,1,1
2025-11-23,D1,St Pauli,Union Berlin,2,0.3,mondrian,0,1,1
2025-11-23,E0,Arsenal,Tottenham,0,0.3,mondrian,1,0,0
2025-11-23,SP1,Oviedo,Vallecano,1,0.3,mondrian,0,1,1
2025-11-23,SP1,Getafe,Ath Madrid,2,0.3,mondrian,0,1,1
2025-11-23,SP1,Betis,Girona,1,0.3,mondrian,1,0,0
2025-11-23,SP1,Elche,Real Madrid,1,0.3,mondrian,0,0,1
2025-11-23,F1,Auxerre,Lyon,1,0.3,mondrian,0,1,1
2025-11-24,E0,Man United,Everton,2,0.3,mondrian,1,1,0
2025-11-24,I1,Sassuolo,Pisa,1,0.3,mondrian,1,1,0
2025-11-24,I1,Torino,Como,2,0.3,mondrian,0,1,1
2025-11-24,SP1,Espanol,Sevilla,0,0.3,mondrian,1,1,0
2025-11-28,SP1,Getafe,Elche,0,0.3,mondrian,0,1,0
2025-11-28,I1,Como,Sassuolo,0,0.3,mondrian,1,1,0
2025-11-28,D1,M'gladbach,RB Leipzig,1,0.3,mondrian,0,1,1
2025-11-28,F1,Metz,Rennes,2,0.3,mondrian,0,1,1
2025-11-29,SP1,Levante,Ath Bilbao,2,0.3,mondrian,0,1,1
2025-11-29,E0,Everton,Newcastle,2,0.3,mondrian,0,1,1
2025-11-29,E0,Sunderland,Bournemouth,0,0.3,mondrian,0,1,1
2025-11-29,E0,Tottenham,Fulham,2,0.3,mondrian,0,1,1
2025-11-29,E0,Brentford,Burnley,0,0.3,mondrian,1,0,0
2025-11-29,F1,Monaco,Paris SG,0,0.3,mondrian,0,0,1
2025-11-29,SP1,Mallorca,Osasuna,1,0.3,mondrian,0,1,1
2025-11-29,F1,Paris FC,Auxerre,1,0.3,mondrian,1,1,0
2025-11-29,F1,Marseille,Toulouse,1,0.3,mondrian,1,0,0
2025-11-29,D1,Leverkusen,Dortmund,2,0.3,mondrian,0,1,1
2025-11-29,E0,Man City,Leeds,0,0.3,mondrian,1,0,0
2025-11-29,D1,Bayern Munich,St Pauli,0,0.3,mondrian,1,0,0
2025-11-29,D1,Hoffenheim,Augsburg,0,0.3,mondrian,1,0,0
2025-11-29,SP1,Ath Madrid,Oviedo,0,0.3,mondrian,1,0,0
2025-11-29,D1,Union Berlin,Heidenheim,2,0.3,mondrian,1,1,0
2025-11-29,D1,Werder Bremen,FC Koln,1,0.3,mondrian,1,1,1
2025-11-29,I1,Juventus,Cagliari,0,0.3,mondrian,1,0,0
2025-11-29,I1,Genoa,Verona,0,0.3,mondrian,1,1,0
2025-11-29,I1,Milan,Lazio,0,0.3,mondrian,1,1,0
2025-11-29,SP1,Barcelona,Alaves,0,0.3,mondrian,1,0,0
2025-11-29,I1,Parma,Udinese,2,0.3,mondrian,0,1,1
2025-11-30,D1,Hamburg,Stuttgart,0,0.3,mondrian,0,1,1
2025-11-30,F1,Le Havre,Lille,2,0.3,mondrian,0,1,1
2025-11-30,F1,Lyon,Nantes,0,0.3,mondrian,1,0,0
2025-11-30,F1,Lorient,Nice,0,0.3,mondrian,0,1,1
2025-11-30,SP1,Girona,Real Madrid,1,0.3,mondrian,0,0,1
2025-11-30,I1,Roma,Napoli,2,0.3,mondrian,0,1,1
2025-11-30,SP1,Sevilla,Betis,2,0.3,mondrian,0,1,1
2025-11-30,D1,Ein Frankfurt,Wolfsburg,1,0.3,mondrian,1,1,0
2025-11-30,SP1,Sociedad,Villarreal,2,0.3,mondrian,0,1,1
2025-11-30,D1,Freiburg,Mainz,0,0.3,mondrian,1,1,0
2025-11-30,SP1,Celta,Espanol,2,0.3,mondrian,1,1,0
2025-11-30,I1,Lecce,Torino,0,0.3,mondrian,0,1,1
2025-11-30,I1,Pisa,Inter,2,0.3,mondrian,0,0,1
2025-11-30,F1,Angers,Lens,2,0.3,mondrian,0,0,1
2025-11-30,F1,Strasbourg,Brest,2,0.3,mondrian,1,1,0
2025-11-30,E0,Crystal Palace,Man United,2,0.3,mondrian,1,1,0
2025-11-30,I1,Atalanta,Fiorentina,0,0.3,mondrian,1,0,0
2025-11-30,E0,Nott'm Forest,Brighton,2,0.3,mondrian,0,1,1
2025-11-30,E0,West Ham,Liverpool,2,0.3,mondrian,0,0,1
2025-11-30,E0,Chelsea,Arsenal,1,0.3,mondrian,0,1,1
2025-11-30,E0,Aston Villa,Wolves,0,0.3,mondrian,1,0,0
2025-12-01,SP1,Vallecano,Valencia,1,0.3,mondrian,1,1,0
2025-12-01,I1,Bologna,Cremonese,2,0.3,mondrian,1,0,0
2025-12-02,E0,Fulham,Man City,2,0.3,mondrian,0,0,1
2025-12-02,E0,Newcastle,Tottenham,1,0.3,mondrian,1,1,0
2025-12-02,SP1,Barcelona,Ath Madrid,0,0.3,mondrian,1,0,0
2025-12-02,E0,Bournemouth,Everton,2,0.3,mondrian,1,1,1
2025-12-03,E0,Wolves,Nott'm Forest,2,0.3,mondrian,0,1,1
2025-12-03,E0,Leeds,Chelsea,0,0.3,mondrian,0,1,1
2025-12-03,E0,Burnley,Crystal Palace,2,0.3,mondrian,0,1,1
2025-12-03,E0,Brighton,Aston Villa,2,0.3,mondrian,0,1,1
2025-12-03,E0,Liverpool,Sunderland,1,0.3,mondrian,1,0,0
2025-12-03,SP1,Ath Bilbao,Real Madrid,2,0.3,mondrian,0,1,1
2025-12-03,E0,Arsenal,Brentford,0,0.3,mondrian,1,0,0
2025-12-04,E0,Man United,West Ham,1,0.3,mondrian,1,0,0
2025-12-05,SP1,Oviedo,Mallorca,1,0.3,mondrian,0,1,1
2025-12-05,F1,Brest,Monaco,0,0.3,mondrian,0,1,1
2025-12-05,D1,Mainz,M'gladbach,2,0.3,mondrian,0,1,1
2025-12-05,F1,Lille,Marseille,0,0.3,mondrian,0,1,1
2025-12-06,E0,Newcastle,Burnley,0,0.3,mondrian,1,0,0
2025-12-06,F1,Nantes,Lens,2,0.3,mondrian,0,1,1
2025-12-06,E0,Everton,Nott'm Forest,0,0.3,mondrian,1,1,0
2025-12-06,E0,Man City,Sunderland,0,0.3,mondrian,1,0,0
2025-12-06,I1,Inter,Como,0,0.3,mondrian,1,0,0
2025-12-06,I1,Verona,Atalanta,0,0.3,mondrian,0,1,1
2025-12-06,E0,Bournemouth,Chelsea,1,0.3,mondrian,0,1,1
2025-12-06,F1,Paris SG,Rennes,0,0.3,mondrian,1,0,0
2025-12-06,E0,Tottenham,Brentford,0,0.3,mondrian,0,1,1
2025-12-06,E0,Aston Villa,Arsenal,0,0.3,mondrian,0,1,1
2025-12-06,E0,Leeds,Liverpool,1,0.3,mondrian,0,0,1
2025-12-06,SP1,Villarreal,Getafe,0,0.3,mondrian,1,1,0
2025-12-06,SP1,Ath Bilbao,Ath Madrid,0,0.3,mondrian,0,1,1
2025-12-06,F1,Toulouse,Strasbourg,0,0.3,mondrian,0,1,1
2025-12-06,D1,RB Leipzig,Ein Frankfurt,0,0.3,mondrian,1,0,0
2025-12-06,I1,Sassuolo,Fiorentina,0,0.3,mondrian,0,1,1
2025-12-06,D1,Augsburg,Leverkusen,0,0.3,mondrian,0,1,1
2025-12-06,SP1,Alaves,Sociedad,0,0.3,mondrian,0,1,1
2025-12-06,D1,Heidenheim,Freiburg,0,0.3,mondrian,0,1,1
2025-12-06,D1,Stuttgart,Bayern Munich,2,0.3,mondrian,0,0,1
2025-12-06,D1,Wolfsburg,Union Berlin,0,0.3,mondrian,1,1,0
2025-12-06,SP1,Betis,Barcelona,2,0.3,mondrian,0,0,1
2025-12-06,D1,FC Koln,St Pauli,1,0.3,mondrian,1,1,0
2025-12-07,D1,Hamburg,Werder Bremen,0,0.3,mondrian,0,1,1
2025-12-07,F1,Lorient,Lyon,0,0.3,mondrian,0,1,1
2025-12-07,SP1,Elche,Girona,0,0.3,mondrian,1,1,0
2025-12-07,E0,Brighton,West Ham,1,0.3,mondrian,1,0,0
2025-12-07,I1,Napoli,Juventus,0,0.3,mondrian,0,1,1
2025-12-07,D1,Dortmund,Hoffenheim,0,0.3,mondrian,1,0,0
2025-12-07,I1,Cremonese,Lecce,0,0.3,mondrian,0,1,1
2025-12-07,F1,Le Havre,Paris FC,1,0.3,mondrian,0,1,1
2025-12-07,I1,Lazio,Bologna,1,0.3,mondrian,0,1,0
2025-12-07,SP1,Real Madrid,Celta,2,0.3,mondrian,1,0,0
2025-12-07,E0,Fulham,Crystal Palace,2,0.3,mondrian,0,1,1
2025-12-07,I1,Cagliari,Roma,0,0.3,mondrian,0,1,1
2025-12-07,F1,Auxerre,Metz,0,0.3,mondrian,1,1,0
2025-12-07,F1,Nice,Angers,2,0.3,mondrian,1,1,0
2025-12-07,SP1,Valencia,Sevilla,1,0.3,mondrian,1,1,0
2025-12-07,SP1,Espanol,Vallecano,0,0.3,mondrian,0,1,1
2025-12-08,I1,Pisa,Parma,2,0.3,mondrian,0,1,1
2025-12-08,I1,Torino,Milan,2,0.3,mondrian,0,1,1
2025-12-08,I1,Udinese,Genoa,2,0.3,mondrian,0,1,1
2025-12-08,E0,Wolves,Man United,2,0.3,mondrian,0,0,1
2025-12-08,SP1,Osasuna,Levante,0,0.3,mondrian,1,1,0
2025-12-12,I1,Lecce,Pisa,0,0.3,mondrian,0,1,0
2025-12-12,F1,Angers,Nantes,0,0.3,mondrian,1,1,0
2025-12-12,D1,Union Berlin,RB Leipzig,0,0.3,mondrian,0,1,1
2025-12-12,SP1,Sociedad,Girona,2,0.3,mondrian,1,1,0
2025-12-13,SP1,Mallorca,Elche,0,0.3,mondrian,0,1,1
2025-12-13,E0,Chelsea,Everton,0,0.3,mondrian,1,1,0
2025-12-13,F1,Paris FC,Toulouse,2,0.3,mondrian,0,1,1
2025-12-13,I1,Parma,Lazio,2,0.3,mondrian,0,1,1
2025-12-13,I1,Atalanta,Cagliari,0,0.3,mondrian,1,0,0
2025-12-13,SP1,Getafe,Espanol,2,0.3,mondrian,0,1,1
2025-12-13,SP1,Barcelona,Osasuna,0,0.3,mondrian,1,0,0
2025-12-13,E0,Arsenal,Wolves,0,0.3,mondrian,1,0,0
2025-12-13,SP1,Ath Madrid,Valencia,0,0.3,mondrian,1,0,0
2025-12-13,I1,Torino,Cremonese,0,0.3,mondrian,1,1,0
2025-12-13,F1,Metz,Paris SG,2,0.3,mondrian,0,0,1
2025-12-13,F1,Rennes,Brest,0,0.3,mondrian,1,1,0
2025-12-13,D1,Leverkusen,FC Koln,0,0.3,mondrian,1,0,0
2025-12-13,D1,St Pauli,Heidenheim,0,0.3,mondrian,1,1,0
2025-12-13,D1,M'gladbach,Wolfsburg,2,0.3,mondrian,1,1,0
2025-12-13,D1,Hoffenheim,Hamburg,0,0.3,mondrian,1,0,0
2025-12-13,D1,Ein Frankfurt,Augsburg,0,0.3,mondrian,1,1,0
2025-12-13,E0,Burnley,Fulham,2,0.3,mondrian,0,1,1
2025-12-13,E0,Liverpool,Brighton,0,0.3,mondrian,1,1,0
2025-12-14,E0,Crystal Palace,Man City,2,0.3,mondrian,0,1,1
2025-12-14,I1,Bologna,Juventus,2,0.3,mondrian,0,1,1
2025-12-14,I1,Genoa,Inter,2,0.3,mondrian,0,0,1
2025-12-14,I1,Udinese,Napoli,0,0.3,mondrian,0,1,1
2025-12-14,F1,Marseille,Monaco,0,0.3,mondrian,1,1,0
2025-12-14,I1,Milan,Sassuolo,1,0.3,mondrian,1,0,0
2025-12-14,SP1,Celta,Ath Bilbao,0,0.3,mondrian,0,1,1
2025-12-14,E0,Nott'm Forest,Tottenham,0,0.3,mondrian,0,1,1
2025-12-14,I1,Fiorentina,Verona,2,0.3,mondrian,1,1,0
2025-12-14,E0,Sunderland,Newcastle,0,0.3,mondrian,0,1,1
2025-12-14,E0,West Ham,Aston Villa,2,0.3,mondrian,0,1,1
2025-12-14,D1,Werder Bremen,Stuttgart,2,0.3,mondrian,0,1,1
2025-12-14,D1,Bayern Munich,Mainz,1,0.3,mondrian,1,0,0
2025-12-14,F1,Strasbourg,Lorient,1,0.3,mondrian,1,1,0
2025-12-14,SP1,Alaves,Real Madrid,2,0.3,mondrian,0,0,1
2025-12-14,D1,Freiburg,Dortmund,1,0.3,mondrian,0,1,1
2025-12-14,SP1,Sevilla,Oviedo,0,0.3,mondrian,1,1,0
2025-12-14,F1,Lens,Nice,0,0.3,mondrian,1,0,0
2025-12-14,F1,Auxerre,Lille,2,0.3,mondrian,0,1,1
2025-12-14,F1,Lyon,Le Havre,0,0.3,mondrian,1,0,0
2025-12-14,E0,Brentford,Leeds,1,0.3,mondrian,1,1,0
2025-12-15,E0,Man United,Bournemouth,1,0.3,mondrian,1,0,0
2025-12-15,I1,Roma,Como,0,0.3,mondrian,0,1,0
2025-12-15,SP1,Vallecano,Betis,1,0.3,mondrian,0,1,1
2025-12-19,D1,Dortmund,M'gladbach,0,0.3,mondrian,1,0,0
2025-12-19,SP1,Valencia,Mallorca,1,0.3,mondrian,1,1,0
2025-12-20,I1,Juventus,Roma,0,0.3,mondrian,1,1,0
2025-12-20,E0,Everton,Arsenal,2,0.3,mondrian,0,0,1
2025-12-20,SP1,Levante,Sociedad,1,0.3,mondrian,0,1,1
2025-12-20,E0,Leeds,Crystal Palace,0,0.3,mondrian,0,1,1
2025-12-20,SP1,Osasuna,Alaves,0,0.3,mondrian,0,1,0
2025-12-20,SP1,Oviedo,Celta,1,0.3,mondrian,0,1,1
2025-12-20,E0,Man City,West Ham,0,0.3,mondrian,1,0,0
2025-12-20,E0,Wolves,Brentford,2,0.3,mondrian,0,1,1
2025-12-20,SP1,Real Madrid,Sevilla,0,0.3,mondrian,1,0,0
2025-12-20,I1,Lazio,Cremonese,1,0.3,mondrian,1,1,0
2025-12-20,E0,Tottenham,Liverpool,2,0.3,mondrian,0,1,1
2025-12-20,E0,Bournemouth,Burnley,1,0.3,mondrian,1,0,0
2025-12-20,E0,Brighton,Sunderland,1,0.3,mondrian,1,1,0
2025-12-20,D1,Augsburg,Werder Bremen,1,0.3,mondrian,0,1,1
2025-12-20,D1,FC Koln,Union Berlin,2,0.3,mondrian,0,1,1
2025-12-20,D1,RB Leipzig,Leverkusen,2,0.3,mondrian,1,1,1
2025-12-20,D1,Wolfsburg,Freiburg,2,0.3,mondrian,0,1,1
2025-12-20,D1,Stuttgart,Hoffenheim,1,0.3,mondrian,1,1,0
2025-12-20,D1,Hamburg,Ein Frankfurt,1,0.3,mondrian,0,1,1
2025-12-20,E0,Newcastle,Chelsea,1,0.3,mondrian,0,1,1
2025-12-21,SP1,Villarreal,Barcelona,2,0.3,mondrian,0,0,1
2025-12-21,SP1,Elche,Vallecano,0,0.3,mondrian,0,1,1
2025-12-21,SP1,Betis,Getafe,0,0.3,mondrian,1,1,0
2025-12-21,I1,Genoa,Atalanta,2,0.3,mondrian,0,1,1
2025-12-21,I1,Fiorentina,Udinese,0,0.3,mondrian,1,1,0
2025-12-21,I1,Sassuolo,Torino,2,0.3,mondrian,0,1,1
2025-12-21,D1,Heidenheim,Bayern Munich,2,0.3,mondrian,0,0,1
2025-12-21,I1,Cagliari,Pisa,1,0.3,mondrian,1,1,0
2025-12-21,E0,Aston Villa,Man United,0,0.3,mondrian,1,1,0
2025-12-21,SP1,Girona,Ath Madrid,2,0.3,mondrian,0,1,1
2025-12-21,D1,Mainz,St Pauli,1,0.3,mondrian,1,1,0
2025-12-22,SP1,Ath Bilbao,Espanol,2,0.3,mondrian,1,1,0
2025-12-22,E0,Fulham,Nott'm Forest,0,0.3,mondrian,0,1,1
2025-12-26,E0,Man United,Newcastle,0,0.3,mondrian,0,1,1
2025-12-27,E0,Nott'm Forest,Man City,2,0.3,mondrian,0,0,1
2025-12-27,E0,Brentford,Bournemouth,0,0.3,mondrian,0,1,1
2025-12-27,E0,Chelsea,Aston Villa,2,0.3,mondrian,1,0,0
2025-12-27,E0,West Ham,Fulham,2,0.3,mondrian,0,1,1
2025-12-27,E0,Arsenal,Brighton,0,0.3,mondrian,1,0,0
2025-12-27,E0,Liverpool,Wolves,0,0.3,mondrian,1,0,0
2025-12-27,I1,Udinese,Lazio,1,0.3,mondrian,0,1,1
2025-12-27,E0,Burnley,Everton,1,0.3,mondrian,0,1,1
2025-12-27,I1,Pisa,Juventus,2,0.3,mondrian,0,0,1
2025-12-27,I1,Torino,Cagliari,2,0.3,mondrian,1,1,0
2025-12-27,I1,Lecce,Como,2,0.3,mondrian,0,1,1
2025-12-27,I1,Parma,Fiorentina,0,0.3,mondrian,0,1,1
2025-12-28,I1,Atalanta,Inter,2,0.3,mondrian,0,1,1
2025-12-28,I1,Milan,Verona,0,0.3,mondrian,1,0,0
2025-12-28,I1,Cremonese,Napoli,2,0.3,mondrian,0,1,1
2025-12-28,E0,Crystal Palace,Tottenham,2,0.3,mondrian,0,1,1
2025-12-28,E0,Sunderland,Leeds,1,0.3,mondrian,0,1,1
2025-12-28,I1,Bologna,Sassuolo,1,0.3,mondrian,1,1,0
2025-12-29,I1,Roma,Genoa,0,0.3,mondrian,1,1,0
2025-12-30,E0,Man United,Wolves,1,0.3,mondrian,1,0,0
2025-12-30,E0,West Ham,Brighton,1,0.3,mondrian,0,1,1
2025-12-30,E0,Nott'm Forest,Everton,2,0.3,mondrian,1,1,0
2025-12-30,E0,Chelsea,Bournemouth,1,0.3,mondrian,1,0,0
2025-12-30,E0,Burnley,Newcastle,2,0.3,mondrian,0,0,1
2025-12-30,E0,Arsenal,Aston Villa,0,0.3,mondrian,1,0,0
2026-01-01,E0,Crystal Palace,Fulham,1,0.3,mondrian,0,1,0
2026-01-01,E0,Sunderland,Man City,1,0.3,mondrian,0,0,1
2026-01-01,E0,Liverpool,Leeds,1,0.3,mondrian,1,0,0
2026-01-01,E0,Brentford,Tottenham,1,0.3,mondrian,0,1,1
2026-01-02,I1,Cagliari,Milan,2,0.3,mondrian,0,1,1
2026-01-02,F1,Toulouse,Lens,2,0.3,mondrian,0,1,1
2026-01-02,SP1,Vallecano,Getafe,1,0.3,mondrian,1,1,0
2026-01-03,SP1,Espanol,Barcelona,2,0.3,mondrian,0,0,1
2026-01-03,I1,Sassuolo,Parma,1,0.3,mondrian,1,1,0
2026-01-03,F1,Monaco,Lyon,2,0.3,mondrian,1,1,0
2026-01-03,I1,Atalanta,Roma,0,0.3,mondrian,0,1,0
2026-01-03,I1,Juventus,Lecce,1,0.3,mondrian,1,0,0
2026-01-03,SP1,Elche,Villarreal,2,0.3,mondrian,0,1,1
2026-01-03,F1,Lille,Rennes,2,0.3,mondrian,1,0,0
2026-01-03,SP1,Celta,Valencia,0,0.3,mondrian,1,1,0
2026-01-03,I1,Genoa,Pisa,1,0.3,mondrian,1,1,0
2026-01-03,F1,Nice,Strasbourg,1,0.3,mondrian,0,1,1
2026-01-03,E0,Bournemouth,Arsenal,2,0.3,mondrian,0,0,1
2026-01-03,E0,Aston Villa,Nott'm Forest,0,0.3,mondrian,1,1,0
2026-01-03,E0,Brighton,Burnley,0,0.3,mondrian,1,0,0
2026-01-03,E0,Wolves,West Ham,0,0.3,mondrian,0,1,1
2026-01-03,SP1,Osasuna,Ath Bilbao,1,0.3,mondrian,0,1,1
2026-01-03,I1,Como,Udinese,0,0.3,mondrian,1,1,0
2026-01-04,SP1,Real Madrid,Betis,0,0.3,mondrian,1,0,0
2026-01-04,SP1,Sevilla,Levante,2,0.3,mondrian,1,1,0
2026-01-04,I1,Inter,Bologna,0,0.3,mondrian,1,0,0
2026-01-04,F1,Lorient,Metz,1,0.3,mondrian,1,1,0
2026-01-04,I1,Fiorentina,Cremonese,0,0.3,mondrian,1,1,0
2026-01-04,I1,Lazio,Napoli,2,0.3,mondrian,0,1,1
2026-01-04,SP1,Mallorca,Girona,2,0.3,mondrian,0,1,0
2026-01-04,I1,Verona,Torino,2,0.3,mondrian,0,1,1
2026-01-04,F1,Paris SG,Paris FC,0,0.3,mondrian,1,0,0
2026-01-04,SP1,Alaves,Oviedo,1,0.3,mondrian,1,1,0
2026-01-04,F1,Le Havre,Angers,0,0.3,mondrian,0,1,1
2026-01-04,E0,Fulham,Liverpool,1,0.3,mondrian,0,1,1
2026-01-04,F1,Marseille,Nantes,2,0.3,mondrian,1,0,0
2026-01-04,E0,Leeds,Man United,1,0.3,mondrian,0,1,1
2026-01-04,E0,Everton,Brentford,2,0.3,mondrian,0,1,1
2026-01-04,E0,Man City,Chelsea,1,0.3,mondrian,1,0,0
2026-01-04,F1,Brest,Auxerre,0,0.3,mondrian,1,1,0
2026-01-04,E0,Newcastle,Crystal Palace,0,0.3,mondrian,1,0,0
2026-01-04,E0,Tottenham,Sunderland,1,0.3,mondrian,1,1,0
2026-01-04,SP1,Sociedad,Ath Madrid,1,0.3,mondrian,0,1,1
2026-01-06,I1,Lecce,Roma,2,0.3,mondrian,0,1,1
2026-01-06,E0,West Ham,Nott'm Forest,2,0.3,mondrian,0,1,1
2026-01-06,I1,Sassuolo,Juventus,2,0.3,mondrian,0,1,1
2026-01-06,I1,Pisa,Como,2,0.3,mondrian,0,1,1
2026-01-07,E0,Man City,Brighton,1,0.3,mondrian,1,0,0
2026-01-07,E0,Burnley,Man United,1,0.3,mondrian,0,1,1
2026-01-07,E0,Brentford,Sunderland,0,0.3,mondrian,1,1,0
2026-01-07,E0,Everton,Wolves,1,0.3,mondrian,1,1,0
2026-01-07,E0,Newcastle,Leeds,0,0.3,mondrian,1,1,0
2026-01-07,E0,Fulham,Chelsea,0,0.3,mondrian,0,1,1
2026-01-07,E0,Bournemouth,Tottenham,0,0.3,mondrian,0,1,1
2026-01-07,E0,Crystal Palace,Aston Villa,1,0.3,mondrian,0,1,1
2026-01-07,I1,Bologna,Atalanta,2,0.3,mondrian,0,1,1
2026-01-07,I1,Napoli,Verona,1,0.3,mondrian,1,0,0
2026-01-07,I1,Parma,Inter,2,0.3,mondrian,0,0,1
2026-01-07,I1,Torino,Udinese,2,0.3,mondrian,0,1,0
2026-01-07,I1,Lazio,Fiorentina,1,0.3,mondrian,0,1,0
2026-01-08,I1,Milan,Genoa,1,0.3,mondrian,1,0,0
2026-01-08,E0,Arsenal,Liverpool,1,0.3,mondrian,1,0,0
2026-01-08,I1,Cremonese,Cagliari,1,0.3,mondrian,0,1,0
2026-01-09,D1,Ein Frankfurt,Dortmund,1,0.3,mondrian,0,1,1
2026-01-09,SP1,Getafe,Sociedad,2,0.3,mondrian,0,1,1
2026-01-10,D1,Heidenheim,FC Koln,1,0.3,mondrian,0,1,1
2026-01-10,SP1,Valencia,Elche,1,0.3,mondrian,1,1,0
2026-01-10,SP1,Girona,Osasuna,0,0.3,mondrian,0,1,1
2026-01-10,SP1,Villarreal,Alaves,0,0.3,mondrian,1,0,0
2026-01-10,D1,Leverkusen,Stuttgart,2,0.3,mondrian,1,1,1
2026-01-10,SP1,Oviedo,Betis,1,0.3,mondrian,0,1,1
2026-01-10,D1,Freiburg,Hamburg,0,0.3,mondrian,1,1,0
2026-01-10,D1,Union Berlin,Mainz,1,0.3,mondrian,1,1,0
2026-01-10,I1,Udinese,Pisa,1,0.3,mondrian,1,1,0
2026-01-10,I1,Como,Bologna,1,0.3,mondrian,1,1,0
2026-01-10,I1,Atalanta,Torino,0,0.3,mondrian,1,1,0
2026-01-10,I1,Roma,Sassuolo,0,0.3,mondrian,1,1,0
2026-01-11,I1,Lecce,Parma,2,0.3,mondrian,0,1,1
2026-01-11,D1,Bayern Munich,Wolfsburg,0,0.3,mondrian,1,0,0
2026-01-11,SP1,Levante,Espanol,1,0.3,mondrian,0,1,1
2026-01-11,I1,Verona,Lazio,2,0.3,mondrian,0,1,1
2026-01-11,D1,M'gladbach,Augsburg,0,0.3,mondrian,1,1,0
2026-01-11,I1,Inter,Napoli,1,0.3,mondrian,1,1,0
2026-01-11,I1,Fiorentina,Milan,1,0.3,mondrian,0,1,1
2026-01-11,SP1,Vallecano,Mallorca,0,0.3,mondrian,1,1,0
2026-01-12,I1,Juventus,Cremonese,0,0.3,mondrian,1,0,0
2026-01-12,I1,Genoa,Cagliari,0,0.3,mondrian,0,1,0
2026-01-12,SP1,Sevilla,Celta,2,0.3,mondrian,0,1,1
2026-01-13,D1,Mainz,Heidenheim,0,0.3,mondrian,1,1,0
2026-01-13,D1,Stuttgart,Ein Frankfurt,0,0.3,mondrian,1,0,0
2026-01-13,D1,Dortmund,Werder Bremen,0,0.3,mondrian,1,0,0
2026-01-14,I1,Napoli,Parma,1,0.3,mondrian,1,0,0
2026-01-14,D1,Wolfsburg,St Pauli,0,0.3,mondrian,1,1,0
2026-01-14,I1,Inter,Lecce,0,0.3,mondrian,1,0,0
2026-01-14,D1,FC Koln,Bayern Munich,2,0.3,mondrian,0,0,1
2026-01-14,D1,Hoffenheim,M'gladbach,0,0.3,mondrian,1,1,0
2026-01-14,D1,RB Leipzig,Freiburg,0,0.3,mondrian,1,1,0
2026-01-15,I1,Verona,Bologna,2,0.3,mondrian,0,1,1
2026-01-15,I1,Como,Milan,2,0.3,mondrian,0,1,1
2026-01-15,D1,Augsburg,Union Berlin,1,0.3,mondrian,0,1,1
2026-01-16,F1,Paris SG,Lille,0,0.3,mondrian,1,0,0
2026-01-16,SP1,Espanol,Girona,2,0.3,mondrian,1,1,0
2026-01-16,I1,Pisa,Atalanta,1,0.3,mondrian,0,0,1
2026-01-16,D1,Werder Bremen,Ein Frankfurt,1,0.3,mondrian,0,1,1
2026-01-16,F1,Monaco,Lorient,2,0.3,mondrian,1,0,0
2026-01-17,SP1,Osasuna,Oviedo,0,0.3,mondrian,1,1,0
2026-01-17,D1,Hoffenheim,Leverkusen,0,0.3,mondrian,0,1,1
2026-01-17,SP1,Betis,Villarreal,0,0.3,mondrian,0,1,1
2026-01-17,I1,Cagliari,Juventus,0,0.3,mondrian,0,0,1
2026-01-17,E0,Nott'm Forest,Arsenal,1,0.3,mondrian,0,1,1
2026-01-17,F1,Angers,Marseille,2,0.3,mondrian,0,0,1
2026-01-17,F1,Toulouse,Nice,0,0.3,mondrian,1,1,0
2026-01-17,F1,Lens,Auxerre,0,0.3,mondrian,1,0,0
2026-01-17,SP1,Mallorca,Ath Bilbao,0,0.3,mondrian,0,1,1
2026-01-17,I1,Napoli,Sassuolo,0,0.3,mondrian,1,0,0
2026-01-17,SP1,Real Madrid,Levante,0,0.3,mondrian,1,0,0
2026-01-17,D1,RB Leipzig,Bayern Munich,2,0.3,mondrian,0,0,1
2026-01-17,E0,Chelsea,Brentford,0,0.3,mondrian,1,1,0
2026-01-17,D1,Dortmund,St Pauli,0,0.3,mondrian,1,0,0
2026-01-17,E0,Tottenham,West Ham,2,0.3,mondrian,1,1,0
2026-01-17,E0,Sunderland,Crystal Palace,0,0.3,mondrian,0,1,1
2026-01-17,D1,FC Koln,Mainz,0,0.3,mondrian,1,1,0
2026-01-17,E0,Man United,Man City,0,0.3,mondrian,0,1,1
2026-01-17,I1,Udinese,Inter,2,0.3,mondrian,0,0,1
2026-01-17,D1,Wolfsburg,Heidenheim,1,0.3,mondrian,1,0,0
2026-01-17,E0,Liverpool,Burnley,1,0.3,mondrian,1,0,0
2026-01-17,E0,Leeds,Fulham,0,0.3,mondrian,0,1,1
2026-01-17,D1,Hamburg,M'gladbach,1,0.3,mondrian,0,1,1
2026-01-18,SP1,Ath Madrid,Alaves,0,0.3,mondrian,1,0,0
2026-01-18,SP1,Sociedad,Barcelona,0,0.3,mondrian,0,0,1
2026-01-18,SP1,Celta,Vallecano,0,0.3,mondrian,1,1,0
2026-01-18,D1,Stuttgart,Union Berlin,1,0.3,mondrian,1,0,0
2026-01-18,E0,Wolves,Newcastle,1,0.3,mondrian,0,0,1
2026-01-18,E0,Aston Villa,Everton,2,0.3,mondrian,1,1,0
2026-01-18,D1,Augsburg,Freiburg,1,0.3,mondrian,0,1,1
2026-01-18,SP1,Getafe,Valencia,2,0.3,mondrian,0,1,0
2026-01-18,I1,Torino,Roma,2,0.3,mondrian,0,1,1
2026-01-18,F1,Rennes,Le Havre,1,0.3,mondrian,1,0,0
2026-01-18,F1,Nantes,Paris FC,2,0.3,mondrian,0,1,1
2026-01-18,F1,Strasbourg,Metz,0,0.3,mondrian,1,0,0
2026-01-18,I1,Bologna,Fiorentina,2,0.3,mondrian,0,1,1
2026-01-18,I1,Parma,Genoa,1,0.3,mondrian,0,1,1
2026-01-18,I1,Milan,Lecce,0,0.3,mondrian,1,0,0
2026-01-18,F1,Lyon,Brest,0,0.3,mondrian,1,1,0
2026-01-19,I1,Lazio,Como,2,0.3,mondrian,0,1,1
2026-01-19,I1,Cremonese,Verona,1,0.3,mondrian,0,1,1
2026-01-19,SP1,Elche,Sevilla,1,0.3,mondrian,0,1,1
2026-01-19,E0,Brighton,Bournemouth,1,0.3,mondrian,1,1,0
2026-01-23,I1,Inter,Pisa,0,0.3,mondrian,1,0,0
2026-01-23,F1,Auxerre,Paris SG,2,0.3,mondrian,0,0,1
2026-01-23,SP1,Levante,Elche,0,0.3,mondrian,0,1,1
2026-01-23,D1,St Pauli,Hamburg,1,0.3,mondrian,0,1,1
2026-01-24,E0,Bournemouth,Liverpool,0,0.3,mondrian,0,0,1
2026-01-24,E0,Burnley,Tottenham,1,0.3,mondrian,0,1,1
2026-01-24,D1,Bayern Munich,Augsburg,2,0.3,mondrian,1,0,0
2026-01-24,E0,West Ham,Sunderland,0,0.3,mondrian,0,1,1
2026-01-24,SP1,Villarreal,Real Madrid,2,0.3,mondrian,0,0,1
2026-01-24,E0,Fulham,Brighton,0,0.3,mondrian,0,1,1
2026-01-24,E0,Man City,Wolves,0,0.3,mondrian,1,0,0
2026-01-24,SP1,Vallecano,Osasuna,2,0.3,mondrian,0,1,0
2026-01-24,SP1,Valencia,Espanol,0,0.3,mondrian,0,1,1
2026-01-24,D1,Heidenheim,RB Leipzig,2,0.3,mondrian,0,0,1
2026-01-24,D1,Ein Frankfurt,Hoffenheim,2,0.3,mondrian,0,1,1
2026-01-24,F1,Marseille,Lens,0,0.3,mondrian,1,1,1
2026-01-24,D1,Union Berlin,Dortmund,2,0.3,mondrian,0,1,1
2026-01-24,D1,Mainz,Wolfsburg,0,0.3,mondrian,0,1,1
2026-01-24,SP1,Sevilla,Ath Bilbao,0,0.3,mondrian,0,1,1
2026-01-24,I1,Lecce,Lazio,1,0.3,mondrian,0,1,1
2026-01-24,I1,Como,Torino,0,0.3,mondrian,1,0,0
2026-01-24,I1,Fiorentina,Cagliari,2,0.3,mondrian,1,1,0
2026-01-24,F1,Le Havre,Monaco,1,0.3,mondrian,0,1,1
2026-01-24,F1,Rennes,Lorient,2,0.3,mondrian,1,1,0
2026-01-24,D1,Leverkusen,Werder Bremen,0,0.3,mondrian,1,0,0
2026-01-25,F1,Brest,Toulouse,2,0.3,mondrian,0,1,1
2026-01-25,F1,Paris FC,Angers,1,0.3,mondrian,1,1,0
2026-01-25,F1,Metz,Lyon,2,0.3,mondrian,0,1,1
2026-01-25,F1,Nantes,Nice,2,0.3,mondrian,0,1,1
2026-01-25,F1,Lille,Strasbourg,2,0.3,mondrian,0,1,1
2026-01-25,SP1,Barcelona,Oviedo,0,0.3,mondrian,1,0,0
2026-01-25,I1,Roma,Milan,1,0.3,mondrian,0,1,1
2026-01-25,SP1,Sociedad,Celta,0,0.3,mondrian,1,1,0
2026-01-25,SP1,Ath Madrid,Mallorca,0,0.3,mondrian,1,0,0
2026-01-25,D1,M'gladbach,Stuttgart,2,0.3,mondrian,0,1,1
2026-01-25,I1,Atalanta,Parma,0,0.3,mondrian,1,0,0
2026-01-25,SP1,Alaves,Betis,0,0.3,mondrian,0,1,1
2026-01-25,E0,Brentford,Nott'm Forest,2,0.3,mondrian,1,1,0
2026-01-25,E0,Crystal Palace,Chelsea,2,0.3,mondrian,0,1,1
2026-01-25,E0,Newcastle,Aston Villa,2,0.3,mondrian,1,1,1
2026-01-25,D1,Freiburg,FC Koln,0,0.3,mondrian,1,1,0
2026-01-25,I1,Juventus,Napoli,0,0.3,mondrian,1,1,0
2026-01-25,E0,Arsenal,Man United,2,0.3,mondrian,1,0,0
2026-01-25,I1,Sassuolo,Cremonese,0,0.3,mondrian,1,1,0
2026-01-25,I1,Genoa,Bologna,0,0.3,mondrian,0,1,1
2026-01-26,I1,Verona,Udinese,2,0.3,mondrian,0,1,1
2026-01-26,E0,Everton,Leeds,1,0.3,mondrian,0,1,1
2026-01-26,SP1,Girona,Getafe,1,0.3,mondrian,1,1,0
2026-01-27,D1,Werder Bremen,Hoffenheim,2,0.3,mondrian,0,1,1
2026-01-27,D1,St Pauli,RB Leipzig,1,0.3,mondrian,0,1,1
2026-01-30,F1,Lens,Le Havre,0,0.3,mondrian,1,0,0
2026-01-30,SP1,Espanol,Alaves,2,0.3,mondrian,1,1,0
2026-01-30,D1,FC Koln,Wolfsburg,0,0.3,mondrian,1,1,0
2026-01-30,I1,Lazio,Genoa,0,0.3,mondrian,0,1,0
2026-01-31,D1,RB Leipzig,Mainz,2,0.3,mondrian,1,0,0
2026-01-31,D1,Werder Bremen,M'gladbach,1,0.3,mondrian,1,1,1
2026-01-31,D1,Hamburg,Bayern Munich,1,0.3,mondrian,0,0,1
2026-01-31,F1,Lorient,Nantes,0,0.3,mondrian,1,1,0
2026-01-31,D1,Ein Frankfurt,Leverkusen,2,0.3,mondrian,0,1,1
2026-01-31,F1,Paris FC,Marseille,1,0.3,mondrian,0,1,1
2026-01-31,F1,Monaco,Rennes,0,0.3,mondrian,1,0,0
2026-01-31,SP1,Elche,Barcelona,2,0.3,mondrian,0,0,1
2026-01-31,SP1,Levante,Ath Madrid,1,0.3,mondrian,0,1,1
2026-01-31,SP1,Osasuna,Villarreal,1,0.3,mondrian,0,1,1
2026-01-31,D1,Augsburg,St Pauli,0,0.3,mondrian,1,1,0
2026-01-31,D1,Hoffenheim,Union Berlin,0,0.3,mondrian,1,1,0
2026-01-31,SP1,Oviedo,Girona,0,0.3,mondrian,0,1,1
2026-01-31,I1,Cagliari,Verona,0,0.3,mondrian,1,1,0
2026-01-31,I1,Pisa,Sassuolo,2,0.3,mondrian,0,1,1
2026-01-31,I1,Napoli,Fiorentina,0,0.3,mondrian,1,1,0
2026-01-31,E0,Wolves,Bournemouth,2,0.3,mondrian,0,1,1
2026-01-31,E0,Leeds,Arsenal,2,0.3,mondrian,0,0,1
2026-01-31,E0,Chelsea,West Ham,0,0.3,mondrian,1,0,0
2026-01-31,E0,Liverpool,Newcastle,0,0.3,mondrian,1,0,0
2026-01-31,E0,Brighton,Everton,1,0.3,mondrian,1,1,0
2026-02-01,E0,Man United,Fulham,0,0.3,mondrian,1,0,0
2026-02-01,D1,Stuttgart,Freiburg,0,0.3,mondrian,1,0,0
2026-02-01,D1,Dortmund,Heidenheim,0,0.3,mondrian,1,0,0
2026-02-01,SP1,Ath Bilbao,Sociedad,1,0.3,mondrian,0,1,0
2026-02-01,SP1,Getafe,Celta,1,0.3,mondrian,0,1,1
2026-02-01,SP1,Betis,Valencia,0,0.3,mondrian,1,1,0
2026-02-01,SP1,Real Madrid,Vallecano,0,0.3,mondrian,1,0,0
2026-02-01,F1,Strasbourg,Paris SG,2,0.3,mondrian,0,0,1
2026-02-01,E0,Nott'm Forest,Crystal Palace,1,0.3,mondrian,1,1,0
2026-02-01,E0,Tottenham,Man City,1,0.3,mondrian,0,0,1
2026-02-01,I1,Torino,Lecce,0,0.3,mondrian,1,1,0
2026-02-01,F1,Nice,Brest,1,0.3,mondrian,0,1,1
2026-02-01,F1,Angers,Metz,0,0.3,mondrian,1,1,0
2026-02-01,F1,Lyon,Lille,0,0.3,mondrian,0,1,1
2026-02-01,I1,Parma,Juventus,2,0.3,mondrian,0,0,1
2026-02-01,I1,Cremonese,Inter,2,0.3,mondrian,0,0,1
2026-02-01,F1,Toulouse,Auxerre,1,0.3,mondrian,1,1,0
2026-02-01,I1,Como,Atalanta,1,0.3,mondrian,0,1,1
2026-02-01,E0,Aston Villa,Brentford,2,0.3,mondrian,0,1,1
2026-02-02,E0,Sunderland,Burnley,0,0.3,mondrian,1,1,0
2026-02-02,I1,Udinese,Roma,0,0.3,mondrian,0,1,1
2026-02-02,SP1,Mallorca,Sevilla,0,0.3,mondrian,0,1,1
2026-02-03,I1,Bologna,Milan,2,0.3,mondrian,0,1,1
2026-02-06,E0,Leeds,Nott'm Forest,0,0.3,mondrian,1,1,0
2026-02-06,D1,Union Berlin,Ein Frankfurt,1,0.3,mondrian,1,1,1
2026-02-06,F1,Metz,Lille,1,0.3,mondrian,0,0,1
2026-02-06,SP1,Celta,Osasuna,2,0.3,mondrian,1,1,0
2026-02-06,I1,Verona,Pisa,1,0.3,mondrian,0,1,1
2026-02-07,E0,Newcastle,Brentford,2,0.3,mondrian,1,1,0
2026-02-07,D1,Freiburg,Werder Bremen,0,0.3,mondrian,1,1,0
2026-02-07,D1,Mainz,Augsburg,0,0.3,mondrian,1,1,0
2026-02-07,D1,St Pauli,Stuttgart,0,0.3,mondrian,0,1,1
2026-02-07,D1,Wolfsburg,Dortmund,2,0.3,mondrian,0,0,1
2026-02-07,D1,Heidenheim,Hamburg,2,0.3,mondrian,0,1,1
2026-02-07,D1,M'gladbach,Leverkusen,1,0.3,mondrian,0,1,1
2026-02-07,SP1,Barcelona,Mallorca,0,0.3,mondrian,1,0,0
2026-02-07,SP1,Sociedad,Elche,0,0.3,mondrian,1,0,0
2026-02-07,F1,Nantes,Lyon,2,0.3,mondrian,0,1,1
2026-02-07,I1,Genoa,Napoli,2,0.3,mondrian,0,1,1
2026-02-07,F1,Lens,Rennes,0,0.3,mondrian,1,0,0
2026-02-07,E0,Man United,Tottenham,0,0.3,mondrian,1,0,0
2026-02-07,E0,Bournemouth,Aston Villa,1,0.3,mondrian,0,1,1
2026-02-07,I1,Fiorentina,Torino,1,0.3,mondrian,1,1,0
2026-02-07,E0,Burnley,West Ham,2,0.3,mondrian,0,1,1
2026-02-07,E0,Fulham,Everton,2,0.3,mondrian,1,1,0
2026-02-07,E0,Wolves,Chelsea,2,0.3,mondrian,0,0,1
2026-02-07,E0,Arsenal,Sunderland,0,0.3,mondrian,1,0,0
2026-02-07,F1,Brest,Lorient,0,0.3,mondrian,0,1,0
2026-02-08,F1,Angers,Toulouse,0,0.3,mondrian,0,1,1
2026-02-08,F1,Nice,Monaco,1,0.3,mondrian,0,1,1
2026-02-08,D1,Bayern Munich,Hoffenheim,0,0.3,mondrian,1,0,0
2026-02-08,F1,Auxerre,Paris FC,1,0.3,mondrian,0,1,1
2026-02-08,SP1,Sevilla,Girona,1,0.3,mondrian,1,1,0
2026-02-08,I1,Juventus,Lazio,1,0.3,mondrian,1,0,0
2026-02-08,D1,FC Koln,RB Leipzig,2,0.3,mondrian,0,1,1
2026-02-08,I1,Sassuolo,Inter,2,0.3,mondrian,0,0,1
2026-02-08,I1,Lecce,Udinese,0,0.3,mondrian,0,1,1
2026-02-08,F1,Paris SG,Marseille,0,0.3,mondrian,1,0,0
2026-02-08,SP1,Ath Bilbao,Levante,0,0.3,mondrian,1,0,0
2026-02-08,E0,Liverpool,Man City,2,0.3,mondrian,1,0,1
2026-02-08,E0,Brighton,Crystal Palace,2,0.3,mondrian,1,1,0
2026-02-08,SP1,Alaves,Getafe,2,0.3,mondrian,0,1,0
2026-02-08,SP1,Ath Madrid,Betis,2,0.3,mondrian,1,0,0
2026-02-08,I1,Bologna,Parma,2,0.3,mondrian,1,1,0
2026-02-08,SP1,Valencia,Real Madrid,2,0.3,mondrian,0,0,1
2026-02-08,F1,Le Havre,Strasbourg,0,0.3,mondrian,0,1,1
2026-02-09,SP1,Villarreal,Espanol,0,0.3,mondrian,1,0,0
2026-02-09,I1,Roma,Cagliari,0,0.3,mondrian,1,0,0
2026-02-09,I1,Atalanta,Cremonese,0,0.3,mondrian,1,0,0
2026-02-10,E0,Chelsea,Leeds,1,0.3,mondrian,1,0,0
2026-02-10,E0,Everton,Bournemouth,2,0.3,mondrian,0,1,1
2026-02-10,E0,Tottenham,Newcastle,2,0.3,mondrian,0,1,1
2026-02-10,E0,West Ham,Man United,1,0.3,mondrian,0,0,1
2026-02-11,E0,Aston Villa,Brighton,0,0.3,mondrian,1,1,1
2026-02-11,E0,Crystal Palace,Burnley,2,0.3,mondrian,1,0,0
2026-02-11,E0,Man City,Fulham,0,0.3,mondrian,1,0,0
2026-02-11,E0,Nott'm Forest,Wolves,1,0.3,mondrian,1,1,0
2026-02-11,E0,Sunderland,Liverpool,2,0.3,mondrian,0,1,1
2026-02-12,E0,Brentford,Arsenal,1,0.3,mondrian,0,1,1
2026-02-13,F1,Rennes,Paris SG,0,0.3,mondrian,0,0,1
2026-02-13,I1,Pisa,Milan,2,0.3,mondrian,0,1,1
2026-02-13,SP1,Elche,Osasuna,1,0.3,mondrian,0,1,1
2026-02-13,F1,Monaco,Nantes,0,0.3,mondrian,1,0,0
2026-02-13,D1,Dortmund,Mainz,0,0.3,mondrian,1,0,0
2026-02-14,F1,Paris FC,Lens,2,0.3,mondrian,0,1,1
2026-02-14,D1,Stuttgart,FC Koln,0,0.3,mondrian,1,0,0
2026-02-14,SP1,Real Madrid,Sociedad,0,0.3,mondrian,1,0,0
2026-02-14,SP1,Sevilla,Alaves,1,0.3,mondrian,1,1,0
2026-02-14,SP1,Getafe,Villarreal,0,0.3,mondrian,0,1,1
2026-02-14,D1,Ein Frankfurt,M'gladbach,0,0.3,mondrian,1,1,1
2026-02-14,F1,Lille,Brest,1,0.3,mondrian,1,1,0
2026-02-14,SP1,Espanol,Celta,1,0.3,mondrian,0,1,1
2026-02-14,D1,Werder Bremen,Bayern Munich,2,0.3,mondrian,0,0,1
2026-02-14,D1,Leverkusen,St Pauli,0,0.3,mondrian,1,0,0
2026-02-14,I1,Como,Fiorentina,2,0.3,mondrian,1,1,0
2026-02-14,I1,Lazio,Atalanta,2,0.3,mondrian,0,1,1
2026-02-14,I1,Inter,Juventus,0,0.3,mondrian,1,1,0
2026-02-14,D1,Hamburg,Union Berlin,0,0.3,mondrian,0,1,1
2026-02-14,D1,Hoffenheim,Freiburg,0,0.3,mondrian,1,1,0
2026-02-14,F1,Marseille,Strasbourg,1,0.3,mondrian,1,1,0
2026-02-15,I1,Parma,Verona,0,0.3,mondrian,0,1,0
2026-02-15,SP1,Levante,Valencia,2,0.3,mondrian,0,1,1
2026-02-15,SP1,Vallecano,Ath Madrid,0,0.3,mondrian,0,1,1
2026-02-15,D1,RB Leipzig,Wolfsburg,1,0.3,mondrian,1,0,0
2026-02-15,D1,Augsburg,Heidenheim,0,0.3,mondrian,1,1,0
2026-02-15,I1,Cremonese,Genoa,1,0.3,mondrian,0,1,1
2026-02-15,SP1,Mallorca,Betis,2,0.3,mondrian,0,1,1
2026-02-15,I1,Udinese,Sassuolo,2,0.3,mondrian,0,1,1
2026-02-15,SP1,Oviedo,Ath Bilbao,2,0.3,mondrian,0,1,1
2026-02-15,F1,Le Havre,Toulouse,0,0.3,mondrian,0,1,1
2026-02-15,I1,Napoli,Roma,1,0.3,mondrian,0,1,0
2026-02-15,F1,Lorient,Angers,0,0.3,mondrian,1,1,0
2026-02-15,F1,Lyon,Nice,0,0.3,mondrian,1,1,0
2026-02-15,F1,Metz,Auxerre,2,0.3,mondrian,0,1,1
2026-02-15,I1,Torino,Bologna,2,0.3,mondrian,0,1,1
2026-02-16,SP1,Girona,Barcelona,0,0.3,mondrian,0,0,1
2026-02-16,I1,Cagliari,Lecce,2,0.3,mondrian,0,1,0
2026-02-18,SP1,Levante,Villarreal,2,0.3,mondrian,0,1,1
2026-02-18,E0,Wolves,Arsenal,1,0.3,mondrian,0,0,1
2026-02-18,I1,Milan,Como,1,0.3,mondrian,0,1,1
2026-02-20,D1,Mainz,Hamburg,1,0.3,mondrian,1,1,0
2026-02-20,SP1,Ath Bilbao,Elche,0,0.3,mondrian,1,1,0
2026-02-20,F1,Brest,Marseille,0,0.3,mondrian,0,1,1
2026-02-20,I1,Sassuolo,Verona,0,0.3,mondrian,1,1,0
2026-02-21,I1,Lecce,Inter,2,0.3,mondrian,0,0,1
2026-02-21,D1,FC Koln,Hoffenheim,1,0.3,mondrian,0,1,1
2026-02-21,D1,Union Berlin,Leverkusen,0,0.3,mondrian,0,1,1
2026-02-21,E0,Man City,Newcastle,0,0.3,mondrian,1,0,0
2026-02-21,E0,Aston Villa,Leeds,1,0.3,mondrian,1,1,0
2026-02-21,E0,Brentford,Brighton,2,0.3,mondrian,0,1,1
2026-02-21,E0,Chelsea,Burnley,1,0.3,mondrian,1,0,0
2026-02-21,D1,Bayern Munich,Ein Frankfurt,0,0.3,mondrian,1,0,0
2026-02-21,I1,Cagliari,Lazio,1,0.3,mondrian,0,1,1
2026-02-21,I1,Juventus,Como,2,0.3,mondrian,1,1,0
2026-02-21,D1,RB Leipzig,Dortmund,1,0.3,mondrian,1,0,0
2026-02-21,D1,Wolfsburg,Augsburg,2,0.3,mondrian,0,1,1
2026-02-21,SP1,Osasuna,Real Madrid,0,0.3,mondrian,0,0,1
2026-02-21,F1,Paris SG,Metz,0,0.3,mondrian,1,0,0
2026-02-21,SP1,Betis,Vallecano,1,0.3,mondrian,1,1,0
2026-02-21,SP1,Ath Madrid,Espanol,0,0.3,mondrian,1,0,0
2026-02-21,F1,Lens,Monaco,2,0.3,mondrian,1,0,0
2026-02-21,F1,Toulouse,Paris FC,1,0.3,mondrian,1,1,0
2026-02-21,SP1,Sociedad,Oviedo,1,0.3,mondrian,1,1,0
2026-02-21,E0,West Ham,Bournemouth,1,0.3,mondrian,0,1,1
2026-02-22,E0,Tottenham,Arsenal,2,0.3,mondrian,0,0,1
2026-02-22,D1,Freiburg,M'gladbach,0,0.3,mondrian,1,1,0
2026-02-22,D1,St Pauli,Werder Bremen,0,0.3,mondrian,0,1,1
2026-02-22,SP1,Barcelona,Levante,0,0.3,mondrian,1,0,0
2026-02-22,I1,Genoa,Torino,0,0.3,mondrian,0,1,0
2026-02-22,I1,Atalanta,Napoli,0,0.3,mondrian,0,1,1
2026-02-22,E0,Sunderland,Fulham,2,0.3,mondrian,0,1,1
2026-02-22,D1,Heidenheim,Stuttgart,1,0.3,mondrian,0,0,1
2026-02-22,I1,Roma,Cremonese,0,0.3,mondrian,1,0,0
2026-02-22,F1,Auxerre,Rennes,2,0.3,mondrian,0,1,1
2026-02-22,SP1,Getafe,Sevilla,2,0.3,mondrian,0,1,0
2026-02-22,E0,Nott'm Forest,Liverpool,2,0.3,mondrian,0,1,1
2026-02-22,SP1,Celta,Mallorca,0,0.3,mondrian,1,1,0
2026-02-22,F1,Nice,Lorient,1,0.3,mondrian,1,1,0
2026-02-22,F1,Nantes,Le Havre,0,0.3,mondrian,0,1,1
2026-02-22,F1,Angers,Lille,2,0.3,mondrian,0,1,1
2026-02-22,I1,Milan,Parma,2,0.3,mondrian,1,0,0
2026-02-22,SP1,Villarreal,Valencia,0,0.3,mondrian,1,0,0
2026-02-22,F1,Strasbourg,Lyon,0,0.3,mondrian,0,1,1
2026-02-22,E0,Crystal Palace,Wolves,0,0.3,mondrian,1,1,0
2026-02-23,SP1,Alaves,Girona,1,0.3,mondrian,0,1,1
2026-02-23,E0,Everton,Man United,2,0.3,mondrian,0,1,1
2026-02-23,I1,Bologna,Udinese,0,0.3,mondrian,1,1,0
2026-02-23,I1,Fiorentina,Pisa,0,0.3,mondrian,1,0,0
2026-02-27,F1,Strasbourg,Lens,1,0.3,mondrian,0,1,1
2026-02-27,I1,Parma,Cagliari,1,0.3,mondrian,0,1,0
2026-02-27,D1,Augsburg,FC Koln,0,0.3,mondrian,0,1,1
2026-02-27,E0,Wolves,Aston Villa,0,0.3,mondrian,0,1,1
2026-02-27,SP1,Levante,Alaves,0,0.3,mondrian,0,1,1
2026-02-28,E0,Bournemouth,Sunderland,1,0.3,mondrian,1,1,0
2026-02-28,D1,Dortmund,Bayern Munich,2,0.3,mondrian,0,0,1
2026-02-28,D1,Werder Bremen,Heidenheim,0,0.3,mondrian,1,0,0
2026-02-28,D1,M'gladbach,Union Berlin,0,0.3,mondrian,0,1,1
2026-02-28,D1,Leverkusen,Mainz,1,0.3,mondrian,1,0,0
2026-02-28,E0,Leeds,Man City,2,0.3,mondrian,0,1,1
2026-02-28,E0,Newcastle,Everton,2,0.3,mondrian,1,1,0
2026-02-28,E0,Burnley,Brentford,2,0.3,mondrian,0,1,1
2026-02-28,D1,Hoffenheim,St Pauli,2,0.3,mondrian,1,0,0
2026-02-28,E0,Liverpool,West Ham,0,0.3,mondrian,1,0,0
2026-02-28,SP1,Vallecano,Ath Bilbao,1,0.3,mondrian,0,1,1
2026-02-28,SP1,Mallorca,Sociedad,2,0.3,mondrian,0,1,1
2026-02-28,SP1,Oviedo,Ath Madrid,2,0.3,mondrian,0,1,1
2026-02-28,I1,Inter,Genoa,0,0.3,mondrian,1,0,0
2026-02-28,I1,Verona,Napoli,2,0.3,mondrian,0,1,1
2026-02-28,SP1,Barcelona,Villarreal,0,0.3,mondrian,1,0,0
2026-02-28,F1,Monaco,Angers,0,0.3,mondrian,1,0,0
2026-02-28,F1,Rennes,Toulouse,0,0.3,mondrian,1,1,0
2026-02-28,I1,Como,Lecce,0,0.3,mondrian,1,0,0
2026-02-28,F1,Le Havre,Paris SG,2,0.3,mondrian,0,0,1
2026-03-01,SP1,Girona,Celta,2,0.3,mondrian,0,1,1
2026-03-01,F1,Lille,Nantes,0,0.3,mondrian,1,0,0
2026-03-01,E0,Man United,Crystal Palace,0,0.3,mondrian,1,0,0
2026-03-01,F1,Paris FC,Nice,0,0.3,mondrian,0,1,1
2026-03-01,E0,Brighton,Nott'm Forest,0,0.3,mondrian,1,1,0
2026-03-01,F1,Lorient,Auxerre,1,0.3,mondrian,1,1,0
2026-03-01,F1,Metz,Brest,2,0.3,mondrian,0,1,1
2026-03-01,F1,Marseille,Lyon,0,0.3,mondrian,1,1,0
2026-03-01,E0,Fulham,Tottenham,0,0.3,mondrian,1,1,0
2026-03-01,SP1,Betis,Sevilla,1,0.3,mondrian,1,1,0
2026-03-01,I1,Torino,Lazio,0,0.3,mondrian,0,1,1
2026-03-01,SP1,Elche,Espanol,1,0.3,mondrian,0,1,1
2026-03-01,SP1,Valencia,Osasuna,0,0.3,mondrian,0,1,1
2026-03-01,I1,Cremonese,Milan,2,0.3,mondrian,0,0,1
2026-03-01,I1,Roma,Juventus,1,0.3,mondrian,0,1,1
2026-03-01,I1,Sassuolo,Atalanta,0,0.3,mondrian,0,1,1
2026-03-01,D1,Ein Frankfurt,Freiburg,0,0.3,mondrian,0,1,1
2026-03-01,D1,Hamburg,RB Leipzig,2,0.3,mondrian,0,0,1
2026-03-01,E0,Arsenal,Chelsea,0,0.3,mondrian,1,0,0
2026-03-01,D1,Stuttgart,Wolfsburg,0,0.3,mondrian,1,0,0
2026-03-02,I1,Pisa,Bologna,2,0.3,mondrian,0,1,1
2026-03-02,SP1,Real Madrid,Getafe,2,0.3,mondrian,1,0,0
2026-03-02,I1,Udinese,Fiorentina,0,0.3,mondrian,0,1,1
2026-03-03,E0,Bournemouth,Brentford,1,0.3,mondrian,0,1,1
2026-03-03,E0,Everton,Burnley,0,0.3,mondrian,1,1,0
2026-03-03,E0,Leeds,Sunderland,2,0.3,mondrian,1,1,0
2026-03-03,E0,Wolves,Liverpool,0,0.3,mondrian,0,0,1
2026-03-04,SP1,Vallecano,Oviedo,0,0.3,mondrian,1,1,0
2026-03-04,E0,Fulham,West Ham,2,0.3,mondrian,0,1,1
2026-03-04,E0,Newcastle,Man United,0,0.3,mondrian,0,1,1
2026-03-04,E0,Aston Villa,Chelsea,2,0.3,mondrian,0,1,1
2026-03-04,D1,Hamburg,Leverkusen,2,0.3,mondrian,0,1,1
2026-03-04,E0,Man City,Nott'm Forest,1,0.3,mondrian,1,0,0
2026-03-04,E0,Brighton,Arsenal,2,0.3,mondrian,0,1,1
2026-03-05,E0,Tottenham,Crystal Palace,2,0.3,mondrian,0,1,1
2026-03-06,F1,Paris SG,Monaco,2,0.3,mondrian,1,0,0
2026-03-06,SP1,Celta,Real Madrid,2,0.3,mondrian,0,1,1
2026-03-06,D1,Bayern Munich,M'gladbach,0,0.3,mondrian,1,0,0
2026-03-06,I1,Napoli,Torino,0,0.3,mondrian,1,1,0
2026-03-07,I1,Atalanta,Udinese,1,0.3,mondrian,1,1,0
2026-03-07,SP1,Ath Madrid,Sociedad,0,0.3,mondrian,1,0,0
2026-03-07,SP1,Levante,Girona,1,0.3,mondrian,0,1,1
2026-03-07,SP1,Osasuna,Mallorca,1,0.3,mondrian,1,1,0
2026-03-07,F1,Nantes,Angers,2,0.3,mondrian,0,1,0
2026-03-07,D1,FC Koln,Dortmund,2,0.3,mondrian,0,0,1
2026-03-07,D1,Wolfsburg,Hamburg,2,0.3,mondrian,0,1,1
2026-03-07,I1,Cagliari,Como,2,0.3,mondrian,0,0,1
2026-03-07,I1,Juventus,Pisa,0,0.3,mondrian,1,0,0
2026-03-07,D1,RB Leipzig,Augsburg,0,0.3,mondrian,1,0,0
2026-03-07,D1,Mainz,Stuttgart,1,0.3,mondrian,0,1,1
2026-03-07,D1,Heidenheim,Hoffenheim,2,0.3,mondrian,0,0,1
2026-03-07,D1,Freiburg,Leverkusen,1,0.3,mondrian,0,1,1
2026-03-07,F1,Auxerre,Strasbourg,1,0.3,mondrian,0,1,1
2026-03-07,F1,Toulouse,Marseille,2,0.3,mondrian,0,1,1
2026-03-07,SP1,Ath Bilbao,Barcelona,2,0.3,mondrian,0,0,1
2026-03-08,SP1,Valencia,Alaves,0,0.3,mondrian,1,1,0
2026-03-08,I1,Fiorentina,Parma,1,0.3,mondrian,1,1,0
2026-03-08,I1,Genoa,Roma,0,0.3,mondrian,0,1,1
2026-03-08,I1,Lecce,Cremonese,0,0.3,mondrian,0,1,0
2026-03-08,I1,Milan,Inter,0,0.3,mondrian,0,1,1
2026-03-08,F1,Lille,Lorient,1,0.3,mondrian,1,0,0
2026-03-08,F1,Nice,Rennes,2,0.3,mondrian,0,1,1
2026-03-08,F1,Brest,Le Havre,0,0.3,mondrian,1,1,0
2026-03-08,F1,Lens,Metz,0,0.3,mondrian,1,0,0
2026-03-08,F1,Lyon,Paris FC,1,0.3,mondrian,1,1,0
2026-03-08,I1,Bologna,Verona,2,0.3,mondrian,1,1,0
2026-03-08,SP1,Getafe,Betis,0,0.3,mondrian,0,1,1
2026-03-08,D1,Union Berlin,Werder Bremen,2,0.3,mondrian,0,1,1
2026-03-08,D1,St Pauli,Ein Frankfurt,1,0.3,mondrian,0,1,1
2026-03-08,SP1,Villarreal,Elche,0,0.3,mondrian,1,0,0
2026-03-08,SP1,Sevilla,Vallecano,1,0.3,mondrian,0,1,1
2026-03-09,SP1,Espanol,Oviedo,1,0.3,mondrian,1,1,0
2026-03-09,I1,Lazio,Sassuolo,0,0.3,mondrian,1,1,0
2026-03-13,D1,M'gladbach,St Pauli,0,0.3,mondrian,1,1,0
2026-03-13,F1,Marseille,Auxerre,0,0.3,mondrian,1,0,0
2026-03-13,SP1,Alaves,Villarreal,1,0.3,mondrian,0,1,1
2026-03-13,I1,Torino,Parma,0,0.3,mondrian,0,1,0
2026-03-14,E0,Arsenal,Everton,0,0.3,mondrian,1,0,0
2026-03-14,I1,Napoli,Lecce,0,0.3,mondrian,1,0,0
2026-03-14,I1,Udinese,Juventus,2,0.3,mondrian,0,0,1
2026-03-14,D1,Hoffenheim,Wolfsburg,1,0.3,mondrian,1,0,0
2026-03-14,F1,Monaco,Brest,0,0.3,mondrian,1,0,0
2026-03-14,D1,Leverkusen,Bayern Munich,1,0.3,mondrian,0,0,1
2026-03-14,E0,West Ham,Man City,1,0.3,mondrian,0,0,1
2026-03-14,E0,Chelsea,Newcastle,2,0.3,mondrian,1,0,0
2026-03-14,E0,Sunderland,Brighton,2,0.3,mondrian,0,1,1
2026-03-14,I1,Inter,Atalanta,1,0.3,mondrian,1,0,0
2026-03-14,F1,Angers,Nice,2,0.3,mondrian,0,1,1
2026-03-14,F1,Lorient,Lens,0,0.3,mondrian,0,1,1
2026-03-14,D1,Hamburg,FC Koln,1,0.3,mondrian,0,1,1
2026-03-14,SP1,Ath Madrid,Getafe,0,0.3,mondrian,1,1,0
2026-03-14,D1,Ein Frankfurt,Heidenheim,0,0.3,mondrian,1,0,0
2026-03-14,E0,Burnley,Bournemouth,1,0.3,mondrian,0,0,1
2026-03-14,SP1,Real Madrid,Elche,0,0.3,mondrian,1,0,0
2026-03-14,SP1,Oviedo,Valencia,0,0.3,mondrian,0,1,1
2026-03-14,SP1,Girona,Ath Bilbao,0,0.3,mondrian,0,1,1
2026-03-14,D1,Dortmund,Augsburg,0,0.3,mondrian,1,0,0
2026-03-15,F1,Le Havre,Lyon,1,0.3,mondrian,0,1,1
2026-03-15,D1,Werder Bremen,Mainz,2,0.3,mondrian,0,1,1
2026-03-15,F1,Strasbourg,Paris FC,1,0.3,mondrian,1,1,0
2026-03-15,SP1,Mallorca,Espanol,0,0.3,mondrian,0,1,1
2026-03-15,SP1,Barcelona,Sevilla,0,0.3,mondrian,1,0,0
2026-03-15,SP1,Betis,Celta,1,0.3,mondrian,1,1,0
2026-03-15,SP1,Sociedad,Osasuna,0,0.3,mondrian,1,1,0
2026-03-15,F1,Metz,Toulouse,2,0.3,mondrian,0,1,1
2026-03-15,I1,Verona,Genoa,2,0.3,mondrian,0,1,1
2026-03-15,F1,Rennes,Lille,2,0.3,mondrian,1,1,0
2026-03-15,I1,Pisa,Cagliari,0,0.3,mondrian,0,1,1
2026-03-15,I1,Sassuolo,Bologna,2,0.3,mondrian,0,1,1
2026-03-15,I1,Lazio,Milan,0,0.3,mondrian,0,1,1
2026-03-15,E0,Liverpool,Tottenham,1,0.3,mondrian,1,0,0
2026-03-15,E0,Nott'm Forest,Fulham,1,0.3,mondrian,0,1,1
2026-03-15,E0,Man United,Aston Villa,0,0.3,mondrian,1,0,0
2026-03-15,E0,Crystal Palace,Leeds,1,0.3,mondrian,0,1,1
2026-03-15,D1,Stuttgart,RB Leipzig,0,0.3,mondrian,0,0,1
2026-03-15,I1,Como,Roma,0,0.3,mondrian,1,1,0
2026-03-15,D1,Freiburg,Union Berlin,2,0.3,mondrian,1,1,0
2026-03-16,I1,Cremonese,Fiorentina,2,0.3,mondrian,0,1,1
2026-03-16,E0,Brentford,Wolves,1,0.3,mondrian,1,0,0
2026-03-16,SP1,Vallecano,Levante,1,0.3,mondrian,1,1,0
2026-03-20,I1,Genoa,Udinese,2,0.3,mondrian,1,1,0
2026-03-20,SP1,Villarreal,Sociedad,0,0.3,mondrian,1,1,0
2026-03-20,I1,Cagliari,Napoli,2,0.3,mondrian,0,1,1
2026-03-20,E0,Bournemouth,Man United,1,0.3,mondrian,0,1,1
2026-03-20,D1,RB Leipzig,Hoffenheim,0,0.3,mondrian,1,0,0
2026-03-20,F1,Lens,Angers,0,0.3,mondrian,1,0,0
2026-03-21,E0,Fulham,Burnley,0,0.3,mondrian,1,0,0
2026-03-21,SP1,Elche,Mallorca,0,0.3,mondrian,1,1,0
2026-03-21,E0,Leeds,Brentford,1,0.3,mondrian,0,1,1
2026-03-21,F1,Nice,Paris SG,2,0.3,mondrian,0,0,1
2026-03-21,D1,Dortmund,Hamburg,0,0.3,mondrian,1,0,0
2026-03-21,D1,Wolfsburg,Werder Bremen,2,0.3,mondrian,0,1,1
2026-03-21,D1,Heidenheim,Leverkusen,1,0.3,mondrian,0,0,1
2026-03-21,D1,FC Koln,M'gladbach,1,0.3,mondrian,0,1,1
2026-03-21,E0,Brighton,Liverpool,0,0.3,mondrian,0,1,1
2026-03-21,F1,Auxerre,Brest,0,0.3,mondrian,0,1,0
2026-03-21,I1,Juventus,Sassuolo,1,0.3,mondrian,1,0,0
2026-03-21,E0,Everton,Chelsea,0,0.3,mondrian,0,1,1
2026-03-21,D1,Bayern Munich,Union Berlin,0,0.3,mondrian,1,0,0
2026-03-21,SP1,Sevilla,Valencia,2,0.3,mondrian,1,1,0
2026-03-21,SP1,Osasuna,Girona,0,0.3,mondrian,1,1,0
2026-03-21,I1,Parma,Cremonese,2,0.3,mondrian,0,1,0
2026-03-21,SP1,Espanol,Getafe,2,0.3,mondrian,0,1,1
2026-03-21,F1,Toulouse,Lorient,0,0.3,mondrian,1,1,0
2026-03-21,I1,Milan,Torino,0,0.3,mondrian,1,0,0
2026-03-21,SP1,Levante,Oviedo,0,0.3,mondrian,0,1,1
2026-03-22,E0,Tottenham,Nott'm Forest,2,0.3,mondrian,0,1,1
2026-03-22,SP1,Real Madrid,Ath Madrid,0,0.3,mondrian,1,1,0
2026-03-22,SP1,Ath Bilbao,Betis,0,0.3,mondrian,1,1,0
2026-03-22,SP1,Celta,Alaves,2,0.3,mondrian,1,1,0
2026-03-22,SP1,Barcelona,Vallecano,0,0.3,mondrian,1,0,0
2026-03-22,D1,Mainz,Ein Frankfurt,0,0.3,mondrian,1,1,1
2026-03-22,D1,St Pauli,Freiburg,2,0.3,mondrian,0,1,1
2026-03-22,E0,Newcastle,Sunderland,2,0.3,mondrian,1,0,0
2026-03-22,E0,Aston Villa,West Ham,0,0.3,mondrian,1,1,0
2026-03-22,D1,Augsburg,Stuttgart,2,0.3,mondrian,0,1,1
2026-03-22,F1,Nantes,Strasbourg,2,0.3,mondrian,0,1,1
2026-03-22,F1,Rennes,Metz,1,0.3,mondrian,1,0,0
2026-03-22,F1,Paris FC,Le Havre,0,0.3,mondrian,1,1,0
2026-03-22,F1,Marseille,Lille,2,0.3,mondrian,1,1,0
2026-03-22,F1,Lyon,Monaco,2,0.3,mondrian,0,1,1
2026-03-22,I1,Fiorentina,Inter,1,0.3,mondrian,0,0,1
2026-03-22,I1,Como,Pisa,0,0.3,mondrian,1,0,0
2026-03-22,I1,Bologna,Lazio,2,0.3,mondrian,0,1,0
2026-03-22,I1,Atalanta,Verona,0,0.3,mondrian,1,0,0
2026-03-22,I1,Roma,Lecce,0,0.3,mondrian,1,1,0
2026-04-03,F1,Paris SG,Toulouse,0,0.3,mondrian,1,0,0
2026-04-03,SP1,Vallecano,Elche,0,0.3,mondrian,1,1,0
2026-04-04,D1,Stuttgart,Dortmund,2,0.3,mondrian,0,1,1
2026-04-04,D1,Werder Bremen,RB Leipzig,2,0.3,mondrian,0,0,1
2026-04-04,I1,Verona,Fiorentina,2,0.3,mondrian,0,1,1
2026-04-04,F1,Lille,Lens,0,0.3,mondrian,0,1,1
2026-04-04,F1,Brest,Rennes,2,0.3,mondrian,0,1,1
2026-04-04,F1,Strasbourg,Nice,0,0.3,mondrian,1,1,0
2026-04-04,D1,M'gladbach,Heidenheim,1,0.3,mondrian,1,0,0
2026-04-04,I1,Lazio,Parma,1,0.3,mondrian,1,1,0
2026-04-04,SP1,Sociedad,Levante,0,0.3,mondrian,1,0,0
2026-04-04,D1,Freiburg,Bayern Munich,2,0.3,mondrian,0,0,1
2026-04-04,D1,Hamburg,Augsburg,1,0.3,mondrian,0,1,1
2026-04-04,D1,Hoffenheim,Mainz,2,0.3,mondrian,1,1,0
2026-04-04,SP1,Ath Madrid,Barcelona,2,0.3,mondrian,0,0,1
2026-04-04,SP1,Betis,Espanol,1,0.3,mondrian,1,1,0
2026-04-04,SP1,Mallorca,Real Madrid,0,0.3,mondrian,0,0,1
2026-04-04,D1,Leverkusen,Wolfsburg,0,0.3,mondrian,1,0,0
2026-04-04,I1,Sassuolo,Cagliari,0,0.3,mondrian,1,1,0
2026-04-05,F1,Le Havre,Auxerre,1,0.3,mondrian,0,1,1
2026-04-05,I1,Cremonese,Bologna,2,0.3,mondrian,0,1,1
2026-04-05,I1,Pisa,Torino,2,0.3,mondrian,0,1,1
2026-04-05,F1,Monaco,Marseille,0,0.3,mondrian,1,1,1
2026-04-05,SP1,Alaves,Osasuna,1,0.3,mondrian,0,1,1
2026-04-05,SP1,Oviedo,Sevilla,0,0.3,mondrian,0,1,1
2026-04-05,SP1,Valencia,Celta,2,0.3,mondrian,0,1,1
2026-04-05,F1,Lorient,Paris FC,1,0.3,mondrian,0,1,1
2026-04-05,F1,Angers,Lyon,1,0.3,mondrian,0,0,1
2026-04-05,I1,Inter,Roma,0,0.3,mondrian,1,0,0
2026-04-05,F1,Metz,Nantes,1,0.3,mondrian,0,1,1
2026-04-05,D1,Ein Frankfurt,FC Koln,1,0.3,mondrian,1,1,0
2026-04-05,D1,Union Berlin,St Pauli,1,0.3,mondrian,1,1,0
2026-04-05,SP1,Getafe,Ath Bilbao,0,0.3,mondrian,0,1,1
2026-04-06,SP1,Girona,Villarreal,0,0.3,mondrian,0,1,1
2026-04-06,I1,Udinese,Como,1,0.3,mondrian,0,1,1
2026-04-06,I1,Juventus,Genoa,0,0.3,mondrian,1,0,0
2026-04-06,I1,Lecce,Atalanta,2,0.3,mondrian,0,1,1
2026-04-06,I1,Napoli,Milan,0,0.3,mondrian,0,1,1
2026-04-10,SP1,Real Madrid,Girona,1,0.3,mondrian,1,0,0
2026-04-10,F1,Marseille,Metz,0,0.3,mondrian,1,0,0
2026-04-10,F1,Paris FC,Monaco,0,0.3,mondrian,0,1,1
2026-04-10,E0,West Ham,Wolves,0,0.3,mondrian,1,1,0
2026-04-10,I1,Roma,Pisa,0,0.3,mondrian,1,0,0
2026-04-10,D1,Augsburg,Hoffenheim,1,0.3,mondrian,0,1,1
2026-04-11,SP1,Elche,Valencia,0,0.3,mondrian,0,1,1
2026-04-11,SP1,Sociedad,Alaves,1,0.3,mondrian,1,1,0
2026-04-11,D1,Heidenheim,Union Berlin,0,0.3,mondrian,0,1,1
2026-04-11,D1,Dortmund,Leverkusen,2,0.3,mondrian,1,1,1
2026-04-11,I1,Torino,Verona,0,0.3,mondrian,1,1,0
2026-04-11,E0,Brentford,Everton,1,0.3,mondrian,1,1,0
2026-04-11,SP1,Barcelona,Espanol,0,0.3,mondrian,1,0,0
2026-04-11,I1,Cagliari,Cremonese,0,0.3,mondrian,1,1,0
2026-04-11,E0,Arsenal,Bournemouth,2,0.3,mondrian,1,0,0
2026-04-11,E0,Liverpool,Fulham,0,0.3,mondrian,1,0,0
2026-04-11,E0,Burnley,Brighton,2,0.3,mondrian,0,0,1
2026-04-11,D1,RB Leipzig,M'gladbach,0,0.3,mondrian,1,0,0
2026-04-11,D1,Wolfsburg,Ein Frankfurt,2,0.3,mondrian,0,1,1
2026-04-11,D1,St Pauli,Bayern Munich,2,0.3,mondrian,0,0,1
2026-04-11,I1,Atalanta,Juventus,2,0.3,mondrian,0,1,1
2026-04-11,F1,Rennes,Angers,0,0.3,mondrian,1,0,0
2026-04-11,SP1,Sevilla,Ath Madrid,0,0.3,mondrian,1,1,1
2026-04-11,I1,Milan,Udinese,2,0.3,mondrian,1,0,0
2026-04-11,F1,Auxerre,Nantes,1,0.3,mondrian,1,1,0
2026-04-12,I1,Bologna,Lecce,0,0.3,mondrian,1,1,0
2026-04-12,E0,Chelsea,Man City,2,0.3,mondrian,0,1,1
2026-04-12,E0,Sunderland,Tottenham,0,0.3,mondrian,0,1,1
2026-04-12,E0,Nott'm Forest,Aston Villa,1,0.3,mondrian,0,1,1
2026-04-12,E0,Crystal Palace,Newcastle,0,0.3,mondrian,0,1,1
2026-04-12,I1,Como,Inter,2,0.3,mondrian,0,1,1
2026-04-12,I1,Genoa,Sassuolo,0,0.3,mondrian,1,1,0
2026-04-12,I1,Parma,Napoli,1,0.3,mondrian,0,1,1
2026-04-12,F1,Lyon,Lorient,0,0.3,mondrian,1,0,0
2026-04-12,SP1,Celta,Oviedo,2,0.3,mondrian,1,1,0
2026-04-12,F1,Nice,Le Havre,1,0.3,mondrian,1,1,0
2026-04-12,D1,FC Koln,Werder Bremen,0,0.3,mondrian,0,1,1
2026-04-12,D1,Stuttgart,Hamburg,0,0.3,mondrian,1,0,0
2026-04-12,D1,Mainz,Freiburg,2,0.3,mondrian,0,1,0
2026-04-12,SP1,Ath Bilbao,Villarreal,2,0.3,mondrian,1,1,0
2026-04-12,SP1,Mallorca,Vallecano,0,0.3,mondrian,0,1,1
2026-04-12,SP1,Osasuna,Betis,1,0.3,mondrian,0,1,1
2026-04-12,F1,Toulouse,Lille,2,0.3,mondrian,0,1,1
2026-04-13,SP1,Levante,Getafe,0,0.3,mondrian,0,1,1
2026-04-13,E0,Man United,Leeds,2,0.3,mondrian,1,0,0
2026-04-13,I1,Fiorentina,Lazio,0,0.3,mondrian,0,1,0
2026-04-17,D1,St Pauli,FC Koln,1,0.3,mondrian,0,1,1
2026-04-17,F1,Lens,Toulouse,0,0.3,mondrian,1,0,0
2026-04-17,I1,Sassuolo,Como,0,0.3,mondrian,0,0,1
2026-04-17,I1,Inter,Cagliari,0,0.3,mondrian,1,0,0
2026-04-18,E0,Brentford,Fulham,1,0.3,mondrian,1,1,0
2026-04-18,E0,Leeds,Wolves,0,0.3,mondrian,1,0,0
2026-04-18,D1,Ein Frankfurt,RB Leipzig,2,0.3,mondrian,0,1,1
2026-04-18,D1,Werder Bremen,Hamburg,0,0.3,mondrian,1,1,0
2026-04-18,D1,Union Berlin,Wolfsburg,2,0.3,mondrian,1,1,1
2026-04-18,D1,Leverkusen,Augsburg,2,0.3,mondrian,1,0,0
2026-04-18,D1,Hoffenheim,Dortmund,0,0.3,mondrian,1,1,1
2026-04-18,I1,Roma,Atalanta,1,0.3,mondrian,0,1,1
2026-04-18,I1,Udinese,Parma,2,0.3,mondrian,0,1,0
2026-04-18,I1,Napoli,Lazio,2,0.3,mondrian,1,0,0
2026-04-18,E0,Newcastle,Bournemouth,2,0.3,mondrian,0,1,1
2026-04-18,E0,Chelsea,Man United,2,0.3,mondrian,1,1,1
2026-04-18,F1,Lorient,Marseille,0,0.3,mondrian,0,0,1
2026-04-18,E0,Tottenham,Brighton,1,0.3,mondrian,0,1,1
2026-04-18,F1,Lille,Nice,1,0.3,mondrian,1,0,0
2026-04-18,F1,Angers,Le Havre,1,0.3,mondrian,0,1,1
2026-04-19,E0,Nott'm Forest,Burnley,0,0.3,mondrian,1,0,0
2026-04-19,F1,Nantes,Brest,1,0.3,mondrian,0,1,1
2026-04-19,I1,Juventus,Bologna,0,0.3,mondrian,1,0,0
2026-04-19,I1,Pisa,Genoa,2,0.3,mondrian,0,1,1
2026-04-19,I1,Verona,Milan,2,0.3,mondrian,0,0,1
2026-04-19,I1,Cremonese,Torino,1,0.3,mondrian,0,1,1
2026-04-19,D1,M'gladbach,Mainz,1,0.3,mondrian,0,1,1
2026-04-19,D1,Bayern Munich,Stuttgart,0,0.3,mondrian,1,0,0
2026-04-19,F1,Strasbourg,Rennes,2,0.3,mondrian,0,0,1
2026-04-19,F1,Metz,Paris FC,2,0.3,mondrian,0,1,1
2026-04-19,E0,Man City,Arsenal,0,0.3,mondrian,1,1,0
2026-04-19,E0,Aston Villa,Sunderland,0,0.3,mondrian,1,1,0
2026-04-19,E0,Everton,Liverpool,2,0.3,mondrian,0,1,1
2026-04-19,F1,Monaco,Auxerre,1,0.3,mondrian,1,0,0
2026-04-19,D1,Freiburg,Heidenheim,0,0.3,mondrian,1,0,0
2026-04-19,F1,Paris SG,Lyon,2,0.3,mondrian,1,0,0
2026-04-20,I1,Lecce,Fiorentina,1,0.3,mondrian,0,1,1
2026-04-20,E0,Crystal Palace,West Ham,1,0.3,mondrian,0,1,1
2026-04-21,SP1,Girona,Betis,2,0.3,mondrian,0,1,1
2026-04-21,SP1,Real Madrid,Alaves,0,0.3,mondrian,1,0,0
2026-04-21,E0,Brighton,Chelsea,0,0.3,mondrian,0,1,1
2026-04-21,SP1,Mallorca,Valencia,1,0.3,mondrian,0,1,1
2026-04-21,SP1,Ath Bilbao,Osasuna,0,0.3,mondrian,1,1,0
2026-04-22,SP1,Sociedad,Getafe,2,0.3,mondrian,0,1,0
2026-04-22,F1,Paris SG,Nantes,0,0.3,mondrian,1,0,0
2026-04-22,E0,Bournemouth,Leeds,1,0.3,mondrian,1,1,0
2026-04-22,E0,Burnley,Man City,2,0.3,mondrian,0,0,1
2026-04-22,SP1,Elche,Ath Madrid,0,0.3,mondrian,0,1,1
2026-04-22,SP1,Barcelona,Celta,0,0.3,mondrian,1,0,0
2026-04-23,SP1,Oviedo,Villarreal,1,0.3,mondrian,0,1,1
2026-04-23,SP1,Vallecano,Espanol,0,0.3,mondrian,1,1,0
2026-04-23,SP1,Levante,Sevilla,0,0.3,mondrian,0,1,1
2026-04-24,E0,Sunderland,Nott'm Forest,2,0.3,mondrian,0,1,1
2026-04-24,SP1,Betis,Real Madrid,1,0.3,mondrian,0,0,1
2026-04-24,D1,RB Leipzig,Union Berlin,0,0.3,mondrian,1,0,0
2026-04-24,F1,Brest,Lens,1,0.3,mondrian,0,0,1
2026-04-24,I1,Napoli,Cremonese,0,0.3,mondrian,1,0,0
2026-04-25,F1,Toulouse,Monaco,1,0.3,mondrian,0,0,1
2026-04-25,SP1,Valencia,Girona,0,0.3,mondrian,0,1,1
2026-04-25,SP1,Alaves,Mallorca,0,0.3,mondrian,1,1,0
2026-04-25,SP1,Ath Madrid,Ath Bilbao,0,0.3,mondrian,1,1,0
2026-04-25,SP1,Getafe,Barcelona,2,0.3,mondrian,0,0,1
2026-04-25,E0,Arsenal,Newcastle,0,0.3,mondrian,1,0,0
2026-04-25,E0,Wolves,Tottenham,2,0.3,mondrian,0,0,1
2026-04-25,E0,West Ham,Everton,0,0.3,mondrian,0,1,1
2026-04-25,F1,Lyon,Auxerre,0,0.3,mondrian,1,0,0
2026-04-25,F1,Angers,Paris SG,2,0.3,mondrian,0,0,1
2026-04-25,D1,Mainz,Bayern Munich,2,0.3,mondrian,0,0,1
2026-04-25,I1,Bologna,Roma,2,0.3,mondrian,0,1,1
2026-04-25,I1,Parma,Pisa,0,0.3,mondrian,0,1,0
2026-04-25,E0,Liverpool,Crystal Palace,0,0.3,mondrian,1,0,0
2026-04-25,D1,Wolfsburg,M'gladbach,1,0.3,mondrian,1,1,1
2026-04-25,D1,Heidenheim,St Pauli,0,0.3,mondrian,0,1,1
2026-04-25,D1,Hamburg,Hoffenheim,2,0.3,mondrian,0,0,1
2026-04-25,D1,Augsburg,Ein Frankfurt,1,0.3,mondrian,0,1,1
2026-04-25,E0,Fulham,Aston Villa,0,0.3,mondrian,0,1,1
2026-04-25,I1,Verona,Lecce,1,0.3,mondrian,0,1,1
2026-04-25,D1,FC Koln,Leverkusen,2,0.3,mondrian,0,0,1
2026-04-26,SP1,Vallecano,Sociedad,1,0.3,mondrian,0,1,1
2026-04-26,D1,Dortmund,Freiburg,0,0.3,mondrian,1,0,0
2026-04-26,F1,Marseille,Nice,1,0.3,mondrian,1,1,0
2026-04-26,F1,Rennes,Nantes,0,0.3,mondrian,1,0,0
2026-04-26,F1,Paris FC,Lille,2,0.3,mondrian,0,0,1
2026-04-26,D1,Stuttgart,Werder Bremen,1,0.3,mondrian,1,0,0
2026-04-26,F1,Le Havre,Metz,1,0.3,mondrian,1,0,0
2026-04-26,I1,Torino,Inter,1,0.3,mondrian,0,0,1
2026-04-26,SP1,Osasuna,Sevilla,0,0.3,mondrian,1,1,0
2026-04-26,I1,Milan,Juventus,1,0.3,mondrian,0,1,1
2026-04-26,I1,Genoa,Como,2,0.3,mondrian,0,0,1
2026-04-26,I1,Fiorentina,Sassuolo,1,0.3,mondrian,1,1,0
2026-04-26,SP1,Villarreal,Celta,0,0.3,mondrian,1,1,0
2026-04-26,F1,Lorient,Strasbourg,2,0.3,mondrian,1,1,1
2026-04-26,SP1,Oviedo,Elche,2,0.3,mondrian,0,1,1
2026-04-27,I1,Lazio,Udinese,1,0.3,mondrian,0,1,0
2026-04-27,SP1,Espanol,Levante,1,0.3,mondrian,1,1,0
2026-04-27,E0,Man United,Brentford,0,0.3,mondrian,1,1,0
2026-04-27,I1,Cagliari,Atalanta,0,0.3,mondrian,0,1,1
2026-05-01,SP1,Girona,Mallorca,2,0.3,mondrian,1,1,0
2026-05-01,I1,Pisa,Lecce,2,0.3,mondrian,0,1,1
2026-05-01,E0,Leeds,Burnley,0,0.3,mondrian,1,0,0
2026-05-02,F1,Nantes,Marseille,0,0.3,mondrian,0,1,1
2026-05-02,D1,Bayern Munich,Heidenheim,1,0.3,mondrian,1,0,0
2026-05-02,F1,Metz,Monaco,2,0.3,mondrian,0,0,1
2026-05-02,F1,Nice,Lens,1,0.3,mondrian,0,0,1
2026-05-02,D1,Ein Frankfurt,Hamburg,2,0.3,mondrian,1,0,0
2026-05-02,D1,Hoffenheim,Stuttgart,1,0.3,mondrian,1,0,1
2026-05-02,D1,Werder Bremen,Augsburg,2,0.3,mondrian,1,1,0
2026-05-02,D1,Leverkusen,RB Leipzig,0,0.3,mondrian,1,0,1
2026-05-02,F1,Paris SG,Lorient,1,0.3,mondrian,1,0,0
2026-05-02,I1,Atalanta,Genoa,1,0.3,mondrian,1,0,0
2026-05-02,D1,Union Berlin,FC Koln,1,0.3,mondrian,0,1,1
2026-05-02,I1,Como,Napoli,1,0.3,mondrian,0,1,0
2026-05-02,I1,Udinese,Torino,0,0.3,mondrian,1,1,0
2026-05-02,SP1,Alaves,Ath Bilbao,2,0.3,mondrian,0,1,1
2026-05-02,SP1,Valencia,Ath Madrid,2,0.3,mondrian,1,0,0
2026-05-02,SP1,Villarreal,Levante,0,0.3,mondrian,1,0,0
2026-05-02,SP1,Osasuna,Barcelona,2,0.3,mondrian,0,0,1
2026-05-02,E0,Newcastle,Brighton,0,0.3,mondrian,0,1,1
2026-05-02,E0,Wolves,Sunderland,1,0.3,mondrian,0,1,1
2026-05-02,E0,Arsenal,Fulham,0,0.3,mondrian,1,0,0
2026-05-02,E0,Brentford,West Ham,0,0.3,mondrian,1,1,0
2026-05-03,E0,Aston Villa,Tottenham,2,0.3,mondrian,0,1,1
2026-05-03,I1,Bologna,Cagliari,1,0.3,mondrian,0,1,0
2026-05-03,I1,Sassuolo,Milan,0,0.3,mondrian,0,0,1
2026-05-03,I1,Juventus,Verona,1,0.3,mondrian,1,0,0
2026-05-03,I1,Inter,Parma,0,0.3,mondrian,1,0,0
2026-05-03,SP1,Betis,Oviedo,0,0.3,mondrian,1,0,0
2026-05-03,SP1,Espanol,Real Madrid,2,0.3,mondrian,0,1,1
2026-05-03,SP1,Getafe,Vallecano,2,0.3,mondrian,1,1,0
2026-05-03,E0,Man United,Liverpool,0,0.3,mondrian,0,1,1
2026-05-03,D1,Freiburg,Wolfsburg,1,0.3,mondrian,1,1,0
2026-05-03,F1,Lyon,Rennes,0,0.3,mondrian,1,1,1
2026-05-03,F1,Strasbourg,Toulouse,2,0.3,mondrian,0,1,1
2026-05-03,F1,Paris FC,Brest,0,0.3,mondrian,1,1,0
2026-05-03,F1,Auxerre,Angers,0,0.3,mondrian,1,1,0
2026-05-03,F1,Lille,Le Havre,1,0.3,mondrian,1,0,0
2026-05-03,D1,St Pauli,Mainz,2,0.3,mondrian,0,1,1
2026-05-03,D1,M'gladbach,Dortmund,0,0.3,mondrian,0,1,1
2026-05-03,E0,Bournemouth,Crystal Palace,0,0.3,mondrian,1,0,0
2026-05-03,SP1,Celta,Elche,0,0.3,mondrian,1,1,0
2026-05-04,I1,Roma,Fiorentina,0,0.3,mondrian,1,0,0
2026-05-04,E0,Everton,Man City,1,0.3,mondrian,0,0,1
2026-05-04,E0,Chelsea,Nott'm Forest,2,0.3,mondrian,1,0,0
2026-05-04,I1,Cremonese,Lazio,2,0.3,mondrian,0,1,1
2026-05-04,SP1,Sevilla,Sociedad,0,0.3,mondrian,0,1,1
2026-05-08,F1,Lens,Nantes,0,0.3,mondrian,1,0,0
2026-05-08,D1,Dortmund,Ein Frankfurt,0,0.3,mondrian,1,0,0
2026-05-08,I1,Torino,Sassuolo,0,0.3,mondrian,0,1,1
2026-05-08,SP1,Levante,Osasuna,0,0.3,mondrian,0,1,1
2026-05-09,I1,Cagliari,Udinese,2,0.3,mondrian,0,1,1
2026-05-09,SP1,Sociedad,Betis,1,0.3,mondrian,0,1,1
2026-05-09,SP1,Ath Madrid,Celta,2,0.3,mondrian,1,1,0
2026-05-09,SP1,Sevilla,Espanol,0,0.3,mondrian,1,1,0
2026-05-09,SP1,Elche,Alaves,1,0.3,mondrian,0,1,0
2026-05-09,D1,RB Leipzig,St Pauli,0,0.3,mondrian,1,0,0
2026-05-09,I1,Lecce,Juventus,2,0.3,mondrian,0,0,1
2026-05-09,D1,Augsburg,M'gladbach,0,0.3,mondrian,1,0,0
2026-05-09,E0,Brighton,Wolves,0,0.3,mondrian,1,0,0
2026-05-09,E0,Sunderland,Man United,1,0.3,mondrian,0,1,1
2026-05-09,E0,Fulham,Bournemouth,2,0.3,mondrian,0,1,1
2026-05-09,E0,Liverpool,Chelsea,1,0.3,mondrian,1,1,0
2026-05-09,D1,Wolfsburg,Bayern Munich,2,0.3,mondrian,0,0,1
2026-05-09,D1,Stuttgart,Leverkusen,0,0.3,mondrian,1,0,1
2026-05-09,D1,Hoffenheim,Werder Bremen,0,0.3,mondrian,1,0,0
2026-05-09,I1,Lazio,Inter,2,0.3,mondrian,0,1,1
2026-05-09,E0,Man City,Brentford,0,0.3,mondrian,1,0,0
2026-05-10,D1,FC Koln,Heidenheim,2,0.3,mondrian,1,0,1
2026-05-10,E0,West Ham,Arsenal,2,0.3,mondrian,0,0,1
2026-05-10,F1,Paris SG,Brest,0,0.3,mondrian,1,0,0
2026-05-10,F1,Rennes,Paris FC,0,0.3,mondrian,1,0,0
2026-05-10,SP1,Mallorca,Villarreal,1,0.3,mondrian,0,1,1
2026-05-10,D1,Hamburg,Freiburg,0,0.3,mondrian,0,1,1
2026-05-10,SP1,Oviedo,Getafe,1,0.3,mondrian,0,1,1
2026-05-10,SP1,Barcelona,Real Madrid,0,0.3,mondrian,1,0,0
2026-05-10,D1,Mainz,Union Berlin,2,0.3,mondrian,1,0,0
2026-05-10,F1,Monaco,Lille,2,0.3,mondrian,0,1,1
2026-05-10,SP1,Ath Bilbao,Valencia,2,0.3,mondrian,1,1,0
2026-05-10,F1,Metz,Lorient,2,0.3,mondrian,0,1,1
2026-05-10,F1,Angers,Strasbourg,1,0.3,mondrian,0,1,1
2026-05-10,F1,Auxerre,Nice,0,0.3,mondrian,0,1,1
2026-05-10,I1,Milan,Atalanta,2,0.3,mondrian,0,1,1
2026-05-10,F1,Toulouse,Lyon,0,0.3,mondrian,0,0,1
2026-05-10,E0,Nott'm Forest,Newcastle,1,0.3,mondrian,0,1,1
2026-05-10,E0,Crystal Palace,Everton,1,0.3,mondrian,0,1,1
2026-05-10,E0,Burnley,Aston Villa,1,0.3,mondrian,0,0,1
2026-05-10,I1,Verona,Como,2,0.3,mondrian,0,0,1
2026-05-10,I1,Cremonese,Pisa,0,0.3,mondrian,1,1,0
2026-05-10,I1,Fiorentina,Genoa,1,0.3,mondrian,1,1,0
2026-05-10,I1,Parma,Roma,2,0.3,mondrian,0,0,1
2026-05-10,F1,Le Havre,Marseille,2,0.3,mondrian,0,1,1
2026-05-11,E0,Tottenham,Leeds,1,0.3,mondrian,1,1,0
2026-05-11,SP1,Vallecano,Girona,1,0.3,mondrian,0,1,0
2026-05-11,I1,Napoli,Bologna,2,0.3,mondrian,1,0,0
2026-05-12,SP1,Osasuna,Ath Madrid,2,0.3,mondrian,0,1,1
2026-05-12,SP1,Betis,Elche,0,0.3,mondrian,1,0,0
2026-05-12,SP1,Celta,Levante,2,0.3,mondrian,1,1,0
2026-05-13,E0,Man City,Crystal Palace,0,0.3,mondrian,1,0,0
2026-05-13,SP1,Espanol,Ath Bilbao,0,0.3,mondrian,0,1,1
2026-05-13,SP1,Villarreal,Sevilla,2,0.3,mondrian,1,1,0
2026-05-13,SP1,Alaves,Barcelona,0,0.3,mondrian,0,1,1
2026-05-13,SP1,Getafe,Mallorca,0,0.3,mondrian,0,1,0
2026-05-13,F1,Lens,Paris SG,2,0.3,mondrian,0,0,1
2026-05-13,F1,Brest,Strasbourg,2,0.3,mondrian,0,1,1
2026-05-14,SP1,Girona,Sociedad,1,0.3,mondrian,1,1,0
2026-05-14,SP1,Real Madrid,Oviedo,0,0.3,mondrian,1,0,0
2026-05-14,SP1,Valencia,Vallecano,1,0.3,mondrian,0,1,1
2026-05-15,E0,Aston Villa,Liverpool,0,0.3,mondrian,0,1,1
2026-05-16,D1,Union Berlin,Augsburg,0,0.3,mondrian,0,0,1
2026-05-16,D1,M'gladbach,Hoffenheim,0,0.3,mondrian,0,0,1
2026-05-16,D1,Bayern Munich,FC Koln,0,0.3,mondrian,1,0,0
2026-05-16,D1,Ein Frankfurt,Stuttgart,1,0.3,mondrian,0,0,1
2026-05-16,D1,Freiburg,RB Leipzig,0,0.3,mondrian,0,1,1
2026-05-16,D1,Heidenheim,Mainz,2,0.3,mondrian,1,0,0
2026-05-16,D1,Leverkusen,Hamburg,1,0.3,mondrian,1,0,0
2026-05-16,D1,Werder Bremen,Dortmund,2,0.3,mondrian,0,0,1
2026-05-16,D1,St Pauli,Wolfsburg,2,0.3,mondrian,0,1,1
2026-05-17,E0,Wolves,Fulham,1,0.3,mondrian,0,1,1
2026-05-17,E0,Leeds,Brighton,0,0.3,mondrian,0,1,1
2026-05-17,E0,Everton,Sunderland,2,0.3,mondrian,1,1,0
2026-05-17,I1,Como,Parma,0,0.3,mondrian,1,0,0
2026-05-17,F1,Paris FC,Paris SG,0,0.3,mondrian,0,0,1
2026-05-17,E0,Newcastle,West Ham,0,0.3,mondrian,1,1,1
2026-05-17,SP1,Ath Bilbao,Celta,1,0.3,mondrian,1,1,0
2026-05-17,F1,Strasbourg,Monaco,0,0.3,mondrian,0,0,1
2026-05-17,SP1,Vallecano,Villarreal,0,0.3,mondrian,1,1,0
2026-05-17,SP1,Elche,Getafe,0,0.3,mondrian,0,1,0
2026-05-17,SP1,Oviedo,Alaves,2,0.3,mondrian,0,1,1
2026-05-17,SP1,Sevilla,Real Madrid,2,0.3,mondrian,0,1,1
2026-05-17,SP1,Sociedad,Valencia,2,0.3,mondrian,0,1,1
2026-05-17,SP1,Barcelona,Betis,0,0.3,mondrian,1,0,0
2026-05-17,SP1,Osasuna,Espanol,2,0.3,mondrian,1,1,0
2026-05-17,SP1,Levante,Mallorca,0,0.3,mondrian,1,1,0
2026-05-17,I1,Genoa,Milan,2,0.3,mondrian,0,1,1
2026-05-17,I1,Pisa,Napoli,2,0.3,mondrian,0,0,1
2026-05-17,I1,Juventus,Fiorentina,2,0.3,mondrian,1,0,0
2026-05-17,SP1,Ath Madrid,Girona,0,0.3,mondrian,1,1,0
2026-05-17,E0,Brentford,Crystal Palace,1,0.3,mondrian,1,1,0
2026-05-17,F1,Nantes,Toulouse,1,0.3,mondrian,0,1,1
2026-05-17,F1,Nice,Metz,1,0.3,mondrian,1,0,0
2026-05-17,F1,Lyon,Lens,2,0.3,mondrian,1,0,0
2026-05-17,F1,Lorient,Le Havre,2,0.3,mondrian,0,1,1
2026-05-17,E0,Man United,Nott'm Forest,0,0.3,mondrian,1,0,0
2026-05-17,F1,Marseille,Rennes,0,0.3,mondrian,1,0,0
2026-05-17,F1,Brest,Angers,1,0.3,mondrian,1,1,0
2026-05-17,I1,Udinese,Cremonese,2,0.3,mondrian,0,1,1
2026-05-17,I1,Sassuolo,Lecce,2,0.3,mondrian,0,1,1
2026-05-17,I1,Cagliari,Torino,0,0.3,mondrian,1,1,0
2026-05-17,I1,Atalanta,Bologna,2,0.3,mondrian,1,0,0
2026-05-17,I1,Inter,Verona,1,0.3,mondrian,1,0,0
2026-05-17,I1,Roma,Lazio,0,0.3,mondrian,1,0,0
2026-05-17,F1,Lille,Auxerre,2,0.3,mondrian,1,0,0
2026-05-18,E0,Arsenal,Burnley,0,0.3,mondrian,1,0,0
2026-05-19,E0,Chelsea,Tottenham,0,0.3,mondrian,0,1,0
2026-05-19,E0,Bournemouth,Man City,1,0.3,mondrian,0,0,1
2026-05-22,I1,Fiorentina,Atalanta,1,0.3,mondrian,0,1,1
2026-05-23,I1,Bologna,Inter,1,0.3,mondrian,0,1,1
2026-05-23,SP1,Valencia,Barcelona,0,0.3,mondrian,0,0,1
2026-05-23,SP1,Betis,Levante,0,0.3,mondrian,0,1,1
2026-05-23,SP1,Alaves,Vallecano,2,0.3,mondrian,1,1,0
2026-05-23,SP1,Celta,Sevilla,0,0.3,mondrian,1,1,0
2026-05-23,SP1,Girona,Elche,1,0.3,mondrian,1,1,0
2026-05-23,SP1,Getafe,Osasuna,0,0.3,mondrian,0,1,1
2026-05-23,SP1,Mallorca,Oviedo,0,0.3,mondrian,1,0,0
2026-05-23,I1,Lazio,Pisa,0,0.3,mondrian,1,1,0
2026-05-23,SP1,Real Madrid,Ath Bilbao,0,0.3,mondrian,1,0,0
2026-05-23,SP1,Espanol,Sociedad,1,0.3,mondrian,0,1,1
2026-05-24,E0,Fulham,Newcastle,0,0.3,mondrian,0,1,1
2026-05-24,E0,Liverpool,Brentford,1,0.3,mondrian,1,0,0
2026-05-24,E0,Man City,Aston Villa,2,0.3,mondrian,1,0,0
2026-05-24,E0,Nott'm Forest,Bournemouth,1,0.3,mondrian,0,1,1
2026-05-24,E0,Sunderland,Chelsea,0,0.3,mondrian,0,1,1
2026-05-24,E0,Tottenham,Everton,0,0.3,mondrian,1,1,0
2026-05-24,I1,Verona,Roma,2,0.3,mondrian,0,0,1
2026-05-24,E0,Burnley,Wolves,1,0.3,mondrian,0,1,1
2026-05-24,I1,Milan,Cagliari,2,0.3,mondrian,1,0,0
2026-05-24,I1,Lecce,Genoa,0,0.3,mondrian,1,1,0
2026-05-24,I1,Cremonese,Como,2,0.3,mondrian,0,0,1
2026-05-24,I1,Napoli,Udinese,0,0.3,mondrian,1,0,0
2026-05-24,I1,Parma,Sassuolo,0,0.3,mondrian,0,1,1
2026-05-24,E0,Crystal Palace,Arsenal,2,0.3,mondrian,0,1,1
2026-05-24,E0,Brighton,Man United,2,0.3,mondrian,1,0,0
2026-05-24,E0,West Ham,Leeds,0,0.3,mondrian,1,0,0
2026-05-24,I1,Torino,Juventus,1,0.3,mondrian,0,0,1
2026-05-24,SP1,Villarreal,Ath Madrid,0,0.3,mondrian,0,1,1
2025-08-15,SP1,Girona,Vallecano,2,0.3,adaptive_mondrian_g0.02,0,1,1
2025-08-15,E0,Liverpool,Bournemouth,0,0.3,adaptive_mondrian_g0.02,1,0,0
2025-08-15,F1,Rennes,Marseille,0,0.3,adaptive_mondrian_g0.02,0,1,1
2025-08-15,SP1,Villarreal,Oviedo,0,0.3,adaptive_mondrian_g0.02,1,0,0
2025-08-16,SP1,Valencia,Sociedad,1,0.3,adaptive_mondrian_g0.02,0,1,1
2025-08-16,F1,Monaco,Le Havre,0,0.3,adaptive_mondrian_g0.02,1,0,0
2025-08-16,F1,Nice,Toulouse,2,0.3,adaptive_mondrian_g0.02,1,1,0
2025-08-16,F1,Lens,Lyon,2,0.3,adaptive_mondrian_g0.02,0,1,1
2025-08-16,SP1,Mallorca,Barcelona,2,0.3,adaptive_mondrian_g0.02,0,0,1
2025-08-16,E0,Aston Villa,Newcastle,1,0.3,adaptive_mondrian_g0.02,0,1,1
2025-08-16,SP1,Alaves,Levante,0,0.3,adaptive_mondrian_g0.02,1,1,0
2025-08-16,E0,Wolves,Man City,2,0.3,adaptive_mondrian_g0.02,0,0,1
2025-08-16,E0,Tottenham,Burnley,0,0.3,adaptive_mondrian_g0.02,1,1,0
2025-08-16,E0,Sunderland,West Ham,0,0.3,adaptive_mondrian_g0.02,0,1,1
2025-08-16,E0,Brighton,Fulham,1,0.3,adaptive_mondrian_g0.02,1,1,0
2025-08-17,F1,Auxerre,Lorient,0,0.3,adaptive_mondrian_g0.02,0,1,1
2025-08-17,SP1,Espanol,Ath Madrid,0,0.3,adaptive_mondrian_g0.02,0,0,1
2025-08-17,SP1,Ath Bilbao,Sevilla,0,0.3,adaptive_mondrian_g0.02,1,1,0
2025-08-17,SP1,Celta,Getafe,2,0.3,adaptive_mondrian_g0.02,1,1,0
2025-08-17,E0,Man United,Arsenal,2,0.3,adaptive_mondrian_g0.02,0,1,1
2025-08-17,F1,Angers,Paris FC,0,0.3,adaptive_mondrian_g0.02,0,1,1
2025-08-17,E0,Nott'm Forest,Brentford,0,0.3,adaptive_mondrian_g0.02,1,1,0
2025-08-17,E0,Chelsea,Crystal Palace,1,0.3,adaptive_mondrian_g0.02,1,1,0
2025-08-17,F1,Metz,Strasbourg,2,0.3,adaptive_mondrian_g0.02,0,1,1
2025-08-17,F1,Brest,Lille,1,0.3,adaptive_mondrian_g0.02,0,1,1
2025-08-17,F1,Nantes,Paris SG,2,0.3,adaptive_mondrian_g0.02,0,0,1
2025-08-18,SP1,Elche,Betis,1,0.3,adaptive_mondrian_g0.02,0,1,1
2025-08-18,E0,Leeds,Everton,0,0.3,adaptive_mondrian_g0.02,0,1,1
2025-08-19,SP1,Real Madrid,Osasuna,0,0.3,adaptive_mondrian_g0.02,1,0,0
2025-08-22,F1,Paris SG,Angers,0,0.3,adaptive_mondrian_g0.02,1,0,0
2025-08-22,E0,West Ham,Chelsea,2,0.3,adaptive_mondrian_g0.02,0,0,1
2025-08-22,D1,Bayern Munich,RB Leipzig,0,0.3,adaptive_mondrian_g0.02,1,0,0
2025-08-22,SP1,Betis,Alaves,0,0.3,adaptive_mondrian_g0.02,1,1,0
2025-08-23,I1,Genoa,Lecce,1,0.3,adaptive_mondrian_g0.02,1,1,0
2025-08-23,I1,Milan,Cremonese,2,0.3,adaptive_mondrian_g0.02,1,0,0
2025-08-23,E0,Bournemouth,Wolves,0,0.3,adaptive_mondrian_g0.02,1,1,0
2025-08-23,D1,Ein Frankfurt,Werder Bremen,0,0.3,adaptive_mondrian_g0.02,1,0,0
2025-08-23,D1,Freiburg,Augsburg,2,0.3,adaptive_mondrian_g0.02,1,1,0
2025-08-23,F1,Marseille,Paris FC,0,0.3,adaptive_mondrian_g0.02,1,0,0
2025-08-23,F1,Lyon,Metz,0,0.3,adaptive_mondrian_g0.02,1,0,0
2025-08-23,F1,Nice,Auxerre,0,0.3,adaptive_mondrian_g0.02,1,1,0
2025-08-23,SP1,Ath Madrid,Elche,1,0.3,adaptive_mondrian_g0.02,1,0,0
2025-08-23,SP1,Levante,Barcelona,2,0.3,adaptive_mondrian_g0.02,0,0,1
2025-08-23,I1,Sassuolo,Napoli,2,0.3,adaptive_mondrian_g0.02,0,1,1
2025-08-23,E0,Brentford,Aston Villa,0,0.3,adaptive_mondrian_g0.02,0,1,1
2025-08-23,E0,Man City,Tottenham,2,0.3,adaptive_mondrian_g0.02,1,0,0
2025-08-23,I1,Roma,Bologna,0,0.3,adaptive_mondrian_g0.02,1,1,0
2025-08-23,D1,Leverkusen,Hoffenheim,2,0.3,adaptive_mondrian_g0.02,1,0,0
2025-08-23,D1,Union Berlin,Stuttgart,0,0.3,adaptive_mondrian_g0.02,0,1,1
2025-08-23,D1,Heidenheim,Wolfsburg,2,0.3,adaptive_mondrian_g0.02,0,1,1
2025-08-23,SP1,Mallorca,Celta,1,0.3,adaptive_mondrian_g0.02,0,1,1
2025-08-23,E0,Arsenal,Leeds,0,0.3,adaptive_mondrian_g0.02,1,0,0
2025-08-23,E0,Burnley,Sunderland,0,0.3,adaptive_mondrian_g0.02,0,1,0
2025-08-23,D1,St Pauli,Dortmund,1,0.3,adaptive_mondrian_g0.02,0,1,1
2025-08-24,SP1,Sociedad,Espanol,1,0.3,adaptive_mondrian_g0.02,1,1,0
2025-08-24,E0,Everton,Brighton,0,0.3,adaptive_mondrian_g0.02,0,1,1
2025-08-24,SP1,Oviedo,Real Madrid,2,0.3,adaptive_mondrian_g0.02,0,0,1
2025-08-24,SP1,Villarreal,Girona,0,0.3,adaptive_mondrian_g0.02,1,0,0
2025-08-24,I1,Cagliari,Fiorentina,1,0.3,adaptive_mondrian_g0.02,0,1,1
2025-08-24,I1,Como,Lazio,0,0.3,adaptive_mondrian_g0.02,0,1,1
2025-08-24,E0,Crystal Palace,Nott'm Forest,1,0.3,adaptive_mondrian_g0.02,0,1,1
2025-08-24,E0,Fulham,Man United,1,0.3,adaptive_mondrian_g0.02,0,1,1
2025-08-24,F1,Lille,Monaco,0,0.3,adaptive_mondrian_g0.02,0,1,1
2025-08-24,I1,Juventus,Parma,0,0.3,adaptive_mondrian_g0.02,1,0,0
2025-08-24,D1,M'gladbach,Hamburg,1,0.3,adaptive_mondrian_g0.02,1,0,0
2025-08-24,D1,Mainz,FC Koln,2,0.3,adaptive_mondrian_g0.02,1,1,0
2025-08-24,F1,Toulouse,Brest,0,0.3,adaptive_mondrian_g0.02,1,1,1
2025-08-24,F1,Strasbourg,Nantes,0,0.3,adaptive_mondrian_g0.02,1,1,0
2025-08-24,F1,Le Havre,Lens,2,0.3,adaptive_mondrian_g0.02,0,1,1
2025-08-24,F1,Lorient,Rennes,0,0.3,adaptive_mondrian_g0.02,0,1,1
2025-08-24,SP1,Osasuna,Valencia,0,0.3,adaptive_mondrian_g0.02,1,1,1
2025-08-24,I1,Atalanta,Pisa,1,0.3,adaptive_mondrian_g0.02,1,0,0
2025-08-25,SP1,Ath Bilbao,Vallecano,0,0.3,adaptive_mondrian_g0.02,1,1,0
2025-08-25,SP1,Sevilla,Getafe,2,0.3,adaptive_mondrian_g0.02,1,1,0
2025-08-25,E0,Newcastle,Liverpool,2,0.3,adaptive_mondrian_g0.02,0,1,1
2025-08-25,I1,Inter,Torino,0,0.3,adaptive_mondrian_g0.02,1,0,0
2025-08-25,I1,Udinese,Verona,1,0.3,adaptive_mondrian_g0.02,1,1,0
2025-08-27,SP1,Celta,Betis,1,0.3,adaptive_mondrian_g0.02,0,1,1
2025-08-29,F1,Lens,Brest,0,0.3,adaptive_mondrian_g0.02,1,1,0
2025-08-29,D1,Hamburg,St Pauli,2,0.3,adaptive_mondrian_g0.02,0,1,1
2025-08-29,SP1,Valencia,Getafe,0,0.3,adaptive_mondrian_g0.02,0,1,0
2025-08-29,SP1,Elche,Levante,0,0.3,adaptive_mondrian_g0.02,1,1,0
2025-08-29,I1,Lecce,Milan,2,0.3,adaptive_mondrian_g0.02,0,1,1
2025-08-29,I1,Cremonese,Sassuolo,0,0.3,adaptive_mondrian_g0.02,0,1,1
2025-08-30,SP1,Real Madrid,Mallorca,0,0.3,adaptive_mondrian_g0.02,1,0,0
2025-08-30,I1,Pisa,Roma,2,0.3,adaptive_mondrian_g0.02,0,1,1
2025-08-30,F1,Nantes,Auxerre,0,0.3,adaptive_mondrian_g0.02,0,1,1
2025-08-30,F1,Toulouse,Paris SG,2,0.3,adaptive_mondrian_g0.02,0,0,1
2025-08-30,D1,Augsburg,Bayern Munich,2,0.3,adaptive_mondrian_g0.02,0,0,1
2025-08-30,D1,Werder Bremen,Leverkusen,1,0.3,adaptive_mondrian_g0.02,0,0,1
2025-08-30,D1,Stuttgart,M'gladbach,0,0.3,adaptive_mondrian_g0.02,1,0,0
2025-08-30,D1,RB Leipzig,Heidenheim,0,0.3,adaptive_mondrian_g0.02,1,0,0
2025-08-30,D1,Hoffenheim,Ein Frankfurt,2,0.3,adaptive_mondrian_g0.02,0,0,1
2025-08-30,SP1,Girona,Sevilla,2,0.3,adaptive_mondrian_g0.02,0,1,1
2025-08-30,F1,Lorient,Lille,2,0.3,adaptive_mondrian_g0.02,0,1,1
2025-08-30,E0,Chelsea,Fulham,0,0.3,adaptive_mondrian_g0.02,1,0,0
2025-08-30,E0,Sunderland,Brentford,0,0.3,adaptive_mondrian_g0.02,0,1,1
2025-08-30,I1,Parma,Atalanta,1,0.3,adaptive_mondrian_g0.02,0,1,1
2025-08-30,SP1,Alaves,Ath Madrid,1,0.3,adaptive_mondrian_g0.02,0,1,1
2025-08-30,I1,Bologna,Como,0,0.3,adaptive_mondrian_g0.02,0,1,1
2025-08-30,I1,Napoli,Cagliari,0,0.3,adaptive_mondrian_g0.02,1,0,0
2025-08-30,E0,Wolves,Everton,2,0.3,adaptive_mondrian_g0.02,0,1,1
2025-08-30,E0,Tottenham,Bournemouth,2,0.3,adaptive_mondrian_g0.02,1,1,0
2025-08-30,SP1,Oviedo,Sociedad,0,0.3,adaptive_mondrian_g0.02,0,1,1
2025-08-30,E0,Man United,Burnley,0,0.3,adaptive_mondrian_g0.02,1,0,0
2025-08-30,E0,Leeds,Newcastle,1,0.3,adaptive_mondrian_g0.02,0,1,1
2025-08-31,I1,Inter,Udinese,2,0.3,adaptive_mondrian_g0.02,1,0,0
2025-08-31,SP1,Vallecano,Barcelona,1,0.3,adaptive_mondrian_g0.02,0,0,1
2025-08-31,F1,Lyon,Marseille,0,0.3,adaptive_mondrian_g0.02,0,1,1
2025-08-31,F1,Paris FC,Metz,0,0.3,adaptive_mondrian_g0.02,1,0,0
2025-08-31,F1,Monaco,Strasbourg,0,0.3,adaptive_mondrian_g0.02,1,0,0
2025-08-31,F1,Le Havre,Nice,0,0.3,adaptive_mondrian_g0.02,0,1,1
2025-08-31,I1,Genoa,Juventus,2,0.3,adaptive_mondrian_g0.02,0,1,1
2025-08-31,I1,Torino,Fiorentina,1,0.3,adaptive_mondrian_g0.02,0,1,1
2025-08-31,D1,Wolfsburg,Mainz,1,0.3,adaptive_mondrian_g0.02,1,1,0
2025-08-31,E0,Nott'm Forest,West Ham,2,0.3,adaptive_mondrian_g0.02,1,0,0
2025-08-31,D1,Dortmund,Union Berlin,0,0.3,adaptive_mondrian_g0.02,1,0,0
2025-08-31,SP1,Espanol,Osasuna,0,0.3,adaptive_mondrian_g0.02,0,1,1
2025-08-31,E0,Aston Villa,Crystal Palace,2,0.3,adaptive_mondrian_g0.02,1,1,0
2025-08-31,E0,Brighton,Man City,0,0.3,adaptive_mondrian_g0.02,0,1,1
2025-08-31,I1,Lazio,Verona,0,0.3,adaptive_mondrian_g0.02,1,0,0
2025-08-31,D1,FC Koln,Freiburg,0,0.3,adaptive_mondrian_g0.02,0,1,1
2025-08-31,SP1,Betis,Ath Bilbao,2,0.3,adaptive_mondrian_g0.02,0,1,1
2025-08-31,E0,Liverpool,Arsenal,0,0.3,adaptive_mondrian_g0.02,0,1,1
2025-08-31,SP1,Celta,Villarreal,1,0.3,adaptive_mondrian_g0.02,0,1,1
2025-08-31,F1,Angers,Rennes,1,0.3,adaptive_mondrian_g0.02,0,1,1
2025-09-12,D1,Leverkusen,Ein Frankfurt,0,0.3,adaptive_mondrian_g0.02,1,1,1
2025-09-12,F1,Marseille,Lorient,0,0.3,adaptive_mondrian_g0.02,1,0,0
2025-09-12,SP1,Sevilla,Elche,1,0.3,adaptive_mondrian_g0.02,1,1,0
2025-09-13,SP1,Sociedad,Real Madrid,2,0.3,adaptive_mondrian_g0.02,0,0,1
2025-09-13,E0,Bournemouth,Brighton,0,0.3,adaptive_mondrian_g0.02,1,1,1
2025-09-13,E0,Crystal Palace,Sunderland,1,0.3,adaptive_mondrian_g0.02,1,1,0
2025-09-13,E0,Everton,Aston Villa,1,0.3,adaptive_mondrian_g0.02,0,1,1
2025-09-13,E0,Fulham,Leeds,0,0.3,adaptive_mondrian_g0.02,1,1,0
2025-09-13,E0,Newcastle,Wolves,0,0.3,adaptive_mondrian_g0.02,1,0,0
2025-09-13,SP1,Getafe,Oviedo,0,0.3,adaptive_mondrian_g0.02,1,1,0
2025-09-13,SP1,Ath Bilbao,Alaves,2,0.3,adaptive_mondrian_g0.02,1,1,0
2025-09-13,SP1,Ath Madrid,Villarreal,0,0.3,adaptive_mondrian_g0.02,1,0,0
2025-09-13,I1,Cagliari,Parma,0,0.3,adaptive_mondrian_g0.02,1,1,0
2025-09-13,E0,West Ham,Tottenham,2,0.3,adaptive_mondrian_g0.02,0,1,1
2025-09-13,I1,Juventus,Inter,0,0.3,adaptive_mondrian_g0.02,0,1,1
2025-09-13,E0,Arsenal,Nott'm Forest,0,0.3,adaptive_mondrian_g0.02,1,0,0
2025-09-13,F1,Auxerre,Monaco,2,0.3,adaptive_mondrian_g0.02,0,0,1
2025-09-13,I1,Fiorentina,Napoli,2,0.3,adaptive_mondrian_g0.02,0,1,1
2025-09-13,D1,Heidenheim,Dortmund,2,0.3,adaptive_mondrian_g0.02,0,0,1
2025-09-13,D1,Mainz,RB Leipzig,2,0.3,adaptive_mondrian_g0.02,1,0,1
2025-09-13,D1,Union Berlin,Hoffenheim,2,0.3,adaptive_mondrian_g0.02,0,1,1
2025-09-13,D1,Freiburg,Stuttgart,0,0.3,adaptive_mondrian_g0.02,0,1,1
2025-09-13,F1,Nice,Nantes,0,0.3,adaptive_mondrian_g0.02,1,0,0
2025-09-13,D1,Bayern Munich,Hamburg,0,0.3,adaptive_mondrian_g0.02,1,0,0
2025-09-13,E0,Brentford,Chelsea,1,0.3,adaptive_mondrian_g0.02,0,0,1
2025-09-13,D1,Wolfsburg,FC Koln,1,0.3,adaptive_mondrian_g0.02,1,1,0
2025-09-14,I1,Roma,Torino,2,0.3,adaptive_mondrian_g0.02,1,0,0
2025-09-14,I1,Pisa,Udinese,2,0.3,adaptive_mondrian_g0.02,0,1,1
2025-09-14,I1,Milan,Bologna,0,0.3,adaptive_mondrian_g0.02,1,1,0
2025-09-14,D1,M'gladbach,Werder Bremen,2,0.3,adaptive_mondrian_g0.02,1,0,1
2025-09-14,SP1,Celta,Girona,1,0.3,adaptive_mondrian_g0.02,1,0,0
2025-09-14,SP1,Levante,Betis,1,0.3,adaptive_mondrian_g0.02,0,1,1
2025-09-14,SP1,Osasuna,Vallecano,0,0.3,adaptive_mondrian_g0.02,0,1,1
2025-09-14,SP1,Barcelona,Valencia,0,0.3,adaptive_mondrian_g0.02,1,0,0
2025-09-14,I1,Atalanta,Lecce,0,0.3,adaptive_mondrian_g0.02,1,0,0
2025-09-14,E0,Burnley,Liverpool,2,0.3,adaptive_mondrian_g0.02,0,0,1
2025-09-14,D1,St Pauli,Augsburg,0,0.3,adaptive_mondrian_g0.02,1,1,0
2025-09-14,F1,Rennes,Lyon,0,0.3,adaptive_mondrian_g0.02,0,1,1
2025-09-14,F1,Strasbourg,Le Havre,0,0.3,adaptive_mondrian_g0.02,1,1,0
2025-09-14,F1,Paris SG,Lens,0,0.3,adaptive_mondrian_g0.02,1,0,0
2025-09-14,F1,Metz,Angers,1,0.3,adaptive_mondrian_g0.02,1,1,1
2025-09-14,F1,Brest,Paris FC,2,0.3,adaptive_mondrian_g0.02,0,1,1
2025-09-14,F1,Lille,Toulouse,0,0.3,adaptive_mondrian_g0.02,1,1,0
2025-09-14,E0,Man City,Man United,0,0.3,adaptive_mondrian_g0.02,1,0,0
2025-09-14,I1,Sassuolo,Lazio,0,0.3,adaptive_mondrian_g0.02,0,1,1
2025-09-15,I1,Como,Genoa,1,0.3,adaptive_mondrian_g0.02,1,1,0
2025-09-15,I1,Verona,Cremonese,1,0.3,adaptive_mondrian_g0.02,0,1,1
2025-09-15,SP1,Espanol,Mallorca,0,0.3,adaptive_mondrian_g0.02,1,1,0
2025-09-19,F1,Lyon,Angers,0,0.3,adaptive_mondrian_g0.02,1,0,0
2025-09-19,SP1,Betis,Sociedad,0,0.3,adaptive_mondrian_g0.02,1,1,0
2025-09-19,D1,Stuttgart,St Pauli,0,0.3,adaptive_mondrian_g0.02,1,0,0
2025-09-19,I1,Lecce,Cagliari,2,0.3,adaptive_mondrian_g0.02,0,1,1
2025-09-20,D1,RB Leipzig,FC Koln,0,0.3,adaptive_mondrian_g0.02,1,0,0
2025-09-20,F1,Nantes,Rennes,1,0.3,adaptive_mondrian_g0.02,0,1,1
2025-09-20,F1,Brest,Nice,0,0.3,adaptive_mondrian_g0.02,0,1,1
2025-09-20,F1,Lens,Lille,0,0.3,adaptive_mondrian_g0.02,1,1,0
2025-09-20,SP1,Valencia,Ath Bilbao,0,0.3,adaptive_mondrian_g0.02,0,1,1
2025-09-20,SP1,Villarreal,Osasuna,0,0.3,adaptive_mondrian_g0.02,1,0,0
2025-09-20,SP1,Alaves,Sevilla,2,0.3,adaptive_mondrian_g0.02,0,1,0
2025-09-20,D1,Werder Bremen,Freiburg,2,0.3,adaptive_mondrian_g0.02,1,1,1
2025-09-20,E0,Fulham,Brentford,0,0.3,adaptive_mondrian_g0.02,1,1,0
2025-09-20,E0,Man United,Chelsea,0,0.3,adaptive_mondrian_g0.02,0,0,1
2025-09-20,E0,Wolves,Leeds,2,0.3,adaptive_mondrian_g0.02,0,1,1
2025-09-20,SP1,Real Madrid,Espanol,0,0.3,adaptive_mondrian_g0.02,1,0,0
2025-09-20,E0,Burnley,Nott'm Forest,1,0.3,adaptive_mondrian_g0.02,0,1,1
2025-09-20,E0,West Ham,Crystal Palace,2,0.3,adaptive_mondrian_g0.02,0,1,1
2025-09-20,D1,Hoffenheim,Bayern Munich,2,0.3,adaptive_mondrian_g0.02,0,0,1
2025-09-20,D1,Hamburg,Heidenheim,0,0.3,adaptive_mondrian_g0.02,1,0,0
2025-09-20,D1,Augsburg,Mainz,2,0.3,adaptive_mondrian_g0.02,0,1,1
2025-09-20,I1,Verona,Juventus,1,0.3,adaptive_mondrian_g0.02,0,0,1
2025-09-20,I1,Bologna,Genoa,0,0.3,adaptive_mondrian_g0.02,1,1,0
2025-09-20,SP1,Girona,Levante,2,0.3,adaptive_mondrian_g0.02,1,1,0
2025-09-20,E0,Liverpool,Everton,0,0.3,adaptive_mondrian_g0.02,1,0,0
2025-09-20,E0,Brighton,Tottenham,1,0.3,adaptive_mondrian_g0.02,1,1,0
2025-09-20,I1,Udinese,Milan,2,0.3,adaptive_mondrian_g0.02,0,0,1
2025-09-21,F1,Auxerre,Toulouse,0,0.3,adaptive_mondrian_g0.02,0,1,1
2025-09-21,I1,Torino,Atalanta,2,0.3,adaptive_mondrian_g0.02,0,1,1
2025-09-21,D1,Dortmund,Wolfsburg,0,0.3,adaptive_mondrian_g0.02,1,0,0
2025-09-21,I1,Cremonese,Parma,1,0.3,adaptive_mondrian_g0.02,0,1,1
2025-09-21,I1,Fiorentina,Como,2,0.3,adaptive_mondrian_g0.02,0,1,1
2025-09-21,F1,Monaco,Metz,0,0.3,adaptive_mondrian_g0.02,1,0,0
2025-09-21,D1,Ein Frankfurt,Union Berlin,2,0.3,adaptive_mondrian_g0.02,1,0,0
2025-09-21,F1,Le Havre,Lorient,1,0.3,adaptive_mondrian_g0.02,1,1,0
2025-09-21,F1,Paris FC,Strasbourg,2,0.3,adaptive_mondrian_g0.02,0,1,1
2025-09-21,I1,Inter,Sassuolo,0,0.3,adaptive_mondrian_g0.02,1,0,0
2025-09-21,E0,Sunderland,Aston Villa,1,0.3,adaptive_mondrian_g0.02,0,1,1
2025-09-21,E0,Arsenal,Man City,1,0.3,adaptive_mondrian_g0.02,1,1,0
2025-09-21,D1,Leverkusen,M'gladbach,1,0.3,adaptive_mondrian_g0.02,1,0,0
2025-09-21,I1,Lazio,Roma,2,0.3,adaptive_mondrian_g0.02,0,1,1
2025-09-21,E0,Bournemouth,Newcastle,1,0.3,adaptive_mondrian_g0.02,0,1,1
2025-09-21,SP1,Barcelona,Getafe,0,0.3,adaptive_mondrian_g0.02,1,0,0
2025-09-21,SP1,Elche,Oviedo,0,0.3,adaptive_mondrian_g0.02,1,1,0
2025-09-21,SP1,Mallorca,Ath Madrid,1,0.3,adaptive_mondrian_g0.02,0,1,1
2025-09-21,SP1,Vallecano,Celta,1,0.3,adaptive_mondrian_g0.02,1,1,0
2025-09-22,I1,Napoli,Pisa,0,0.3,adaptive_mondrian_g0.02,1,0,0
2025-09-22,F1,Marseille,Paris SG,0,0.3,adaptive_mondrian_g0.02,0,0,1
2025-09-23,SP1,Espanol,Valencia,1,0.3,adaptive_mondrian_g0.02,0,1,0
2025-09-23,SP1,Ath Bilbao,Girona,1,0.3,adaptive_mondrian_g0.02,1,0,0
2025-09-23,SP1,Levante,Real Madrid,2,0.3,adaptive_mondrian_g0.02,0,0,1
2025-09-23,SP1,Sevilla,Villarreal,2,0.3,adaptive_mondrian_g0.02,0,1,1
2025-09-24,SP1,Sociedad,Mallorca,0,0.3,adaptive_mondrian_g0.02,1,1,0
2025-09-24,SP1,Ath Madrid,Vallecano,0,0.3,adaptive_mondrian_g0.02,1,0,0
2025-09-24,SP1,Getafe,Alaves,1,0.3,adaptive_mondrian_g0.02,1,1,0
2025-09-25,SP1,Osasuna,Elche,1,0.3,adaptive_mondrian_g0.02,1,1,0
2025-09-25,SP1,Oviedo,Barcelona,2,0.3,adaptive_mondrian_g0.02,0,0,1
2025-09-26,SP1,Girona,Espanol,1,0.3,adaptive_mondrian_g0.02,0,1,1
2025-09-26,D1,Bayern Munich,Werder Bremen,0,0.3,adaptive_mondrian_g0.02,1,0,0
2025-09-26,F1,Strasbourg,Marseille,2,0.3,adaptive_mondrian_g0.02,0,1,1
2025-09-27,I1,Como,Cremonese,1,0.3,adaptive_mondrian_g0.02,1,0,0
2025-09-27,E0,Brentford,Man United,0,0.3,adaptive_mondrian_g0.02,0,0,1
2025-09-27,I1,Juventus,Atalanta,1,0.3,adaptive_mondrian_g0.02,1,1,0
2025-09-27,I1,Cagliari,Inter,2,0.3,adaptive_mondrian_g0.02,0,0,1
2025-09-27,E0,Man City,Burnley,0,0.3,adaptive_mondrian_g0.02,1,0,0
2025-09-27,E0,Nott'm Forest,Sunderland,2,0.3,adaptive_mondrian_g0.02,1,0,0
2025-09-27,D1,M'gladbach,Ein Frankfurt,2,0.3,adaptive_mondrian_g0.02,0,1,1
2025-09-27,E0,Leeds,Bournemouth,1,0.3,adaptive_mondrian_g0.02,0,1,1
2025-09-27,E0,Crystal Palace,Liverpool,0,0.3,adaptive_mondrian_g0.02,0,1,1
2025-09-27,E0,Tottenham,Wolves,1,0.3,adaptive_mondrian_g0.02,1,0,0
2025-09-27,D1,Wolfsburg,RB Leipzig,2,0.3,adaptive_mondrian_g0.02,0,1,1
2025-09-27,F1,Paris SG,Auxerre,0,0.3,adaptive_mondrian_g0.02,1,0,0
2025-09-27,D1,Mainz,Dortmund,2,0.3,adaptive_mondrian_g0.02,0,0,1
2025-09-27,D1,St Pauli,Leverkusen,2,0.3,adaptive_mondrian_g0.02,0,1,1
2025-09-27,SP1,Ath Madrid,Real Madrid,0,0.3,adaptive_mondrian_g0.02,0,1,1
2025-09-27,SP1,Mallorca,Alaves,0,0.3,adaptive_mondrian_g0.02,0,1,0
2025-09-27,F1,Toulouse,Nantes,1,0.3,adaptive_mondrian_g0.02,1,1,0
2025-09-27,SP1,Getafe,Levante,1,0.3,adaptive_mondrian_g0.02,1,1,0
2025-09-27,SP1,Villarreal,Ath Bilbao,0,0.3,adaptive_mondrian_g0.02,1,1,0
2025-09-27,E0,Chelsea,Brighton,2,0.3,adaptive_mondrian_g0.02,1,0,0
2025-09-27,D1,Heidenheim,Augsburg,0,0.3,adaptive_mondrian_g0.02,0,1,1
2025-09-27,F1,Lorient,Monaco,0,0.3,adaptive_mondrian_g0.02,0,0,1
2025-09-28,D1,Freiburg,Hoffenheim,1,0.3,adaptive_mondrian_g0.02,1,1,0
2025-09-28,E0,Newcastle,Arsenal,2,0.3,adaptive_mondrian_g0.02,0,1,1
2025-09-28,F1,Metz,Le Havre,1,0.3,adaptive_mondrian_g0.02,0,1,1
2025-09-28,SP1,Elche,Celta,0,0.3,adaptive_mondrian_g0.02,0,1,1
2025-09-28,SP1,Barcelona,Sociedad,0,0.3,adaptive_mondrian_g0.02,1,0,0
2025-09-28,SP1,Betis,Osasuna,0,0.3,adaptive_mondrian_g0.02,1,1,0
2025-09-28,D1,FC Koln,Stuttgart,2,0.3,adaptive_mondrian_g0.02,1,0,1
2025-09-28,F1,Rennes,Lens,1,0.3,adaptive_mondrian_g0.02,0,1,1
2025-09-28,D1,Union Berlin,Hamburg,1,0.3,adaptive_mondrian_g0.02,1,1,0
2025-09-28,I1,Roma,Verona,0,0.3,adaptive_mondrian_g0.02,1,0,0
2025-09-28,I1,Milan,Napoli,0,0.3,adaptive_mondrian_g0.02,1,1,0
2025-09-28,I1,Lecce,Bologna,1,0.3,adaptive_mondrian_g0.02,0,1,1
2025-09-28,F1,Lille,Lyon,2,0.3,adaptive_mondrian_g0.02,1,1,0
2025-09-28,I1,Pisa,Fiorentina,1,0.3,adaptive_mondrian_g0.02,0,1,1
2025-09-28,I1,Sassuolo,Udinese,0,0.3,adaptive_mondrian_g0.02,1,1,0
2025-09-28,SP1,Vallecano,Sevilla,2,0.3,adaptive_mondrian_g0.02,1,1,0
2025-09-28,E0,Aston Villa,Fulham,0,0.3,adaptive_mondrian_g0.02,1,1,0
2025-09-28,F1,Angers,Brest,2,0.3,adaptive_mondrian_g0.02,0,1,1
2025-09-28,F1,Nice,Paris FC,1,0.3,adaptive_mondrian_g0.02,1,1,0
2025-09-29,E0,Everton,West Ham,1,0.3,adaptive_mondrian_g0.02,1,0,0
2025-09-29,I1,Genoa,Lazio,2,0.3,adaptive_mondrian_g0.02,0,1,1
2025-09-29,I1,Parma,Torino,0,0.3,adaptive_mondrian_g0.02,0,1,0
2025-09-30,SP1,Valencia,Oviedo,2,0.3,adaptive_mondrian_g0.02,1,1,0
2025-10-03,D1,Hoffenheim,FC Koln,2,0.3,adaptive_mondrian_g0.02,1,0,0
2025-10-03,I1,Verona,Sassuolo,2,0.3,adaptive_mondrian_g0.02,1,1,0
2025-10-03,E0,Bournemouth,Fulham,0,0.3,adaptive_mondrian_g0.02,1,1,0
2025-10-03,SP1,Osasuna,Getafe,0,0.3,adaptive_mondrian_g0.02,1,1,0
2025-10-03,F1,Paris FC,Lorient,0,0.3,adaptive_mondrian_g0.02,1,0,0
2025-10-04,F1,Brest,Nantes,1,0.3,adaptive_mondrian_g0.02,1,1,0
2025-10-04,I1,Atalanta,Como,1,0.3,adaptive_mondrian_g0.02,1,1,0
2025-10-04,E0,Leeds,Tottenham,2,0.3,adaptive_mondrian_g0.02,0,1,1
2025-10-04,E0,Arsenal,West Ham,0,0.3,adaptive_mondrian_g0.02,1,0,0
2025-10-04,E0,Man United,Sunderland,0,0.3,adaptive_mondrian_g0.02,1,0,0
2025-10-04,E0,Chelsea,Liverpool,0,0.3,adaptive_mondrian_g0.02,0,0,1
2025-10-04,I1,Parma,Lecce,2,0.3,adaptive_mondrian_g0.02,1,1,0
2025-10-04,I1,Inter,Cremonese,0,0.3,adaptive_mondrian_g0.02,1,0,0
2025-10-04,F1,Auxerre,Lens,2,0.3,adaptive_mondrian_g0.02,0,0,1
2025-10-04,F1,Metz,Marseille,2,0.3,adaptive_mondrian_g0.02,0,0,1
2025-10-04,D1,Leverkusen,Union Berlin,0,0.3,adaptive_mondrian_g0.02,1,0,0
2025-10-04,D1,Augsburg,Wolfsburg,0,0.3,adaptive_mondrian_g0.02,0,1,1
2025-10-04,D1,Dortmund,RB Leipzig,1,0.3,adaptive_mondrian_g0.02,1,0,0
2025-10-04,D1,Werder Bremen,St Pauli,0,0.3,adaptive_mondrian_g0.02,1,1,1
2025-10-04,D1,Ein Frankfurt,Bayern Munich,2,0.3,adaptive_mondrian_g0.02,0,0,1
2025-10-04,SP1,Oviedo,Levante,2,0.3,adaptive_mondrian_g0.02,0,1,0
2025-10-04,SP1,Girona,Valencia,0,0.3,adaptive_mondrian_g0.02,0,1,1
2025-10-04,SP1,Ath Bilbao,Mallorca,0,0.3,adaptive_mondrian_g0.02,1,1,0
2025-10-04,SP1,Real Madrid,Villarreal,0,0.3,adaptive_mondrian_g0.02,1,0,0
2025-10-04,I1,Lazio,Torino,1,0.3,adaptive_mondrian_g0.02,1,1,0
2025-10-05,I1,Napoli,Genoa,0,0.3,adaptive_mondrian_g0.02,1,0,0
2025-10-05,I1,Fiorentina,Roma,2,0.3,adaptive_mondrian_g0.02,0,1,1
2025-10-05,I1,Bologna,Pisa,0,0.3,adaptive_mondrian_g0.02,1,0,0
2025-10-05,I1,Udinese,Cagliari,1,0.3,adaptive_mondrian_g0.02,1,1,0
2025-10-05,F1,Lille,Paris SG,1,0.3,adaptive_mondrian_g0.02,0,1,1
2025-10-05,D1,Hamburg,Mainz,0,0.3,adaptive_mondrian_g0.02,0,0,1
2025-10-05,F1,Monaco,Nice,1,0.3,adaptive_mondrian_g0.02,1,0,0
2025-10-05,F1,Le Havre,Rennes,1,0.3,adaptive_mondrian_g0.02,0,1,1
2025-10-05,I1,Juventus,Milan,1,0.3,adaptive_mondrian_g0.02,0,1,1
2025-10-05,F1,Lyon,Toulouse,2,0.3,adaptive_mondrian_g0.02,1,1,0
2025-10-05,E0,Aston Villa,Burnley,0,0.3,adaptive_mondrian_g0.02,1,0,0
2025-10-05,D1,Stuttgart,Heidenheim,0,0.3,adaptive_mondrian_g0.02,1,0,0
2025-10-05,E0,Brentford,Man City,2,0.3,adaptive_mondrian_g0.02,0,0,1
2025-10-05,E0,Everton,Crystal Palace,0,0.3,adaptive_mondrian_g0.02,0,1,1
2025-10-05,E0,Newcastle,Nott'm Forest,0,0.3,adaptive_mondrian_g0.02,1,0,0
2025-10-05,D1,M'gladbach,Freiburg,1,0.3,adaptive_mondrian_g0.02,0,1,1
2025-10-05,SP1,Alaves,Elche,0,0.3,adaptive_mondrian_g0.02,1,1,0
2025-10-05,F1,Strasbourg,Angers,0,0.3,adaptive_mondrian_g0.02,1,0,0
2025-10-05,SP1,Espanol,Betis,2,0.3,adaptive_mondrian_g0.02,0,1,1
2025-10-05,SP1,Sociedad,Vallecano,2,0.3,adaptive_mondrian_g0.02,1,1,0
2025-10-05,SP1,Celta,Ath Madrid,1,0.3,adaptive_mondrian_g0.02,0,1,1
2025-10-05,E0,Wolves,Brighton,1,0.3,adaptive_mondrian_g0.02,0,1,1
2025-10-05,SP1,Sevilla,Barcelona,0,0.3,adaptive_mondrian_g0.02,0,0,1
2025-10-17,SP1,Oviedo,Espanol,2,0.3,adaptive_mondrian_g0.02,0,1,1
2025-10-17,F1,Paris SG,Strasbourg,1,0.3,adaptive_mondrian_g0.02,1,0,0
2025-10-17,D1,Union Berlin,M'gladbach,0,0.3,adaptive_mondrian_g0.02,1,1,0
2025-10-18,SP1,Sevilla,Mallorca,2,0.3,adaptive_mondrian_g0.02,1,1,0
2025-10-18,E0,Sunderland,Wolves,0,0.3,adaptive_mondrian_g0.02,0,1,0
2025-10-18,E0,Brighton,Newcastle,0,0.3,adaptive_mondrian_g0.02,0,1,1
2025-10-18,F1,Angers,Monaco,1,0.3,adaptive_mondrian_g0.02,0,0,1
2025-10-18,E0,Crystal Palace,Bournemouth,1,0.3,adaptive_mondrian_g0.02,1,1,0
2025-10-18,E0,Man City,Everton,0,0.3,adaptive_mondrian_g0.02,1,0,0
2025-10-18,D1,Heidenheim,Werder Bremen,1,0.3,adaptive_mondrian_g0.02,0,1,1
2025-10-18,E0,Burnley,Leeds,0,0.3,adaptive_mondrian_g0.02,0,1,1
2025-10-18,E0,Nott'm Forest,Chelsea,2,0.3,adaptive_mondrian_g0.02,0,1,1
2025-10-18,F1,Nice,Lyon,0,0.3,adaptive_mondrian_g0.02,1,1,0
2025-10-18,D1,FC Koln,Augsburg,1,0.3,adaptive_mondrian_g0.02,1,0,0
2025-10-18,F1,Marseille,Le Havre,0,0.3,adaptive_mondrian_g0.02,1,0,0
2025-10-18,D1,RB Leipzig,Hamburg,0,0.3,adaptive_mondrian_g0.02,1,0,0
2025-10-18,I1,Roma,Inter,2,0.3,adaptive_mondrian_g0.02,0,1,1
2025-10-18,I1,Torino,Napoli,0,0.3,adaptive_mondrian_g0.02,0,1,1
2025-10-18,I1,Pisa,Verona,1,0.3,adaptive_mondrian_g0.02,0,1,1
2025-10-18,I1,Lecce,Sassuolo,1,0.3,adaptive_mondrian_g0.02,0,1,1
2025-10-18,SP1,Ath Madrid,Osasuna,0,0.3,adaptive_mondrian_g0.02,1,0,0
2025-10-18,E0,Fulham,Arsenal,2,0.3,adaptive_mondrian_g0.02,0,0,1
2025-10-18,SP1,Barcelona,Girona,0,0.3,adaptive_mondrian_g0.02,1,0,0
2025-10-18,D1,Mainz,Leverkusen,2,0.3,adaptive_mondrian_g0.02,0,1,1
2025-10-18,D1,Bayern Munich,Dortmund,0,0.3,adaptive_mondrian_g0.02,1,0,0
2025-10-18,D1,Wolfsburg,Stuttgart,2,0.3,adaptive_mondrian_g0.02,0,1,1
2025-10-18,SP1,Villarreal,Betis,1,0.3,adaptive_mondrian_g0.02,1,0,0
2025-10-19,I1,Genoa,Parma,1,0.3,adaptive_mondrian_g0.02,1,1,0
2025-10-19,I1,Cagliari,Bologna,2,0.3,adaptive_mondrian_g0.02,0,1,1
2025-10-19,I1,Como,Juventus,0,0.3,adaptive_mondrian_g0.02,0,1,1
2025-10-19,F1,Lorient,Brest,1,0.3,adaptive_mondrian_g0.02,0,1,1
2025-10-19,F1,Nantes,Lille,2,0.3,adaptive_mondrian_g0.02,0,0,1
2025-10-19,F1,Toulouse,Metz,0,0.3,adaptive_mondrian_g0.02,1,0,0
2025-10-19,F1,Rennes,Auxerre,1,0.3,adaptive_mondrian_g0.02,1,0,0
2025-10-19,I1,Atalanta,Lazio,1,0.3,adaptive_mondrian_g0.02,1,0,0
2025-10-19,SP1,Getafe,Real Madrid,2,0.3,adaptive_mondrian_g0.02,0,0,1
2025-10-19,D1,St Pauli,Hoffenheim,2,0.3,adaptive_mondrian_g0.02,0,1,1
2025-10-19,SP1,Levante,Vallecano,2,0.3,adaptive_mondrian_g0.02,0,1,1
2025-10-19,SP1,Celta,Sociedad,1,0.3,adaptive_mondrian_g0.02,1,1,0
2025-10-19,D1,Freiburg,Ein Frankfurt,1,0.3,adaptive_mondrian_g0.02,1,1,1
2025-10-19,E0,Tottenham,Aston Villa,2,0.3,adaptive_mondrian_g0.02,1,1,0
2025-10-19,E0,Liverpool,Man United,2,0.3,adaptive_mondrian_g0.02,1,0,0
2025-10-19,I1,Milan,Fiorentina,0,0.3,adaptive_mondrian_g0.02,1,0,0
2025-10-19,F1,Lens,Paris FC,0,0.3,adaptive_mondrian_g0.02,1,0,0
2025-10-19,SP1,Elche,Ath Bilbao,1,0.3,adaptive_mondrian_g0.02,0,1,1
2025-10-20,I1,Cremonese,Udinese,1,0.3,adaptive_mondrian_g0.02,0,1,1
2025-10-20,SP1,Alaves,Valencia,1,0.3,adaptive_mondrian_g0.02,1,1,0
2025-10-20,E0,West Ham,Brentford,2,0.3,adaptive_mondrian_g0.02,0,1,1
2025-10-24,D1,Werder Bremen,Union Berlin,0,0.3,adaptive_mondrian_g0.02,1,1,0
2025-10-24,SP1,Sociedad,Sevilla,0,0.3,adaptive_mondrian_g0.02,1,1,0
2025-10-24,F1,Paris FC,Nantes,2,0.3,adaptive_mondrian_g0.02,1,0,0
2025-10-24,E0,Leeds,West Ham,0,0.3,adaptive_mondrian_g0.02,1,0,0
2025-10-24,I1,Milan,Pisa,1,0.3,adaptive_mondrian_g0.02,1,0,0
2025-10-25,SP1,Ath Bilbao,Getafe,2,0.3,adaptive_mondrian_g0.02,1,1,0
2025-10-25,D1,Dortmund,FC Koln,0,0.3,adaptive_mondrian_g0.02,1,0,0
2025-10-25,D1,M'gladbach,Bayern Munich,2,0.3,adaptive_mondrian_g0.02,0,0,1
2025-10-25,E0,Chelsea,Sunderland,2,0.3,adaptive_mondrian_g0.02,1,0,0
2025-10-25,D1,Hamburg,Wolfsburg,2,0.3,adaptive_mondrian_g0.02,1,0,0
2025-10-25,D1,Ein Frankfurt,St Pauli,0,0.3,adaptive_mondrian_g0.02,1,0,0
2025-10-25,D1,Augsburg,RB Leipzig,2,0.3,adaptive_mondrian_g0.02,0,0,1
2025-10-25,E0,Newcastle,Fulham,0,0.3,adaptive_mondrian_g0.02,1,0,0
2025-10-25,E0,Brentford,Liverpool,0,0.3,adaptive_mondrian_g0.02,0,0,1
2025-10-25,SP1,Valencia,Villarreal,2,0.3,adaptive_mondrian_g0.02,0,1,1
2025-10-25,E0,Man United,Brighton,0,0.3,adaptive_mondrian_g0.02,1,0,0
2025-10-25,D1,Hoffenheim,Heidenheim,0,0.3,adaptive_mondrian_g0.02,1,0,0
2025-10-25,SP1,Espanol,Elche,0,0.3,adaptive_mondrian_g0.02,1,1,0
2025-10-25,I1,Parma,Como,1,0.3,adaptive_mondrian_g0.02,0,1,1
2025-10-25,I1,Napoli,Inter,0,0.3,adaptive_mondrian_g0.02,0,1,1
2025-10-25,I1,Udinese,Lecce,0,0.3,adaptive_mondrian_g0.02,1,1,0
2025-10-25,F1,Brest,Paris SG,2,0.3,adaptive_mondrian_g0.02,0,0,1
2025-10-25,F1,Monaco,Toulouse,0,0.3,adaptive_mondrian_g0.02,1,0,0
2025-10-25,F1,Lens,Marseille,0,0.3,adaptive_mondrian_g0.02,0,1,1
2025-10-25,SP1,Girona,Oviedo,1,0.3,adaptive_mondrian_g0.02,1,1,0
2025-10-25,I1,Cremonese,Atalanta,1,0.3,adaptive_mondrian_g0.02,0,0,1
2025-10-26,E0,Aston Villa,Man City,0,0.3,adaptive_mondrian_g0.02,0,0,1
2025-10-26,E0,Arsenal,Crystal Palace,0,0.3,adaptive_mondrian_g0.02,1,0,0
2025-10-26,D1,Leverkusen,Freiburg,0,0.3,adaptive_mondrian_g0.02,1,0,0
2025-10-26,SP1,Mallorca,Levante,1,0.3,adaptive_mondrian_g0.02,1,1,0
2025-10-26,SP1,Vallecano,Alaves,0,0.3,adaptive_mondrian_g0.02,1,1,0
2025-10-26,SP1,Osasuna,Celta,2,0.3,adaptive_mondrian_g0.02,1,1,0
2025-10-26,E0,Everton,Tottenham,2,0.3,adaptive_mondrian_g0.02,1,1,0
2025-10-26,E0,Bournemouth,Nott'm Forest,0,0.3,adaptive_mondrian_g0.02,1,0,0
2025-10-26,SP1,Real Madrid,Barcelona,0,0.3,adaptive_mondrian_g0.02,1,0,0
2025-10-26,E0,Wolves,Burnley,2,0.3,adaptive_mondrian_g0.02,1,1,0
2025-10-26,F1,Auxerre,Le Havre,2,0.3,adaptive_mondrian_g0.02,1,1,0
2025-10-26,F1,Angers,Lorient,0,0.3,adaptive_mondrian_g0.02,0,1,1
2025-10-26,I1,Fiorentina,Bologna,1,0.3,adaptive_mondrian_g0.02,0,1,1
2025-10-26,I1,Verona,Cagliari,1,0.3,adaptive_mondrian_g0.02,1,1,0
2025-10-26,I1,Sassuolo,Roma,2,0.3,adaptive_mondrian_g0.02,0,1,1
2025-10-26,I1,Lazio,Juventus,0,0.3,adaptive_mondrian_g0.02,0,1,1
2025-10-26,F1,Lille,Metz,0,0.3,adaptive_mondrian_g0.02,1,0,0
2025-10-26,F1,Lyon,Strasbourg,0,0.3,adaptive_mondrian_g0.02,1,0,0
2025-10-26,I1,Torino,Genoa,0,0.3,adaptive_mondrian_g0.02,0,1,0
2025-10-26,F1,Rennes,Nice,2,0.3,adaptive_mondrian_g0.02,1,0,0
2025-10-26,D1,Stuttgart,Mainz,0,0.3,adaptive_mondrian_g0.02,1,1,0
2025-10-27,SP1,Betis,Ath Madrid,2,0.3,adaptive_mondrian_g0.02,0,1,1
2025-10-28,I1,Lecce,Napoli,2,0.3,adaptive_mondrian_g0.02,0,0,1
2025-10-28,I1,Atalanta,Milan,1,0.3,adaptive_mondrian_g0.02,0,1,1
2025-10-29,F1,Toulouse,Rennes,1,0.3,adaptive_mondrian_g0.02,1,0,0
2025-10-29,I1,Bologna,Torino,1,0.3,adaptive_mondrian_g0.02,1,0,0
2025-10-29,F1,Marseille,Angers,1,0.3,adaptive_mondrian_g0.02,1,0,0
2025-10-29,I1,Inter,Fiorentina,0,0.3,adaptive_mondrian_g0.02,1,0,0
2025-10-29,F1,Le Havre,Brest,0,0.3,adaptive_mondrian_g0.02,0,1,1
2025-10-29,I1,Genoa,Cremonese,2,0.3,adaptive_mondrian_g0.02,1,1,0
2025-10-29,I1,Roma,Parma,0,0.3,adaptive_mondrian_g0.02,1,0,0
2025-10-29,F1,Lorient,Paris SG,1,0.3,adaptive_mondrian_g0.02,0,0,1
2025-10-29,I1,Como,Verona,0,0.3,adaptive_mondrian_g0.02,1,0,0
2025-10-29,F1,Metz,Lens,0,0.3,adaptive_mondrian_g0.02,0,0,1
2025-10-29,I1,Juventus,Udinese,0,0.3,adaptive_mondrian_g0.02,1,0,0
2025-10-29,F1,Nice,Lille,0,0.3,adaptive_mondrian_g0.02,0,0,1
2025-10-29,F1,Strasbourg,Auxerre,0,0.3,adaptive_mondrian_g0.02,1,0,0
2025-10-29,F1,Nantes,Monaco,2,0.3,adaptive_mondrian_g0.02,0,0,1
2025-10-29,F1,Paris FC,Lyon,1,0.3,adaptive_mondrian_g0.02,0,1,1
2025-10-30,I1,Cagliari,Sassuolo,2,0.3,adaptive_mondrian_g0.02,0,1,1
2025-10-30,I1,Pisa,Lazio,1,0.3,adaptive_mondrian_g0.02,0,1,1
2025-10-31,SP1,Getafe,Girona,0,0.3,adaptive_mondrian_g0.02,1,1,0
2025-10-31,D1,Augsburg,Dortmund,2,0.3,adaptive_mondrian_g0.02,0,0,1
2025-11-01,E0,Nott'm Forest,Man United,1,0.3,adaptive_mondrian_g0.02,0,0,1
2025-11-01,E0,Crystal Palace,Brentford,0,0.3,adaptive_mondrian_g0.02,1,1,0
2025-11-01,E0,Brighton,Leeds,0,0.3,adaptive_mondrian_g0.02,1,0,0
2025-11-01,SP1,Villarreal,Vallecano,0,0.3,adaptive_mondrian_g0.02,1,0,0
2025-11-01,SP1,Ath Madrid,Sevilla,0,0.3,adaptive_mondrian_g0.02,1,0,0
2025-11-01,SP1,Sociedad,Ath Bilbao,0,0.3,adaptive_mondrian_g0.02,0,1,1
2025-11-01,E0,Liverpool,Aston Villa,0,0.3,adaptive_mondrian_g0.02,1,0,0
2025-11-01,E0,Tottenham,Chelsea,2,0.3,adaptive_mondrian_g0.02,0,1,1
2025-11-01,E0,Fulham,Wolves,0,0.3,adaptive_mondrian_g0.02,1,0,0
2025-11-01,E0,Burnley,Arsenal,2,0.3,adaptive_mondrian_g0.02,0,0,1
2025-11-01,D1,Bayern Munich,Leverkusen,0,0.3,adaptive_mondrian_g0.02,1,0,0
2025-11-01,SP1,Real Madrid,Valencia,0,0.3,adaptive_mondrian_g0.02,1,0,0
2025-11-01,F1,Auxerre,Marseille,2,0.3,adaptive_mondrian_g0.02,0,0,1
2025-11-01,D1,St Pauli,M'gladbach,2,0.3,adaptive_mondrian_g0.02,1,1,1
2025-11-01,F1,Monaco,Paris FC,2,0.3,adaptive_mondrian_g0.02,1,0,0
2025-11-01,D1,Mainz,Werder Bremen,1,0.3,adaptive_mondrian_g0.02,1,0,0
2025-11-01,D1,RB Leipzig,Stuttgart,0,0.3,adaptive_mondrian_g0.02,1,0,1
2025-11-01,I1,Cremonese,Juventus,2,0.3,adaptive_mondrian_g0.02,0,0,1
2025-11-01,D1,Heidenheim,Ein Frankfurt,1,0.3,adaptive_mondrian_g0.02,0,0,1
2025-11-01,D1,Union Berlin,Freiburg,1,0.3,adaptive_mondrian_g0.02,0,1,1
2025-11-01,F1,Paris SG,Nice,0,0.3,adaptive_mondrian_g0.02,1,0,0
2025-11-01,I1,Napoli,Como,1,0.3,adaptive_mondrian_g0.02,1,1,0
2025-11-01,I1,Udinese,Atalanta,0,0.3,adaptive_mondrian_g0.02,0,0,1
2025-11-02,F1,Lens,Lorient,0,0.3,adaptive_mondrian_g0.02,1,0,0
2025-11-02,E0,West Ham,Newcastle,0,0.3,adaptive_mondrian_g0.02,0,0,1
2025-11-02,E0,Man City,Bournemouth,0,0.3,adaptive_mondrian_g0.02,1,0,0
2025-11-02,D1,FC Koln,Hamburg,0,0.3,adaptive_mondrian_g0.02,0,0,1
2025-11-02,D1,Wolfsburg,Hoffenheim,2,0.3,adaptive_mondrian_g0.02,0,0,1
2025-11-02,I1,Fiorentina,Lecce,2,0.3,adaptive_mondrian_g0.02,1,1,0
2025-11-02,F1,Rennes,Strasbourg,0,0.3,adaptive_mondrian_g0.02,0,1,1
2025-11-02,SP1,Barcelona,Elche,0,0.3,adaptive_mondrian_g0.02,1,0,0
2025-11-02,F1,Lille,Angers,0,0.3,adaptive_mondrian_g0.02,1,0,0
2025-11-02,I1,Torino,Pisa,1,0.3,adaptive_mondrian_g0.02,1,1,0
2025-11-02,F1,Toulouse,Le Havre,1,0.3,adaptive_mondrian_g0.02,1,1,0
2025-11-02,F1,Brest,Lyon,1,0.3,adaptive_mondrian_g0.02,0,1,1
2025-11-02,I1,Parma,Bologna,2,0.3,adaptive_mondrian_g0.02,0,1,1
2025-11-02,I1,Milan,Roma,0,0.3,adaptive_mondrian_g0.02,0,1,0
2025-11-02,SP1,Betis,Mallorca,0,0.3,adaptive_mondrian_g0.02,1,0,0
2025-11-02,I1,Verona,Inter,2,0.3,adaptive_mondrian_g0.02,0,0,1
2025-11-02,SP1,Levante,Celta,2,0.3,adaptive_mondrian_g0.02,0,1,1
2025-11-02,SP1,Alaves,Espanol,0,0.3,adaptive_mondrian_g0.02,0,1,1
2025-11-02,F1,Nantes,Metz,2,0.3,adaptive_mondrian_g0.02,1,1,1
2025-11-03,E0,Sunderland,Everton,1,0.3,adaptive_mondrian_g0.02,0,1,1
2025-11-03,I1,Sassuolo,Genoa,2,0.3,adaptive_mondrian_g0.02,0,1,1
2025-11-03,I1,Lazio,Cagliari,0,0.3,adaptive_mondrian_g0.02,1,0,0
2025-11-03,SP1,Oviedo,Osasuna,1,0.3,adaptive_mondrian_g0.02,0,1,1
2025-11-07,SP1,Elche,Sociedad,1,0.3,adaptive_mondrian_g0.02,0,1,1
2025-11-07,D1,Werder Bremen,Wolfsburg,0,0.3,adaptive_mondrian_g0.02,1,0,1
2025-11-07,I1,Pisa,Cremonese,0,0.3,adaptive_mondrian_g0.02,1,1,0
2025-11-07,F1,Paris FC,Rennes,2,0.3,adaptive_mondrian_g0.02,1,0,1
2025-11-08,F1,Le Havre,Nantes,1,0.3,adaptive_mondrian_g0.02,1,1,0
2025-11-08,F1,Marseille,Brest,0,0.3,adaptive_mondrian_g0.02,1,0,0
2025-11-08,E0,West Ham,Burnley,0,0.3,adaptive_mondrian_g0.02,1,0,0
2025-11-08,E0,Sunderland,Arsenal,1,0.3,adaptive_mondrian_g0.02,0,0,1
2025-11-08,E0,Chelsea,Wolves,0,0.3,adaptive_mondrian_g0.02,1,0,0
2025-11-08,SP1,Girona,Alaves,0,0.3,adaptive_mondrian_g0.02,1,1,0
2025-11-08,SP1,Ath Madrid,Levante,0,0.3,adaptive_mondrian_g0.02,1,0,0
2025-11-08,F1,Monaco,Lens,2,0.3,adaptive_mondrian_g0.02,1,0,0
2025-11-08,SP1,Sevilla,Osasuna,0,0.3,adaptive_mondrian_g0.02,1,1,0
2025-11-08,E0,Everton,Fulham,0,0.3,adaptive_mondrian_g0.02,1,1,1
2025-11-08,E0,Tottenham,Man United,1,0.3,adaptive_mondrian_g0.02,0,1,1
2025-11-08,SP1,Espanol,Villarreal,2,0.3,adaptive_mondrian_g0.02,0,1,1
2025-11-08,D1,Hamburg,Dortmund,1,0.3,adaptive_mondrian_g0.02,0,0,1
2025-11-08,D1,Hoffenheim,RB Leipzig,0,0.3,adaptive_mondrian_g0.02,0,0,1
2025-11-08,D1,Leverkusen,Heidenheim,0,0.3,adaptive_mondrian_g0.02,1,0,0
2025-11-08,D1,Union Berlin,Bayern Munich,1,0.3,adaptive_mondrian_g0.02,0,0,1
2025-11-08,I1,Lecce,Verona,1,0.3,adaptive_mondrian_g0.02,0,1,1
2025-11-08,I1,Juventus,Torino,1,0.3,adaptive_mondrian_g0.02,1,0,0
2025-11-08,I1,Parma,Milan,1,0.3,adaptive_mondrian_g0.02,0,0,1
2025-11-08,D1,M'gladbach,FC Koln,0,0.3,adaptive_mondrian_g0.02,1,0,0
2025-11-08,I1,Como,Cagliari,1,0.3,adaptive_mondrian_g0.02,1,0,0
2025-11-09,I1,Genoa,Fiorentina,1,0.3,adaptive_mondrian_g0.02,0,1,1
2025-11-09,E0,Man City,Liverpool,0,0.3,adaptive_mondrian_g0.02,1,0,0
2025-11-09,E0,Nott'm Forest,Leeds,0,0.3,adaptive_mondrian_g0.02,1,1,0
2025-11-09,E0,Crystal Palace,Brighton,1,0.3,adaptive_mondrian_g0.02,0,1,1
2025-11-09,F1,Strasbourg,Lille,0,0.3,adaptive_mondrian_g0.02,0,0,1
2025-11-09,I1,Roma,Udinese,0,0.3,adaptive_mondrian_g0.02,1,0,0
2025-11-09,I1,Inter,Lazio,0,0.3,adaptive_mondrian_g0.02,1,0,0
2025-11-09,I1,Bologna,Napoli,0,0.3,adaptive_mondrian_g0.02,0,1,1
2025-11-09,E0,Brentford,Newcastle,0,0.3,adaptive_mondrian_g0.02,0,1,1
2025-11-09,I1,Atalanta,Sassuolo,2,0.3,adaptive_mondrian_g0.02,1,0,0
2025-11-09,SP1,Mallorca,Getafe,0,0.3,adaptive_mondrian_g0.02,0,1,1
2025-11-09,E0,Aston Villa,Bournemouth,0,0.3,adaptive_mondrian_g0.02,0,1,1
2025-11-09,D1,Stuttgart,Augsburg,0,0.3,adaptive_mondrian_g0.02,1,0,0
2025-11-09,F1,Angers,Auxerre,0,0.3,adaptive_mondrian_g0.02,0,1,1
2025-11-09,SP1,Ath Bilbao,Oviedo,0,0.3,adaptive_mondrian_g0.02,1,1,0
2025-11-09,SP1,Valencia,Betis,1,0.3,adaptive_mondrian_g0.02,0,1,1
2025-11-09,D1,Freiburg,St Pauli,0,0.3,adaptive_mondrian_g0.02,1,1,0
2025-11-09,D1,Ein Frankfurt,Mainz,0,0.3,adaptive_mondrian_g0.02,1,0,0
2025-11-09,F1,Lorient,Toulouse,1,0.3,adaptive_mondrian_g0.02,0,1,1
2025-11-09,F1,Metz,Nice,0,0.3,adaptive_mondrian_g0.02,0,1,1
2025-11-09,F1,Lyon,Paris SG,2,0.3,adaptive_mondrian_g0.02,0,0,1
2025-11-09,SP1,Vallecano,Real Madrid,1,0.3,adaptive_mondrian_g0.02,0,0,1
2025-11-09,SP1,Celta,Barcelona,2,0.3,adaptive_mondrian_g0.02,0,0,1
2025-11-21,SP1,Valencia,Levante,0,0.3,adaptive_mondrian_g0.02,1,1,0
2025-11-21,D1,Mainz,Hoffenheim,1,0.3,adaptive_mondrian_g0.02,0,1,1
2025-11-21,F1,Nice,Marseille,2,0.3,adaptive_mondrian_g0.02,0,0,1
2025-11-22,SP1,Villarreal,Mallorca,0,0.3,adaptive_mondrian_g0.02,1,0,0
2025-11-22,SP1,Alaves,Celta,2,0.3,adaptive_mondrian_g0.02,0,1,1
2025-11-22,SP1,Barcelona,Ath Bilbao,0,0.3,adaptive_mondrian_g0.02,1,0,0
2025-11-22,SP1,Osasuna,Sociedad,2,0.3,adaptive_mondrian_g0.02,0,1,1
2025-11-22,D1,Augsburg,Hamburg,0,0.3,adaptive_mondrian_g0.02,0,1,1
2025-11-22,D1,FC Koln,Ein Frankfurt,2,0.3,adaptive_mondrian_g0.02,0,0,1
2025-11-22,I1,Udinese,Bologna,2,0.3,adaptive_mondrian_g0.02,0,1,1
2025-11-22,F1,Lens,Strasbourg,0,0.3,adaptive_mondrian_g0.02,1,0,1
2025-11-22,F1,Rennes,Monaco,0,0.3,adaptive_mondrian_g0.02,1,0,1
2025-11-22,F1,Paris SG,Le Havre,0,0.3,adaptive_mondrian_g0.02,1,0,0
2025-11-22,I1,Cagliari,Genoa,1,0.3,adaptive_mondrian_g0.02,0,1,1
2025-11-22,D1,Wolfsburg,Leverkusen,2,0.3,adaptive_mondrian_g0.02,0,0,1
2025-11-22,E0,Newcastle,Man City,0,0.3,adaptive_mondrian_g0.02,0,0,1
2025-11-22,I1,Napoli,Atalanta,0,0.3,adaptive_mondrian_g0.02,1,1,0
2025-11-22,E0,Bournemouth,West Ham,1,0.3,adaptive_mondrian_g0.02,1,0,0
2025-11-22,E0,Fulham,Sunderland,0,0.3,adaptive_mondrian_g0.02,1,1,0
2025-11-22,E0,Liverpool,Nott'm Forest,2,0.3,adaptive_mondrian_g0.02,1,0,0
2025-11-22,E0,Wolves,Crystal Palace,2,0.3,adaptive_mondrian_g0.02,0,0,1
2025-11-22,E0,Brighton,Brentford,0,0.3,adaptive_mondrian_g0.02,1,1,0
2025-11-22,E0,Burnley,Chelsea,2,0.3,adaptive_mondrian_g0.02,0,0,1
2025-11-22,I1,Fiorentina,Juventus,1,0.3,adaptive_mondrian_g0.02,0,1,1
2025-11-22,D1,Dortmund,Stuttgart,1,0.3,adaptive_mondrian_g0.02,1,0,0
2025-11-22,D1,Bayern Munich,Freiburg,0,0.3,adaptive_mondrian_g0.02,1,0,0
2025-11-22,D1,Heidenheim,M'gladbach,2,0.3,adaptive_mondrian_g0.02,0,1,1
2025-11-23,F1,Nantes,Lorient,1,0.3,adaptive_mondrian_g0.02,0,1,1
2025-11-23,I1,Inter,Milan,2,0.3,adaptive_mondrian_g0.02,1,1,0
2025-11-23,D1,RB Leipzig,Werder Bremen,0,0.3,adaptive_mondrian_g0.02,1,0,0
2025-11-23,I1,Lazio,Lecce,0,0.3,adaptive_mondrian_g0.02,1,1,0
2025-11-23,I1,Cremonese,Roma,2,0.3,adaptive_mondrian_g0.02,0,1,1
2025-11-23,I1,Verona,Parma,2,0.3,adaptive_mondrian_g0.02,1,1,0
2025-11-23,F1,Toulouse,Angers,2,0.3,adaptive_mondrian_g0.02,1,1,0
2025-11-23,F1,Brest,Metz,0,0.3,adaptive_mondrian_g0.02,1,0,0
2025-11-23,F1,Lille,Paris FC,0,0.3,adaptive_mondrian_g0.02,1,0,0
2025-11-23,E0,Leeds,Aston Villa,2,0.3,adaptive_mondrian_g0.02,0,1,1
2025-11-23,D1,St Pauli,Union Berlin,2,0.3,adaptive_mondrian_g0.02,0,1,1
2025-11-23,E0,Arsenal,Tottenham,0,0.3,adaptive_mondrian_g0.02,1,0,0
2025-11-23,SP1,Oviedo,Vallecano,1,0.3,adaptive_mondrian_g0.02,0,1,1
2025-11-23,SP1,Getafe,Ath Madrid,2,0.3,adaptive_mondrian_g0.02,0,1,1
2025-11-23,SP1,Betis,Girona,1,0.3,adaptive_mondrian_g0.02,1,0,0
2025-11-23,SP1,Elche,Real Madrid,1,0.3,adaptive_mondrian_g0.02,0,0,1
2025-11-23,F1,Auxerre,Lyon,1,0.3,adaptive_mondrian_g0.02,0,1,1
2025-11-24,E0,Man United,Everton,2,0.3,adaptive_mondrian_g0.02,1,1,0
2025-11-24,I1,Sassuolo,Pisa,1,0.3,adaptive_mondrian_g0.02,1,1,0
2025-11-24,I1,Torino,Como,2,0.3,adaptive_mondrian_g0.02,0,1,1
2025-11-24,SP1,Espanol,Sevilla,0,0.3,adaptive_mondrian_g0.02,1,0,0
2025-11-28,SP1,Getafe,Elche,0,0.3,adaptive_mondrian_g0.02,1,1,0
2025-11-28,I1,Como,Sassuolo,0,0.3,adaptive_mondrian_g0.02,1,1,0
2025-11-28,D1,M'gladbach,RB Leipzig,1,0.3,adaptive_mondrian_g0.02,0,0,1
2025-11-28,F1,Metz,Rennes,2,0.3,adaptive_mondrian_g0.02,0,0,1
2025-11-29,SP1,Levante,Ath Bilbao,2,0.3,adaptive_mondrian_g0.02,0,1,1
2025-11-29,E0,Everton,Newcastle,2,0.3,adaptive_mondrian_g0.02,0,1,1
2025-11-29,E0,Sunderland,Bournemouth,0,0.3,adaptive_mondrian_g0.02,0,1,1
2025-11-29,E0,Tottenham,Fulham,2,0.3,adaptive_mondrian_g0.02,0,1,1
2025-11-29,E0,Brentford,Burnley,0,0.3,adaptive_mondrian_g0.02,1,0,0
2025-11-29,F1,Monaco,Paris SG,0,0.3,adaptive_mondrian_g0.02,0,0,1
2025-11-29,SP1,Mallorca,Osasuna,1,0.3,adaptive_mondrian_g0.02,0,1,0
2025-11-29,F1,Paris FC,Auxerre,1,0.3,adaptive_mondrian_g0.02,1,1,0
2025-11-29,F1,Marseille,Toulouse,1,0.3,adaptive_mondrian_g0.02,1,0,0
2025-11-29,D1,Leverkusen,Dortmund,2,0.3,adaptive_mondrian_g0.02,0,1,1
2025-11-29,E0,Man City,Leeds,0,0.3,adaptive_mondrian_g0.02,1,0,0
2025-11-29,D1,Bayern Munich,St Pauli,0,0.3,adaptive_mondrian_g0.02,1,0,0
2025-11-29,D1,Hoffenheim,Augsburg,0,0.3,adaptive_mondrian_g0.02,1,0,0
2025-11-29,SP1,Ath Madrid,Oviedo,0,0.3,adaptive_mondrian_g0.02,1,0,0
2025-11-29,D1,Union Berlin,Heidenheim,2,0.3,adaptive_mondrian_g0.02,1,0,0
2025-11-29,D1,Werder Bremen,FC Koln,1,0.3,adaptive_mondrian_g0.02,1,0,1
2025-11-29,I1,Juventus,Cagliari,0,0.3,adaptive_mondrian_g0.02,1,0,0
2025-11-29,I1,Genoa,Verona,0,0.3,adaptive_mondrian_g0.02,1,1,0
2025-11-29,I1,Milan,Lazio,0,0.3,adaptive_mondrian_g0.02,1,0,0
2025-11-29,SP1,Barcelona,Alaves,0,0.3,adaptive_mondrian_g0.02,1,0,0
2025-11-29,I1,Parma,Udinese,2,0.3,adaptive_mondrian_g0.02,0,1,1
2025-11-30,D1,Hamburg,Stuttgart,0,0.3,adaptive_mondrian_g0.02,0,1,1
2025-11-30,F1,Le Havre,Lille,2,0.3,adaptive_mondrian_g0.02,0,1,1
2025-11-30,F1,Lyon,Nantes,0,0.3,adaptive_mondrian_g0.02,1,0,0
2025-11-30,F1,Lorient,Nice,0,0.3,adaptive_mondrian_g0.02,0,1,1
2025-11-30,SP1,Girona,Real Madrid,1,0.3,adaptive_mondrian_g0.02,0,0,1
2025-11-30,I1,Roma,Napoli,2,0.3,adaptive_mondrian_g0.02,0,1,0
2025-11-30,SP1,Sevilla,Betis,2,0.3,adaptive_mondrian_g0.02,0,1,1
2025-11-30,D1,Ein Frankfurt,Wolfsburg,1,0.3,adaptive_mondrian_g0.02,1,0,0
2025-11-30,SP1,Sociedad,Villarreal,2,0.3,adaptive_mondrian_g0.02,0,1,1
2025-11-30,D1,Freiburg,Mainz,0,0.3,adaptive_mondrian_g0.02,1,0,0
2025-11-30,SP1,Celta,Espanol,2,0.3,adaptive_mondrian_g0.02,1,1,0
2025-11-30,I1,Lecce,Torino,0,0.3,adaptive_mondrian_g0.02,0,1,1
2025-11-30,I1,Pisa,Inter,2,0.3,adaptive_mondrian_g0.02,0,0,1
2025-11-30,F1,Angers,Lens,2,0.3,adaptive_mondrian_g0.02,0,0,1
2025-11-30,F1,Strasbourg,Brest,2,0.3,adaptive_mondrian_g0.02,1,0,0
2025-11-30,E0,Crystal Palace,Man United,2,0.3,adaptive_mondrian_g0.02,1,1,0
2025-11-30,I1,Atalanta,Fiorentina,0,0.3,adaptive_mondrian_g0.02,1,0,0
2025-11-30,E0,Nott'm Forest,Brighton,2,0.3,adaptive_mondrian_g0.02,0,1,1
2025-11-30,E0,West Ham,Liverpool,2,0.3,adaptive_mondrian_g0.02,0,0,1
2025-11-30,E0,Chelsea,Arsenal,1,0.3,adaptive_mondrian_g0.02,0,1,1
2025-11-30,E0,Aston Villa,Wolves,0,0.3,adaptive_mondrian_g0.02,1,0,0
2025-12-01,SP1,Vallecano,Valencia,1,0.3,adaptive_mondrian_g0.02,1,1,0
2025-12-01,I1,Bologna,Cremonese,2,0.3,adaptive_mondrian_g0.02,1,0,0
2025-12-02,E0,Fulham,Man City,2,0.3,adaptive_mondrian_g0.02,0,0,1
2025-12-02,E0,Newcastle,Tottenham,1,0.3,adaptive_mondrian_g0.02,1,1,0
2025-12-02,SP1,Barcelona,Ath Madrid,0,0.3,adaptive_mondrian_g0.02,1,0,0
2025-12-02,E0,Bournemouth,Everton,2,0.3,adaptive_mondrian_g0.02,1,1,0
2025-12-03,E0,Wolves,Nott'm Forest,2,0.3,adaptive_mondrian_g0.02,0,1,1
2025-12-03,E0,Leeds,Chelsea,0,0.3,adaptive_mondrian_g0.02,0,1,1
2025-12-03,E0,Burnley,Crystal Palace,2,0.3,adaptive_mondrian_g0.02,0,1,1
2025-12-03,E0,Brighton,Aston Villa,2,0.3,adaptive_mondrian_g0.02,0,1,1
2025-12-03,E0,Liverpool,Sunderland,1,0.3,adaptive_mondrian_g0.02,1,0,0
2025-12-03,SP1,Ath Bilbao,Real Madrid,2,0.3,adaptive_mondrian_g0.02,0,1,1
2025-12-03,E0,Arsenal,Brentford,0,0.3,adaptive_mondrian_g0.02,1,0,0
2025-12-04,E0,Man United,West Ham,1,0.3,adaptive_mondrian_g0.02,1,0,0
2025-12-05,SP1,Oviedo,Mallorca,1,0.3,adaptive_mondrian_g0.02,0,1,1
2025-12-05,F1,Brest,Monaco,0,0.3,adaptive_mondrian_g0.02,0,0,1
2025-12-05,D1,Mainz,M'gladbach,2,0.3,adaptive_mondrian_g0.02,0,1,1
2025-12-05,F1,Lille,Marseille,0,0.3,adaptive_mondrian_g0.02,0,1,1
2025-12-06,E0,Newcastle,Burnley,0,0.3,adaptive_mondrian_g0.02,1,0,0
2025-12-06,F1,Nantes,Lens,2,0.3,adaptive_mondrian_g0.02,0,0,1
2025-12-06,E0,Everton,Nott'm Forest,0,0.3,adaptive_mondrian_g0.02,1,1,0
2025-12-06,E0,Man City,Sunderland,0,0.3,adaptive_mondrian_g0.02,1,0,0
2025-12-06,I1,Inter,Como,0,0.3,adaptive_mondrian_g0.02,1,0,0
2025-12-06,I1,Verona,Atalanta,0,0.3,adaptive_mondrian_g0.02,0,1,1
2025-12-06,E0,Bournemouth,Chelsea,1,0.3,adaptive_mondrian_g0.02,0,1,1
2025-12-06,F1,Paris SG,Rennes,0,0.3,adaptive_mondrian_g0.02,1,0,0
2025-12-06,E0,Tottenham,Brentford,0,0.3,adaptive_mondrian_g0.02,0,1,1
2025-12-06,E0,Aston Villa,Arsenal,0,0.3,adaptive_mondrian_g0.02,0,1,1
2025-12-06,E0,Leeds,Liverpool,1,0.3,adaptive_mondrian_g0.02,0,0,1
2025-12-06,SP1,Villarreal,Getafe,0,0.3,adaptive_mondrian_g0.02,1,1,0
2025-12-06,SP1,Ath Bilbao,Ath Madrid,0,0.3,adaptive_mondrian_g0.02,0,1,1
2025-12-06,F1,Toulouse,Strasbourg,0,0.3,adaptive_mondrian_g0.02,0,1,1
2025-12-06,D1,RB Leipzig,Ein Frankfurt,0,0.3,adaptive_mondrian_g0.02,1,0,0
2025-12-06,I1,Sassuolo,Fiorentina,0,0.3,adaptive_mondrian_g0.02,0,1,1
2025-12-06,D1,Augsburg,Leverkusen,0,0.3,adaptive_mondrian_g0.02,0,1,1
2025-12-06,SP1,Alaves,Sociedad,0,0.3,adaptive_mondrian_g0.02,0,1,1
2025-12-06,D1,Heidenheim,Freiburg,0,0.3,adaptive_mondrian_g0.02,0,1,1
2025-12-06,D1,Stuttgart,Bayern Munich,2,0.3,adaptive_mondrian_g0.02,0,0,1
2025-12-06,D1,Wolfsburg,Union Berlin,0,0.3,adaptive_mondrian_g0.02,1,1,0
2025-12-06,SP1,Betis,Barcelona,2,0.3,adaptive_mondrian_g0.02,0,0,1
2025-12-06,D1,FC Koln,St Pauli,1,0.3,adaptive_mondrian_g0.02,1,1,0
2025-12-07,D1,Hamburg,Werder Bremen,0,0.3,adaptive_mondrian_g0.02,1,1,1
2025-12-07,F1,Lorient,Lyon,0,0.3,adaptive_mondrian_g0.02,0,1,1
2025-12-07,SP1,Elche,Girona,0,0.3,adaptive_mondrian_g0.02,1,1,0
2025-12-07,E0,Brighton,West Ham,1,0.3,adaptive_mondrian_g0.02,1,0,0
2025-12-07,I1,Napoli,Juventus,0,0.3,adaptive_mondrian_g0.02,0,1,0
2025-12-07,D1,Dortmund,Hoffenheim,0,0.3,adaptive_mondrian_g0.02,1,0,0
2025-12-07,I1,Cremonese,Lecce,0,0.3,adaptive_mondrian_g0.02,1,1,0
2025-12-07,F1,Le Havre,Paris FC,1,0.3,adaptive_mondrian_g0.02,0,1,1
2025-12-07,I1,Lazio,Bologna,1,0.3,adaptive_mondrian_g0.02,1,1,0
2025-12-07,SP1,Real Madrid,Celta,2,0.3,adaptive_mondrian_g0.02,1,0,0
2025-12-07,E0,Fulham,Crystal Palace,2,0.3,adaptive_mondrian_g0.02,1,1,1
2025-12-07,I1,Cagliari,Roma,0,0.3,adaptive_mondrian_g0.02,0,1,1
2025-12-07,F1,Auxerre,Metz,0,0.3,adaptive_mondrian_g0.02,1,1,0
2025-12-07,F1,Nice,Angers,2,0.3,adaptive_mondrian_g0.02,1,1,0
2025-12-07,SP1,Valencia,Sevilla,1,0.3,adaptive_mondrian_g0.02,1,1,0
2025-12-07,SP1,Espanol,Vallecano,0,0.3,adaptive_mondrian_g0.02,1,1,1
2025-12-08,I1,Pisa,Parma,2,0.3,adaptive_mondrian_g0.02,0,1,1
2025-12-08,I1,Torino,Milan,2,0.3,adaptive_mondrian_g0.02,0,1,1
2025-12-08,I1,Udinese,Genoa,2,0.3,adaptive_mondrian_g0.02,1,1,0
2025-12-08,E0,Wolves,Man United,2,0.3,adaptive_mondrian_g0.02,0,0,1
2025-12-08,SP1,Osasuna,Levante,0,0.3,adaptive_mondrian_g0.02,1,0,0
2025-12-12,I1,Lecce,Pisa,0,0.3,adaptive_mondrian_g0.02,1,1,0
2025-12-12,F1,Angers,Nantes,0,0.3,adaptive_mondrian_g0.02,1,1,0
2025-12-12,D1,Union Berlin,RB Leipzig,0,0.3,adaptive_mondrian_g0.02,0,1,1
2025-12-12,SP1,Sociedad,Girona,2,0.3,adaptive_mondrian_g0.02,1,1,0
2025-12-13,SP1,Mallorca,Elche,0,0.3,adaptive_mondrian_g0.02,0,1,0
2025-12-13,E0,Chelsea,Everton,0,0.3,adaptive_mondrian_g0.02,1,1,0
2025-12-13,F1,Paris FC,Toulouse,2,0.3,adaptive_mondrian_g0.02,0,1,1
2025-12-13,I1,Parma,Lazio,2,0.3,adaptive_mondrian_g0.02,0,1,1
2025-12-13,I1,Atalanta,Cagliari,0,0.3,adaptive_mondrian_g0.02,1,0,0
2025-12-13,SP1,Getafe,Espanol,2,0.3,adaptive_mondrian_g0.02,0,1,0
2025-12-13,SP1,Barcelona,Osasuna,0,0.3,adaptive_mondrian_g0.02,1,0,0
2025-12-13,E0,Arsenal,Wolves,0,0.3,adaptive_mondrian_g0.02,1,0,0
2025-12-13,SP1,Ath Madrid,Valencia,0,0.3,adaptive_mondrian_g0.02,1,0,0
2025-12-13,I1,Torino,Cremonese,0,0.3,adaptive_mondrian_g0.02,1,1,0
2025-12-13,F1,Metz,Paris SG,2,0.3,adaptive_mondrian_g0.02,0,0,1
2025-12-13,F1,Rennes,Brest,0,0.3,adaptive_mondrian_g0.02,1,0,0
2025-12-13,D1,Leverkusen,FC Koln,0,0.3,adaptive_mondrian_g0.02,1,0,0
2025-12-13,D1,St Pauli,Heidenheim,0,0.3,adaptive_mondrian_g0.02,1,1,0
2025-12-13,D1,M'gladbach,Wolfsburg,2,0.3,adaptive_mondrian_g0.02,1,1,0
2025-12-13,D1,Hoffenheim,Hamburg,0,0.3,adaptive_mondrian_g0.02,1,0,0
2025-12-13,D1,Ein Frankfurt,Augsburg,0,0.3,adaptive_mondrian_g0.02,1,1,0
2025-12-13,E0,Burnley,Fulham,2,0.3,adaptive_mondrian_g0.02,0,1,1
2025-12-13,E0,Liverpool,Brighton,0,0.3,adaptive_mondrian_g0.02,1,0,0
2025-12-14,E0,Crystal Palace,Man City,2,0.3,adaptive_mondrian_g0.02,0,0,1
2025-12-14,I1,Bologna,Juventus,2,0.3,adaptive_mondrian_g0.02,0,1,1
2025-12-14,I1,Genoa,Inter,2,0.3,adaptive_mondrian_g0.02,0,0,1
2025-12-14,I1,Udinese,Napoli,0,0.3,adaptive_mondrian_g0.02,0,1,1
2025-12-14,F1,Marseille,Monaco,0,0.3,adaptive_mondrian_g0.02,1,1,0
2025-12-14,I1,Milan,Sassuolo,1,0.3,adaptive_mondrian_g0.02,1,0,0
2025-12-14,SP1,Celta,Ath Bilbao,0,0.3,adaptive_mondrian_g0.02,0,1,1
2025-12-14,E0,Nott'm Forest,Tottenham,0,0.3,adaptive_mondrian_g0.02,0,1,1
2025-12-14,I1,Fiorentina,Verona,2,0.3,adaptive_mondrian_g0.02,1,1,0
2025-12-14,E0,Sunderland,Newcastle,0,0.3,adaptive_mondrian_g0.02,0,1,1
2025-12-14,E0,West Ham,Aston Villa,2,0.3,adaptive_mondrian_g0.02,0,1,1
2025-12-14,D1,Werder Bremen,Stuttgart,2,0.3,adaptive_mondrian_g0.02,0,1,1
2025-12-14,D1,Bayern Munich,Mainz,1,0.3,adaptive_mondrian_g0.02,1,0,0
2025-12-14,F1,Strasbourg,Lorient,1,0.3,adaptive_mondrian_g0.02,1,0,0
2025-12-14,SP1,Alaves,Real Madrid,2,0.3,adaptive_mondrian_g0.02,0,0,1
2025-12-14,D1,Freiburg,Dortmund,1,0.3,adaptive_mondrian_g0.02,0,1,1
2025-12-14,SP1,Sevilla,Oviedo,0,0.3,adaptive_mondrian_g0.02,1,1,0
2025-12-14,F1,Lens,Nice,0,0.3,adaptive_mondrian_g0.02,1,0,0
2025-12-14,F1,Auxerre,Lille,2,0.3,adaptive_mondrian_g0.02,0,1,1
2025-12-14,F1,Lyon,Le Havre,0,0.3,adaptive_mondrian_g0.02,1,0,0
2025-12-14,E0,Brentford,Leeds,1,0.3,adaptive_mondrian_g0.02,1,1,0
2025-12-15,E0,Man United,Bournemouth,1,0.3,adaptive_mondrian_g0.02,1,0,0
2025-12-15,I1,Roma,Como,0,0.3,adaptive_mondrian_g0.02,1,1,0
2025-12-15,SP1,Vallecano,Betis,1,0.3,adaptive_mondrian_g0.02,0,1,1
2025-12-19,D1,Dortmund,M'gladbach,0,0.3,adaptive_mondrian_g0.02,1,0,0
2025-12-19,SP1,Valencia,Mallorca,1,0.3,adaptive_mondrian_g0.02,1,1,0
2025-12-20,I1,Juventus,Roma,0,0.3,adaptive_mondrian_g0.02,1,1,0
2025-12-20,E0,Everton,Arsenal,2,0.3,adaptive_mondrian_g0.02,0,0,1
2025-12-20,SP1,Levante,Sociedad,1,0.3,adaptive_mondrian_g0.02,0,1,1
2025-12-20,E0,Leeds,Crystal Palace,0,0.3,adaptive_mondrian_g0.02,0,1,1
2025-12-20,SP1,Osasuna,Alaves,0,0.3,adaptive_mondrian_g0.02,1,1,0
2025-12-20,SP1,Oviedo,Celta,1,0.3,adaptive_mondrian_g0.02,0,1,1
2025-12-20,E0,Man City,West Ham,0,0.3,adaptive_mondrian_g0.02,1,0,0
2025-12-20,E0,Wolves,Brentford,2,0.3,adaptive_mondrian_g0.02,0,1,1
2025-12-20,SP1,Real Madrid,Sevilla,0,0.3,adaptive_mondrian_g0.02,1,0,0
2025-12-20,I1,Lazio,Cremonese,1,0.3,adaptive_mondrian_g0.02,1,1,0
2025-12-20,E0,Tottenham,Liverpool,2,0.3,adaptive_mondrian_g0.02,0,1,1
2025-12-20,E0,Bournemouth,Burnley,1,0.3,adaptive_mondrian_g0.02,1,0,0
2025-12-20,E0,Brighton,Sunderland,1,0.3,adaptive_mondrian_g0.02,1,1,0
2025-12-20,D1,Augsburg,Werder Bremen,1,0.3,adaptive_mondrian_g0.02,1,1,0
2025-12-20,D1,FC Koln,Union Berlin,2,0.3,adaptive_mondrian_g0.02,0,1,1
2025-12-20,D1,RB Leipzig,Leverkusen,2,0.3,adaptive_mondrian_g0.02,1,1,0
2025-12-20,D1,Wolfsburg,Freiburg,2,0.3,adaptive_mondrian_g0.02,1,1,1
2025-12-20,D1,Stuttgart,Hoffenheim,1,0.3,adaptive_mondrian_g0.02,1,1,0
2025-12-20,D1,Hamburg,Ein Frankfurt,1,0.3,adaptive_mondrian_g0.02,0,1,1
2025-12-20,E0,Newcastle,Chelsea,1,0.3,adaptive_mondrian_g0.02,0,1,1
2025-12-21,SP1,Villarreal,Barcelona,2,0.3,adaptive_mondrian_g0.02,0,0,1
2025-12-21,SP1,Elche,Vallecano,0,0.3,adaptive_mondrian_g0.02,0,1,0
2025-12-21,SP1,Betis,Getafe,0,0.3,adaptive_mondrian_g0.02,1,1,0
2025-12-21,I1,Genoa,Atalanta,2,0.3,adaptive_mondrian_g0.02,0,1,1
2025-12-21,I1,Fiorentina,Udinese,0,0.3,adaptive_mondrian_g0.02,1,1,0
2025-12-21,I1,Sassuolo,Torino,2,0.3,adaptive_mondrian_g0.02,1,1,0
2025-12-21,D1,Heidenheim,Bayern Munich,2,0.3,adaptive_mondrian_g0.02,0,0,1
2025-12-21,I1,Cagliari,Pisa,1,0.3,adaptive_mondrian_g0.02,1,1,0
2025-12-21,E0,Aston Villa,Man United,0,0.3,adaptive_mondrian_g0.02,1,1,0
2025-12-21,SP1,Girona,Ath Madrid,2,0.3,adaptive_mondrian_g0.02,0,1,1
2025-12-21,D1,Mainz,St Pauli,1,0.3,adaptive_mondrian_g0.02,1,1,0
2025-12-22,SP1,Ath Bilbao,Espanol,2,0.3,adaptive_mondrian_g0.02,1,1,0
2025-12-22,E0,Fulham,Nott'm Forest,0,0.3,adaptive_mondrian_g0.02,0,1,1
2025-12-26,E0,Man United,Newcastle,0,0.3,adaptive_mondrian_g0.02,0,1,1
2025-12-27,E0,Nott'm Forest,Man City,2,0.3,adaptive_mondrian_g0.02,0,0,1
2025-12-27,E0,Brentford,Bournemouth,0,0.3,adaptive_mondrian_g0.02,1,1,0
2025-12-27,E0,Chelsea,Aston Villa,2,0.3,adaptive_mondrian_g0.02,1,0,0
2025-12-27,E0,West Ham,Fulham,2,0.3,adaptive_mondrian_g0.02,0,1,1
2025-12-27,E0,Arsenal,Brighton,0,0.3,adaptive_mondrian_g0.02,1,0,0
2025-12-27,E0,Liverpool,Wolves,0,0.3,adaptive_mondrian_g0.02,1,0,0
2025-12-27,I1,Udinese,Lazio,1,0.3,adaptive_mondrian_g0.02,0,1,1
2025-12-27,E0,Burnley,Everton,1,0.3,adaptive_mondrian_g0.02,0,1,1
2025-12-27,I1,Pisa,Juventus,2,0.3,adaptive_mondrian_g0.02,0,0,1
2025-12-27,I1,Torino,Cagliari,2,0.3,adaptive_mondrian_g0.02,1,1,0
2025-12-27,I1,Lecce,Como,2,0.3,adaptive_mondrian_g0.02,0,1,1
2025-12-27,I1,Parma,Fiorentina,0,0.3,adaptive_mondrian_g0.02,0,1,1
2025-12-28,I1,Atalanta,Inter,2,0.3,adaptive_mondrian_g0.02,0,1,1
2025-12-28,I1,Milan,Verona,0,0.3,adaptive_mondrian_g0.02,1,0,0
2025-12-28,I1,Cremonese,Napoli,2,0.3,adaptive_mondrian_g0.02,0,1,1
2025-12-28,E0,Crystal Palace,Tottenham,2,0.3,adaptive_mondrian_g0.02,1,1,0
2025-12-28,E0,Sunderland,Leeds,1,0.3,adaptive_mondrian_g0.02,0,1,1
2025-12-28,I1,Bologna,Sassuolo,1,0.3,adaptive_mondrian_g0.02,1,1,0
2025-12-29,I1,Roma,Genoa,0,0.3,adaptive_mondrian_g0.02,1,1,0
2025-12-30,E0,Man United,Wolves,1,0.3,adaptive_mondrian_g0.02,1,0,0
2025-12-30,E0,West Ham,Brighton,1,0.3,adaptive_mondrian_g0.02,0,1,1
2025-12-30,E0,Nott'm Forest,Everton,2,0.3,adaptive_mondrian_g0.02,1,1,0
2025-12-30,E0,Chelsea,Bournemouth,1,0.3,adaptive_mondrian_g0.02,1,0,0
2025-12-30,E0,Burnley,Newcastle,2,0.3,adaptive_mondrian_g0.02,0,0,1
2025-12-30,E0,Arsenal,Aston Villa,0,0.3,adaptive_mondrian_g0.02,1,0,0
2026-01-01,E0,Crystal Palace,Fulham,1,0.3,adaptive_mondrian_g0.02,1,1,0
2026-01-01,E0,Sunderland,Man City,1,0.3,adaptive_mondrian_g0.02,0,0,1
2026-01-01,E0,Liverpool,Leeds,1,0.3,adaptive_mondrian_g0.02,1,0,0
2026-01-01,E0,Brentford,Tottenham,1,0.3,adaptive_mondrian_g0.02,0,1,1
2026-01-02,I1,Cagliari,Milan,2,0.3,adaptive_mondrian_g0.02,0,0,1
2026-01-02,F1,Toulouse,Lens,2,0.3,adaptive_mondrian_g0.02,0,1,1
2026-01-02,SP1,Vallecano,Getafe,1,0.3,adaptive_mondrian_g0.02,1,1,0
2026-01-03,SP1,Espanol,Barcelona,2,0.3,adaptive_mondrian_g0.02,0,0,1
2026-01-03,I1,Sassuolo,Parma,1,0.3,adaptive_mondrian_g0.02,1,1,0
2026-01-03,F1,Monaco,Lyon,2,0.3,adaptive_mondrian_g0.02,1,1,0
2026-01-03,I1,Atalanta,Roma,0,0.3,adaptive_mondrian_g0.02,1,1,0
2026-01-03,I1,Juventus,Lecce,1,0.3,adaptive_mondrian_g0.02,1,0,0
2026-01-03,SP1,Elche,Villarreal,2,0.3,adaptive_mondrian_g0.02,0,1,1
2026-01-03,F1,Lille,Rennes,2,0.3,adaptive_mondrian_g0.02,1,0,0
2026-01-03,SP1,Celta,Valencia,0,0.3,adaptive_mondrian_g0.02,1,1,0
2026-01-03,I1,Genoa,Pisa,1,0.3,adaptive_mondrian_g0.02,1,1,0
2026-01-03,F1,Nice,Strasbourg,1,0.3,adaptive_mondrian_g0.02,0,1,1
2026-01-03,E0,Bournemouth,Arsenal,2,0.3,adaptive_mondrian_g0.02,0,0,1
2026-01-03,E0,Aston Villa,Nott'm Forest,0,0.3,adaptive_mondrian_g0.02,1,1,0
2026-01-03,E0,Brighton,Burnley,0,0.3,adaptive_mondrian_g0.02,1,0,0
2026-01-03,E0,Wolves,West Ham,0,0.3,adaptive_mondrian_g0.02,0,1,1
2026-01-03,SP1,Osasuna,Ath Bilbao,1,0.3,adaptive_mondrian_g0.02,0,1,1
2026-01-03,I1,Como,Udinese,0,0.3,adaptive_mondrian_g0.02,1,1,0
2026-01-04,SP1,Real Madrid,Betis,0,0.3,adaptive_mondrian_g0.02,1,0,0
2026-01-04,SP1,Sevilla,Levante,2,0.3,adaptive_mondrian_g0.02,1,0,0
2026-01-04,I1,Inter,Bologna,0,0.3,adaptive_mondrian_g0.02,1,0,0
2026-01-04,F1,Lorient,Metz,1,0.3,adaptive_mondrian_g0.02,1,1,0
2026-01-04,I1,Fiorentina,Cremonese,0,0.3,adaptive_mondrian_g0.02,1,1,0
2026-01-04,I1,Lazio,Napoli,2,0.3,adaptive_mondrian_g0.02,0,1,1
2026-01-04,SP1,Mallorca,Girona,2,0.3,adaptive_mondrian_g0.02,1,1,0
2026-01-04,I1,Verona,Torino,2,0.3,adaptive_mondrian_g0.02,0,1,1
2026-01-04,F1,Paris SG,Paris FC,0,0.3,adaptive_mondrian_g0.02,1,0,0
2026-01-04,SP1,Alaves,Oviedo,1,0.3,adaptive_mondrian_g0.02,1,1,0
2026-01-04,F1,Le Havre,Angers,0,0.3,adaptive_mondrian_g0.02,0,1,0
2026-01-04,E0,Fulham,Liverpool,1,0.3,adaptive_mondrian_g0.02,0,1,1
2026-01-04,F1,Marseille,Nantes,2,0.3,adaptive_mondrian_g0.02,1,0,0
2026-01-04,E0,Leeds,Man United,1,0.3,adaptive_mondrian_g0.02,0,1,1
2026-01-04,E0,Everton,Brentford,2,0.3,adaptive_mondrian_g0.02,0,1,0
2026-01-04,E0,Man City,Chelsea,1,0.3,adaptive_mondrian_g0.02,1,0,0
2026-01-04,F1,Brest,Auxerre,0,0.3,adaptive_mondrian_g0.02,1,1,0
2026-01-04,E0,Newcastle,Crystal Palace,0,0.3,adaptive_mondrian_g0.02,1,0,0
2026-01-04,E0,Tottenham,Sunderland,1,0.3,adaptive_mondrian_g0.02,1,1,0
2026-01-04,SP1,Sociedad,Ath Madrid,1,0.3,adaptive_mondrian_g0.02,0,0,1
2026-01-06,I1,Lecce,Roma,2,0.3,adaptive_mondrian_g0.02,0,1,1
2026-01-06,E0,West Ham,Nott'm Forest,2,0.3,adaptive_mondrian_g0.02,0,1,1
2026-01-06,I1,Sassuolo,Juventus,2,0.3,adaptive_mondrian_g0.02,0,1,1
2026-01-06,I1,Pisa,Como,2,0.3,adaptive_mondrian_g0.02,0,1,1
2026-01-07,E0,Man City,Brighton,1,0.3,adaptive_mondrian_g0.02,1,0,0
2026-01-07,E0,Burnley,Man United,1,0.3,adaptive_mondrian_g0.02,0,0,1
2026-01-07,E0,Brentford,Sunderland,0,0.3,adaptive_mondrian_g0.02,1,1,0
2026-01-07,E0,Everton,Wolves,1,0.3,adaptive_mondrian_g0.02,1,1,0
2026-01-07,E0,Newcastle,Leeds,0,0.3,adaptive_mondrian_g0.02,1,0,0
2026-01-07,E0,Fulham,Chelsea,0,0.3,adaptive_mondrian_g0.02,0,1,1
2026-01-07,E0,Bournemouth,Tottenham,0,0.3,adaptive_mondrian_g0.02,1,1,0
2026-01-07,E0,Crystal Palace,Aston Villa,1,0.3,adaptive_mondrian_g0.02,0,1,1
2026-01-07,I1,Bologna,Atalanta,2,0.3,adaptive_mondrian_g0.02,0,1,1
2026-01-07,I1,Napoli,Verona,1,0.3,adaptive_mondrian_g0.02,1,0,0
2026-01-07,I1,Parma,Inter,2,0.3,adaptive_mondrian_g0.02,0,0,1
2026-01-07,I1,Torino,Udinese,2,0.3,adaptive_mondrian_g0.02,1,1,0
2026-01-07,I1,Lazio,Fiorentina,1,0.3,adaptive_mondrian_g0.02,0,1,0
2026-01-08,I1,Milan,Genoa,1,0.3,adaptive_mondrian_g0.02,1,0,0
2026-01-08,E0,Arsenal,Liverpool,1,0.3,adaptive_mondrian_g0.02,1,0,0
2026-01-08,I1,Cremonese,Cagliari,1,0.3,adaptive_mondrian_g0.02,0,1,0
2026-01-09,D1,Ein Frankfurt,Dortmund,1,0.3,adaptive_mondrian_g0.02,0,1,1
2026-01-09,SP1,Getafe,Sociedad,2,0.3,adaptive_mondrian_g0.02,0,1,1
2026-01-10,D1,Heidenheim,FC Koln,1,0.3,adaptive_mondrian_g0.02,0,1,1
2026-01-10,SP1,Valencia,Elche,1,0.3,adaptive_mondrian_g0.02,1,1,0
2026-01-10,SP1,Girona,Osasuna,0,0.3,adaptive_mondrian_g0.02,0,1,1
2026-01-10,SP1,Villarreal,Alaves,0,0.3,adaptive_mondrian_g0.02,1,0,0
2026-01-10,D1,Leverkusen,Stuttgart,2,0.3,adaptive_mondrian_g0.02,1,1,0
2026-01-10,SP1,Oviedo,Betis,1,0.3,adaptive_mondrian_g0.02,0,1,1
2026-01-10,D1,Freiburg,Hamburg,0,0.3,adaptive_mondrian_g0.02,1,1,0
2026-01-10,D1,Union Berlin,Mainz,1,0.3,adaptive_mondrian_g0.02,1,1,0
2026-01-10,I1,Udinese,Pisa,1,0.3,adaptive_mondrian_g0.02,1,1,0
2026-01-10,I1,Como,Bologna,1,0.3,adaptive_mondrian_g0.02,1,1,0
2026-01-10,I1,Atalanta,Torino,0,0.3,adaptive_mondrian_g0.02,1,1,0
2026-01-10,I1,Roma,Sassuolo,0,0.3,adaptive_mondrian_g0.02,1,1,0
2026-01-11,I1,Lecce,Parma,2,0.3,adaptive_mondrian_g0.02,0,1,1
2026-01-11,D1,Bayern Munich,Wolfsburg,0,0.3,adaptive_mondrian_g0.02,1,0,0
2026-01-11,SP1,Levante,Espanol,1,0.3,adaptive_mondrian_g0.02,0,1,1
2026-01-11,I1,Verona,Lazio,2,0.3,adaptive_mondrian_g0.02,0,1,1
2026-01-11,D1,M'gladbach,Augsburg,0,0.3,adaptive_mondrian_g0.02,1,1,0
2026-01-11,I1,Inter,Napoli,1,0.3,adaptive_mondrian_g0.02,1,1,0
2026-01-11,I1,Fiorentina,Milan,1,0.3,adaptive_mondrian_g0.02,0,1,1
2026-01-11,SP1,Vallecano,Mallorca,0,0.3,adaptive_mondrian_g0.02,1,1,0
2026-01-12,I1,Juventus,Cremonese,0,0.3,adaptive_mondrian_g0.02,1,0,0
2026-01-12,I1,Genoa,Cagliari,0,0.3,adaptive_mondrian_g0.02,0,1,0
2026-01-12,SP1,Sevilla,Celta,2,0.3,adaptive_mondrian_g0.02,0,1,1
2026-01-13,D1,Mainz,Heidenheim,0,0.3,adaptive_mondrian_g0.02,1,0,0
2026-01-13,D1,Stuttgart,Ein Frankfurt,0,0.3,adaptive_mondrian_g0.02,1,0,0
2026-01-13,D1,Dortmund,Werder Bremen,0,0.3,adaptive_mondrian_g0.02,1,0,0
2026-01-14,I1,Napoli,Parma,1,0.3,adaptive_mondrian_g0.02,1,0,0
2026-01-14,D1,Wolfsburg,St Pauli,0,0.3,adaptive_mondrian_g0.02,1,1,0
2026-01-14,I1,Inter,Lecce,0,0.3,adaptive_mondrian_g0.02,1,0,0
2026-01-14,D1,FC Koln,Bayern Munich,2,0.3,adaptive_mondrian_g0.02,0,0,1
2026-01-14,D1,Hoffenheim,M'gladbach,0,0.3,adaptive_mondrian_g0.02,1,0,0
2026-01-14,D1,RB Leipzig,Freiburg,0,0.3,adaptive_mondrian_g0.02,1,0,0
2026-01-15,I1,Verona,Bologna,2,0.3,adaptive_mondrian_g0.02,0,1,1
2026-01-15,I1,Como,Milan,2,0.3,adaptive_mondrian_g0.02,0,1,1
2026-01-15,D1,Augsburg,Union Berlin,1,0.3,adaptive_mondrian_g0.02,0,1,1
2026-01-16,F1,Paris SG,Lille,0,0.3,adaptive_mondrian_g0.02,1,0,0
2026-01-16,SP1,Espanol,Girona,2,0.3,adaptive_mondrian_g0.02,1,1,0
2026-01-16,I1,Pisa,Atalanta,1,0.3,adaptive_mondrian_g0.02,0,0,1
2026-01-16,D1,Werder Bremen,Ein Frankfurt,1,0.3,adaptive_mondrian_g0.02,0,1,1
2026-01-16,F1,Monaco,Lorient,2,0.3,adaptive_mondrian_g0.02,1,0,0
2026-01-17,SP1,Osasuna,Oviedo,0,0.3,adaptive_mondrian_g0.02,1,1,0
2026-01-17,D1,Hoffenheim,Leverkusen,0,0.3,adaptive_mondrian_g0.02,0,0,1
2026-01-17,SP1,Betis,Villarreal,0,0.3,adaptive_mondrian_g0.02,0,1,1
2026-01-17,I1,Cagliari,Juventus,0,0.3,adaptive_mondrian_g0.02,0,0,1
2026-01-17,E0,Nott'm Forest,Arsenal,1,0.3,adaptive_mondrian_g0.02,0,0,1
2026-01-17,F1,Angers,Marseille,2,0.3,adaptive_mondrian_g0.02,0,0,1
2026-01-17,F1,Toulouse,Nice,0,0.3,adaptive_mondrian_g0.02,1,1,0
2026-01-17,F1,Lens,Auxerre,0,0.3,adaptive_mondrian_g0.02,1,0,0
2026-01-17,SP1,Mallorca,Ath Bilbao,0,0.3,adaptive_mondrian_g0.02,0,1,1
2026-01-17,I1,Napoli,Sassuolo,0,0.3,adaptive_mondrian_g0.02,1,0,0
2026-01-17,SP1,Real Madrid,Levante,0,0.3,adaptive_mondrian_g0.02,1,0,0
2026-01-17,D1,RB Leipzig,Bayern Munich,2,0.3,adaptive_mondrian_g0.02,0,0,1
2026-01-17,E0,Chelsea,Brentford,0,0.3,adaptive_mondrian_g0.02,1,1,0
2026-01-17,D1,Dortmund,St Pauli,0,0.3,adaptive_mondrian_g0.02,1,0,0
2026-01-17,E0,Tottenham,West Ham,2,0.3,adaptive_mondrian_g0.02,1,0,0
2026-01-17,E0,Sunderland,Crystal Palace,0,0.3,adaptive_mondrian_g0.02,0,1,1
2026-01-17,D1,FC Koln,Mainz,0,0.3,adaptive_mondrian_g0.02,0,1,0
2026-01-17,E0,Man United,Man City,0,0.3,adaptive_mondrian_g0.02,0,1,1
2026-01-17,I1,Udinese,Inter,2,0.3,adaptive_mondrian_g0.02,0,0,1
2026-01-17,D1,Wolfsburg,Heidenheim,1,0.3,adaptive_mondrian_g0.02,1,0,0
2026-01-17,E0,Liverpool,Burnley,1,0.3,adaptive_mondrian_g0.02,1,0,0
2026-01-17,E0,Leeds,Fulham,0,0.3,adaptive_mondrian_g0.02,0,1,1
2026-01-17,D1,Hamburg,M'gladbach,1,0.3,adaptive_mondrian_g0.02,0,1,1
2026-01-18,SP1,Ath Madrid,Alaves,0,0.3,adaptive_mondrian_g0.02,1,0,0
2026-01-18,SP1,Sociedad,Barcelona,0,0.3,adaptive_mondrian_g0.02,0,0,1
2026-01-18,SP1,Celta,Vallecano,0,0.3,adaptive_mondrian_g0.02,1,1,0
2026-01-18,D1,Stuttgart,Union Berlin,1,0.3,adaptive_mondrian_g0.02,1,0,0
2026-01-18,E0,Wolves,Newcastle,1,0.3,adaptive_mondrian_g0.02,0,0,1
2026-01-18,E0,Aston Villa,Everton,2,0.3,adaptive_mondrian_g0.02,1,0,0
2026-01-18,D1,Augsburg,Freiburg,1,0.3,adaptive_mondrian_g0.02,0,1,1
2026-01-18,SP1,Getafe,Valencia,2,0.3,adaptive_mondrian_g0.02,0,1,0
2026-01-18,I1,Torino,Roma,2,0.3,adaptive_mondrian_g0.02,0,1,1
2026-01-18,F1,Rennes,Le Havre,1,0.3,adaptive_mondrian_g0.02,1,0,0
2026-01-18,F1,Nantes,Paris FC,2,0.3,adaptive_mondrian_g0.02,0,1,1
2026-01-18,F1,Strasbourg,Metz,0,0.3,adaptive_mondrian_g0.02,1,0,0
2026-01-18,I1,Bologna,Fiorentina,2,0.3,adaptive_mondrian_g0.02,0,1,1
2026-01-18,I1,Parma,Genoa,1,0.3,adaptive_mondrian_g0.02,0,1,1
2026-01-18,I1,Milan,Lecce,0,0.3,adaptive_mondrian_g0.02,1,0,0
2026-01-18,F1,Lyon,Brest,0,0.3,adaptive_mondrian_g0.02,1,0,0
2026-01-19,I1,Lazio,Como,2,0.3,adaptive_mondrian_g0.02,0,1,1
2026-01-19,I1,Cremonese,Verona,1,0.3,adaptive_mondrian_g0.02,0,1,0
2026-01-19,SP1,Elche,Sevilla,1,0.3,adaptive_mondrian_g0.02,0,1,0
2026-01-19,E0,Brighton,Bournemouth,1,0.3,adaptive_mondrian_g0.02,1,1,0
2026-01-23,I1,Inter,Pisa,0,0.3,adaptive_mondrian_g0.02,1,0,0
2026-01-23,F1,Auxerre,Paris SG,2,0.3,adaptive_mondrian_g0.02,0,0,1
2026-01-23,SP1,Levante,Elche,0,0.3,adaptive_mondrian_g0.02,0,1,0
2026-01-23,D1,St Pauli,Hamburg,1,0.3,adaptive_mondrian_g0.02,0,1,1
2026-01-24,E0,Bournemouth,Liverpool,0,0.3,adaptive_mondrian_g0.02,0,0,1
2026-01-24,E0,Burnley,Tottenham,1,0.3,adaptive_mondrian_g0.02,0,1,1
2026-01-24,D1,Bayern Munich,Augsburg,2,0.3,adaptive_mondrian_g0.02,1,0,0
2026-01-24,E0,West Ham,Sunderland,0,0.3,adaptive_mondrian_g0.02,1,1,0
2026-01-24,SP1,Villarreal,Real Madrid,2,0.3,adaptive_mondrian_g0.02,0,0,1
2026-01-24,E0,Fulham,Brighton,0,0.3,adaptive_mondrian_g0.02,0,1,1
2026-01-24,E0,Man City,Wolves,0,0.3,adaptive_mondrian_g0.02,1,0,0
2026-01-24,SP1,Vallecano,Osasuna,2,0.3,adaptive_mondrian_g0.02,1,1,0
2026-01-24,SP1,Valencia,Espanol,0,0.3,adaptive_mondrian_g0.02,0,1,0
2026-01-24,D1,Heidenheim,RB Leipzig,2,0.3,adaptive_mondrian_g0.02,0,0,1
2026-01-24,D1,Ein Frankfurt,Hoffenheim,2,0.3,adaptive_mondrian_g0.02,0,1,1
2026-01-24,F1,Marseille,Lens,0,0.3,adaptive_mondrian_g0.02,1,1,0
2026-01-24,D1,Union Berlin,Dortmund,2,0.3,adaptive_mondrian_g0.02,0,1,1
2026-01-24,D1,Mainz,Wolfsburg,0,0.3,adaptive_mondrian_g0.02,1,1,0
2026-01-24,SP1,Sevilla,Ath Bilbao,0,0.3,adaptive_mondrian_g0.02,0,1,1
2026-01-24,I1,Lecce,Lazio,1,0.3,adaptive_mondrian_g0.02,0,1,1
2026-01-24,I1,Como,Torino,0,0.3,adaptive_mondrian_g0.02,1,0,0
2026-01-24,I1,Fiorentina,Cagliari,2,0.3,adaptive_mondrian_g0.02,1,1,0
2026-01-24,F1,Le Havre,Monaco,1,0.3,adaptive_mondrian_g0.02,0,0,1
2026-01-24,F1,Rennes,Lorient,2,0.3,adaptive_mondrian_g0.02,1,1,0
2026-01-24,D1,Leverkusen,Werder Bremen,0,0.3,adaptive_mondrian_g0.02,1,0,0
2026-01-25,F1,Brest,Toulouse,2,0.3,adaptive_mondrian_g0.02,0,1,1
2026-01-25,F1,Paris FC,Angers,1,0.3,adaptive_mondrian_g0.02,1,1,0
2026-01-25,F1,Metz,Lyon,2,0.3,adaptive_mondrian_g0.02,0,1,1
2026-01-25,F1,Nantes,Nice,2,0.3,adaptive_mondrian_g0.02,0,1,1
2026-01-25,F1,Lille,Strasbourg,2,0.3,adaptive_mondrian_g0.02,0,1,1
2026-01-25,SP1,Barcelona,Oviedo,0,0.3,adaptive_mondrian_g0.02,1,0,0
2026-01-25,I1,Roma,Milan,1,0.3,adaptive_mondrian_g0.02,0,1,1
2026-01-25,SP1,Sociedad,Celta,0,0.3,adaptive_mondrian_g0.02,1,1,0
2026-01-25,SP1,Ath Madrid,Mallorca,0,0.3,adaptive_mondrian_g0.02,1,0,0
2026-01-25,D1,M'gladbach,Stuttgart,2,0.3,adaptive_mondrian_g0.02,0,1,1
2026-01-25,I1,Atalanta,Parma,0,0.3,adaptive_mondrian_g0.02,1,0,0
2026-01-25,SP1,Alaves,Betis,0,0.3,adaptive_mondrian_g0.02,0,1,1
2026-01-25,E0,Brentford,Nott'm Forest,2,0.3,adaptive_mondrian_g0.02,1,1,0
2026-01-25,E0,Crystal Palace,Chelsea,2,0.3,adaptive_mondrian_g0.02,0,1,1
2026-01-25,E0,Newcastle,Aston Villa,2,0.3,adaptive_mondrian_g0.02,1,1,0
2026-01-25,D1,Freiburg,FC Koln,0,0.3,adaptive_mondrian_g0.02,1,1,0
2026-01-25,I1,Juventus,Napoli,0,0.3,adaptive_mondrian_g0.02,1,1,0
2026-01-25,E0,Arsenal,Man United,2,0.3,adaptive_mondrian_g0.02,1,0,0
2026-01-25,I1,Sassuolo,Cremonese,0,0.3,adaptive_mondrian_g0.02,1,1,0
2026-01-25,I1,Genoa,Bologna,0,0.3,adaptive_mondrian_g0.02,0,1,1
2026-01-26,I1,Verona,Udinese,2,0.3,adaptive_mondrian_g0.02,0,1,1
2026-01-26,E0,Everton,Leeds,1,0.3,adaptive_mondrian_g0.02,0,1,1
2026-01-26,SP1,Girona,Getafe,1,0.3,adaptive_mondrian_g0.02,1,1,0
2026-01-27,D1,Werder Bremen,Hoffenheim,2,0.3,adaptive_mondrian_g0.02,0,1,1
2026-01-27,D1,St Pauli,RB Leipzig,1,0.3,adaptive_mondrian_g0.02,0,1,1
2026-01-30,F1,Lens,Le Havre,0,0.3,adaptive_mondrian_g0.02,1,0,0
2026-01-30,SP1,Espanol,Alaves,2,0.3,adaptive_mondrian_g0.02,1,1,0
2026-01-30,D1,FC Koln,Wolfsburg,0,0.3,adaptive_mondrian_g0.02,1,1,0
2026-01-30,I1,Lazio,Genoa,0,0.3,adaptive_mondrian_g0.02,0,1,0
2026-01-31,D1,RB Leipzig,Mainz,2,0.3,adaptive_mondrian_g0.02,1,0,0
2026-01-31,D1,Werder Bremen,M'gladbach,1,0.3,adaptive_mondrian_g0.02,1,1,1
2026-01-31,D1,Hamburg,Bayern Munich,1,0.3,adaptive_mondrian_g0.02,0,0,1
2026-01-31,F1,Lorient,Nantes,0,0.3,adaptive_mondrian_g0.02,1,1,0
2026-01-31,D1,Ein Frankfurt,Leverkusen,2,0.3,adaptive_mondrian_g0.02,0,1,1
2026-01-31,F1,Paris FC,Marseille,1,0.3,adaptive_mondrian_g0.02,0,0,1
2026-01-31,F1,Monaco,Rennes,0,0.3,adaptive_mondrian_g0.02,1,0,0
2026-01-31,SP1,Elche,Barcelona,2,0.3,adaptive_mondrian_g0.02,0,0,1
2026-01-31,SP1,Levante,Ath Madrid,1,0.3,adaptive_mondrian_g0.02,0,1,1
2026-01-31,SP1,Osasuna,Villarreal,1,0.3,adaptive_mondrian_g0.02,0,1,1
2026-01-31,D1,Augsburg,St Pauli,0,0.3,adaptive_mondrian_g0.02,1,1,0
2026-01-31,D1,Hoffenheim,Union Berlin,0,0.3,adaptive_mondrian_g0.02,1,1,0
2026-01-31,SP1,Oviedo,Girona,0,0.3,adaptive_mondrian_g0.02,0,1,1
2026-01-31,I1,Cagliari,Verona,0,0.3,adaptive_mondrian_g0.02,1,1,0
2026-01-31,I1,Pisa,Sassuolo,2,0.3,adaptive_mondrian_g0.02,0,1,1
2026-01-31,I1,Napoli,Fiorentina,0,0.3,adaptive_mondrian_g0.02,1,1,0
2026-01-31,E0,Wolves,Bournemouth,2,0.3,adaptive_mondrian_g0.02,0,1,1
2026-01-31,E0,Leeds,Arsenal,2,0.3,adaptive_mondrian_g0.02,0,0,1
2026-01-31,E0,Chelsea,West Ham,0,0.3,adaptive_mondrian_g0.02,1,0,0
2026-01-31,E0,Liverpool,Newcastle,0,0.3,adaptive_mondrian_g0.02,1,0,0
2026-01-31,E0,Brighton,Everton,1,0.3,adaptive_mondrian_g0.02,1,1,0
2026-02-01,E0,Man United,Fulham,0,0.3,adaptive_mondrian_g0.02,1,0,0
2026-02-01,D1,Stuttgart,Freiburg,0,0.3,adaptive_mondrian_g0.02,1,0,0
2026-02-01,D1,Dortmund,Heidenheim,0,0.3,adaptive_mondrian_g0.02,1,0,0
2026-02-01,SP1,Ath Bilbao,Sociedad,1,0.3,adaptive_mondrian_g0.02,0,1,0
2026-02-01,SP1,Getafe,Celta,1,0.3,adaptive_mondrian_g0.02,0,1,1
2026-02-01,SP1,Betis,Valencia,0,0.3,adaptive_mondrian_g0.02,1,1,0
2026-02-01,SP1,Real Madrid,Vallecano,0,0.3,adaptive_mondrian_g0.02,1,0,0
2026-02-01,F1,Strasbourg,Paris SG,2,0.3,adaptive_mondrian_g0.02,0,0,1
2026-02-01,E0,Nott'm Forest,Crystal Palace,1,0.3,adaptive_mondrian_g0.02,1,1,0
2026-02-01,E0,Tottenham,Man City,1,0.3,adaptive_mondrian_g0.02,0,0,1
2026-02-01,I1,Torino,Lecce,0,0.3,adaptive_mondrian_g0.02,1,1,0
2026-02-01,F1,Nice,Brest,1,0.3,adaptive_mondrian_g0.02,0,1,0
2026-02-01,F1,Angers,Metz,0,0.3,adaptive_mondrian_g0.02,1,1,0
2026-02-01,F1,Lyon,Lille,0,0.3,adaptive_mondrian_g0.02,0,1,1
2026-02-01,I1,Parma,Juventus,2,0.3,adaptive_mondrian_g0.02,0,0,1
2026-02-01,I1,Cremonese,Inter,2,0.3,adaptive_mondrian_g0.02,0,0,1
2026-02-01,F1,Toulouse,Auxerre,1,0.3,adaptive_mondrian_g0.02,1,1,0
2026-02-01,I1,Como,Atalanta,1,0.3,adaptive_mondrian_g0.02,0,1,1
2026-02-01,E0,Aston Villa,Brentford,2,0.3,adaptive_mondrian_g0.02,0,1,1
2026-02-02,E0,Sunderland,Burnley,0,0.3,adaptive_mondrian_g0.02,1,1,0
2026-02-02,I1,Udinese,Roma,0,0.3,adaptive_mondrian_g0.02,0,1,1
2026-02-02,SP1,Mallorca,Sevilla,0,0.3,adaptive_mondrian_g0.02,0,1,1
2026-02-03,I1,Bologna,Milan,2,0.3,adaptive_mondrian_g0.02,0,1,1
2026-02-06,E0,Leeds,Nott'm Forest,0,0.3,adaptive_mondrian_g0.02,1,1,0
2026-02-06,D1,Union Berlin,Ein Frankfurt,1,0.3,adaptive_mondrian_g0.02,1,1,0
2026-02-06,F1,Metz,Lille,1,0.3,adaptive_mondrian_g0.02,0,0,1
2026-02-06,SP1,Celta,Osasuna,2,0.3,adaptive_mondrian_g0.02,1,1,0
2026-02-06,I1,Verona,Pisa,1,0.3,adaptive_mondrian_g0.02,0,1,0
2026-02-07,E0,Newcastle,Brentford,2,0.3,adaptive_mondrian_g0.02,1,1,0
2026-02-07,D1,Freiburg,Werder Bremen,0,0.3,adaptive_mondrian_g0.02,1,1,0
2026-02-07,D1,Mainz,Augsburg,0,0.3,adaptive_mondrian_g0.02,1,1,0
2026-02-07,D1,St Pauli,Stuttgart,0,0.3,adaptive_mondrian_g0.02,0,0,1
2026-02-07,D1,Wolfsburg,Dortmund,2,0.3,adaptive_mondrian_g0.02,0,0,1
2026-02-07,D1,Heidenheim,Hamburg,2,0.3,adaptive_mondrian_g0.02,0,1,1
2026-02-07,D1,M'gladbach,Leverkusen,1,0.3,adaptive_mondrian_g0.02,0,1,1
2026-02-07,SP1,Barcelona,Mallorca,0,0.3,adaptive_mondrian_g0.02,1,0,0
2026-02-07,SP1,Sociedad,Elche,0,0.3,adaptive_mondrian_g0.02,1,0,0
2026-02-07,F1,Nantes,Lyon,2,0.3,adaptive_mondrian_g0.02,0,1,1
2026-02-07,I1,Genoa,Napoli,2,0.3,adaptive_mondrian_g0.02,0,1,1
2026-02-07,F1,Lens,Rennes,0,0.3,adaptive_mondrian_g0.02,1,0,0
2026-02-07,E0,Man United,Tottenham,0,0.3,adaptive_mondrian_g0.02,1,0,0
2026-02-07,E0,Bournemouth,Aston Villa,1,0.3,adaptive_mondrian_g0.02,0,1,1
2026-02-07,I1,Fiorentina,Torino,1,0.3,adaptive_mondrian_g0.02,1,1,0
2026-02-07,E0,Burnley,West Ham,2,0.3,adaptive_mondrian_g0.02,0,1,1
2026-02-07,E0,Fulham,Everton,2,0.3,adaptive_mondrian_g0.02,1,1,0
2026-02-07,E0,Wolves,Chelsea,2,0.3,adaptive_mondrian_g0.02,0,0,1
2026-02-07,E0,Arsenal,Sunderland,0,0.3,adaptive_mondrian_g0.02,1,0,0
2026-02-07,F1,Brest,Lorient,0,0.3,adaptive_mondrian_g0.02,0,1,0
2026-02-08,F1,Angers,Toulouse,0,0.3,adaptive_mondrian_g0.02,0,1,1
2026-02-08,F1,Nice,Monaco,1,0.3,adaptive_mondrian_g0.02,0,0,1
2026-02-08,D1,Bayern Munich,Hoffenheim,0,0.3,adaptive_mondrian_g0.02,1,0,0
2026-02-08,F1,Auxerre,Paris FC,1,0.3,adaptive_mondrian_g0.02,0,1,1
2026-02-08,SP1,Sevilla,Girona,1,0.3,adaptive_mondrian_g0.02,1,1,0
2026-02-08,I1,Juventus,Lazio,1,0.3,adaptive_mondrian_g0.02,1,0,0
2026-02-08,D1,FC Koln,RB Leipzig,2,0.3,adaptive_mondrian_g0.02,0,0,1
2026-02-08,I1,Sassuolo,Inter,2,0.3,adaptive_mondrian_g0.02,0,0,1
2026-02-08,I1,Lecce,Udinese,0,0.3,adaptive_mondrian_g0.02,0,1,1
2026-02-08,F1,Paris SG,Marseille,0,0.3,adaptive_mondrian_g0.02,1,0,0
2026-02-08,SP1,Ath Bilbao,Levante,0,0.3,adaptive_mondrian_g0.02,1,0,0
2026-02-08,E0,Liverpool,Man City,2,0.3,adaptive_mondrian_g0.02,0,0,1
2026-02-08,E0,Brighton,Crystal Palace,2,0.3,adaptive_mondrian_g0.02,0,1,0
2026-02-08,SP1,Alaves,Getafe,2,0.3,adaptive_mondrian_g0.02,0,1,0
2026-02-08,SP1,Ath Madrid,Betis,2,0.3,adaptive_mondrian_g0.02,1,0,0
2026-02-08,I1,Bologna,Parma,2,0.3,adaptive_mondrian_g0.02,1,0,0
2026-02-08,SP1,Valencia,Real Madrid,2,0.3,adaptive_mondrian_g0.02,0,0,1
2026-02-08,F1,Le Havre,Strasbourg,0,0.3,adaptive_mondrian_g0.02,0,1,1
2026-02-09,SP1,Villarreal,Espanol,0,0.3,adaptive_mondrian_g0.02,1,0,0
2026-02-09,I1,Roma,Cagliari,0,0.3,adaptive_mondrian_g0.02,1,0,0
2026-02-09,I1,Atalanta,Cremonese,0,0.3,adaptive_mondrian_g0.02,1,0,0
2026-02-10,E0,Chelsea,Leeds,1,0.3,adaptive_mondrian_g0.02,1,0,0
2026-02-10,E0,Everton,Bournemouth,2,0.3,adaptive_mondrian_g0.02,0,1,1
2026-02-10,E0,Tottenham,Newcastle,2,0.3,adaptive_mondrian_g0.02,0,1,1
2026-02-10,E0,West Ham,Man United,1,0.3,adaptive_mondrian_g0.02,0,0,1
2026-02-11,E0,Aston Villa,Brighton,0,0.3,adaptive_mondrian_g0.02,1,1,0
2026-02-11,E0,Crystal Palace,Burnley,2,0.3,adaptive_mondrian_g0.02,1,0,0
2026-02-11,E0,Man City,Fulham,0,0.3,adaptive_mondrian_g0.02,1,0,0
2026-02-11,E0,Nott'm Forest,Wolves,1,0.3,adaptive_mondrian_g0.02,1,0,0
2026-02-11,E0,Sunderland,Liverpool,2,0.3,adaptive_mondrian_g0.02,0,0,1
2026-02-12,E0,Brentford,Arsenal,1,0.3,adaptive_mondrian_g0.02,0,1,1
2026-02-13,F1,Rennes,Paris SG,0,0.3,adaptive_mondrian_g0.02,0,0,1
2026-02-13,I1,Pisa,Milan,2,0.3,adaptive_mondrian_g0.02,0,0,1
2026-02-13,SP1,Elche,Osasuna,1,0.3,adaptive_mondrian_g0.02,0,1,1
2026-02-13,F1,Monaco,Nantes,0,0.3,adaptive_mondrian_g0.02,1,0,0
2026-02-13,D1,Dortmund,Mainz,0,0.3,adaptive_mondrian_g0.02,1,0,0
2026-02-14,F1,Paris FC,Lens,2,0.3,adaptive_mondrian_g0.02,0,1,1
2026-02-14,D1,Stuttgart,FC Koln,0,0.3,adaptive_mondrian_g0.02,1,0,0
2026-02-14,SP1,Real Madrid,Sociedad,0,0.3,adaptive_mondrian_g0.02,1,0,0
2026-02-14,SP1,Sevilla,Alaves,1,0.3,adaptive_mondrian_g0.02,0,1,0
2026-02-14,SP1,Getafe,Villarreal,0,0.3,adaptive_mondrian_g0.02,0,1,1
2026-02-14,D1,Ein Frankfurt,M'gladbach,0,0.3,adaptive_mondrian_g0.02,0,1,0
2026-02-14,F1,Lille,Brest,1,0.3,adaptive_mondrian_g0.02,1,0,0
2026-02-14,SP1,Espanol,Celta,1,0.3,adaptive_mondrian_g0.02,0,1,1
2026-02-14,D1,Werder Bremen,Bayern Munich,2,0.3,adaptive_mondrian_g0.02,0,0,1
2026-02-14,D1,Leverkusen,St Pauli,0,0.3,adaptive_mondrian_g0.02,1,0,0
2026-02-14,I1,Como,Fiorentina,2,0.3,adaptive_mondrian_g0.02,1,1,0
2026-02-14,I1,Lazio,Atalanta,2,0.3,adaptive_mondrian_g0.02,0,1,1
2026-02-14,I1,Inter,Juventus,0,0.3,adaptive_mondrian_g0.02,1,1,0
2026-02-14,D1,Hamburg,Union Berlin,0,0.3,adaptive_mondrian_g0.02,0,1,0
2026-02-14,D1,Hoffenheim,Freiburg,0,0.3,adaptive_mondrian_g0.02,1,0,0
2026-02-14,F1,Marseille,Strasbourg,1,0.3,adaptive_mondrian_g0.02,1,1,0
2026-02-15,I1,Parma,Verona,0,0.3,adaptive_mondrian_g0.02,0,1,0
2026-02-15,SP1,Levante,Valencia,2,0.3,adaptive_mondrian_g0.02,0,1,1
2026-02-15,SP1,Vallecano,Ath Madrid,0,0.3,adaptive_mondrian_g0.02,0,1,1
2026-02-15,D1,RB Leipzig,Wolfsburg,1,0.3,adaptive_mondrian_g0.02,1,0,0
2026-02-15,D1,Augsburg,Heidenheim,0,0.3,adaptive_mondrian_g0.02,1,1,0
2026-02-15,I1,Cremonese,Genoa,1,0.3,adaptive_mondrian_g0.02,0,1,1
2026-02-15,SP1,Mallorca,Betis,2,0.3,adaptive_mondrian_g0.02,0,1,1
2026-02-15,I1,Udinese,Sassuolo,2,0.3,adaptive_mondrian_g0.02,0,1,1
2026-02-15,SP1,Oviedo,Ath Bilbao,2,0.3,adaptive_mondrian_g0.02,0,1,1
2026-02-15,F1,Le Havre,Toulouse,0,0.3,adaptive_mondrian_g0.02,0,1,1
2026-02-15,I1,Napoli,Roma,1,0.3,adaptive_mondrian_g0.02,0,1,0
2026-02-15,F1,Lorient,Angers,0,0.3,adaptive_mondrian_g0.02,1,1,0
2026-02-15,F1,Lyon,Nice,0,0.3,adaptive_mondrian_g0.02,1,1,0
2026-02-15,F1,Metz,Auxerre,2,0.3,adaptive_mondrian_g0.02,0,1,1
2026-02-15,I1,Torino,Bologna,2,0.3,adaptive_mondrian_g0.02,0,1,1
2026-02-16,SP1,Girona,Barcelona,0,0.3,adaptive_mondrian_g0.02,0,0,1
2026-02-16,I1,Cagliari,Lecce,2,0.3,adaptive_mondrian_g0.02,0,1,0
2026-02-18,SP1,Levante,Villarreal,2,0.3,adaptive_mondrian_g0.02,0,1,1
2026-02-18,E0,Wolves,Arsenal,1,0.3,adaptive_mondrian_g0.02,0,0,1
2026-02-18,I1,Milan,Como,1,0.3,adaptive_mondrian_g0.02,0,1,1
2026-02-20,D1,Mainz,Hamburg,1,0.3,adaptive_mondrian_g0.02,1,1,0
2026-02-20,SP1,Ath Bilbao,Elche,0,0.3,adaptive_mondrian_g0.02,1,1,0
2026-02-20,F1,Brest,Marseille,0,0.3,adaptive_mondrian_g0.02,0,1,1
2026-02-20,I1,Sassuolo,Verona,0,0.3,adaptive_mondrian_g0.02,1,1,0
2026-02-21,I1,Lecce,Inter,2,0.3,adaptive_mondrian_g0.02,0,0,1
2026-02-21,D1,FC Koln,Hoffenheim,1,0.3,adaptive_mondrian_g0.02,0,1,1
2026-02-21,D1,Union Berlin,Leverkusen,0,0.3,adaptive_mondrian_g0.02,0,1,1
2026-02-21,E0,Man City,Newcastle,0,0.3,adaptive_mondrian_g0.02,1,0,0
2026-02-21,E0,Aston Villa,Leeds,1,0.3,adaptive_mondrian_g0.02,1,1,0
2026-02-21,E0,Brentford,Brighton,2,0.3,adaptive_mondrian_g0.02,0,1,0
2026-02-21,E0,Chelsea,Burnley,1,0.3,adaptive_mondrian_g0.02,1,0,0
2026-02-21,D1,Bayern Munich,Ein Frankfurt,0,0.3,adaptive_mondrian_g0.02,1,0,0
2026-02-21,I1,Cagliari,Lazio,1,0.3,adaptive_mondrian_g0.02,0,1,1
2026-02-21,I1,Juventus,Como,2,0.3,adaptive_mondrian_g0.02,1,1,0
2026-02-21,D1,RB Leipzig,Dortmund,1,0.3,adaptive_mondrian_g0.02,1,0,0
2026-02-21,D1,Wolfsburg,Augsburg,2,0.3,adaptive_mondrian_g0.02,1,1,0
2026-02-21,SP1,Osasuna,Real Madrid,0,0.3,adaptive_mondrian_g0.02,0,0,1
2026-02-21,F1,Paris SG,Metz,0,0.3,adaptive_mondrian_g0.02,1,0,0
2026-02-21,SP1,Betis,Vallecano,1,0.3,adaptive_mondrian_g0.02,1,1,0
2026-02-21,SP1,Ath Madrid,Espanol,0,0.3,adaptive_mondrian_g0.02,1,0,0
2026-02-21,F1,Lens,Monaco,2,0.3,adaptive_mondrian_g0.02,1,0,0
2026-02-21,F1,Toulouse,Paris FC,1,0.3,adaptive_mondrian_g0.02,1,1,0
2026-02-21,SP1,Sociedad,Oviedo,1,0.3,adaptive_mondrian_g0.02,1,1,0
2026-02-21,E0,West Ham,Bournemouth,1,0.3,adaptive_mondrian_g0.02,0,1,1
2026-02-22,E0,Tottenham,Arsenal,2,0.3,adaptive_mondrian_g0.02,0,0,1
2026-02-22,D1,Freiburg,M'gladbach,0,0.3,adaptive_mondrian_g0.02,1,1,0
2026-02-22,D1,St Pauli,Werder Bremen,0,0.3,adaptive_mondrian_g0.02,0,1,1
2026-02-22,SP1,Barcelona,Levante,0,0.3,adaptive_mondrian_g0.02,1,0,0
2026-02-22,I1,Genoa,Torino,0,0.3,adaptive_mondrian_g0.02,0,1,0
2026-02-22,I1,Atalanta,Napoli,0,0.3,adaptive_mondrian_g0.02,0,1,0
2026-02-22,E0,Sunderland,Fulham,2,0.3,adaptive_mondrian_g0.02,0,1,1
2026-02-22,D1,Heidenheim,Stuttgart,1,0.3,adaptive_mondrian_g0.02,0,0,1
2026-02-22,I1,Roma,Cremonese,0,0.3,adaptive_mondrian_g0.02,1,0,0
2026-02-22,F1,Auxerre,Rennes,2,0.3,adaptive_mondrian_g0.02,0,1,1
2026-02-22,SP1,Getafe,Sevilla,2,0.3,adaptive_mondrian_g0.02,0,1,0
2026-02-22,E0,Nott'm Forest,Liverpool,2,0.3,adaptive_mondrian_g0.02,0,0,1
2026-02-22,SP1,Celta,Mallorca,0,0.3,adaptive_mondrian_g0.02,1,1,0
2026-02-22,F1,Nice,Lorient,1,0.3,adaptive_mondrian_g0.02,1,1,0
2026-02-22,F1,Nantes,Le Havre,0,0.3,adaptive_mondrian_g0.02,0,1,1
2026-02-22,F1,Angers,Lille,2,0.3,adaptive_mondrian_g0.02,0,1,1
2026-02-22,I1,Milan,Parma,2,0.3,adaptive_mondrian_g0.02,1,0,0
2026-02-22,SP1,Villarreal,Valencia,0,0.3,adaptive_mondrian_g0.02,1,0,0
2026-02-22,F1,Strasbourg,Lyon,0,0.3,adaptive_mondrian_g0.02,1,1,1
2026-02-22,E0,Crystal Palace,Wolves,0,0.3,adaptive_mondrian_g0.02,1,0,0
2026-02-23,SP1,Alaves,Girona,1,0.3,adaptive_mondrian_g0.02,0,1,1
2026-02-23,E0,Everton,Man United,2,0.3,adaptive_mondrian_g0.02,0,1,1
2026-02-23,I1,Bologna,Udinese,0,0.3,adaptive_mondrian_g0.02,1,1,0
2026-02-23,I1,Fiorentina,Pisa,0,0.3,adaptive_mondrian_g0.02,1,0,0
2026-02-27,F1,Strasbourg,Lens,1,0.3,adaptive_mondrian_g0.02,1,1,1
2026-02-27,I1,Parma,Cagliari,1,0.3,adaptive_mondrian_g0.02,1,1,0
2026-02-27,D1,Augsburg,FC Koln,0,0.3,adaptive_mondrian_g0.02,1,1,1
2026-02-27,E0,Wolves,Aston Villa,0,0.3,adaptive_mondrian_g0.02,0,1,1
2026-02-27,SP1,Levante,Alaves,0,0.3,adaptive_mondrian_g0.02,0,1,1
2026-02-28,E0,Bournemouth,Sunderland,1,0.3,adaptive_mondrian_g0.02,1,1,0
2026-02-28,D1,Dortmund,Bayern Munich,2,0.3,adaptive_mondrian_g0.02,0,0,1
2026-02-28,D1,Werder Bremen,Heidenheim,0,0.3,adaptive_mondrian_g0.02,1,0,0
2026-02-28,D1,M'gladbach,Union Berlin,0,0.3,adaptive_mondrian_g0.02,0,1,1
2026-02-28,D1,Leverkusen,Mainz,1,0.3,adaptive_mondrian_g0.02,1,0,0
2026-02-28,E0,Leeds,Man City,2,0.3,adaptive_mondrian_g0.02,0,0,1
2026-02-28,E0,Newcastle,Everton,2,0.3,adaptive_mondrian_g0.02,1,0,0
2026-02-28,E0,Burnley,Brentford,2,0.3,adaptive_mondrian_g0.02,0,0,1
2026-02-28,D1,Hoffenheim,St Pauli,2,0.3,adaptive_mondrian_g0.02,1,0,0
2026-02-28,E0,Liverpool,West Ham,0,0.3,adaptive_mondrian_g0.02,1,0,0
2026-02-28,SP1,Vallecano,Ath Bilbao,1,0.3,adaptive_mondrian_g0.02,0,1,1
2026-02-28,SP1,Mallorca,Sociedad,2,0.3,adaptive_mondrian_g0.02,0,1,1
2026-02-28,SP1,Oviedo,Ath Madrid,2,0.3,adaptive_mondrian_g0.02,0,1,1
2026-02-28,I1,Inter,Genoa,0,0.3,adaptive_mondrian_g0.02,1,0,0
2026-02-28,I1,Verona,Napoli,2,0.3,adaptive_mondrian_g0.02,0,1,1
2026-02-28,SP1,Barcelona,Villarreal,0,0.3,adaptive_mondrian_g0.02,1,0,0
2026-02-28,F1,Monaco,Angers,0,0.3,adaptive_mondrian_g0.02,1,0,0
2026-02-28,F1,Rennes,Toulouse,0,0.3,adaptive_mondrian_g0.02,1,1,0
2026-02-28,I1,Como,Lecce,0,0.3,adaptive_mondrian_g0.02,1,0,0
2026-02-28,F1,Le Havre,Paris SG,2,0.3,adaptive_mondrian_g0.02,0,0,1
2026-03-01,SP1,Girona,Celta,2,0.3,adaptive_mondrian_g0.02,0,1,1
2026-03-01,F1,Lille,Nantes,0,0.3,adaptive_mondrian_g0.02,1,0,0
2026-03-01,E0,Man United,Crystal Palace,0,0.3,adaptive_mondrian_g0.02,1,0,0
2026-03-01,F1,Paris FC,Nice,0,0.3,adaptive_mondrian_g0.02,0,1,1
2026-03-01,E0,Brighton,Nott'm Forest,0,0.3,adaptive_mondrian_g0.02,1,1,0
2026-03-01,F1,Lorient,Auxerre,1,0.3,adaptive_mondrian_g0.02,1,1,0
2026-03-01,F1,Metz,Brest,2,0.3,adaptive_mondrian_g0.02,0,1,1
2026-03-01,F1,Marseille,Lyon,0,0.3,adaptive_mondrian_g0.02,1,1,0
2026-03-01,E0,Fulham,Tottenham,0,0.3,adaptive_mondrian_g0.02,1,1,0
2026-03-01,SP1,Betis,Sevilla,1,0.3,adaptive_mondrian_g0.02,1,0,0
2026-03-01,I1,Torino,Lazio,0,0.3,adaptive_mondrian_g0.02,0,1,1
2026-03-01,SP1,Elche,Espanol,1,0.3,adaptive_mondrian_g0.02,0,1,1
2026-03-01,SP1,Valencia,Osasuna,0,0.3,adaptive_mondrian_g0.02,0,1,1
2026-03-01,I1,Cremonese,Milan,2,0.3,adaptive_mondrian_g0.02,0,0,1
2026-03-01,I1,Roma,Juventus,1,0.3,adaptive_mondrian_g0.02,0,1,1
2026-03-01,I1,Sassuolo,Atalanta,0,0.3,adaptive_mondrian_g0.02,0,1,1
2026-03-01,D1,Ein Frankfurt,Freiburg,0,0.3,adaptive_mondrian_g0.02,0,1,1
2026-03-01,D1,Hamburg,RB Leipzig,2,0.3,adaptive_mondrian_g0.02,0,0,1
2026-03-01,E0,Arsenal,Chelsea,0,0.3,adaptive_mondrian_g0.02,1,0,0
2026-03-01,D1,Stuttgart,Wolfsburg,0,0.3,adaptive_mondrian_g0.02,1,0,0
2026-03-02,I1,Pisa,Bologna,2,0.3,adaptive_mondrian_g0.02,0,1,1
2026-03-02,SP1,Real Madrid,Getafe,2,0.3,adaptive_mondrian_g0.02,1,0,0
2026-03-02,I1,Udinese,Fiorentina,0,0.3,adaptive_mondrian_g0.02,0,1,1
2026-03-03,E0,Bournemouth,Brentford,1,0.3,adaptive_mondrian_g0.02,0,1,1
2026-03-03,E0,Everton,Burnley,0,0.3,adaptive_mondrian_g0.02,1,0,0
2026-03-03,E0,Leeds,Sunderland,2,0.3,adaptive_mondrian_g0.02,1,1,0
2026-03-03,E0,Wolves,Liverpool,0,0.3,adaptive_mondrian_g0.02,0,0,1
2026-03-04,SP1,Vallecano,Oviedo,0,0.3,adaptive_mondrian_g0.02,1,1,0
2026-03-04,E0,Fulham,West Ham,2,0.3,adaptive_mondrian_g0.02,1,1,0
2026-03-04,E0,Newcastle,Man United,0,0.3,adaptive_mondrian_g0.02,0,1,1
2026-03-04,E0,Aston Villa,Chelsea,2,0.3,adaptive_mondrian_g0.02,0,1,1
2026-03-04,D1,Hamburg,Leverkusen,2,0.3,adaptive_mondrian_g0.02,0,1,1
2026-03-04,E0,Man City,Nott'm Forest,1,0.3,adaptive_mondrian_g0.02,1,0,0
2026-03-04,E0,Brighton,Arsenal,2,0.3,adaptive_mondrian_g0.02,0,0,1
2026-03-05,E0,Tottenham,Crystal Palace,2,0.3,adaptive_mondrian_g0.02,0,1,1
2026-03-06,F1,Paris SG,Monaco,2,0.3,adaptive_mondrian_g0.02,1,0,0
2026-03-06,SP1,Celta,Real Madrid,2,0.3,adaptive_mondrian_g0.02,0,1,1
2026-03-06,D1,Bayern Munich,M'gladbach,0,0.3,adaptive_mondrian_g0.02,1,0,0
2026-03-06,I1,Napoli,Torino,0,0.3,adaptive_mondrian_g0.02,1,0,0
2026-03-07,I1,Atalanta,Udinese,1,0.3,adaptive_mondrian_g0.02,1,1,0
2026-03-07,SP1,Ath Madrid,Sociedad,0,0.3,adaptive_mondrian_g0.02,1,0,0
2026-03-07,SP1,Levante,Girona,1,0.3,adaptive_mondrian_g0.02,0,1,1
2026-03-07,SP1,Osasuna,Mallorca,1,0.3,adaptive_mondrian_g0.02,1,1,0
2026-03-07,F1,Nantes,Angers,2,0.3,adaptive_mondrian_g0.02,1,1,0
2026-03-07,D1,FC Koln,Dortmund,2,0.3,adaptive_mondrian_g0.02,0,0,1
2026-03-07,D1,Wolfsburg,Hamburg,2,0.3,adaptive_mondrian_g0.02,0,1,1
2026-03-07,I1,Cagliari,Como,2,0.3,adaptive_mondrian_g0.02,0,0,1
2026-03-07,I1,Juventus,Pisa,0,0.3,adaptive_mondrian_g0.02,1,0,0
2026-03-07,D1,RB Leipzig,Augsburg,0,0.3,adaptive_mondrian_g0.02,1,0,0
2026-03-07,D1,Mainz,Stuttgart,1,0.3,adaptive_mondrian_g0.02,0,0,1
2026-03-07,D1,Heidenheim,Hoffenheim,2,0.3,adaptive_mondrian_g0.02,0,0,1
2026-03-07,D1,Freiburg,Leverkusen,1,0.3,adaptive_mondrian_g0.02,0,1,1
2026-03-07,F1,Auxerre,Strasbourg,1,0.3,adaptive_mondrian_g0.02,0,1,1
2026-03-07,F1,Toulouse,Marseille,2,0.3,adaptive_mondrian_g0.02,0,1,1
2026-03-07,SP1,Ath Bilbao,Barcelona,2,0.3,adaptive_mondrian_g0.02,0,0,1
2026-03-08,SP1,Valencia,Alaves,0,0.3,adaptive_mondrian_g0.02,1,1,0
2026-03-08,I1,Fiorentina,Parma,1,0.3,adaptive_mondrian_g0.02,1,1,0
2026-03-08,I1,Genoa,Roma,0,0.3,adaptive_mondrian_g0.02,0,1,1
2026-03-08,I1,Lecce,Cremonese,0,0.3,adaptive_mondrian_g0.02,0,1,0
2026-03-08,I1,Milan,Inter,0,0.3,adaptive_mondrian_g0.02,0,1,1
2026-03-08,F1,Lille,Lorient,1,0.3,adaptive_mondrian_g0.02,1,0,0
2026-03-08,F1,Nice,Rennes,2,0.3,adaptive_mondrian_g0.02,0,1,1
2026-03-08,F1,Brest,Le Havre,0,0.3,adaptive_mondrian_g0.02,1,1,0
2026-03-08,F1,Lens,Metz,0,0.3,adaptive_mondrian_g0.02,1,0,0
2026-03-08,F1,Lyon,Paris FC,1,0.3,adaptive_mondrian_g0.02,1,1,0
2026-03-08,I1,Bologna,Verona,2,0.3,adaptive_mondrian_g0.02,1,0,0
2026-03-08,SP1,Getafe,Betis,0,0.3,adaptive_mondrian_g0.02,0,1,0
2026-03-08,D1,Union Berlin,Werder Bremen,2,0.3,adaptive_mondrian_g0.02,0,1,1
2026-03-08,D1,St Pauli,Ein Frankfurt,1,0.3,adaptive_mondrian_g0.02,0,1,1
2026-03-08,SP1,Villarreal,Elche,0,0.3,adaptive_mondrian_g0.02,1,0,0
2026-03-08,SP1,Sevilla,Vallecano,1,0.3,adaptive_mondrian_g0.02,0,1,0
2026-03-09,SP1,Espanol,Oviedo,1,0.3,adaptive_mondrian_g0.02,1,1,0
2026-03-09,I1,Lazio,Sassuolo,0,0.3,adaptive_mondrian_g0.02,1,1,0
2026-03-13,D1,M'gladbach,St Pauli,0,0.3,adaptive_mondrian_g0.02,1,1,0
2026-03-13,F1,Marseille,Auxerre,0,0.3,adaptive_mondrian_g0.02,1,0,0
2026-03-13,SP1,Alaves,Villarreal,1,0.3,adaptive_mondrian_g0.02,0,1,1
2026-03-13,I1,Torino,Parma,0,0.3,adaptive_mondrian_g0.02,1,1,0
2026-03-14,E0,Arsenal,Everton,0,0.3,adaptive_mondrian_g0.02,1,0,0
2026-03-14,I1,Napoli,Lecce,0,0.3,adaptive_mondrian_g0.02,1,0,0
2026-03-14,I1,Udinese,Juventus,2,0.3,adaptive_mondrian_g0.02,0,0,1
2026-03-14,D1,Hoffenheim,Wolfsburg,1,0.3,adaptive_mondrian_g0.02,1,0,0
2026-03-14,F1,Monaco,Brest,0,0.3,adaptive_mondrian_g0.02,1,0,0
2026-03-14,D1,Leverkusen,Bayern Munich,1,0.3,adaptive_mondrian_g0.02,0,0,1
2026-03-14,E0,West Ham,Man City,1,0.3,adaptive_mondrian_g0.02,0,0,1
2026-03-14,E0,Chelsea,Newcastle,2,0.3,adaptive_mondrian_g0.02,1,0,0
2026-03-14,E0,Sunderland,Brighton,2,0.3,adaptive_mondrian_g0.02,0,1,1
2026-03-14,I1,Inter,Atalanta,1,0.3,adaptive_mondrian_g0.02,1,0,0
2026-03-14,F1,Angers,Nice,2,0.3,adaptive_mondrian_g0.02,0,1,1
2026-03-14,F1,Lorient,Lens,0,0.3,adaptive_mondrian_g0.02,0,0,1
2026-03-14,D1,Hamburg,FC Koln,1,0.3,adaptive_mondrian_g0.02,0,1,1
2026-03-14,SP1,Ath Madrid,Getafe,0,0.3,adaptive_mondrian_g0.02,1,1,0
2026-03-14,D1,Ein Frankfurt,Heidenheim,0,0.3,adaptive_mondrian_g0.02,1,0,0
2026-03-14,E0,Burnley,Bournemouth,1,0.3,adaptive_mondrian_g0.02,0,0,1
2026-03-14,SP1,Real Madrid,Elche,0,0.3,adaptive_mondrian_g0.02,1,0,0
2026-03-14,SP1,Oviedo,Valencia,0,0.3,adaptive_mondrian_g0.02,0,1,1
2026-03-14,SP1,Girona,Ath Bilbao,0,0.3,adaptive_mondrian_g0.02,0,1,1
2026-03-14,D1,Dortmund,Augsburg,0,0.3,adaptive_mondrian_g0.02,1,0,0
2026-03-15,F1,Le Havre,Lyon,1,0.3,adaptive_mondrian_g0.02,0,1,1
2026-03-15,D1,Werder Bremen,Mainz,2,0.3,adaptive_mondrian_g0.02,1,1,1
2026-03-15,F1,Strasbourg,Paris FC,1,0.3,adaptive_mondrian_g0.02,1,0,0
2026-03-15,SP1,Mallorca,Espanol,0,0.3,adaptive_mondrian_g0.02,0,1,1
2026-03-15,SP1,Barcelona,Sevilla,0,0.3,adaptive_mondrian_g0.02,1,0,0
2026-03-15,SP1,Betis,Celta,1,0.3,adaptive_mondrian_g0.02,1,1,0
2026-03-15,SP1,Sociedad,Osasuna,0,0.3,adaptive_mondrian_g0.02,1,1,0
2026-03-15,F1,Metz,Toulouse,2,0.3,adaptive_mondrian_g0.02,0,1,1
2026-03-15,I1,Verona,Genoa,2,0.3,adaptive_mondrian_g0.02,0,1,1
2026-03-15,F1,Rennes,Lille,2,0.3,adaptive_mondrian_g0.02,1,1,0
2026-03-15,I1,Pisa,Cagliari,0,0.3,adaptive_mondrian_g0.02,0,1,0
2026-03-15,I1,Sassuolo,Bologna,2,0.3,adaptive_mondrian_g0.02,0,1,1
2026-03-15,I1,Lazio,Milan,0,0.3,adaptive_mondrian_g0.02,0,1,1
2026-03-15,E0,Liverpool,Tottenham,1,0.3,adaptive_mondrian_g0.02,1,0,0
2026-03-15,E0,Nott'm Forest,Fulham,1,0.3,adaptive_mondrian_g0.02,1,1,0
2026-03-15,E0,Man United,Aston Villa,0,0.3,adaptive_mondrian_g0.02,1,0,0
2026-03-15,E0,Crystal Palace,Leeds,1,0.3,adaptive_mondrian_g0.02,0,1,1
2026-03-15,D1,Stuttgart,RB Leipzig,0,0.3,adaptive_mondrian_g0.02,0,0,1
2026-03-15,I1,Como,Roma,0,0.3,adaptive_mondrian_g0.02,1,1,0
2026-03-15,D1,Freiburg,Union Berlin,2,0.3,adaptive_mondrian_g0.02,1,1,0
2026-03-16,I1,Cremonese,Fiorentina,2,0.3,adaptive_mondrian_g0.02,0,1,1
2026-03-16,E0,Brentford,Wolves,1,0.3,adaptive_mondrian_g0.02,1,0,0
2026-03-16,SP1,Vallecano,Levante,1,0.3,adaptive_mondrian_g0.02,1,1,0
2026-03-20,I1,Genoa,Udinese,2,0.3,adaptive_mondrian_g0.02,1,1,0
2026-03-20,SP1,Villarreal,Sociedad,0,0.3,adaptive_mondrian_g0.02,1,1,0
2026-03-20,I1,Cagliari,Napoli,2,0.3,adaptive_mondrian_g0.02,0,1,1
2026-03-20,E0,Bournemouth,Man United,1,0.3,adaptive_mondrian_g0.02,0,1,1
2026-03-20,D1,RB Leipzig,Hoffenheim,0,0.3,adaptive_mondrian_g0.02,1,0,0
2026-03-20,F1,Lens,Angers,0,0.3,adaptive_mondrian_g0.02,1,0,0
2026-03-21,E0,Fulham,Burnley,0,0.3,adaptive_mondrian_g0.02,1,0,0
2026-03-21,SP1,Elche,Mallorca,0,0.3,adaptive_mondrian_g0.02,1,1,0
2026-03-21,E0,Leeds,Brentford,1,0.3,adaptive_mondrian_g0.02,0,1,1
2026-03-21,F1,Nice,Paris SG,2,0.3,adaptive_mondrian_g0.02,0,0,1
2026-03-21,D1,Dortmund,Hamburg,0,0.3,adaptive_mondrian_g0.02,1,0,0
2026-03-21,D1,Wolfsburg,Werder Bremen,2,0.3,adaptive_mondrian_g0.02,1,1,1
2026-03-21,D1,Heidenheim,Leverkusen,1,0.3,adaptive_mondrian_g0.02,0,0,1
2026-03-21,D1,FC Koln,M'gladbach,1,0.3,adaptive_mondrian_g0.02,0,1,1
2026-03-21,E0,Brighton,Liverpool,0,0.3,adaptive_mondrian_g0.02,0,1,1
2026-03-21,F1,Auxerre,Brest,0,0.3,adaptive_mondrian_g0.02,1,1,0
2026-03-21,I1,Juventus,Sassuolo,1,0.3,adaptive_mondrian_g0.02,1,0,0
2026-03-21,E0,Everton,Chelsea,0,0.3,adaptive_mondrian_g0.02,0,1,1
2026-03-21,D1,Bayern Munich,Union Berlin,0,0.3,adaptive_mondrian_g0.02,1,0,0
2026-03-21,SP1,Sevilla,Valencia,2,0.3,adaptive_mondrian_g0.02,1,1,0
2026-03-21,SP1,Osasuna,Girona,0,0.3,adaptive_mondrian_g0.02,1,1,0
2026-03-21,I1,Parma,Cremonese,2,0.3,adaptive_mondrian_g0.02,1,1,0
2026-03-21,SP1,Espanol,Getafe,2,0.3,adaptive_mondrian_g0.02,0,1,0
2026-03-21,F1,Toulouse,Lorient,0,0.3,adaptive_mondrian_g0.02,1,1,0
2026-03-21,I1,Milan,Torino,0,0.3,adaptive_mondrian_g0.02,1,0,0
2026-03-21,SP1,Levante,Oviedo,0,0.3,adaptive_mondrian_g0.02,1,1,0
2026-03-22,E0,Tottenham,Nott'm Forest,2,0.3,adaptive_mondrian_g0.02,0,1,1
2026-03-22,SP1,Real Madrid,Ath Madrid,0,0.3,adaptive_mondrian_g0.02,1,1,0
2026-03-22,SP1,Ath Bilbao,Betis,0,0.3,adaptive_mondrian_g0.02,1,1,0
2026-03-22,SP1,Celta,Alaves,2,0.3,adaptive_mondrian_g0.02,1,1,0
2026-03-22,SP1,Barcelona,Vallecano,0,0.3,adaptive_mondrian_g0.02,1,0,0
2026-03-22,D1,Mainz,Ein Frankfurt,0,0.3,adaptive_mondrian_g0.02,1,1,0
2026-03-22,D1,St Pauli,Freiburg,2,0.3,adaptive_mondrian_g0.02,0,1,1
2026-03-22,E0,Newcastle,Sunderland,2,0.3,adaptive_mondrian_g0.02,1,0,0
2026-03-22,E0,Aston Villa,West Ham,0,0.3,adaptive_mondrian_g0.02,1,1,0
2026-03-22,D1,Augsburg,Stuttgart,2,0.3,adaptive_mondrian_g0.02,0,1,1
2026-03-22,F1,Nantes,Strasbourg,2,0.3,adaptive_mondrian_g0.02,0,1,1
2026-03-22,F1,Rennes,Metz,1,0.3,adaptive_mondrian_g0.02,1,0,0
2026-03-22,F1,Paris FC,Le Havre,0,0.3,adaptive_mondrian_g0.02,1,1,0
2026-03-22,F1,Marseille,Lille,2,0.3,adaptive_mondrian_g0.02,1,1,0
2026-03-22,F1,Lyon,Monaco,2,0.3,adaptive_mondrian_g0.02,0,1,1
2026-03-22,I1,Fiorentina,Inter,1,0.3,adaptive_mondrian_g0.02,0,0,1
2026-03-22,I1,Como,Pisa,0,0.3,adaptive_mondrian_g0.02,1,0,0
2026-03-22,I1,Bologna,Lazio,2,0.3,adaptive_mondrian_g0.02,0,1,0
2026-03-22,I1,Atalanta,Verona,0,0.3,adaptive_mondrian_g0.02,1,0,0
2026-03-22,I1,Roma,Lecce,0,0.3,adaptive_mondrian_g0.02,1,1,0
2026-04-03,F1,Paris SG,Toulouse,0,0.3,adaptive_mondrian_g0.02,1,0,0
2026-04-03,SP1,Vallecano,Elche,0,0.3,adaptive_mondrian_g0.02,1,1,0
2026-04-04,D1,Stuttgart,Dortmund,2,0.3,adaptive_mondrian_g0.02,0,1,1
2026-04-04,D1,Werder Bremen,RB Leipzig,2,0.3,adaptive_mondrian_g0.02,0,0,1
2026-04-04,I1,Verona,Fiorentina,2,0.3,adaptive_mondrian_g0.02,0,1,1
2026-04-04,F1,Lille,Lens,0,0.3,adaptive_mondrian_g0.02,0,1,1
2026-04-04,F1,Brest,Rennes,2,0.3,adaptive_mondrian_g0.02,0,1,1
2026-04-04,F1,Strasbourg,Nice,0,0.3,adaptive_mondrian_g0.02,1,1,0
2026-04-04,D1,M'gladbach,Heidenheim,1,0.3,adaptive_mondrian_g0.02,1,0,0
2026-04-04,I1,Lazio,Parma,1,0.3,adaptive_mondrian_g0.02,1,1,0
2026-04-04,SP1,Sociedad,Levante,0,0.3,adaptive_mondrian_g0.02,1,0,0
2026-04-04,D1,Freiburg,Bayern Munich,2,0.3,adaptive_mondrian_g0.02,0,0,1
2026-04-04,D1,Hamburg,Augsburg,1,0.3,adaptive_mondrian_g0.02,0,1,1
2026-04-04,D1,Hoffenheim,Mainz,2,0.3,adaptive_mondrian_g0.02,1,1,0
2026-04-04,SP1,Ath Madrid,Barcelona,2,0.3,adaptive_mondrian_g0.02,0,0,1
2026-04-04,SP1,Betis,Espanol,1,0.3,adaptive_mondrian_g0.02,1,1,0
2026-04-04,SP1,Mallorca,Real Madrid,0,0.3,adaptive_mondrian_g0.02,0,0,1
2026-04-04,D1,Leverkusen,Wolfsburg,0,0.3,adaptive_mondrian_g0.02,1,0,0
2026-04-04,I1,Sassuolo,Cagliari,0,0.3,adaptive_mondrian_g0.02,0,1,0
2026-04-05,F1,Le Havre,Auxerre,1,0.3,adaptive_mondrian_g0.02,0,1,0
2026-04-05,I1,Cremonese,Bologna,2,0.3,adaptive_mondrian_g0.02,0,1,1
2026-04-05,I1,Pisa,Torino,2,0.3,adaptive_mondrian_g0.02,0,1,1
2026-04-05,F1,Monaco,Marseille,0,0.3,adaptive_mondrian_g0.02,1,1,0
2026-04-05,SP1,Alaves,Osasuna,1,0.3,adaptive_mondrian_g0.02,0,1,1
2026-04-05,SP1,Oviedo,Sevilla,0,0.3,adaptive_mondrian_g0.02,0,1,1
2026-04-05,SP1,Valencia,Celta,2,0.3,adaptive_mondrian_g0.02,0,1,1
2026-04-05,F1,Lorient,Paris FC,1,0.3,adaptive_mondrian_g0.02,0,1,1
2026-04-05,F1,Angers,Lyon,1,0.3,adaptive_mondrian_g0.02,0,0,1
2026-04-05,I1,Inter,Roma,0,0.3,adaptive_mondrian_g0.02,1,0,0
2026-04-05,F1,Metz,Nantes,1,0.3,adaptive_mondrian_g0.02,0,1,1
2026-04-05,D1,Ein Frankfurt,FC Koln,1,0.3,adaptive_mondrian_g0.02,1,1,0
2026-04-05,D1,Union Berlin,St Pauli,1,0.3,adaptive_mondrian_g0.02,1,1,0
2026-04-05,SP1,Getafe,Ath Bilbao,0,0.3,adaptive_mondrian_g0.02,0,1,1
2026-04-06,SP1,Girona,Villarreal,0,0.3,adaptive_mondrian_g0.02,0,1,1
2026-04-06,I1,Udinese,Como,1,0.3,adaptive_mondrian_g0.02,0,1,1
2026-04-06,I1,Juventus,Genoa,0,0.3,adaptive_mondrian_g0.02,1,0,0
2026-04-06,I1,Lecce,Atalanta,2,0.3,adaptive_mondrian_g0.02,0,1,1
2026-04-06,I1,Napoli,Milan,0,0.3,adaptive_mondrian_g0.02,0,1,0
2026-04-10,SP1,Real Madrid,Girona,1,0.3,adaptive_mondrian_g0.02,1,0,0
2026-04-10,F1,Marseille,Metz,0,0.3,adaptive_mondrian_g0.02,1,0,0
2026-04-10,F1,Paris FC,Monaco,0,0.3,adaptive_mondrian_g0.02,0,1,1
2026-04-10,E0,West Ham,Wolves,0,0.3,adaptive_mondrian_g0.02,1,1,0
2026-04-10,I1,Roma,Pisa,0,0.3,adaptive_mondrian_g0.02,1,0,0
2026-04-10,D1,Augsburg,Hoffenheim,1,0.3,adaptive_mondrian_g0.02,0,1,1
2026-04-11,SP1,Elche,Valencia,0,0.3,adaptive_mondrian_g0.02,0,1,1
2026-04-11,SP1,Sociedad,Alaves,1,0.3,adaptive_mondrian_g0.02,1,1,0
2026-04-11,D1,Heidenheim,Union Berlin,0,0.3,adaptive_mondrian_g0.02,0,1,1
2026-04-11,D1,Dortmund,Leverkusen,2,0.3,adaptive_mondrian_g0.02,1,1,1
2026-04-11,I1,Torino,Verona,0,0.3,adaptive_mondrian_g0.02,1,1,0
2026-04-11,E0,Brentford,Everton,1,0.3,adaptive_mondrian_g0.02,1,1,0
2026-04-11,SP1,Barcelona,Espanol,0,0.3,adaptive_mondrian_g0.02,1,0,0
2026-04-11,I1,Cagliari,Cremonese,0,0.3,adaptive_mondrian_g0.02,1,1,0
2026-04-11,E0,Arsenal,Bournemouth,2,0.3,adaptive_mondrian_g0.02,1,0,0
2026-04-11,E0,Liverpool,Fulham,0,0.3,adaptive_mondrian_g0.02,1,0,0
2026-04-11,E0,Burnley,Brighton,2,0.3,adaptive_mondrian_g0.02,0,0,1
2026-04-11,D1,RB Leipzig,M'gladbach,0,0.3,adaptive_mondrian_g0.02,1,0,0
2026-04-11,D1,Wolfsburg,Ein Frankfurt,2,0.3,adaptive_mondrian_g0.02,0,1,1
2026-04-11,D1,St Pauli,Bayern Munich,2,0.3,adaptive_mondrian_g0.02,0,0,1
2026-04-11,I1,Atalanta,Juventus,2,0.3,adaptive_mondrian_g0.02,0,1,1
2026-04-11,F1,Rennes,Angers,0,0.3,adaptive_mondrian_g0.02,1,0,0
2026-04-11,SP1,Sevilla,Ath Madrid,0,0.3,adaptive_mondrian_g0.02,1,1,0
2026-04-11,I1,Milan,Udinese,2,0.3,adaptive_mondrian_g0.02,1,0,0
2026-04-11,F1,Auxerre,Nantes,1,0.3,adaptive_mondrian_g0.02,1,1,0
2026-04-12,I1,Bologna,Lecce,0,0.3,adaptive_mondrian_g0.02,1,1,0
2026-04-12,E0,Chelsea,Man City,2,0.3,adaptive_mondrian_g0.02,0,0,1
2026-04-12,E0,Sunderland,Tottenham,0,0.3,adaptive_mondrian_g0.02,0,1,1
2026-04-12,E0,Nott'm Forest,Aston Villa,1,0.3,adaptive_mondrian_g0.02,0,1,1
2026-04-12,E0,Crystal Palace,Newcastle,0,0.3,adaptive_mondrian_g0.02,0,1,1
2026-04-12,I1,Como,Inter,2,0.3,adaptive_mondrian_g0.02,0,1,1
2026-04-12,I1,Genoa,Sassuolo,0,0.3,adaptive_mondrian_g0.02,1,1,0
2026-04-12,I1,Parma,Napoli,1,0.3,adaptive_mondrian_g0.02,0,1,1
2026-04-12,F1,Lyon,Lorient,0,0.3,adaptive_mondrian_g0.02,1,0,0
2026-04-12,SP1,Celta,Oviedo,2,0.3,adaptive_mondrian_g0.02,1,1,0
2026-04-12,F1,Nice,Le Havre,1,0.3,adaptive_mondrian_g0.02,1,1,0
2026-04-12,D1,FC Koln,Werder Bremen,0,0.3,adaptive_mondrian_g0.02,0,1,1
2026-04-12,D1,Stuttgart,Hamburg,0,0.3,adaptive_mondrian_g0.02,1,0,0
2026-04-12,D1,Mainz,Freiburg,2,0.3,adaptive_mondrian_g0.02,0,1,0
2026-04-12,SP1,Ath Bilbao,Villarreal,2,0.3,adaptive_mondrian_g0.02,1,1,0
2026-04-12,SP1,Mallorca,Vallecano,0,0.3,adaptive_mondrian_g0.02,0,1,1
2026-04-12,SP1,Osasuna,Betis,1,0.3,adaptive_mondrian_g0.02,0,1,0
2026-04-12,F1,Toulouse,Lille,2,0.3,adaptive_mondrian_g0.02,0,1,1
2026-04-13,SP1,Levante,Getafe,0,0.3,adaptive_mondrian_g0.02,0,1,1
2026-04-13,E0,Man United,Leeds,2,0.3,adaptive_mondrian_g0.02,1,0,0
2026-04-13,I1,Fiorentina,Lazio,0,0.3,adaptive_mondrian_g0.02,0,1,0
2026-04-17,D1,St Pauli,FC Koln,1,0.3,adaptive_mondrian_g0.02,0,1,1
2026-04-17,F1,Lens,Toulouse,0,0.3,adaptive_mondrian_g0.02,1,0,0
2026-04-17,I1,Sassuolo,Como,0,0.3,adaptive_mondrian_g0.02,0,0,1
2026-04-17,I1,Inter,Cagliari,0,0.3,adaptive_mondrian_g0.02,1,0,0
2026-04-18,E0,Brentford,Fulham,1,0.3,adaptive_mondrian_g0.02,1,1,0
2026-04-18,E0,Leeds,Wolves,0,0.3,adaptive_mondrian_g0.02,1,0,0
2026-04-18,D1,Ein Frankfurt,RB Leipzig,2,0.3,adaptive_mondrian_g0.02,0,0,1
2026-04-18,D1,Werder Bremen,Hamburg,0,0.3,adaptive_mondrian_g0.02,1,1,0
2026-04-18,D1,Union Berlin,Wolfsburg,2,0.3,adaptive_mondrian_g0.02,1,1,1
2026-04-18,D1,Leverkusen,Augsburg,2,0.3,adaptive_mondrian_g0.02,1,0,0
2026-04-18,D1,Hoffenheim,Dortmund,0,0.3,adaptive_mondrian_g0.02,1,0,1
2026-04-18,I1,Roma,Atalanta,1,0.3,adaptive_mondrian_g0.02,0,1,1
2026-04-18,I1,Udinese,Parma,2,0.3,adaptive_mondrian_g0.02,1,1,0
2026-04-18,I1,Napoli,Lazio,2,0.3,adaptive_mondrian_g0.02,1,0,0
2026-04-18,E0,Newcastle,Bournemouth,2,0.3,adaptive_mondrian_g0.02,1,1,1
2026-04-18,E0,Chelsea,Man United,2,0.3,adaptive_mondrian_g0.02,1,0,1
2026-04-18,F1,Lorient,Marseille,0,0.3,adaptive_mondrian_g0.02,0,0,1
2026-04-18,E0,Tottenham,Brighton,1,0.3,adaptive_mondrian_g0.02,0,0,1
2026-04-18,F1,Lille,Nice,1,0.3,adaptive_mondrian_g0.02,1,0,0
2026-04-18,F1,Angers,Le Havre,1,0.3,adaptive_mondrian_g0.02,0,1,1
2026-04-19,E0,Nott'm Forest,Burnley,0,0.3,adaptive_mondrian_g0.02,1,0,0
2026-04-19,F1,Nantes,Brest,1,0.3,adaptive_mondrian_g0.02,1,1,1
2026-04-19,I1,Juventus,Bologna,0,0.3,adaptive_mondrian_g0.02,1,0,0
2026-04-19,I1,Pisa,Genoa,2,0.3,adaptive_mondrian_g0.02,0,1,1
2026-04-19,I1,Verona,Milan,2,0.3,adaptive_mondrian_g0.02,0,0,1
2026-04-19,I1,Cremonese,Torino,1,0.3,adaptive_mondrian_g0.02,0,1,1
2026-04-19,D1,M'gladbach,Mainz,1,0.3,adaptive_mondrian_g0.02,1,1,1
2026-04-19,D1,Bayern Munich,Stuttgart,0,0.3,adaptive_mondrian_g0.02,1,0,0
2026-04-19,F1,Strasbourg,Rennes,2,0.3,adaptive_mondrian_g0.02,0,0,1
2026-04-19,F1,Metz,Paris FC,2,0.3,adaptive_mondrian_g0.02,0,1,1
2026-04-19,E0,Man City,Arsenal,0,0.3,adaptive_mondrian_g0.02,1,1,0
2026-04-19,E0,Aston Villa,Sunderland,0,0.3,adaptive_mondrian_g0.02,1,1,0
2026-04-19,E0,Everton,Liverpool,2,0.3,adaptive_mondrian_g0.02,0,1,1
2026-04-19,F1,Monaco,Auxerre,1,0.3,adaptive_mondrian_g0.02,1,0,0
2026-04-19,D1,Freiburg,Heidenheim,0,0.3,adaptive_mondrian_g0.02,1,0,0
2026-04-19,F1,Paris SG,Lyon,2,0.3,adaptive_mondrian_g0.02,1,0,0
2026-04-20,I1,Lecce,Fiorentina,1,0.3,adaptive_mondrian_g0.02,0,1,1
2026-04-20,E0,Crystal Palace,West Ham,1,0.3,adaptive_mondrian_g0.02,0,1,1
2026-04-21,SP1,Girona,Betis,2,0.3,adaptive_mondrian_g0.02,0,1,1
2026-04-21,SP1,Real Madrid,Alaves,0,0.3,adaptive_mondrian_g0.02,1,0,0
2026-04-21,E0,Brighton,Chelsea,0,0.3,adaptive_mondrian_g0.02,1,1,1
2026-04-21,SP1,Mallorca,Valencia,1,0.3,adaptive_mondrian_g0.02,0,1,1
2026-04-21,SP1,Ath Bilbao,Osasuna,0,0.3,adaptive_mondrian_g0.02,1,1,0
2026-04-22,SP1,Sociedad,Getafe,2,0.3,adaptive_mondrian_g0.02,0,1,0
2026-04-22,F1,Paris SG,Nantes,0,0.3,adaptive_mondrian_g0.02,1,0,0
2026-04-22,E0,Bournemouth,Leeds,1,0.3,adaptive_mondrian_g0.02,1,0,0
2026-04-22,E0,Burnley,Man City,2,0.3,adaptive_mondrian_g0.02,0,0,1
2026-04-22,SP1,Elche,Ath Madrid,0,0.3,adaptive_mondrian_g0.02,0,1,1
2026-04-22,SP1,Barcelona,Celta,0,0.3,adaptive_mondrian_g0.02,1,0,0
2026-04-23,SP1,Oviedo,Villarreal,1,0.3,adaptive_mondrian_g0.02,0,1,1
2026-04-23,SP1,Vallecano,Espanol,0,0.3,adaptive_mondrian_g0.02,1,1,0
2026-04-23,SP1,Levante,Sevilla,0,0.3,adaptive_mondrian_g0.02,0,1,1
2026-04-24,E0,Sunderland,Nott'm Forest,2,0.3,adaptive_mondrian_g0.02,0,1,1
2026-04-24,SP1,Betis,Real Madrid,1,0.3,adaptive_mondrian_g0.02,0,0,1
2026-04-24,D1,RB Leipzig,Union Berlin,0,0.3,adaptive_mondrian_g0.02,1,0,0
2026-04-24,F1,Brest,Lens,1,0.3,adaptive_mondrian_g0.02,0,0,1
2026-04-24,I1,Napoli,Cremonese,0,0.3,adaptive_mondrian_g0.02,1,0,0
2026-04-25,F1,Toulouse,Monaco,1,0.3,adaptive_mondrian_g0.02,0,0,1
2026-04-25,SP1,Valencia,Girona,0,0.3,adaptive_mondrian_g0.02,0,1,1
2026-04-25,SP1,Alaves,Mallorca,0,0.3,adaptive_mondrian_g0.02,1,1,0
2026-04-25,SP1,Ath Madrid,Ath Bilbao,0,0.3,adaptive_mondrian_g0.02,1,1,0
2026-04-25,SP1,Getafe,Barcelona,2,0.3,adaptive_mondrian_g0.02,0,0,1
2026-04-25,E0,Arsenal,Newcastle,0,0.3,adaptive_mondrian_g0.02,1,0,0
2026-04-25,E0,Wolves,Tottenham,2,0.3,adaptive_mondrian_g0.02,0,0,1
2026-04-25,E0,West Ham,Everton,0,0.3,adaptive_mondrian_g0.02,0,1,1
2026-04-25,F1,Lyon,Auxerre,0,0.3,adaptive_mondrian_g0.02,1,0,0
2026-04-25,F1,Angers,Paris SG,2,0.3,adaptive_mondrian_g0.02,0,0,1
2026-04-25,D1,Mainz,Bayern Munich,2,0.3,adaptive_mondrian_g0.02,0,0,1
2026-04-25,I1,Bologna,Roma,2,0.3,adaptive_mondrian_g0.02,0,1,1
2026-04-25,I1,Parma,Pisa,0,0.3,adaptive_mondrian_g0.02,1,1,0
2026-04-25,E0,Liverpool,Crystal Palace,0,0.3,adaptive_mondrian_g0.02,1,0,0
2026-04-25,D1,Wolfsburg,M'gladbach,1,0.3,adaptive_mondrian_g0.02,1,1,1
2026-04-25,D1,Heidenheim,St Pauli,0,0.3,adaptive_mondrian_g0.02,0,1,1
2026-04-25,D1,Hamburg,Hoffenheim,2,0.3,adaptive_mondrian_g0.02,0,0,1
2026-04-25,D1,Augsburg,Ein Frankfurt,1,0.3,adaptive_mondrian_g0.02,0,0,1
2026-04-25,E0,Fulham,Aston Villa,0,0.3,adaptive_mondrian_g0.02,0,1,1
2026-04-25,I1,Verona,Lecce,1,0.3,adaptive_mondrian_g0.02,0,1,1
2026-04-25,D1,FC Koln,Leverkusen,2,0.3,adaptive_mondrian_g0.02,0,0,1
2026-04-26,SP1,Vallecano,Sociedad,1,0.3,adaptive_mondrian_g0.02,0,1,1
2026-04-26,D1,Dortmund,Freiburg,0,0.3,adaptive_mondrian_g0.02,1,0,0
2026-04-26,F1,Marseille,Nice,1,0.3,adaptive_mondrian_g0.02,1,1,0
2026-04-26,F1,Rennes,Nantes,0,0.3,adaptive_mondrian_g0.02,1,0,0
2026-04-26,F1,Paris FC,Lille,2,0.3,adaptive_mondrian_g0.02,0,0,1
2026-04-26,D1,Stuttgart,Werder Bremen,1,0.3,adaptive_mondrian_g0.02,1,0,0
2026-04-26,F1,Le Havre,Metz,1,0.3,adaptive_mondrian_g0.02,1,0,0
2026-04-26,I1,Torino,Inter,1,0.3,adaptive_mondrian_g0.02,0,0,1
2026-04-26,SP1,Osasuna,Sevilla,0,0.3,adaptive_mondrian_g0.02,1,1,0
2026-04-26,I1,Milan,Juventus,1,0.3,adaptive_mondrian_g0.02,0,1,1
2026-04-26,I1,Genoa,Como,2,0.3,adaptive_mondrian_g0.02,0,0,1
2026-04-26,I1,Fiorentina,Sassuolo,1,0.3,adaptive_mondrian_g0.02,1,1,0
2026-04-26,SP1,Villarreal,Celta,0,0.3,adaptive_mondrian_g0.02,1,1,0
2026-04-26,F1,Lorient,Strasbourg,2,0.3,adaptive_mondrian_g0.02,1,1,0
2026-04-26,SP1,Oviedo,Elche,2,0.3,adaptive_mondrian_g0.02,1,1,0
2026-04-27,I1,Lazio,Udinese,1,0.3,adaptive_mondrian_g0.02,0,1,0
2026-04-27,SP1,Espanol,Levante,1,0.3,adaptive_mondrian_g0.02,1,1,0
2026-04-27,E0,Man United,Brentford,0,0.3,adaptive_mondrian_g0.02,1,1,0
2026-04-27,I1,Cagliari,Atalanta,0,0.3,adaptive_mondrian_g0.02,0,1,1
2026-05-01,SP1,Girona,Mallorca,2,0.3,adaptive_mondrian_g0.02,1,1,0
2026-05-01,I1,Pisa,Lecce,2,0.3,adaptive_mondrian_g0.02,0,1,1
2026-05-01,E0,Leeds,Burnley,0,0.3,adaptive_mondrian_g0.02,1,0,0
2026-05-02,F1,Nantes,Marseille,0,0.3,adaptive_mondrian_g0.02,0,1,1
2026-05-02,D1,Bayern Munich,Heidenheim,1,0.3,adaptive_mondrian_g0.02,1,0,0
2026-05-02,F1,Metz,Monaco,2,0.3,adaptive_mondrian_g0.02,0,0,1
2026-05-02,F1,Nice,Lens,1,0.3,adaptive_mondrian_g0.02,0,0,1
2026-05-02,D1,Ein Frankfurt,Hamburg,2,0.3,adaptive_mondrian_g0.02,1,0,0
2026-05-02,D1,Hoffenheim,Stuttgart,1,0.3,adaptive_mondrian_g0.02,1,0,1
2026-05-02,D1,Werder Bremen,Augsburg,2,0.3,adaptive_mondrian_g0.02,1,1,0
2026-05-02,D1,Leverkusen,RB Leipzig,0,0.3,adaptive_mondrian_g0.02,1,0,1
2026-05-02,F1,Paris SG,Lorient,1,0.3,adaptive_mondrian_g0.02,1,0,0
2026-05-02,I1,Atalanta,Genoa,1,0.3,adaptive_mondrian_g0.02,1,0,0
2026-05-02,D1,Union Berlin,FC Koln,1,0.3,adaptive_mondrian_g0.02,0,1,1
2026-05-02,I1,Como,Napoli,1,0.3,adaptive_mondrian_g0.02,1,1,0
2026-05-02,I1,Udinese,Torino,0,0.3,adaptive_mondrian_g0.02,1,1,0
2026-05-02,SP1,Alaves,Ath Bilbao,2,0.3,adaptive_mondrian_g0.02,0,1,1
2026-05-02,SP1,Valencia,Ath Madrid,2,0.3,adaptive_mondrian_g0.02,1,0,0
2026-05-02,SP1,Villarreal,Levante,0,0.3,adaptive_mondrian_g0.02,1,0,0
2026-05-02,SP1,Osasuna,Barcelona,2,0.3,adaptive_mondrian_g0.02,0,0,1
2026-05-02,E0,Newcastle,Brighton,0,0.3,adaptive_mondrian_g0.02,0,1,1
2026-05-02,E0,Wolves,Sunderland,1,0.3,adaptive_mondrian_g0.02,0,1,1
2026-05-02,E0,Arsenal,Fulham,0,0.3,adaptive_mondrian_g0.02,1,0,0
2026-05-02,E0,Brentford,West Ham,0,0.3,adaptive_mondrian_g0.02,1,1,0
2026-05-03,E0,Aston Villa,Tottenham,2,0.3,adaptive_mondrian_g0.02,0,1,1
2026-05-03,I1,Bologna,Cagliari,1,0.3,adaptive_mondrian_g0.02,0,1,0
2026-05-03,I1,Sassuolo,Milan,0,0.3,adaptive_mondrian_g0.02,0,1,1
2026-05-03,I1,Juventus,Verona,1,0.3,adaptive_mondrian_g0.02,1,0,0
2026-05-03,I1,Inter,Parma,0,0.3,adaptive_mondrian_g0.02,1,0,0
2026-05-03,SP1,Betis,Oviedo,0,0.3,adaptive_mondrian_g0.02,1,0,0
2026-05-03,SP1,Espanol,Real Madrid,2,0.3,adaptive_mondrian_g0.02,0,1,1
2026-05-03,SP1,Getafe,Vallecano,2,0.3,adaptive_mondrian_g0.02,1,1,0
2026-05-03,E0,Man United,Liverpool,0,0.3,adaptive_mondrian_g0.02,0,1,1
2026-05-03,D1,Freiburg,Wolfsburg,1,0.3,adaptive_mondrian_g0.02,1,1,0
2026-05-03,F1,Lyon,Rennes,0,0.3,adaptive_mondrian_g0.02,1,1,1
2026-05-03,F1,Strasbourg,Toulouse,2,0.3,adaptive_mondrian_g0.02,0,1,1
2026-05-03,F1,Paris FC,Brest,0,0.3,adaptive_mondrian_g0.02,1,1,0
2026-05-03,F1,Auxerre,Angers,0,0.3,adaptive_mondrian_g0.02,1,1,0
2026-05-03,F1,Lille,Le Havre,1,0.3,adaptive_mondrian_g0.02,1,0,0
2026-05-03,D1,St Pauli,Mainz,2,0.3,adaptive_mondrian_g0.02,0,1,1
2026-05-03,D1,M'gladbach,Dortmund,0,0.3,adaptive_mondrian_g0.02,0,1,1
2026-05-03,E0,Bournemouth,Crystal Palace,0,0.3,adaptive_mondrian_g0.02,1,0,0
2026-05-03,SP1,Celta,Elche,0,0.3,adaptive_mondrian_g0.02,1,1,0
2026-05-04,I1,Roma,Fiorentina,0,0.3,adaptive_mondrian_g0.02,1,0,0
2026-05-04,E0,Everton,Man City,1,0.3,adaptive_mondrian_g0.02,0,0,1
2026-05-04,E0,Chelsea,Nott'm Forest,2,0.3,adaptive_mondrian_g0.02,1,0,0
2026-05-04,I1,Cremonese,Lazio,2,0.3,adaptive_mondrian_g0.02,0,1,1
2026-05-04,SP1,Sevilla,Sociedad,0,0.3,adaptive_mondrian_g0.02,0,1,1
2026-05-08,F1,Lens,Nantes,0,0.3,adaptive_mondrian_g0.02,1,0,0
2026-05-08,D1,Dortmund,Ein Frankfurt,0,0.3,adaptive_mondrian_g0.02,1,0,0
2026-05-08,I1,Torino,Sassuolo,0,0.3,adaptive_mondrian_g0.02,0,1,1
2026-05-08,SP1,Levante,Osasuna,0,0.3,adaptive_mondrian_g0.02,0,1,1
2026-05-09,I1,Cagliari,Udinese,2,0.3,adaptive_mondrian_g0.02,0,1,1
2026-05-09,SP1,Sociedad,Betis,1,0.3,adaptive_mondrian_g0.02,0,1,1
2026-05-09,SP1,Ath Madrid,Celta,2,0.3,adaptive_mondrian_g0.02,1,1,0
2026-05-09,SP1,Sevilla,Espanol,0,0.3,adaptive_mondrian_g0.02,1,1,0
2026-05-09,SP1,Elche,Alaves,1,0.3,adaptive_mondrian_g0.02,0,1,0
2026-05-09,D1,RB Leipzig,St Pauli,0,0.3,adaptive_mondrian_g0.02,1,0,0
2026-05-09,I1,Lecce,Juventus,2,0.3,adaptive_mondrian_g0.02,0,0,1
2026-05-09,D1,Augsburg,M'gladbach,0,0.3,adaptive_mondrian_g0.02,1,1,0
2026-05-09,E0,Brighton,Wolves,0,0.3,adaptive_mondrian_g0.02,1,0,0
2026-05-09,E0,Sunderland,Man United,1,0.3,adaptive_mondrian_g0.02,0,1,1
2026-05-09,E0,Fulham,Bournemouth,2,0.3,adaptive_mondrian_g0.02,0,1,1
2026-05-09,E0,Liverpool,Chelsea,1,0.3,adaptive_mondrian_g0.02,1,1,0
2026-05-09,D1,Wolfsburg,Bayern Munich,2,0.3,adaptive_mondrian_g0.02,0,0,1
2026-05-09,D1,Stuttgart,Leverkusen,0,0.3,adaptive_mondrian_g0.02,1,1,1
2026-05-09,D1,Hoffenheim,Werder Bremen,0,0.3,adaptive_mondrian_g0.02,1,0,0
2026-05-09,I1,Lazio,Inter,2,0.3,adaptive_mondrian_g0.02,0,1,1
2026-05-09,E0,Man City,Brentford,0,0.3,adaptive_mondrian_g0.02,1,0,0
2026-05-10,D1,FC Koln,Heidenheim,2,0.3,adaptive_mondrian_g0.02,1,0,1
2026-05-10,E0,West Ham,Arsenal,2,0.3,adaptive_mondrian_g0.02,0,0,1
2026-05-10,F1,Paris SG,Brest,0,0.3,adaptive_mondrian_g0.02,1,0,0
2026-05-10,F1,Rennes,Paris FC,0,0.3,adaptive_mondrian_g0.02,1,0,0
2026-05-10,SP1,Mallorca,Villarreal,1,0.3,adaptive_mondrian_g0.02,0,1,1
2026-05-10,D1,Hamburg,Freiburg,0,0.3,adaptive_mondrian_g0.02,0,1,1
2026-05-10,SP1,Oviedo,Getafe,1,0.3,adaptive_mondrian_g0.02,0,1,1
2026-05-10,SP1,Barcelona,Real Madrid,0,0.3,adaptive_mondrian_g0.02,1,0,0
2026-05-10,D1,Mainz,Union Berlin,2,0.3,adaptive_mondrian_g0.02,1,0,0
2026-05-10,F1,Monaco,Lille,2,0.3,adaptive_mondrian_g0.02,0,1,1
2026-05-10,SP1,Ath Bilbao,Valencia,2,0.3,adaptive_mondrian_g0.02,1,1,0
2026-05-10,F1,Metz,Lorient,2,0.3,adaptive_mondrian_g0.02,0,1,1
2026-05-10,F1,Angers,Strasbourg,1,0.3,adaptive_mondrian_g0.02,0,1,1
2026-05-10,F1,Auxerre,Nice,0,0.3,adaptive_mondrian_g0.02,0,1,1
2026-05-10,I1,Milan,Atalanta,2,0.3,adaptive_mondrian_g0.02,0,1,0
2026-05-10,F1,Toulouse,Lyon,0,0.3,adaptive_mondrian_g0.02,0,1,1
2026-05-10,E0,Nott'm Forest,Newcastle,1,0.3,adaptive_mondrian_g0.02,0,1,1
2026-05-10,E0,Crystal Palace,Everton,1,0.3,adaptive_mondrian_g0.02,0,1,1
2026-05-10,E0,Burnley,Aston Villa,1,0.3,adaptive_mondrian_g0.02,0,0,1
2026-05-10,I1,Verona,Como,2,0.3,adaptive_mondrian_g0.02,0,0,1
2026-05-10,I1,Cremonese,Pisa,0,0.3,adaptive_mondrian_g0.02,1,1,0
2026-05-10,I1,Fiorentina,Genoa,1,0.3,adaptive_mondrian_g0.02,1,1,0
2026-05-10,I1,Parma,Roma,2,0.3,adaptive_mondrian_g0.02,0,0,1
2026-05-10,F1,Le Havre,Marseille,2,0.3,adaptive_mondrian_g0.02,0,1,1
2026-05-11,E0,Tottenham,Leeds,1,0.3,adaptive_mondrian_g0.02,1,1,0
2026-05-11,SP1,Vallecano,Girona,1,0.3,adaptive_mondrian_g0.02,0,1,0
2026-05-11,I1,Napoli,Bologna,2,0.3,adaptive_mondrian_g0.02,1,1,0
2026-05-12,SP1,Osasuna,Ath Madrid,2,0.3,adaptive_mondrian_g0.02,0,1,1
2026-05-12,SP1,Betis,Elche,0,0.3,adaptive_mondrian_g0.02,1,0,0
2026-05-12,SP1,Celta,Levante,2,0.3,adaptive_mondrian_g0.02,1,1,0
2026-05-13,E0,Man City,Crystal Palace,0,0.3,adaptive_mondrian_g0.02,1,0,0
2026-05-13,SP1,Espanol,Ath Bilbao,0,0.3,adaptive_mondrian_g0.02,0,1,1
2026-05-13,SP1,Villarreal,Sevilla,2,0.3,adaptive_mondrian_g0.02,1,1,0
2026-05-13,SP1,Alaves,Barcelona,0,0.3,adaptive_mondrian_g0.02,0,1,1
2026-05-13,SP1,Getafe,Mallorca,0,0.3,adaptive_mondrian_g0.02,0,1,0
2026-05-13,F1,Lens,Paris SG,2,0.3,adaptive_mondrian_g0.02,0,0,1
2026-05-13,F1,Brest,Strasbourg,2,0.3,adaptive_mondrian_g0.02,0,1,1
2026-05-14,SP1,Girona,Sociedad,1,0.3,adaptive_mondrian_g0.02,1,1,0
2026-05-14,SP1,Real Madrid,Oviedo,0,0.3,adaptive_mondrian_g0.02,1,0,0
2026-05-14,SP1,Valencia,Vallecano,1,0.3,adaptive_mondrian_g0.02,0,1,1
2026-05-15,E0,Aston Villa,Liverpool,0,0.3,adaptive_mondrian_g0.02,0,1,1
2026-05-16,D1,Union Berlin,Augsburg,0,0.3,adaptive_mondrian_g0.02,0,0,1
2026-05-16,D1,M'gladbach,Hoffenheim,0,0.3,adaptive_mondrian_g0.02,0,0,1
2026-05-16,D1,Bayern Munich,FC Koln,0,0.3,adaptive_mondrian_g0.02,1,0,0
2026-05-16,D1,Ein Frankfurt,Stuttgart,1,0.3,adaptive_mondrian_g0.02,0,0,1
2026-05-16,D1,Freiburg,RB Leipzig,0,0.3,adaptive_mondrian_g0.02,0,1,1
2026-05-16,D1,Heidenheim,Mainz,2,0.3,adaptive_mondrian_g0.02,1,0,1
2026-05-16,D1,Leverkusen,Hamburg,1,0.3,adaptive_mondrian_g0.02,1,0,0
2026-05-16,D1,Werder Bremen,Dortmund,2,0.3,adaptive_mondrian_g0.02,0,0,1
2026-05-16,D1,St Pauli,Wolfsburg,2,0.3,adaptive_mondrian_g0.02,0,1,1
2026-05-17,E0,Wolves,Fulham,1,0.3,adaptive_mondrian_g0.02,0,1,1
2026-05-17,E0,Leeds,Brighton,0,0.3,adaptive_mondrian_g0.02,0,1,1
2026-05-17,E0,Everton,Sunderland,2,0.3,adaptive_mondrian_g0.02,1,1,0
2026-05-17,I1,Como,Parma,0,0.3,adaptive_mondrian_g0.02,1,0,0
2026-05-17,F1,Paris FC,Paris SG,0,0.3,adaptive_mondrian_g0.02,0,0,1
2026-05-17,E0,Newcastle,West Ham,0,0.3,adaptive_mondrian_g0.02,1,1,1
2026-05-17,SP1,Ath Bilbao,Celta,1,0.3,adaptive_mondrian_g0.02,1,1,0
2026-05-17,F1,Strasbourg,Monaco,0,0.3,adaptive_mondrian_g0.02,0,0,1
2026-05-17,SP1,Vallecano,Villarreal,0,0.3,adaptive_mondrian_g0.02,1,1,0
2026-05-17,SP1,Elche,Getafe,0,0.3,adaptive_mondrian_g0.02,1,1,0
2026-05-17,SP1,Oviedo,Alaves,2,0.3,adaptive_mondrian_g0.02,0,1,1
2026-05-17,SP1,Sevilla,Real Madrid,2,0.3,adaptive_mondrian_g0.02,0,1,1
2026-05-17,SP1,Sociedad,Valencia,2,0.3,adaptive_mondrian_g0.02,0,1,1
2026-05-17,SP1,Barcelona,Betis,0,0.3,adaptive_mondrian_g0.02,1,0,0
2026-05-17,SP1,Osasuna,Espanol,2,0.3,adaptive_mondrian_g0.02,1,1,0
2026-05-17,SP1,Levante,Mallorca,0,0.3,adaptive_mondrian_g0.02,1,1,0
2026-05-17,I1,Genoa,Milan,2,0.3,adaptive_mondrian_g0.02,0,1,1
2026-05-17,I1,Pisa,Napoli,2,0.3,adaptive_mondrian_g0.02,0,0,1
2026-05-17,I1,Juventus,Fiorentina,2,0.3,adaptive_mondrian_g0.02,1,0,0
2026-05-17,SP1,Ath Madrid,Girona,0,0.3,adaptive_mondrian_g0.02,1,1,0
2026-05-17,E0,Brentford,Crystal Palace,1,0.3,adaptive_mondrian_g0.02,1,1,0
2026-05-17,F1,Nantes,Toulouse,1,0.3,adaptive_mondrian_g0.02,0,1,1
2026-05-17,F1,Nice,Metz,1,0.3,adaptive_mondrian_g0.02,1,0,0
2026-05-17,F1,Lyon,Lens,2,0.3,adaptive_mondrian_g0.02,1,0,0
2026-05-17,F1,Lorient,Le Havre,2,0.3,adaptive_mondrian_g0.02,1,1,1
2026-05-17,E0,Man United,Nott'm Forest,0,0.3,adaptive_mondrian_g0.02,1,0,0
2026-05-17,F1,Marseille,Rennes,0,0.3,adaptive_mondrian_g0.02,1,0,0
2026-05-17,F1,Brest,Angers,1,0.3,adaptive_mondrian_g0.02,1,1,0
2026-05-17,I1,Udinese,Cremonese,2,0.3,adaptive_mondrian_g0.02,1,1,1
2026-05-17,I1,Sassuolo,Lecce,2,0.3,adaptive_mondrian_g0.02,0,1,1
2026-05-17,I1,Cagliari,Torino,0,0.3,adaptive_mondrian_g0.02,1,1,0
2026-05-17,I1,Atalanta,Bologna,2,0.3,adaptive_mondrian_g0.02,1,1,0
2026-05-17,I1,Inter,Verona,1,0.3,adaptive_mondrian_g0.02,1,0,0
2026-05-17,I1,Roma,Lazio,0,0.3,adaptive_mondrian_g0.02,1,0,0
2026-05-17,F1,Lille,Auxerre,2,0.3,adaptive_mondrian_g0.02,1,0,0
2026-05-18,E0,Arsenal,Burnley,0,0.3,adaptive_mondrian_g0.02,1,0,0
2026-05-19,E0,Chelsea,Tottenham,0,0.3,adaptive_mondrian_g0.02,1,1,1
2026-05-19,E0,Bournemouth,Man City,1,0.3,adaptive_mondrian_g0.02,0,0,1
2026-05-22,I1,Fiorentina,Atalanta,1,0.3,adaptive_mondrian_g0.02,0,1,1
2026-05-23,I1,Bologna,Inter,1,0.3,adaptive_mondrian_g0.02,0,1,1
2026-05-23,SP1,Valencia,Barcelona,0,0.3,adaptive_mondrian_g0.02,0,0,1
2026-05-23,SP1,Betis,Levante,0,0.3,adaptive_mondrian_g0.02,1,1,1
2026-05-23,SP1,Alaves,Vallecano,2,0.3,adaptive_mondrian_g0.02,1,1,0
2026-05-23,SP1,Celta,Sevilla,0,0.3,adaptive_mondrian_g0.02,1,1,0
2026-05-23,SP1,Girona,Elche,1,0.3,adaptive_mondrian_g0.02,1,1,0
2026-05-23,SP1,Getafe,Osasuna,0,0.3,adaptive_mondrian_g0.02,0,1,1
2026-05-23,SP1,Mallorca,Oviedo,0,0.3,adaptive_mondrian_g0.02,1,0,0
2026-05-23,I1,Lazio,Pisa,0,0.3,adaptive_mondrian_g0.02,1,1,0
2026-05-23,SP1,Real Madrid,Ath Bilbao,0,0.3,adaptive_mondrian_g0.02,1,0,0
2026-05-23,SP1,Espanol,Sociedad,1,0.3,adaptive_mondrian_g0.02,0,1,1
2026-05-24,E0,Fulham,Newcastle,0,0.3,adaptive_mondrian_g0.02,0,1,1
2026-05-24,E0,Liverpool,Brentford,1,0.3,adaptive_mondrian_g0.02,1,1,0
2026-05-24,E0,Man City,Aston Villa,2,0.3,adaptive_mondrian_g0.02,1,0,0
2026-05-24,E0,Nott'm Forest,Bournemouth,1,0.3,adaptive_mondrian_g0.02,0,1,1
2026-05-24,E0,Sunderland,Chelsea,0,0.3,adaptive_mondrian_g0.02,0,1,1
2026-05-24,E0,Tottenham,Everton,0,0.3,adaptive_mondrian_g0.02,1,1,0
2026-05-24,I1,Verona,Roma,2,0.3,adaptive_mondrian_g0.02,0,0,1
2026-05-24,E0,Burnley,Wolves,1,0.3,adaptive_mondrian_g0.02,0,1,1
2026-05-24,I1,Milan,Cagliari,2,0.3,adaptive_mondrian_g0.02,1,0,0
2026-05-24,I1,Lecce,Genoa,0,0.3,adaptive_mondrian_g0.02,1,1,0
2026-05-24,I1,Cremonese,Como,2,0.3,adaptive_mondrian_g0.02,0,0,1
2026-05-24,I1,Napoli,Udinese,0,0.3,adaptive_mondrian_g0.02,1,0,0
2026-05-24,I1,Parma,Sassuolo,0,0.3,adaptive_mondrian_g0.02,0,1,1
2026-05-24,E0,Crystal Palace,Arsenal,2,0.3,adaptive_mondrian_g0.02,0,1,1
2026-05-24,E0,Brighton,Man United,2,0.3,adaptive_mondrian_g0.02,1,0,1
2026-05-24,E0,West Ham,Leeds,0,0.3,adaptive_mondrian_g0.02,1,0,0
2026-05-24,I1,Torino,Juventus,1,0.3,adaptive_mondrian_g0.02,0,0,1
2026-05-24,SP1,Villarreal,Ath Madrid,0,0.3,adaptive_mondrian_g0.02,0,1,1
