Date,Season,Div,HomeTeam,AwayTeam,y,model_p_H,model_p_D,model_p_A,model_mondrian_size_a10,model_mondrian_mask_a10,model_mondrian_size_a20,model_mondrian_mask_a20,model_mondrian_size_a30,model_mondrian_mask_a30,market_p_H,market_p_D,market_p_A,market_mondrian_size_a10,market_mondrian_mask_a10,market_mondrian_size_a20,market_mondrian_mask_a20,market_mondrian_size_a30,market_mondrian_mask_a30
2025-08-15,2025,SP1,Girona,Vallecano,2,0.35673069953918457,0.3318028151988983,0.3114664852619171,3,HDA,2,DA,2,DA,0.3912443305068033,0.2995464405442714,0.3092092289489253,3,HDA,2,DA,2,DA
2025-08-15,2025,E0,Liverpool,Bournemouth,0,0.7012450098991394,0.15785662829875946,0.14089836180210114,2,HD,1,H,1,H,0.7408870888076657,0.15291909512990223,0.10619381606243203,1,H,1,H,1,H
2025-08-15,2025,F1,Rennes,Marseille,0,0.22318576608875046,0.25462985418185374,0.5221843797293958,2,DA,2,DA,2,DA,0.24241142252776304,0.2626123744050767,0.4949762030671602,2,DA,2,DA,2,DA
2025-08-15,2025,SP1,Villarreal,Oviedo,0,0.7715114218897475,0.1274397598171091,0.10104881829314341,1,H,1,H,1,H,0.6803939122649956,0.2005371530886302,0.1190689346463742,2,HD,1,H,1,H
2025-08-16,2025,SP1,Valencia,Sociedad,1,0.3953246474266052,0.26820409297943115,0.3364712595939636,3,HDA,2,DA,2,DA,0.3872529245663574,0.3162565550625252,0.2964905203711174,3,HDA,2,DA,2,DA
2025-08-16,2025,F1,Monaco,Le Havre,0,0.7620331105741345,0.1470335136878007,0.09093337573806476,1,H,1,H,1,H,0.7780921584478578,0.135610347615198,0.0862974939369442,1,H,1,H,1,H
2025-08-16,2025,F1,Nice,Toulouse,2,0.42713767290115356,0.31861966848373413,0.2542426586151123,3,HDA,3,HDA,1,D,0.4931894569255263,0.2770564302140457,0.2297541128604281,3,HDA,2,HD,2,HD
2025-08-16,2025,F1,Lens,Lyon,2,0.3075975477695465,0.2845250964164734,0.4078773558139801,3,HDA,2,DA,2,DA,0.378159757330637,0.2780586450960566,0.3437815975733064,3,HDA,2,DA,2,DA
2025-08-16,2025,SP1,Mallorca,Barcelona,2,0.15140322076385052,0.13354565402188381,0.7150511252142656,1,A,1,A,1,A,0.0996515679442508,0.1721254355400697,0.7282229965156795,1,A,1,A,1,A
2025-08-16,2025,E0,Aston Villa,Newcastle,1,0.37741232086626286,0.23751148302022496,0.38507619611351224,3,HDA,2,DA,2,DA,0.3852691218130311,0.2776203966005666,0.3371104815864023,3,HDA,2,DA,2,DA
2025-08-16,2025,SP1,Alaves,Levante,0,0.4095650789271272,0.30478637502234057,0.2856485460505323,3,HDA,3,HDA,2,DA,0.4512877939529675,0.3057110862262038,0.2430011198208287,3,HDA,3,HDA,2,HD
2025-08-16,2025,E0,Wolves,Man City,2,0.13281547627402912,0.1256724260547034,0.7415120976712675,1,A,1,A,1,A,0.15213608437799633,0.22639298270535174,0.6214709329166519,2,DA,2,DA,1,A
2025-08-16,2025,E0,Tottenham,Burnley,0,0.5477176063783047,0.2977667615815955,0.15451563204009985,2,HD,2,HD,2,HD,0.607741694196846,0.2415383656423362,0.1507199401608178,2,HD,2,HD,2,HD
2025-08-16,2025,E0,Sunderland,West Ham,0,0.2533872761337053,0.24286036555260965,0.503752358313685,2,DA,2,DA,2,DA,0.27982899339292655,0.29731830547998445,0.422852701127089,2,DA,2,DA,2,DA
2025-08-16,2025,E0,Brighton,Fulham,1,0.4667273183627535,0.3049418744479493,0.22833080718929724,3,HDA,3,HDA,2,HD,0.5257095980311732,0.25575061525840853,0.21853978671041832,3,HDA,2,HD,2,HD
2025-08-17,2025,F1,Auxerre,Lorient,0,0.3273010752409376,0.34645669619868114,0.32624222856038126,3,HDA,2,DA,2,DA,0.37281553398058254,0.29708737864077667,0.33009708737864074,3,HDA,2,DA,2,DA
2025-08-17,2025,SP1,Espanol,Ath Madrid,0,0.13882934840277808,0.1421939858467283,0.7189766657504936,1,A,1,A,1,A,0.1722558481923769,0.2429249141174546,0.5848192376901685,2,DA,2,DA,2,DA
2025-08-17,2025,SP1,Ath Bilbao,Sevilla,0,0.5730477231613273,0.2999505236722763,0.1270017531663963,2,HD,2,HD,2,HD,0.6104945747546899,0.24580439457228306,0.14370103067302703,2,HD,2,HD,2,HD
2025-08-17,2025,SP1,Celta,Getafe,2,0.48959685163512,0.2846550516193337,0.2257480967455463,3,HDA,3,HDA,2,HD,0.5657460116663154,0.26994166842364187,0.16431231991004283,2,HD,2,HD,2,HD
2025-08-17,2025,E0,Man United,Arsenal,2,0.2984626204233581,0.2597282153448994,0.4418091642317425,2,DA,2,DA,2,DA,0.24896952615818216,0.25569843227056543,0.4953320415712525,2,DA,2,DA,2,DA
2025-08-17,2025,F1,Angers,Paris FC,0,0.30282109073337643,0.2796631968121768,0.4175157124544468,2,DA,2,DA,2,DA,0.3055305530553056,0.2914291429142914,0.4030403040304031,3,HDA,2,DA,2,DA
2025-08-17,2025,E0,Nott'm Forest,Brentford,0,0.45594890284385986,0.26536358193646614,0.27868751521967394,3,HDA,3,HDA,2,HD,0.5011933174224344,0.27207637231503584,0.22673031026252982,3,HDA,2,HD,2,HD
2025-08-17,2025,E0,Chelsea,Crystal Palace,1,0.4419104754924774,0.2607506215572357,0.29733890295028687,3,HDA,3,HDA,2,DA,0.5275084060230983,0.2532040348910871,0.2192875590858145,3,HDA,2,HD,2,HD
2025-08-17,2025,F1,Metz,Strasbourg,2,0.21751448642570426,0.2858894084311581,0.4965961051431377,2,DA,2,DA,2,DA,0.25339366515837103,0.27149321266968324,0.47511312217194573,2,DA,2,DA,2,DA
2025-08-17,2025,F1,Brest,Lille,1,0.32525956630706787,0.3609641492366791,0.31377628445625305,3,HDA,2,DA,2,DA,0.3872529245663574,0.2964905203711174,0.3162565550625252,3,HDA,2,DA,2,DA
2025-08-17,2025,F1,Nantes,Paris SG,2,0.14196085401025213,0.11726448248086563,0.7407746635088822,1,A,1,A,1,A,0.07304347826086952,0.13565217391304343,0.7913043478260872,1,A,1,A,1,A
2025-08-18,2025,SP1,Elche,Betis,1,0.26795040762572264,0.3029844968621583,0.4290650955121191,2,DA,2,DA,2,DA,0.296215573608084,0.2916584109371904,0.4121260154547256,2,DA,2,DA,2,DA
2025-08-18,2025,E0,Leeds,Everton,0,0.38195185715103575,0.29566978527099536,0.3223783575779689,3,HDA,2,DA,2,DA,0.4030403040304031,0.2914291429142914,0.3055305530553056,3,HDA,3,HDA,2,DA
2025-08-19,2025,SP1,Real Madrid,Osasuna,0,0.7787537400703042,0.12068093298343718,0.10056532694625869,1,H,1,H,1,H,0.7780921584478578,0.135610347615198,0.0862974939369442,1,H,1,H,1,H
2025-08-22,2025,F1,Paris SG,Angers,0,0.8566189248744599,0.09108665415855768,0.052294420966982454,1,H,1,H,1,H,0.8868193142721557,0.072309882548345,0.0408708031794993,1,H,1,H,1,H
2025-08-22,2025,E0,West Ham,Chelsea,2,0.1422000059157609,0.24540519348673234,0.6123948005975067,2,DA,2,DA,2,DA,0.21027667984189724,0.24901185770750983,0.540711462450593,2,DA,2,DA,2,DA
2025-08-22,2025,D1,Bayern Munich,RB Leipzig,0,0.7753305030814296,0.14070562284484983,0.08396387407372058,1,H,1,H,1,H,0.7780921584478578,0.135610347615198,0.0862974939369442,1,H,1,H,1,H
2025-08-22,2025,SP1,Betis,Alaves,0,0.5498591929758077,0.24406649207672523,0.20607431494746714,3,HDA,2,HD,2,HD,0.5141647343482206,0.27674160701683637,0.20909365863494306,3,HDA,2,HD,2,HD
2025-08-23,2025,I1,Genoa,Lecce,1,0.5413464469118847,0.2711387357455115,0.18751481734260372,3,HDA,2,HD,2,HD,0.5411140583554377,0.27851458885941643,0.18037135278514582,2,HD,2,HD,2,HD
2025-08-23,2025,I1,Milan,Cremonese,2,0.7405980063841192,0.14809865918535012,0.11130333443053064,1,H,1,H,1,H,0.7282229965156796,0.17212543554006965,0.09965156794425083,1,H,1,H,1,H
2025-08-23,2025,E0,Bournemouth,Wolves,0,0.4742494013496011,0.3137833335794508,0.21196726507094807,3,HDA,2,HD,2,HD,0.5257095980311732,0.25575061525840853,0.21853978671041832,3,HDA,2,HD,2,HD
2025-08-23,2025,D1,Ein Frankfurt,Werder Bremen,0,0.6164768154479022,0.24494824573551877,0.138574938816579,2,HD,2,HD,2,HD,0.619757688723206,0.1996272134203169,0.1806150978564771,2,HD,1,H,1,H
2025-08-23,2025,D1,Freiburg,Augsburg,2,0.45501918278663134,0.3104260908130719,0.2345547264002968,3,HDA,3,HDA,2,HD,0.4949762030671602,0.2626123744050767,0.2424114225277631,3,HDA,3,HDA,2,HD
2025-08-23,2025,F1,Marseille,Paris FC,0,0.7120238211759858,0.17673099699359376,0.11124518183042041,2,HD,1,H,1,H,0.6617257808364215,0.18793012175754362,0.15034409740603494,1,H,1,H,1,H
2025-08-23,2025,F1,Lyon,Metz,0,0.750130923460017,0.1494974140265057,0.10037166251347726,1,H,1,H,1,H,0.6756756756756757,0.1891891891891892,0.1351351351351351,1,H,1,H,1,H
2025-08-23,2025,F1,Nice,Auxerre,0,0.5677676881517125,0.2340985720470335,0.19813373980125398,3,HDA,2,HD,2,HD,0.5125,0.25625,0.23125,3,HDA,2,HD,2,HD
2025-08-23,2025,SP1,Ath Madrid,Elche,1,0.7142282458309738,0.16114717121619093,0.1246245829528353,2,HD,1,H,1,H,0.7389083432389887,0.16577248048318183,0.09531917627782951,1,H,1,H,1,H
2025-08-23,2025,SP1,Levante,Barcelona,2,0.13316209812703875,0.14438954210861835,0.7224483597643429,1,A,1,A,1,A,0.07885055185442971,0.14557024957740872,0.7755791985681616,1,A,1,A,1,A
2025-08-23,2025,I1,Sassuolo,Napoli,2,0.18188692087272046,0.1802371835637932,0.6378758955634863,2,DA,1,A,1,A,0.16559300196650162,0.2573404760290229,0.5770665220044756,2,DA,2,DA,2,DA
2025-08-23,2025,E0,Brentford,Aston Villa,0,0.22921527115152093,0.3097021374017637,0.4610825914467153,2,DA,2,DA,2,DA,0.2785145888594165,0.2705570291777188,0.4509283819628648,2,DA,2,DA,2,DA
2025-08-23,2025,E0,Man City,Tottenham,2,0.7302560210227966,0.15748941898345947,0.1122545599937439,2,HD,1,H,1,H,0.6048853824355069,0.21652940941686732,0.17858520814762582,2,HD,1,H,1,H
2025-08-23,2025,I1,Roma,Bologna,0,0.36600321531295776,0.29967576265335083,0.3343210220336914,3,HDA,2,DA,2,DA,0.4317656129529684,0.2968388589051658,0.2713955281418658,3,HDA,3,HDA,1,D
2025-08-23,2025,D1,Leverkusen,Hoffenheim,2,0.6208548638351986,0.20983344629158746,0.1693116898732139,2,HD,2,HD,1,H,0.5452990911681814,0.2246112923145128,0.2300896165173058,3,HDA,1,H,1,H
2025-08-23,2025,D1,Union Berlin,Stuttgart,0,0.1980774849653244,0.1713818460702896,0.630540668964386,2,DA,1,A,1,A,0.2307459524890301,0.2522822413880062,0.5169718061229637,2,DA,2,DA,2,DA
2025-08-23,2025,D1,Heidenheim,Wolfsburg,2,0.3521865904331207,0.2681032121181488,0.37971019744873047,3,HDA,2,DA,2,DA,0.33938294010889286,0.28796128251663644,0.37265577737447064,3,HDA,2,DA,2,DA
2025-08-23,2025,SP1,Mallorca,Celta,1,0.2992501169666613,0.3605413627463173,0.34020852028702137,2,DA,2,DA,2,DA,0.2885143081144649,0.2975303802430419,0.4139553116424932,2,DA,2,DA,2,DA
2025-08-23,2025,E0,Arsenal,Leeds,0,0.769668627237251,0.12600192239877697,0.10432945036397204,1,H,1,H,1,H,0.7151598592626588,0.17293865687624294,0.11190148386109831,1,H,1,H,1,H
2025-08-23,2025,E0,Burnley,Sunderland,0,0.2676831941415783,0.4000419020677747,0.332274903790647,2,DA,2,DA,2,DA,0.4050632911392405,0.2974683544303798,0.2974683544303798,3,HDA,3,HDA,2,DA
2025-08-23,2025,D1,St Pauli,Dortmund,1,0.2417746448252403,0.22099725572768963,0.5372280994470701,2,DA,2,DA,2,DA,0.230114566284779,0.2612111292962357,0.5086743044189853,2,DA,2,DA,2,DA
2025-08-24,2025,SP1,Sociedad,Espanol,1,0.5692939758300781,0.24484576284885406,0.1858602613210678,3,HDA,2,HD,2,HD,0.5153780232336698,0.2679965720815083,0.2166254046848219,3,HDA,2,HD,2,HD
2025-08-24,2025,E0,Everton,Brighton,0,0.24899617214518016,0.26475362786261913,0.48625019999220076,2,DA,2,DA,2,DA,0.3280584297017651,0.28630553864881314,0.3856360316494218,3,HDA,2,DA,2,DA
2025-08-24,2025,SP1,Oviedo,Real Madrid,2,0.19760153893230054,0.2614942452088856,0.5409042158588139,2,DA,2,DA,2,DA,0.1099991729385493,0.1869985939955339,0.7030022330659168,1,A,1,A,1,A
2025-08-24,2025,SP1,Villarreal,Girona,0,0.7103226184844971,0.16036991775035858,0.12930746376514435,2,HD,1,H,1,H,0.6344558321132261,0.2220595412396291,0.1434846266471449,2,HD,1,H,1,H
2025-08-24,2025,I1,Cagliari,Fiorentina,1,0.2517273947081746,0.2882966611296934,0.459975944162132,2,DA,2,DA,2,DA,0.31481481481481477,0.31481481481481477,0.37037037037037046,3,HDA,2,DA,2,DA
2025-08-24,2025,I1,Como,Lazio,0,0.38015190899824824,0.30895144668076774,0.310896644320984,3,HDA,2,DA,2,DA,0.41002004008016035,0.28577154308617236,0.30420841683366734,3,HDA,3,HDA,2,DA
2025-08-24,2025,E0,Crystal Palace,Nott'm Forest,1,0.3118135127965663,0.3728384784709954,0.31534800873243835,3,HDA,2,DA,2,DA,0.4030403040304031,0.2914291429142914,0.3055305530553056,3,HDA,3,HDA,2,DA
2025-08-24,2025,E0,Fulham,Man United,1,0.17660927772521973,0.2876708507537842,0.5357198715209961,2,DA,2,DA,2,DA,0.27754795035727714,0.26212861978187285,0.4603234298608499,2,DA,2,DA,2,DA
2025-08-24,2025,F1,Lille,Monaco,0,0.22568515424347724,0.3282168062828419,0.4460980394736809,2,DA,2,DA,2,DA,0.2982193064667292,0.2579194001874414,0.4438612933458294,2,DA,2,DA,2,DA
2025-08-24,2025,I1,Juventus,Parma,0,0.732842363928486,0.16192842537377997,0.10522921069773404,2,HD,1,H,1,H,0.6697674418604652,0.21134883720930234,0.11888372093023251,2,HD,1,H,1,H
2025-08-24,2025,D1,M'gladbach,Hamburg,1,0.4370211064815521,0.3046073615550995,0.2583715319633484,3,HDA,3,HDA,1,D,0.4830216088614491,0.24786635191574355,0.26911203922280735,3,HDA,3,HDA,2,HD
2025-08-24,2025,D1,Mainz,FC Koln,2,0.431230412982988,0.3574830485140369,0.21128653850297516,3,HDA,2,HD,1,D,0.4833968426782798,0.2618399564507349,0.2547632008709852,3,HDA,3,HDA,2,HD
2025-08-24,2025,F1,Toulouse,Brest,0,0.39990167618090877,0.3124015834211831,0.2876967403979081,3,HDA,3,HDA,2,DA,0.4302959501557632,0.27842679127725856,0.29127725856697817,3,HDA,3,HDA,2,DA
2025-08-24,2025,F1,Strasbourg,Nantes,0,0.4772884263224348,0.26318360786535694,0.2595279658122083,3,HDA,3,HDA,2,HD,0.5405405405405406,0.27027027027027023,0.18918918918918926,3,HDA,2,HD,2,HD
2025-08-24,2025,F1,Le Havre,Lens,2,0.11863258657802025,0.2152304234390024,0.6661369899829773,2,DA,2,DA,1,A,0.2253807106598985,0.2629441624365483,0.5116751269035533,2,DA,2,DA,2,DA
2025-08-24,2025,F1,Lorient,Rennes,0,0.2721420228481293,0.38470134139060974,0.343156635761261,2,DA,2,DA,2,DA,0.34343434343434337,0.28619528619528617,0.37037037037037035,3,HDA,2,DA,2,DA
2025-08-24,2025,SP1,Osasuna,Valencia,0,0.39562153816223145,0.2912270128726959,0.31315144896507263,3,HDA,3,HDA,2,DA,0.4322033898305085,0.28813559322033905,0.2796610169491526,3,HDA,3,HDA,2,HD
2025-08-24,2025,I1,Atalanta,Pisa,1,0.7556530349798953,0.15072456226832512,0.09362240275177959,2,HD,1,H,1,H,0.6424335602899188,0.21128925982868435,0.14627717988139682,2,HD,1,H,1,H
2025-08-25,2025,SP1,Ath Bilbao,Vallecano,0,0.5087430628759582,0.30695585331189196,0.18430108381214988,3,HDA,2,HD,2,HD,0.5571635311143271,0.27062228654124454,0.17221418234442834,2,HD,2,HD,2,HD
2025-08-25,2025,SP1,Sevilla,Getafe,2,0.4931541383266449,0.26929882168769836,0.23754703998565674,3,HDA,3,HDA,2,HD,0.47459604709542835,0.30619099812608286,0.21921295477848882,3,HDA,2,HD,2,HD
2025-08-25,2025,E0,Newcastle,Liverpool,2,0.25971100508305445,0.3315496543511645,0.40873934056578104,2,DA,2,DA,2,DA,0.32611264277274515,0.26270185112248917,0.41118550610476573,3,HDA,2,DA,2,DA
2025-08-25,2025,I1,Inter,Torino,0,0.7431795929303583,0.14396991479262328,0.11285049227701838,1,H,1,H,1,H,0.6983240223463688,0.18994413407821226,0.11173184357541895,1,H,1,H,1,H
2025-08-25,2025,I1,Udinese,Verona,1,0.5288016121268032,0.3128485633008396,0.15834982457235716,2,HD,2,HD,2,HD,0.4855025490986178,0.29585311585697016,0.21864433504441216,3,HDA,2,HD,2,HD
2025-08-27,2025,SP1,Celta,Betis,1,0.3975960612297058,0.2782003581523895,0.32420358061790466,3,HDA,3,HDA,2,DA,0.4041204437400951,0.2793185419968304,0.3165610142630745,3,HDA,3,HDA,2,DA
2025-08-29,2025,F1,Lens,Brest,0,0.46002599596977234,0.3042397201061249,0.23573428392410278,3,HDA,3,HDA,2,HD,0.49022277901846506,0.26009041886813017,0.24968680211340483,3,HDA,3,HDA,2,HD
2025-08-29,2025,D1,Hamburg,St Pauli,2,0.4012464762291227,0.36787282084850165,0.23088070292237564,3,HDA,3,HDA,1,D,0.3872529245663574,0.2964905203711174,0.3162565550625252,3,HDA,2,DA,2,DA
2025-08-29,2025,SP1,Valencia,Getafe,0,0.5403076845315788,0.2667434136049922,0.1929489018634289,3,HDA,2,HD,2,HD,0.4050632911392405,0.33052039381153303,0.26441631504922647,3,HDA,3,HDA,1,D
2025-08-29,2025,SP1,Elche,Levante,0,0.3899866226319485,0.29232569657785606,0.31768768079019544,3,HDA,2,DA,2,DA,0.4427206508371961,0.2928767382461451,0.2644026109166588,3,HDA,3,HDA,2,HD
2025-08-29,2025,I1,Lecce,Milan,2,0.11445331061840158,0.24338213011404292,0.6421645592675556,2,DA,2,DA,2,DA,0.13392160109767923,0.25336519126587964,0.6127132076364412,2,DA,2,DA,2,DA
2025-08-29,2025,I1,Cremonese,Sassuolo,0,0.2502789869987663,0.31437546951697676,0.43534554348425697,2,DA,2,DA,2,DA,0.33555370524562866,0.30308076602830974,0.36136552872606165,3,HDA,2,DA,2,DA
2025-08-30,2025,SP1,Real Madrid,Mallorca,0,0.821759421119677,0.1034124144184384,0.0748281644618846,1,H,1,H,1,H,0.8025682182985555,0.12520064205457462,0.07223113964686992,1,H,1,H,1,H
2025-08-30,2025,I1,Pisa,Roma,2,0.16654714445629284,0.31650852213774555,0.5169443334059616,2,DA,2,DA,2,DA,0.1806788511749347,0.2710182767624021,0.5483028720626633,2,DA,2,DA,2,DA
2025-08-30,2025,F1,Nantes,Auxerre,0,0.3544292747974396,0.33296704292297363,0.3126036822795868,3,HDA,2,DA,2,DA,0.37499999999999994,0.28409090909090906,0.34090909090909083,3,HDA,2,DA,2,DA
2025-08-30,2025,F1,Toulouse,Paris SG,2,0.1688755949996589,0.1314276645012994,0.6996967404990417,1,A,1,A,1,A,0.11098748261474271,0.17969401947148814,0.7093184979137692,1,A,1,A,1,A
2025-08-30,2025,D1,Augsburg,Bayern Munich,2,0.20005372762840173,0.11656457533134744,0.6833816970402508,1,A,1,A,1,A,0.10552147239263801,0.15828220858895703,0.736196319018405,1,A,1,A,1,A
2025-08-30,2025,D1,Werder Bremen,Leverkusen,1,0.17732631631713164,0.3438174920136484,0.47885619166922,2,DA,2,DA,2,DA,0.2626123744050767,0.24241142252776304,0.4949762030671602,2,DA,2,DA,2,DA
2025-08-30,2025,D1,Stuttgart,M'gladbach,0,0.6707065255352823,0.20902696719080882,0.12026650727390886,2,HD,2,HD,1,H,0.6013630896699185,0.2098089001737271,0.1888280101563544,3,HDA,1,H,1,H
2025-08-30,2025,D1,RB Leipzig,Heidenheim,0,0.643029456161182,0.24858647770126518,0.10838406613755275,2,HD,2,HD,2,HD,0.6373607140773585,0.1985881803862085,0.1640511055364331,2,HD,1,H,1,H
2025-08-30,2025,D1,Hoffenheim,Ein Frankfurt,2,0.24408671987315178,0.3442700011810661,0.4116432789457822,2,DA,2,DA,2,DA,0.3642410015649452,0.2492175273865415,0.3865414710485133,3,HDA,2,DA,2,DA
2025-08-30,2025,SP1,Girona,Sevilla,2,0.29816980372847296,0.396881556696799,0.30494863957472806,2,DA,2,DA,2,DA,0.3875,0.30625,0.30625,3,HDA,2,DA,2,DA
2025-08-30,2025,F1,Lorient,Lille,2,0.30116730030872524,0.3611146700050035,0.33771802968627124,2,DA,2,DA,2,DA,0.28526829268292686,0.27687804878048783,0.43785365853658537,2,DA,2,DA,2,DA
2025-08-30,2025,E0,Chelsea,Fulham,0,0.6302732825279236,0.19124753773212433,0.1784791797399521,3,HDA,2,HD,1,H,0.5618659104350859,0.240593864211947,0.197540225352967,3,HDA,2,HD,1,H
2025-08-30,2025,E0,Sunderland,Brentford,0,0.29574735294643134,0.24695556969742044,0.4572970773561482,2,DA,2,DA,2,DA,0.3042084168336673,0.2857715430861723,0.4100200400801603,3,HDA,2,DA,2,DA
2025-08-30,2025,I1,Parma,Atalanta,1,0.1486674972077087,0.1892534168175844,0.6620790859747069,2,DA,2,DA,1,A,0.2192875590858145,0.2532040348910871,0.5275084060230983,2,DA,2,DA,2,DA
2025-08-30,2025,SP1,Alaves,Ath Madrid,1,0.12144426820510226,0.26381238901894705,0.6147433427759507,2,DA,2,DA,2,DA,0.17221418234442834,0.27062228654124454,0.5571635311143271,2,DA,2,DA,2,DA
2025-08-30,2025,I1,Bologna,Como,0,0.28972838192368694,0.3481042786867702,0.36216733938954293,2,DA,2,DA,2,DA,0.3306780664681976,0.3072105907833578,0.3621113427484446,3,HDA,2,DA,2,DA
2025-08-30,2025,I1,Napoli,Cagliari,0,0.722033999026835,0.1550193177169358,0.12294668325622926,2,HD,1,H,1,H,0.6761868406440867,0.21862853970016652,0.10518461965574681,2,HD,1,H,1,H
2025-08-30,2025,E0,Wolves,Everton,2,0.22884149975529314,0.3195425379548944,0.45161596228981243,2,DA,2,DA,2,DA,0.27982899339292655,0.29731830547998445,0.422852701127089,2,DA,2,DA,2,DA
2025-08-30,2025,E0,Tottenham,Bournemouth,2,0.49157486830874886,0.2459255232192732,0.26249960847197795,3,HDA,3,HDA,2,HD,0.4953764861294584,0.2523117569352708,0.2523117569352708,3,HDA,3,HDA,2,HD
2025-08-30,2025,SP1,Oviedo,Sociedad,0,0.31025014458595845,0.3630569956864717,0.32669285972756984,3,HDA,2,DA,2,DA,0.2857715430861723,0.3042084168336673,0.4100200400801603,2,DA,2,DA,2,DA
2025-08-30,2025,E0,Man United,Burnley,0,0.7291376429282214,0.14097174352239034,0.12989061354938827,1,H,1,H,1,H,0.6818181818181819,0.18181818181818182,0.13636363636363633,1,H,1,H,1,H
2025-08-30,2025,E0,Leeds,Newcastle,1,0.25840696692466736,0.2614138126373291,0.48017922043800354,2,DA,2,DA,2,DA,0.2440775305096913,0.2799712849964106,0.475951184493898,2,DA,2,DA,2,DA
2025-08-31,2025,I1,Inter,Udinese,2,0.7783451138313495,0.12478617671717834,0.09686870945147208,1,H,1,H,1,H,0.7515030060120242,0.15531062124248493,0.09318637274549091,1,H,1,H,1,H
2025-08-31,2025,SP1,Vallecano,Barcelona,1,0.25214638554613633,0.16618734102882918,0.5816662734250345,2,DA,1,A,1,A,0.14070351758793964,0.18090452261306533,0.678391959798995,1,A,1,A,1,A
2025-08-31,2025,F1,Lyon,Marseille,0,0.2738936759861208,0.2904866847250854,0.4356196392887938,2,DA,2,DA,2,DA,0.3371104815864023,0.2776203966005666,0.3852691218130311,3,HDA,2,DA,2,DA
2025-08-31,2025,F1,Paris FC,Metz,0,0.5066489577293396,0.2690458595752716,0.2243051826953888,3,HDA,2,HD,2,HD,0.5503745604647607,0.238036997401009,0.2115884421342302,3,HDA,2,HD,1,H
2025-08-31,2025,F1,Monaco,Strasbourg,0,0.7029271617095595,0.1918043763666693,0.10526846192377118,2,HD,2,HD,1,H,0.6677010734089638,0.1805972427125197,0.1517016838785165,1,H,1,H,1,H
2025-08-31,2025,F1,Le Havre,Nice,0,0.22822280568216452,0.3324907471610717,0.4392864471567638,2,DA,2,DA,2,DA,0.3042084168336673,0.2857715430861723,0.4100200400801603,3,HDA,2,DA,2,DA
2025-08-31,2025,I1,Genoa,Juventus,2,0.1357633559809615,0.28916879195710454,0.5750678520619339,2,DA,2,DA,2,DA,0.1815054163373471,0.2977823236784602,0.5207122599841927,2,DA,2,DA,2,DA
2025-08-31,2025,I1,Torino,Fiorentina,1,0.23684326951439277,0.30935969487786746,0.45379703560773976,2,DA,2,DA,2,DA,0.29411764705882354,0.3137254901960785,0.39215686274509803,2,DA,2,DA,2,DA
2025-08-31,2025,D1,Wolfsburg,Mainz,1,0.3367944855453227,0.34799217140697924,0.31521334304769805,3,HDA,2,DA,2,DA,0.4374145674672915,0.2686975200156219,0.2938879125170865,3,HDA,3,HDA,3,HDA
2025-08-31,2025,E0,Nott'm Forest,West Ham,2,0.6306189988645762,0.22331169580387616,0.14606930533154763,2,HD,2,HD,2,HD,0.578368999421631,0.2342394447657605,0.1873915558126084,2,HD,2,HD,1,H
2025-08-31,2025,D1,Dortmund,Union Berlin,0,0.7114194684581419,0.18316073852152182,0.10541979302033627,2,HD,1,H,1,H,0.6621983914209116,0.19517426273458444,0.14262734584450404,1,H,1,H,1,H
2025-08-31,2025,SP1,Espanol,Osasuna,0,0.366565905008668,0.29745643123724647,0.33597766375408555,3,HDA,2,DA,2,DA,0.37037037037037046,0.31481481481481477,0.31481481481481477,3,HDA,2,DA,2,DA
2025-08-31,2025,E0,Aston Villa,Crystal Palace,2,0.4232454471813009,0.3209706449219392,0.25578390789675987,3,HDA,3,HDA,1,D,0.4407039020657995,0.2631981637337414,0.296097934200459,3,HDA,3,HDA,3,HDA
2025-08-31,2025,E0,Brighton,Man City,0,0.23061270668189665,0.2939767495695241,0.4754105437485793,2,DA,2,DA,2,DA,0.26315789473684215,0.26315789473684215,0.47368421052631576,2,DA,2,DA,2,DA
2025-08-31,2025,I1,Lazio,Verona,0,0.6623266092566173,0.22858845336033204,0.10908493738305057,2,HD,2,HD,2,HD,0.6159191408717626,0.2400505369551485,0.1440303221730891,2,HD,2,HD,1,H
2025-08-31,2025,D1,FC Koln,Freiburg,0,0.2614925283638396,0.4205062812717641,0.3180011903643963,2,DA,2,DA,2,DA,0.3635250917992655,0.2864137086903305,0.3500611995104039,3,HDA,2,DA,2,DA
2025-08-31,2025,SP1,Betis,Ath Bilbao,2,0.30571236048414474,0.2653645435192909,0.42892309599656436,3,HDA,2,DA,2,DA,0.2916584109371904,0.296215573608084,0.4121260154547256,2,DA,2,DA,2,DA
2025-08-31,2025,E0,Liverpool,Arsenal,0,0.36250911243287065,0.35131613467085765,0.28617475289627176,3,HDA,2,DA,2,DA,0.40106951871657753,0.28074866310160435,0.3181818181818182,3,HDA,3,HDA,2,DA
2025-08-31,2025,SP1,Celta,Villarreal,1,0.2514010219930993,0.3613389813101899,0.3872599966967108,2,DA,2,DA,2,DA,0.2968388589051658,0.2713955281418658,0.4317656129529684,2,DA,2,DA,2,DA
2025-08-31,2025,F1,Angers,Rennes,1,0.18330326676368713,0.24817994236946106,0.5685167908668518,2,DA,2,DA,2,DA,0.19838283564166193,0.26923384837082703,0.5323833159875111,2,DA,2,DA,2,DA
2025-09-12,2025,D1,Leverkusen,Ein Frankfurt,0,0.32095271348953247,0.3103761672973633,0.36867111921310425,3,HDA,2,DA,2,DA,0.43653432427146494,0.26070799921768045,0.30275767651085467,3,HDA,3,HDA,3,HDA
2025-09-12,2025,F1,Marseille,Lorient,0,0.5600632512578853,0.27558893375976284,0.16434781498235188,2,HD,2,HD,2,HD,0.6983240223463688,0.18994413407821226,0.11173184357541895,1,H,1,H,1,H
2025-09-12,2025,SP1,Sevilla,Elche,1,0.6077590403628635,0.20731832959299298,0.1849226300441435,3,HDA,2,HD,1,H,0.5005055611729019,0.28816986855409504,0.21132457027300305,3,HDA,2,HD,2,HD
2025-09-13,2025,SP1,Sociedad,Real Madrid,2,0.12717266570288935,0.16793117177383857,0.704896162523272,2,DA,1,A,1,A,0.1720368389470114,0.2252863367163244,0.6026768243366641,2,DA,1,A,1,A
2025-09-13,2025,E0,Bournemouth,Brighton,0,0.3408476412296295,0.33453673124313354,0.32461562752723694,3,HDA,2,DA,2,DA,0.40293767368003175,0.27054386661373564,0.32651845970623267,3,HDA,3,HDA,2,DA
2025-09-13,2025,E0,Crystal Palace,Sunderland,1,0.5127221941947937,0.27947622537612915,0.20780158042907715,3,HDA,2,HD,2,HD,0.5657627796668286,0.2624510672343343,0.171786153098837,2,HD,2,HD,2,HD
2025-09-13,2025,E0,Everton,Aston Villa,1,0.2986269206217849,0.3147597815167969,0.3866132978614182,2,DA,2,DA,2,DA,0.35270215359609913,0.30719219829337663,0.34010564811052413,3,HDA,2,DA,2,DA
2025-09-13,2025,E0,Fulham,Leeds,0,0.4638711788577544,0.3304880756430671,0.2056407454991785,3,HDA,2,HD,2,HD,0.4713493530499075,0.277264325323475,0.2513863216266174,3,HDA,3,HDA,2,HD
2025-09-13,2025,E0,Newcastle,Wolves,0,0.7653939241974641,0.1258722115438016,0.10873386425873435,1,H,1,H,1,H,0.6983240223463688,0.18994413407821226,0.11173184357541895,1,H,1,H,1,H
2025-09-13,2025,SP1,Getafe,Oviedo,0,0.42598869127068845,0.297757467694358,0.27625384103495354,3,HDA,3,HDA,1,D,0.4727021423635107,0.3282653766413269,0.1990324809951624,3,HDA,2,HD,2,HD
2025-09-13,2025,SP1,Ath Bilbao,Alaves,2,0.5325177470599933,0.333379606407273,0.13410264653273363,2,HD,2,HD,2,HD,0.5977927651747394,0.25505824647455544,0.14714898835070508,2,HD,2,HD,2,HD
2025-09-13,2025,SP1,Ath Madrid,Villarreal,0,0.510112673646967,0.30567737255557614,0.18420995379745686,3,HDA,2,HD,2,HD,0.5389221556886228,0.251497005988024,0.2095808383233533,3,HDA,2,HD,2,HD
2025-09-13,2025,I1,Cagliari,Parma,0,0.4447206126236733,0.30323829343204817,0.25204109394427854,3,HDA,3,HDA,1,D,0.42767047694126925,0.30350808040993305,0.26882144264879776,3,HDA,3,HDA,1,D
2025-09-13,2025,E0,West Ham,Tottenham,2,0.3358701665440152,0.30850868497763023,0.3556211484783546,3,HDA,2,DA,2,DA,0.30350808040993305,0.26882144264879776,0.4276704769412693,3,HDA,2,DA,2,DA
2025-09-13,2025,I1,Juventus,Inter,0,0.38250358052562416,0.3109522554562168,0.30654416401815904,3,HDA,2,DA,2,DA,0.34461538461538466,0.32307692307692304,0.33230769230769236,3,HDA,2,DA,2,DA
2025-09-13,2025,E0,Arsenal,Nott'm Forest,0,0.7500661443904159,0.15627757855629373,0.09365627705329037,2,HD,1,H,1,H,0.675035528185694,0.19895783988630975,0.12600663192799622,2,HD,1,H,1,H
2025-09-13,2025,F1,Auxerre,Monaco,2,0.15362052044990782,0.21612922645385424,0.630250253096238,2,DA,2,DA,1,A,0.1888280101563544,0.2098089001737271,0.6013630896699185,2,DA,1,A,1,A
2025-09-13,2025,I1,Fiorentina,Napoli,2,0.1428884012367845,0.35804991001039477,0.49906168875282075,2,DA,2,DA,2,DA,0.21864433504441214,0.29585311585697016,0.48550254909861773,2,DA,2,DA,2,DA
2025-09-13,2025,D1,Heidenheim,Dortmund,2,0.1725151014693781,0.2093533481946581,0.6181315503359638,2,DA,2,DA,1,A,0.1888280101563544,0.2098089001737271,0.6013630896699185,2,DA,1,A,1,A
2025-09-13,2025,D1,Mainz,RB Leipzig,2,0.3554274035862862,0.27770244247608056,0.3668701539376332,3,HDA,2,DA,2,DA,0.4068833652007648,0.2516252390057361,0.3414913957934991,3,HDA,3,HDA,2,DA
2025-09-13,2025,D1,Union Berlin,Hoffenheim,2,0.3078861030306251,0.3167986368178915,0.3753152601514834,3,HDA,2,DA,2,DA,0.3308443879577409,0.2802446580347923,0.3889109540074668,3,HDA,2,DA,2,DA
2025-09-13,2025,D1,Freiburg,Stuttgart,0,0.27554721461377185,0.30075980129122143,0.4236929840950067,2,DA,2,DA,2,DA,0.363447559709242,0.27310488058151605,0.363447559709242,3,HDA,2,DA,2,DA
2025-09-13,2025,F1,Nice,Nantes,0,0.6697545001674108,0.2271534634593616,0.10309203637322756,2,HD,2,HD,2,HD,0.621470932916652,0.2263929827053517,0.1521360843779964,2,HD,2,HD,1,H
2025-09-13,2025,D1,Bayern Munich,Hamburg,0,0.805681353426485,0.11655020677334174,0.07776843980017335,1,H,1,H,1,H,0.8815075055892687,0.07786649632705202,0.04062599808367931,1,H,1,H,1,H
2025-09-13,2025,E0,Brentford,Chelsea,1,0.32007228255702747,0.2743215724421485,0.40560614500082404,3,HDA,2,DA,2,DA,0.2264963612060003,0.2536759245507203,0.5198277142432793,2,DA,2,DA,2,DA
2025-09-13,2025,D1,Wolfsburg,FC Koln,1,0.5064429791701728,0.26086089792433076,0.23269612290549643,3,HDA,3,HDA,2,HD,0.49022277901846506,0.26009041886813017,0.24968680211340483,3,HDA,3,HDA,2,HD
2025-09-14,2025,I1,Roma,Torino,2,0.6687537629155061,0.1873110570126142,0.1439351800718796,2,HD,2,HD,1,H,0.6216758421199963,0.2319912288886815,0.1463329289913222,2,HD,2,HD,1,H
2025-09-14,2025,I1,Pisa,Udinese,2,0.3749268166699057,0.2762728713832161,0.3488003119468782,3,HDA,2,DA,2,DA,0.33039647577092507,0.31718061674008813,0.35242290748898675,3,HDA,2,DA,2,DA
2025-09-14,2025,I1,Milan,Bologna,0,0.5354396184599343,0.23923771439846925,0.2253226671415965,3,HDA,3,HDA,2,HD,0.5403377110694183,0.2626641651031895,0.1969981238273921,3,HDA,2,HD,2,HD
2025-09-14,2025,D1,M'gladbach,Werder Bremen,2,0.42988197296506087,0.3363187711333862,0.2337992559015529,3,HDA,3,HDA,1,D,0.4467353951890034,0.2405498281786942,0.3127147766323024,3,HDA,3,HDA,2,HA
2025-09-14,2025,SP1,Celta,Girona,1,0.6354077553064786,0.19562490575946728,0.16896733893405405,2,HD,2,HD,1,H,0.5594817432273262,0.2502944640753828,0.1902237926972909,3,HDA,2,HD,2,HD
2025-09-14,2025,SP1,Levante,Betis,1,0.18054117531390748,0.30493769504037044,0.514521129645722,2,DA,2,DA,2,DA,0.25287143386439415,0.26732123008521674,0.4798073360503891,2,DA,2,DA,2,DA
2025-09-14,2025,SP1,Osasuna,Vallecano,0,0.3578481780841404,0.26591200428938877,0.37623981762647085,3,HDA,2,DA,2,DA,0.33720930232558133,0.32558139534883723,0.33720930232558133,3,HDA,2,DA,2,DA
2025-09-14,2025,SP1,Barcelona,Valencia,0,0.746255537690306,0.14535687105731593,0.10838759125237808,1,H,1,H,1,H,0.6942607775720708,0.1798466014281936,0.1258926209997355,1,H,1,H,1,H
2025-09-14,2025,I1,Atalanta,Lecce,0,0.7477390710432896,0.15569603327143167,0.09656489568527865,2,HD,1,H,1,H,0.6775907883082375,0.21080602302922932,0.11160318866253321,2,HD,1,H,1,H
2025-09-14,2025,E0,Burnley,Liverpool,2,0.09646429552723298,0.15865088218379983,0.7448848222889671,2,DA,1,A,1,A,0.1053930207966161,0.1649629890729644,0.7296439901304195,1,A,1,A,1,A
2025-09-14,2025,D1,St Pauli,Augsburg,0,0.4154830574989319,0.2881429195404053,0.29637402296066284,3,HDA,3,HDA,2,DA,0.44715447154471544,0.26829268292682934,0.28455284552845533,3,HDA,3,HDA,2,HD
2025-09-14,2025,F1,Rennes,Lyon,0,0.32677469631358075,0.3614037442625685,0.31182155942385076,3,HDA,2,DA,2,DA,0.37265577737447064,0.28796128251663644,0.33938294010889286,3,HDA,2,DA,2,DA
2025-09-14,2025,F1,Strasbourg,Le Havre,0,0.4794139110867355,0.2891347494463548,0.23145133946690974,3,HDA,3,HDA,2,HD,0.5180518051805182,0.25622562256225623,0.22572257225722572,3,HDA,2,HD,2,HD
2025-09-14,2025,F1,Paris SG,Lens,0,0.7034452872028331,0.1955530283847315,0.1010016844124355,2,HD,2,HD,1,H,0.6936936936936937,0.1715315315315315,0.1347747747747747,1,H,1,H,1,H
2025-09-14,2025,F1,Metz,Angers,1,0.327801843649094,0.3328670164088304,0.3393311399420756,3,HDA,2,DA,2,DA,0.422852701127089,0.27982899339292655,0.29731830547998445,3,HDA,3,HDA,2,DA
2025-09-14,2025,F1,Brest,Paris FC,2,0.28370446812225786,0.2773665868451174,0.43892894503262475,2,DA,2,DA,2,DA,0.3590576766856215,0.2777416734362307,0.3632006498781478,3,HDA,2,DA,2,DA
2025-09-14,2025,F1,Lille,Toulouse,0,0.530984683901528,0.29114743199505116,0.17786788410342086,3,HDA,2,HD,2,HD,0.5153374233128835,0.25766871165644173,0.22699386503067487,3,HDA,2,HD,2,HD
2025-09-14,2025,E0,Man City,Man United,0,0.6320557594299316,0.23599830269813538,0.13194593787193298,2,HD,2,HD,2,HD,0.579116955499434,0.2233736828354959,0.1975093616650701,3,HDA,1,H,1,H
2025-09-14,2025,I1,Sassuolo,Lazio,0,0.176570397964561,0.2637403866091313,0.5596892154263077,2,DA,2,DA,2,DA,0.2249303621169916,0.2778551532033426,0.4972144846796657,2,DA,2,DA,2,DA
2025-09-15,2025,I1,Como,Genoa,1,0.5379414718729696,0.281143018041343,0.18091551008568735,3,HDA,2,HD,2,HD,0.5571635311143271,0.27062228654124454,0.17221418234442834,2,HD,2,HD,2,HD
2025-09-15,2025,I1,Verona,Cremonese,1,0.3941600024700165,0.35977229475975037,0.24606770277023315,3,HDA,2,DA,1,D,0.36585365853658536,0.3170731707317073,0.3170731707317073,3,HDA,2,DA,2,DA
2025-09-15,2025,SP1,Espanol,Mallorca,0,0.34529778361320496,0.35788652300834656,0.2968156933784485,3,HDA,2,DA,2,DA,0.4221789883268483,0.3064202334630351,0.2714007782101167,3,HDA,3,HDA,1,D
2025-09-19,2025,F1,Lyon,Angers,0,0.757706733133393,0.15003704465787693,0.09225622220873005,1,H,1,H,1,H,0.6424335602899188,0.21128925982868435,0.14627717988139682,2,HD,1,H,1,H
2025-09-19,2025,SP1,Betis,Sociedad,0,0.370255034275503,0.355468909605411,0.274276056119086,3,HDA,2,DA,1,D,0.48611111111111116,0.27083333333333337,0.24305555555555552,3,HDA,3,HDA,2,HD
2025-09-19,2025,D1,Stuttgart,St Pauli,0,0.5701300416867429,0.2380742693234344,0.19179568898982274,3,HDA,2,HD,2,HD,0.5231388329979879,0.2414486921529175,0.2354124748490945,3,HDA,3,HDA,2,HD
2025-09-19,2025,I1,Lecce,Cagliari,2,0.41067693169850517,0.29045356568970887,0.29886950261178596,3,HDA,3,HDA,2,DA,0.3364485981308411,0.3271028037383177,0.3364485981308411,3,HDA,2,DA,2,DA
2025-09-20,2025,D1,RB Leipzig,FC Koln,0,0.39324610253435066,0.3535084917095753,0.253245405756074,3,HDA,2,DA,1,D,0.5046257359125316,0.23969722455845244,0.25567703952901605,3,HDA,3,HDA,1,H
2025-09-20,2025,F1,Nantes,Rennes,1,0.18932693552942287,0.2570737417224232,0.5535993227481539,2,DA,2,DA,2,DA,0.2315873345804753,0.2712880205085567,0.4971246449109679,2,DA,2,DA,2,DA
2025-09-20,2025,F1,Brest,Nice,0,0.25746979542166604,0.3590245437912779,0.38350566078705606,2,DA,2,DA,2,DA,0.31870669745958424,0.26558891454965355,0.4157043879907622,3,HDA,2,DA,2,DA
2025-09-20,2025,F1,Lens,Lille,0,0.39348186869973334,0.312038293122104,0.29447983817816265,3,HDA,2,DA,2,DA,0.4317656129529684,0.2713955281418658,0.2968388589051658,3,HDA,3,HDA,2,DA
2025-09-20,2025,SP1,Valencia,Ath Bilbao,0,0.28387975692749023,0.307881236076355,0.4082390069961548,2,DA,2,DA,2,DA,0.27140077821011677,0.30642023346303504,0.42217898832684825,2,DA,2,DA,2,DA
2025-09-20,2025,SP1,Villarreal,Osasuna,0,0.44458888636264543,0.29846592848104453,0.25694518515631004,3,HDA,3,HDA,1,D,0.5557224391709222,0.2553319315109642,0.1889456293181135,3,HDA,2,HD,2,HD
2025-09-20,2025,SP1,Alaves,Sevilla,2,0.47636686335900835,0.2548137231226646,0.26881941351832706,3,HDA,3,HDA,2,HD,0.3997567403202919,0.323940806811271,0.2763024528684371,3,HDA,3,HDA,1,D
2025-09-20,2025,D1,Werder Bremen,Freiburg,2,0.2967201559758233,0.3855413909417805,0.3177384530823962,2,DA,2,DA,2,DA,0.4050632911392405,0.26441631504922647,0.33052039381153303,3,HDA,3,HDA,2,DA
2025-09-20,2025,E0,Fulham,Brentford,0,0.4852102769197565,0.2673872749118101,0.24740244816843343,3,HDA,3,HDA,2,HD,0.4485336400230017,0.2898217366302473,0.261644623346751,3,HDA,3,HDA,2,HD
2025-09-20,2025,E0,Man United,Chelsea,0,0.43052002787590027,0.2897869944572449,0.27969297766685486,3,HDA,3,HDA,1,D,0.37037037037037035,0.25185185185185177,0.3777777777777778,3,HDA,2,DA,2,DA
2025-09-20,2025,E0,Wolves,Leeds,2,0.28686479588940134,0.2747159682129612,0.4384192358976375,2,DA,2,DA,2,DA,0.30625,0.30625,0.3875,3,HDA,2,DA,2,DA
2025-09-20,2025,SP1,Real Madrid,Espanol,0,0.7925167260881527,0.1422826977584369,0.06520057615341043,1,H,1,H,1,H,0.8017715332926086,0.13515577275503962,0.06307269395235181,1,H,1,H,1,H
2025-09-20,2025,E0,Burnley,Nott'm Forest,1,0.37581862139161293,0.30835045302958647,0.3158309255788006,3,HDA,2,DA,2,DA,0.2711119602598396,0.28754298815437523,0.44134505158578524,2,DA,2,DA,2,DA
2025-09-20,2025,E0,West Ham,Crystal Palace,2,0.3046311049273281,0.28033735512681734,0.41503153994585457,3,HDA,2,DA,2,DA,0.30642023346303504,0.27140077821011677,0.42217898832684825,3,HDA,2,DA,2,DA
2025-09-20,2025,D1,Hoffenheim,Bayern Munich,2,0.1393852126415137,0.11181651389052015,0.7487982734679661,1,A,1,A,1,A,0.1258926209997355,0.1798466014281936,0.6942607775720709,1,A,1,A,1,A
2025-09-20,2025,D1,Hamburg,Heidenheim,0,0.4335000177323829,0.30792756723925874,0.2585724150283584,3,HDA,3,HDA,1,D,0.5441860465116279,0.2441860465116279,0.2116279069767442,3,HDA,2,HD,2,HD
2025-09-20,2025,D1,Augsburg,Mainz,2,0.2941379722439034,0.30809443045225327,0.3977675973038433,2,DA,2,DA,2,DA,0.363447559709242,0.27310488058151605,0.363447559709242,3,HDA,2,DA,2,DA
2025-09-20,2025,I1,Verona,Juventus,1,0.17314583779219517,0.2579668943002718,0.568887267907533,2,DA,2,DA,2,DA,0.135684562384883,0.243536394024149,0.620779043590968,2,DA,2,DA,2,DA
2025-09-20,2025,I1,Bologna,Genoa,0,0.41434885199298627,0.3639586405176532,0.22169250748936054,3,HDA,2,HD,1,D,0.440350550065262,0.32873391758344206,0.23091553235129594,3,HDA,2,HD,2,HD
2025-09-20,2025,SP1,Girona,Levante,2,0.45456515794538666,0.32215325484364876,0.22328158721096458,3,HDA,2,HD,2,HD,0.5180518051805182,0.25622562256225623,0.22572257225722572,3,HDA,2,HD,2,HD
2025-09-20,2025,E0,Liverpool,Everton,0,0.7024704709280957,0.19489471323945057,0.10263481583245374,2,HD,2,HD,1,H,0.6303499679729809,0.2183660397135037,0.1512839923135154,2,HD,1,H,1,H
2025-09-20,2025,E0,Brighton,Tottenham,1,0.49125492572784424,0.2888416051864624,0.21990346908569336,3,HDA,2,HD,2,HD,0.4505119453924914,0.2627986348122867,0.2866894197952219,3,HDA,3,HDA,2,HD
2025-09-20,2025,I1,Udinese,Milan,2,0.18614277520988545,0.1531040840313447,0.6607531407587698,2,DA,1,A,1,A,0.1830728638116501,0.2344225695149178,0.5825045666734322,2,DA,2,DA,1,A
2025-09-21,2025,F1,Auxerre,Toulouse,0,0.1771431267261505,0.2612309753894806,0.5616258978843689,2,DA,2,DA,2,DA,0.2796610169491525,0.288135593220339,0.4322033898305084,2,DA,2,DA,2,DA
2025-09-21,2025,I1,Torino,Atalanta,2,0.20345919137387264,0.3054322645877639,0.49110854403836346,2,DA,2,DA,2,DA,0.22662889518413595,0.29745042492917845,0.4759206798866856,2,DA,2,DA,2,DA
2025-09-21,2025,D1,Dortmund,Wolfsburg,0,0.6421284484228954,0.23611373495716648,0.12175781661993812,2,HD,2,HD,2,HD,0.6129597197898424,0.2084063047285464,0.1786339754816112,2,HD,1,H,1,H
2025-09-21,2025,I1,Cremonese,Parma,1,0.25035534055099906,0.29934529362157863,0.4502993658274223,2,DA,2,DA,2,DA,0.31549771029163654,0.28681610026512416,0.39768618944323936,3,HDA,2,DA,2,DA
2025-09-21,2025,I1,Fiorentina,Como,2,0.3764641582965851,0.28314274549484253,0.3403930962085724,3,HDA,2,DA,2,DA,0.3592851147460438,0.2907445697791062,0.34997031547485,3,HDA,2,DA,2,DA
2025-09-21,2025,F1,Monaco,Metz,0,0.711497166410173,0.16276025287031373,0.12574258071951327,2,HD,1,H,1,H,0.7251483679525222,0.163946587537092,0.1109050445103857,1,H,1,H,1,H
2025-09-21,2025,D1,Ein Frankfurt,Union Berlin,2,0.6321547250655457,0.20353269853993067,0.1643125763945236,2,HD,2,HD,1,H,0.579116955499434,0.2233736828354959,0.1975093616650701,3,HDA,1,H,1,H
2025-09-21,2025,F1,Le Havre,Lorient,1,0.30922328504254565,0.42204691701987634,0.268729797937578,3,HDA,2,DA,1,D,0.47291361639824303,0.2781844802342607,0.24890190336749632,3,HDA,3,HDA,2,HD
2025-09-21,2025,F1,Paris FC,Strasbourg,2,0.43953585624694824,0.29813331365585327,0.2623308300971985,3,HDA,3,HDA,1,D,0.4041204437400951,0.2793185419968304,0.3165610142630745,3,HDA,3,HDA,2,DA
2025-09-21,2025,I1,Inter,Sassuolo,0,0.7518960069441197,0.13779893209489585,0.11030506096098436,1,H,1,H,1,H,0.7333822254816988,0.17201146743116202,0.09460630708713912,1,H,1,H,1,H
2025-09-21,2025,E0,Sunderland,Aston Villa,1,0.3496812090182665,0.2896776285671481,0.36064116241458544,3,HDA,2,DA,2,DA,0.24682124158563945,0.28421839940164545,0.4689603590127151,2,DA,2,DA,2,DA
2025-09-21,2025,E0,Arsenal,Man City,1,0.48472599730712185,0.2953033061235158,0.21997069656936238,3,HDA,2,HD,2,HD,0.4736842105263158,0.26315789473684215,0.26315789473684215,3,HDA,3,HDA,2,HD
2025-09-21,2025,D1,Leverkusen,M'gladbach,1,0.6324542164802551,0.20128610730171204,0.16625967621803284,2,HD,2,HD,1,H,0.6355932203389831,0.211864406779661,0.1525423728813559,2,HD,1,H,1,H
2025-09-21,2025,I1,Lazio,Roma,2,0.40234804153442383,0.2822153866291046,0.31543657183647156,3,HDA,3,HDA,2,DA,0.344454984121747,0.3266383470120015,0.3289066688662515,3,HDA,2,DA,2,DA
2025-09-21,2025,E0,Bournemouth,Newcastle,1,0.3081932778243257,0.32089139098576364,0.3709153311899107,3,HDA,2,DA,2,DA,0.3783122706889524,0.29555646147574394,0.32613126783530366,3,HDA,2,DA,2,DA
2025-09-21,2025,SP1,Barcelona,Getafe,0,0.7426404633611613,0.14558433538616952,0.11177520125266914,1,H,1,H,1,H,0.7564469914040116,0.15759312320916902,0.08595988538681941,1,H,1,H,1,H
2025-09-21,2025,SP1,Elche,Oviedo,0,0.4385226732272308,0.31927690385694657,0.2422004229158226,3,HDA,3,HDA,1,D,0.471947194719472,0.286028602860286,0.242024202420242,3,HDA,3,HDA,2,HD
2025-09-21,2025,SP1,Mallorca,Ath Madrid,1,0.22061773805889878,0.2306042726247866,0.5487779893163146,2,DA,2,DA,2,DA,0.1986598344501379,0.2621206148994876,0.5392195506503745,2,DA,2,DA,2,DA
2025-09-21,2025,SP1,Vallecano,Celta,1,0.4180111836201658,0.2519962341783186,0.32999258220151556,3,HDA,3,HDA,2,DA,0.48611111111111116,0.27083333333333337,0.24305555555555552,3,HDA,3,HDA,2,HD
2025-09-22,2025,I1,Napoli,Pisa,0,0.7097078177245801,0.1580561595575857,0.1322360227178342,2,HD,1,H,1,H,0.7258900795022468,0.17974421016246112,0.09436571033529202,1,H,1,H,1,H
2025-09-22,2025,F1,Marseille,Paris SG,0,0.2333785638192938,0.346674337386742,0.41994709879396414,2,DA,2,DA,2,DA,0.2372595342558218,0.249746878164023,0.5129935875801553,2,DA,2,DA,2,DA
2025-09-23,2025,SP1,Espanol,Valencia,1,0.31785952097596165,0.3244094155904825,0.3577310634335559,3,HDA,2,DA,2,DA,0.39616613418530355,0.30670926517571884,0.29712460063897767,3,HDA,3,HDA,2,DA
2025-09-23,2025,SP1,Ath Bilbao,Girona,1,0.7392293480383151,0.1426900561441456,0.11808059581753928,1,H,1,H,1,H,0.6371481479804588,0.2177781198639905,0.1450737321555506,2,HD,1,H,1,H
2025-09-23,2025,SP1,Levante,Real Madrid,2,0.12602865320358714,0.16287579647076736,0.7110955503256455,2,DA,1,A,1,A,0.1053930207966161,0.1649629890729644,0.7296439901304195,1,A,1,A,1,A
2025-09-23,2025,SP1,Sevilla,Villarreal,2,0.24944531917572021,0.2840212881565094,0.4665333926677704,2,DA,2,DA,2,DA,0.288135593220339,0.2796610169491525,0.4322033898305084,2,DA,2,DA,2,DA
2025-09-24,2025,SP1,Sociedad,Mallorca,0,0.5335241715170196,0.2456630690593442,0.22081275942363618,3,HDA,2,HD,2,HD,0.5405405405405406,0.27027027027027023,0.18918918918918926,3,HDA,2,HD,2,HD
2025-09-24,2025,SP1,Ath Madrid,Vallecano,0,0.7457555906249407,0.16772143042917756,0.08652297894588176,2,HD,1,H,1,H,0.6611292637493511,0.21986746877576577,0.11900326747488313,2,HD,1,H,1,H
2025-09-24,2025,SP1,Getafe,Alaves,1,0.5116263551767714,0.28935130999458863,0.19902233482864,3,HDA,2,HD,2,HD,0.4613905799423263,0.3284203780839475,0.21018904197372637,3,HDA,2,HD,2,HD
2025-09-25,2025,SP1,Osasuna,Elche,1,0.5903802690023264,0.2519397810679609,0.1576799499297127,2,HD,2,HD,2,HD,0.5133140840551813,0.29675970484440173,0.18992621110041705,3,HDA,2,HD,2,HD
2025-09-25,2025,SP1,Oviedo,Barcelona,2,0.11745208326798554,0.1523285038422271,0.7302194128897873,2,DA,1,A,1,A,0.07304347826086952,0.13565217391304343,0.7913043478260872,1,A,1,A,1,A
2025-09-26,2025,SP1,Girona,Espanol,1,0.27082567041073263,0.32915194804382014,0.4000223815454472,2,DA,2,DA,2,DA,0.36874677668901495,0.28932439401753485,0.34192882929345025,3,HDA,2,DA,2,DA
2025-09-26,2025,D1,Bayern Munich,Werder Bremen,0,0.7756269285221797,0.13747849548315647,0.08689457599466384,1,H,1,H,1,H,0.8688129983451182,0.08609146983601622,0.04509553181886561,1,H,1,H,1,H
2025-09-26,2025,F1,Strasbourg,Marseille,2,0.27761762506909293,0.28836034869073784,0.4340220262401692,2,DA,2,DA,2,DA,0.2968388589051658,0.2713955281418658,0.4317656129529684,2,DA,2,DA,2,DA
2025-09-27,2025,I1,Como,Cremonese,1,0.6865057604948342,0.20585600308537494,0.10763823641979085,2,HD,2,HD,1,H,0.6559254456657417,0.21813686876643593,0.12593768556782242,2,HD,1,H,1,H
2025-09-27,2025,E0,Brentford,Man United,0,0.4128650899867687,0.23305871388141172,0.3540761961318196,3,HDA,3,HDA,2,DA,0.296108291032149,0.25267907501410036,0.4512126339537507,2,DA,2,DA,2,DA
2025-09-27,2025,I1,Juventus,Atalanta,1,0.49598388361882817,0.27990064859094166,0.22411546779023014,3,HDA,2,HD,2,HD,0.500595055935258,0.27974429596382067,0.21966064810092145,3,HDA,2,HD,2,HD
2025-09-27,2025,I1,Cagliari,Inter,2,0.13890141041723772,0.16889364765742945,0.6922049419253328,2,DA,1,A,1,A,0.13520097442143722,0.22533495736906212,0.6394640682095007,2,DA,2,DA,1,A
2025-09-27,2025,E0,Man City,Burnley,0,0.7324097916277451,0.15215768260116166,0.1154325257710932,2,HD,1,H,1,H,0.8103727714748785,0.126418152350081,0.0632090761750405,1,H,1,H,1,H
2025-09-27,2025,E0,Nott'm Forest,Sunderland,2,0.6139277402737063,0.242372758459233,0.1436995012670607,2,HD,2,HD,2,HD,0.5467625899280576,0.2517985611510791,0.2014388489208633,3,HDA,2,HD,2,HD
2025-09-27,2025,D1,M'gladbach,Ein Frankfurt,2,0.28002281308038157,0.30347789505255846,0.41649929186706,2,DA,2,DA,2,DA,0.3157894736842105,0.2631578947368421,0.4210526315789473,3,HDA,2,DA,2,DA
2025-09-27,2025,E0,Leeds,Bournemouth,1,0.40889952805338886,0.2757432840986038,0.3153571878480073,3,HDA,3,HDA,2,DA,0.3162565550625252,0.2964905203711174,0.3872529245663574,3,HDA,2,DA,2,DA
2025-09-27,2025,E0,Crystal Palace,Liverpool,0,0.1850910308198477,0.2525218687575777,0.5623871004225746,2,DA,2,DA,2,DA,0.2253807106598985,0.2629441624365483,0.5116751269035533,2,DA,2,DA,2,DA
2025-09-27,2025,E0,Tottenham,Wolves,1,0.6765042190586811,0.20077011432207525,0.12272566661924372,2,HD,2,HD,1,H,0.6297577854671281,0.2249134948096886,0.1453287197231834,2,HD,1,H,1,H
2025-09-27,2025,D1,Wolfsburg,RB Leipzig,2,0.2911843955516815,0.3664231300354004,0.3423924744129181,2,DA,2,DA,2,DA,0.35938186319530413,0.26254841672323603,0.37806972008145995,3,HDA,2,DA,2,DA
2025-09-27,2025,F1,Paris SG,Auxerre,0,0.7765015595108735,0.11327383259754874,0.11022460789157772,1,H,1,H,1,H,0.791304347826087,0.13565217391304343,0.07304347826086952,1,H,1,H,1,H
2025-09-27,2025,D1,Mainz,Dortmund,2,0.22237862315209772,0.3215058994068816,0.45611547744102066,2,DA,2,DA,2,DA,0.2781844802342606,0.2489019033674963,0.472913616398243,2,DA,2,DA,2,DA
2025-09-27,2025,D1,St Pauli,Leverkusen,2,0.3131340742111206,0.2750462293624878,0.4118196964263916,3,HDA,2,DA,2,DA,0.3181818181818182,0.28074866310160435,0.40106951871657753,3,HDA,2,DA,2,DA
2025-09-27,2025,SP1,Ath Madrid,Real Madrid,0,0.2699035784573429,0.3613093305024305,0.36878709104022656,2,DA,2,DA,2,DA,0.30642023346303504,0.27140077821011677,0.42217898832684825,3,HDA,2,DA,2,DA
2025-09-27,2025,SP1,Mallorca,Alaves,0,0.427524907217172,0.30474118306461523,0.26773390971821276,3,HDA,3,HDA,1,D,0.3841205083947906,0.33343794131492227,0.28244155029028717,3,HDA,2,DA,1,D
2025-09-27,2025,F1,Toulouse,Nantes,1,0.5515224255394574,0.25825824948760495,0.19021932497293764,3,HDA,2,HD,2,HD,0.556783031374282,0.2629253203711887,0.1802916482545293,2,HD,2,HD,2,HD
2025-09-27,2025,SP1,Getafe,Levante,1,0.43186788463986264,0.30186962181718285,0.2662624935429545,3,HDA,3,HDA,1,D,0.4467353951890034,0.3127147766323024,0.2405498281786942,3,HDA,3,HDA,2,HD
2025-09-27,2025,SP1,Villarreal,Ath Bilbao,0,0.47000110149383545,0.26797252893447876,0.2620263695716858,3,HDA,3,HDA,2,HD,0.4628160177154457,0.28750692009595863,0.24967706218859564,3,HDA,3,HDA,2,HD
2025-09-27,2025,E0,Chelsea,Brighton,2,0.41434633114417896,0.3473865338059286,0.23826713504989244,3,HDA,3,HDA,1,D,0.4751131221719458,0.2533936651583711,0.2714932126696833,3,HDA,3,HDA,2,HD
2025-09-27,2025,D1,Heidenheim,Augsburg,0,0.2310507343239754,0.3381206540113395,0.4308286116646851,2,DA,2,DA,2,DA,0.32651845970623267,0.27054386661373564,0.4029376736800318,3,HDA,2,DA,2,DA
2025-09-27,2025,F1,Lorient,Monaco,0,0.2626886446085168,0.33949382124822797,0.39781753414325516,2,DA,2,DA,2,DA,0.24896952615818216,0.25569843227056543,0.4953320415712525,2,DA,2,DA,2,DA
2025-09-28,2025,D1,Freiburg,Hoffenheim,1,0.4381511080816058,0.2349118520345732,0.326937039883821,3,HDA,3,HDA,2,DA,0.4134954884268341,0.2797175362887407,0.3067869752844253,3,HDA,3,HDA,2,DA
2025-09-28,2025,E0,Newcastle,Arsenal,2,0.3124769190336651,0.23509893260453943,0.45242414836179545,3,HDA,2,DA,2,DA,0.27687804878048783,0.28526829268292686,0.43785365853658537,2,DA,2,DA,2,DA
2025-09-28,2025,F1,Metz,Le Havre,1,0.33329485853627744,0.3558278573802752,0.31087728408344734,3,HDA,2,DA,2,DA,0.3710121292426868,0.2911018244827235,0.3378860462745897,3,HDA,2,DA,2,DA
2025-09-28,2025,SP1,Elche,Celta,0,0.3305632472038269,0.3197820782661438,0.3496546745300293,3,HDA,2,DA,2,DA,0.33248081841432225,0.29923273657289007,0.36828644501278773,3,HDA,2,DA,2,DA
2025-09-28,2025,SP1,Barcelona,Sociedad,0,0.6590957143768029,0.21599650704855483,0.12490777857464222,2,HD,2,HD,1,H,0.6997667444185273,0.1812729090303232,0.1189603465511496,1,H,1,H,1,H
2025-09-28,2025,SP1,Betis,Osasuna,0,0.4903334975242615,0.2729407548904419,0.23672574758529663,3,HDA,3,HDA,2,HD,0.5078597339782347,0.26844014510278114,0.22370012091898425,3,HDA,2,HD,2,HD
2025-09-28,2025,D1,FC Koln,Stuttgart,2,0.35198962688446045,0.26737189292907715,0.3806384801864624,3,HDA,2,DA,2,DA,0.3807716387541087,0.2572781342933166,0.3619502269525748,3,HDA,2,DA,2,DA
2025-09-28,2025,F1,Rennes,Lens,1,0.35842983846575505,0.31096147564168347,0.3306086858925615,3,HDA,2,DA,2,DA,0.3593501499808749,0.2700259698427717,0.3706238801763534,3,HDA,2,DA,2,DA
2025-09-28,2025,D1,Union Berlin,Hamburg,1,0.4426651631197236,0.2968467893095738,0.2604880475707026,3,HDA,3,HDA,1,D,0.4866595517609392,0.263607257203842,0.2497331910352187,3,HDA,3,HDA,2,HD
2025-09-28,2025,I1,Roma,Verona,0,0.7536463512883678,0.13494595483106508,0.11140769388056714,1,H,1,H,1,H,0.6720287764529737,0.21728413095477203,0.11068709259225441,2,HD,1,H,1,H
2025-09-28,2025,I1,Milan,Napoli,0,0.5069564580917358,0.2838669419288635,0.20917659997940063,3,HDA,2,HD,2,HD,0.5112936691351361,0.27025522511428623,0.21845110575057772,3,HDA,2,HD,2,HD
2025-09-28,2025,I1,Lecce,Bologna,1,0.1456357582102942,0.24936342982540816,0.6050008119642977,2,DA,2,DA,2,DA,0.15865384615384612,0.264423076923077,0.576923076923077,2,DA,2,DA,2,DA
2025-09-28,2025,F1,Lille,Lyon,2,0.3923800172692532,0.34076504883870334,0.2668549338920434,3,HDA,2,DA,1,D,0.4192972007147111,0.2858844550327576,0.2948183442525313,3,HDA,3,HDA,2,DA
2025-09-28,2025,I1,Pisa,Fiorentina,1,0.19563980692088317,0.3130804644984076,0.49127972858070923,2,DA,2,DA,2,DA,0.2734243501028614,0.2814662427529456,0.445109407144193,2,DA,2,DA,2,DA
2025-09-28,2025,I1,Sassuolo,Udinese,0,0.41779726253731625,0.29365037641825537,0.2885523610444284,3,HDA,3,HDA,2,DA,0.4048278591214879,0.3068856351404828,0.2882865057380293,3,HDA,3,HDA,2,DA
2025-09-28,2025,SP1,Vallecano,Sevilla,2,0.5270106196403503,0.2656177282333374,0.20737165212631226,3,HDA,2,HD,2,HD,0.4748201438848921,0.2877697841726619,0.237410071942446,3,HDA,3,HDA,2,HD
2025-09-28,2025,E0,Aston Villa,Fulham,0,0.5016221032271729,0.2768694286139054,0.22150846815892167,3,HDA,2,HD,2,HD,0.4322033898305085,0.28813559322033905,0.2796610169491526,3,HDA,3,HDA,2,HD
2025-09-28,2025,F1,Angers,Brest,2,0.24088607674158077,0.31333797057497326,0.445775952683446,2,DA,2,DA,2,DA,0.28681610026512416,0.31549771029163654,0.39768618944323936,2,DA,2,DA,2,DA
2025-09-28,2025,F1,Nice,Paris FC,1,0.3928197505229786,0.356149901266399,0.2510303482106224,3,HDA,2,DA,1,D,0.44715447154471544,0.26829268292682934,0.28455284552845533,3,HDA,3,HDA,2,HD
2025-09-29,2025,E0,Everton,West Ham,1,0.5780571785279688,0.2801275295038153,0.14181529196821588,2,HD,2,HD,2,HD,0.5848192376901685,0.24292491411745465,0.17225584819237683,2,HD,2,HD,2,HD
2025-09-29,2025,I1,Genoa,Lazio,2,0.28407381678067545,0.3659218767834828,0.3500043064358417,2,DA,2,DA,2,DA,0.33720930232558133,0.32558139534883723,0.33720930232558133,3,HDA,2,DA,2,DA
2025-09-29,2025,I1,Parma,Torino,0,0.3374974828212703,0.2506695464452966,0.4118329707334331,3,HDA,2,DA,2,DA,0.3701111568546727,0.3254425689584191,0.3044462741869082,3,HDA,2,DA,2,DA
2025-09-30,2025,SP1,Valencia,Oviedo,2,0.53218085366757,0.30295968507170207,0.16485946126072795,2,HD,2,HD,2,HD,0.5439668439257036,0.2767831294092551,0.1792500266650413,2,HD,2,HD,2,HD
2025-10-03,2025,D1,Hoffenheim,FC Koln,2,0.42057440938277274,0.31308884361651074,0.2663367470007165,3,HDA,3,HDA,1,D,0.4833968426782798,0.25476320087098525,0.26183995645073493,3,HDA,3,HDA,2,HD
2025-10-03,2025,I1,Verona,Sassuolo,2,0.3886314332485199,0.2922274172306061,0.319141149520874,3,HDA,2,DA,2,DA,0.4059040590405905,0.31119311193111926,0.28290282902829034,3,HDA,3,HDA,1,D
2025-10-03,2025,E0,Bournemouth,Fulham,0,0.5882281240292825,0.2310868570532458,0.18068501891747174,3,HDA,2,HD,2,HD,0.4880098022054963,0.2798879747943287,0.232102223000175,3,HDA,3,HDA,2,HD
2025-10-03,2025,SP1,Osasuna,Getafe,0,0.528496265411377,0.28130143880844116,0.19020229578018188,3,HDA,2,HD,2,HD,0.44379668427764624,0.32902167972308255,0.22718163599927121,3,HDA,2,HD,2,HD
2025-10-03,2025,F1,Paris FC,Lorient,0,0.5311051369709461,0.25908254418898174,0.2098123188400722,3,HDA,2,HD,2,HD,0.5496094879953718,0.25021695111368236,0.20017356089094585,3,HDA,2,HD,2,HD
2025-10-04,2025,F1,Brest,Nantes,1,0.47918687698801987,0.3156223987228393,0.20519072428914084,3,HDA,2,HD,2,HD,0.4979941900677825,0.2642135841748513,0.2377922257573661,3,HDA,3,HDA,2,HD
2025-10-04,2025,I1,Atalanta,Como,1,0.5140469746894684,0.2518056370586997,0.23414738825183196,3,HDA,3,HDA,2,HD,0.4415584415584415,0.2792207792207792,0.2792207792207792,3,HDA,3,HDA,2,HD
2025-10-04,2025,E0,Leeds,Tottenham,2,0.4296880066394806,0.2770107686519623,0.29330122470855713,3,HDA,3,HDA,2,DA,0.3397282174260591,0.2797761790567546,0.3804956035171862,3,HDA,2,DA,2,DA
2025-10-04,2025,E0,Arsenal,West Ham,0,0.7775566751708837,0.12559056562760246,0.0968527592015138,1,H,1,H,1,H,0.8168266285480908,0.11946089442515821,0.06371247702675101,1,H,1,H,1,H
2025-10-04,2025,E0,Man United,Sunderland,0,0.6672849356851756,0.2043822465368101,0.12833281777801434,2,HD,2,HD,1,H,0.5888816959792844,0.2203206345234274,0.1907976694972881,3,HDA,1,H,1,H
2025-10-04,2025,E0,Chelsea,Liverpool,0,0.3478660091121796,0.2539888100024703,0.3981451808853501,3,HDA,2,DA,2,DA,0.32611264277274515,0.26270185112248917,0.41118550610476573,3,HDA,2,DA,2,DA
2025-10-04,2025,I1,Parma,Lecce,2,0.5429897146526064,0.2663924912693354,0.19061779407805818,3,HDA,2,HD,2,HD,0.511449105799766,0.278288484038108,0.21026241016212593,3,HDA,2,HD,2,HD
2025-10-04,2025,I1,Inter,Cremonese,0,0.7729346752166748,0.14524511992931366,0.08182020485401154,1,H,1,H,1,H,0.8177570093457944,0.1366822429906541,0.0455607476635514,1,H,1,H,1,H
2025-10-04,2025,F1,Auxerre,Lens,2,0.31758482210590905,0.337018559486227,0.34539661840786395,3,HDA,2,DA,2,DA,0.2781844802342606,0.2489019033674963,0.472913616398243,2,DA,2,DA,2,DA
2025-10-04,2025,F1,Metz,Marseille,2,0.1603790646734973,0.25759756181243715,0.5820233735140655,2,DA,2,DA,2,DA,0.1710966987400989,0.2295199617245229,0.5993833395353783,2,DA,2,DA,1,A
2025-10-04,2025,D1,Leverkusen,Union Berlin,0,0.5778509378433228,0.22457070648670197,0.19757835566997528,3,HDA,2,HD,2,HD,0.5608856088560886,0.2383763837638376,0.2007380073800738,3,HDA,2,HD,1,H
2025-10-04,2025,D1,Augsburg,Wolfsburg,0,0.2875410530703946,0.346834649239938,0.3656242976896674,2,DA,2,DA,2,DA,0.3706238801763534,0.2700259698427717,0.3593501499808749,3,HDA,2,DA,2,DA
2025-10-04,2025,D1,Dortmund,RB Leipzig,1,0.5077411608061367,0.30532533385344346,0.18693350534041978,3,HDA,2,HD,2,HD,0.5716905706876049,0.20099436906279997,0.22731506024959525,3,HDA,1,H,1,H
2025-10-04,2025,D1,Werder Bremen,St Pauli,0,0.32655124883200976,0.33020915597053896,0.34323959519745123,3,HDA,2,DA,2,DA,0.4093097913322633,0.2768860353130016,0.3138041733547351,3,HDA,3,HDA,2,DA
2025-10-04,2025,D1,Ein Frankfurt,Bayern Munich,2,0.1943737177364146,0.12933741895369943,0.6762888633098859,1,A,1,A,1,A,0.12588995431910774,0.16420428824231442,0.7099057574385778,1,A,1,A,1,A
2025-10-04,2025,SP1,Oviedo,Levante,2,0.33297398686408997,0.3152589499950409,0.35176706314086914,3,HDA,2,DA,2,DA,0.3924050632911393,0.3037974683544304,0.3037974683544304,3,HDA,2,DA,2,DA
2025-10-04,2025,SP1,Girona,Valencia,0,0.35672953724861145,0.308601438999176,0.3346690237522125,3,HDA,2,DA,2,DA,0.39999205971097346,0.29291726218834374,0.30709067810068286,3,HDA,3,HDA,2,DA
2025-10-04,2025,SP1,Ath Bilbao,Mallorca,0,0.5533607684576626,0.3130484270013634,0.13359080454097397,2,HD,2,HD,2,HD,0.5885015844273427,0.2648257129923042,0.1466727025803531,2,HD,2,HD,2,HD
2025-10-04,2025,SP1,Real Madrid,Villarreal,0,0.7554939558094879,0.14890754555704175,0.09559849863347035,1,H,1,H,1,H,0.6849315068493151,0.1890410958904109,0.1260273972602739,1,H,1,H,1,H
2025-10-04,2025,I1,Lazio,Torino,1,0.44568984712763937,0.3276338425711025,0.22667631030125812,3,HDA,3,HDA,1,D,0.4484202512371526,0.303768557289684,0.2478111914731633,3,HDA,3,HDA,2,HD
2025-10-05,2025,I1,Napoli,Genoa,0,0.6806610619824808,0.19136194314474037,0.1279769948727788,2,HD,2,HD,1,H,0.6563354603463993,0.23792160437556972,0.10574293527803091,2,HD,2,HD,1,H
2025-10-05,2025,I1,Fiorentina,Roma,2,0.35113759782500276,0.30293675354311606,0.34592564863188124,3,HDA,2,DA,2,DA,0.3162565550625252,0.2964905203711174,0.3872529245663574,3,HDA,2,DA,2,DA
2025-10-05,2025,I1,Bologna,Pisa,0,0.5485709064347637,0.29854990697429,0.15287918659094632,2,HD,2,HD,2,HD,0.5727554179566564,0.25541795665634676,0.17182662538699692,2,HD,2,HD,2,HD
2025-10-05,2025,I1,Udinese,Cagliari,1,0.4978209063735469,0.24767072129740236,0.2545083723290507,3,HDA,3,HDA,2,HD,0.4671532846715329,0.2992700729927007,0.2335766423357664,3,HDA,3,HDA,2,HD
2025-10-05,2025,F1,Lille,Paris SG,1,0.24513574704123298,0.32984658092717584,0.4250176720315912,2,DA,2,DA,2,DA,0.2676137454405836,0.2754847379535419,0.4569015166058745,2,DA,2,DA,2,DA
2025-10-05,2025,D1,Hamburg,Mainz,0,0.2904654952744992,0.2711484947458358,0.438386009979665,2,DA,2,DA,2,DA,0.30594820225785035,0.25291718053315626,0.44113461720899344,3,HDA,2,DA,2,DA
2025-10-05,2025,F1,Monaco,Nice,1,0.39600511205181144,0.32795252418659554,0.27604236376159297,3,HDA,3,HDA,1,D,0.4868421052631579,0.256578947368421,0.256578947368421,3,HDA,3,HDA,2,HD
2025-10-05,2025,F1,Le Havre,Rennes,1,0.307997604966235,0.2825952684105853,0.40940712662317974,3,HDA,2,DA,2,DA,0.30350808040993305,0.26882144264879776,0.4276704769412693,3,HDA,2,DA,2,DA
2025-10-05,2025,I1,Juventus,Milan,1,0.3912298381328583,0.22867602109909058,0.38009414076805115,3,HDA,2,DA,2,DA,0.34496919917864477,0.31622176591375767,0.33880903490759756,3,HDA,2,DA,2,DA
2025-10-05,2025,F1,Lyon,Toulouse,2,0.4264657072286097,0.31934513690039107,0.2541891558709992,3,HDA,3,HDA,1,D,0.4652011310772599,0.2804889172671714,0.2543099516555687,3,HDA,3,HDA,2,HD
2025-10-05,2025,E0,Aston Villa,Burnley,0,0.5549118129503657,0.33481509740706894,0.11027308964256531,2,HD,2,HD,2,HD,0.6111042106570613,0.23102720158986462,0.15786858775307414,2,HD,2,HD,1,H
2025-10-05,2025,D1,Stuttgart,Heidenheim,0,0.7420117480162307,0.1489005729228429,0.10908767906092641,1,H,1,H,1,H,0.6849315068493151,0.1890410958904109,0.1260273972602739,1,H,1,H,1,H
2025-10-05,2025,E0,Brentford,Man City,2,0.2877425253391266,0.18446442484855652,0.5277930498123169,2,DA,1,A,1,A,0.1975093616650701,0.2233736828354959,0.579116955499434,2,DA,1,A,1,A
2025-10-05,2025,E0,Everton,Crystal Palace,0,0.3968853770758324,0.3100654873271432,0.29304913559702445,3,HDA,3,HDA,2,DA,0.36482084690553745,0.29641693811074915,0.33876221498371334,3,HDA,2,DA,2,DA
2025-10-05,2025,E0,Newcastle,Nott'm Forest,0,0.6757446527481079,0.22002975642681122,0.10422559082508087,2,HD,2,HD,2,HD,0.6315789473684211,0.21052631578947364,0.15789473684210523,2,HD,1,H,1,H
2025-10-05,2025,D1,M'gladbach,Freiburg,1,0.31550106406211853,0.32064759731292725,0.3638513386249542,3,HDA,2,DA,2,DA,0.34997031547485,0.2907445697791062,0.3592851147460438,3,HDA,2,DA,2,DA
2025-10-05,2025,SP1,Alaves,Elche,0,0.5084090753136713,0.2512793503511049,0.24031157433522382,3,HDA,3,HDA,2,HD,0.4310344827586207,0.3160919540229885,0.2528735632183908,3,HDA,3,HDA,1,D
2025-10-05,2025,F1,Strasbourg,Angers,0,0.563322628885029,0.25004578754510526,0.18663158356986567,3,HDA,2,HD,2,HD,0.5496094879953718,0.25021695111368236,0.20017356089094585,3,HDA,2,HD,2,HD
2025-10-05,2025,SP1,Espanol,Betis,2,0.3893427782859074,0.27624176599036254,0.33441545572373005,3,HDA,2,DA,2,DA,0.36661341853035145,0.2803514376996805,0.35303514376996814,3,HDA,2,DA,2,DA
2025-10-05,2025,SP1,Sociedad,Vallecano,2,0.3204094076034603,0.3004667967418791,0.3791237956546606,3,HDA,2,DA,2,DA,0.4378536585365853,0.2768780487804878,0.2852682926829268,3,HDA,3,HDA,2,HD
2025-10-05,2025,SP1,Celta,Ath Madrid,1,0.14666205644607544,0.3283018469810486,0.525036096572876,2,DA,2,DA,2,DA,0.2016806722689075,0.2661064425770308,0.5322128851540617,2,DA,2,DA,2,DA
2025-10-05,2025,E0,Wolves,Brighton,1,0.2694194993203729,0.29682371904920696,0.43375678163042014,2,DA,2,DA,2,DA,0.2806236080178174,0.2650334075723831,0.4543429844097996,2,DA,2,DA,2,DA
2025-10-05,2025,SP1,Sevilla,Barcelona,0,0.13929291173288905,0.11494980093054324,0.7457572873365677,1,A,1,A,1,A,0.17193308550185873,0.18912639405204462,0.6389405204460967,1,A,1,A,1,A
2025-10-17,2025,SP1,Oviedo,Espanol,2,0.33243370056152344,0.2907857894897461,0.37678050994873047,3,HDA,2,DA,2,DA,0.3369425961896103,0.3043352481712609,0.3587221556391288,3,HDA,2,DA,2,DA
2025-10-17,2025,F1,Paris SG,Strasbourg,1,0.6972243553442544,0.21010081075657663,0.09267483389916895,2,HD,2,HD,1,H,0.6934812760055479,0.18862690707350904,0.11789181692094312,1,H,1,H,1,H
2025-10-17,2025,D1,Union Berlin,M'gladbach,0,0.40452536940574646,0.3140793442726135,0.28139528632164,3,HDA,3,HDA,1,D,0.4174611138986452,0.2890115403913698,0.2935273457099849,3,HDA,3,HDA,2,DA
2025-10-18,2025,SP1,Sevilla,Mallorca,2,0.4951602666127761,0.2886014964759796,0.2162382369112443,3,HDA,2,HD,2,HD,0.511449105799766,0.278288484038108,0.21026241016212593,3,HDA,2,HD,2,HD
2025-10-18,2025,E0,Sunderland,Wolves,0,0.38537620349597324,0.35261281273922884,0.2620109837647979,3,HDA,2,DA,1,D,0.3788187372708758,0.3156822810590631,0.3054989816700611,3,HDA,2,DA,2,DA
2025-10-18,2025,E0,Brighton,Newcastle,0,0.4137394191881928,0.23575578981274053,0.3505047909990667,3,HDA,3,HDA,2,DA,0.32804211701830654,0.26993179914649224,0.4020260838352013,3,HDA,2,DA,2,DA
2025-10-18,2025,F1,Angers,Monaco,1,0.15853922305314574,0.27754092630059907,0.5639198506462552,2,DA,2,DA,2,DA,0.17330837122225193,0.23829901043059643,0.5883926183471517,2,DA,2,DA,1,A
2025-10-18,2025,E0,Crystal Palace,Bournemouth,1,0.5013189390498242,0.21588220023933352,0.2827988607108423,3,HDA,3,HDA,1,H,0.44134505158578524,0.28754298815437523,0.2711119602598396,3,HDA,3,HDA,2,HD
2025-10-18,2025,E0,Man City,Everton,0,0.7552137464514098,0.13905136844916408,0.10573488509942616,1,H,1,H,1,H,0.668894801503355,0.21936041989255514,0.11174477860408982,2,HD,1,H,1,H
2025-10-18,2025,D1,Heidenheim,Werder Bremen,1,0.29615290187878,0.2511888890749878,0.45265820904623216,2,DA,2,DA,2,DA,0.3565186997553303,0.2757777001048584,0.3677036001398113,3,HDA,2,DA,2,DA
2025-10-18,2025,E0,Burnley,Leeds,0,0.309687802484268,0.3123106751534544,0.3780015223622776,3,HDA,2,DA,2,DA,0.2756682118552125,0.2883913600946839,0.4359404280501035,2,DA,2,DA,2,DA
2025-10-18,2025,E0,Nott'm Forest,Chelsea,2,0.3310321072051557,0.2729397795480424,0.39602811324680187,3,HDA,2,DA,2,DA,0.30642023346303504,0.27140077821011677,0.42217898832684825,3,HDA,2,DA,2,DA
2025-10-18,2025,F1,Nice,Lyon,0,0.3838646824319566,0.31131006214946694,0.30482525541857647,3,HDA,2,DA,2,DA,0.4276704769412692,0.2688214426487978,0.303508080409933,3,HDA,3,HDA,2,DA
2025-10-18,2025,D1,FC Koln,Augsburg,1,0.54509885743555,0.22129877571161913,0.23360236685283084,3,HDA,3,HDA,2,HD,0.4729136163982431,0.24890190336749635,0.2781844802342607,3,HDA,3,HDA,2,HD
2025-10-18,2025,F1,Marseille,Le Havre,0,0.761400949379816,0.15106082187683614,0.08753822874334795,2,HD,1,H,1,H,0.722302679217958,0.17885590152063724,0.09884141926140473,1,H,1,H,1,H
2025-10-18,2025,D1,RB Leipzig,Hamburg,0,0.7378693379241623,0.1702377396680272,0.09189292240781055,2,HD,1,H,1,H,0.6528835690968444,0.1893362350380848,0.1577801958650707,1,H,1,H,1,H
2025-10-18,2025,I1,Roma,Inter,2,0.26524269580841064,0.19411242008209229,0.5406448841094971,2,DA,2,DA,1,A,0.26991791405118304,0.29068083051665866,0.4394012554321584,2,DA,2,DA,2,DA
2025-10-18,2025,I1,Torino,Napoli,0,0.1734450634337226,0.3129273401636979,0.5136275964025795,2,DA,2,DA,2,DA,0.18076477404403243,0.29200463499420626,0.5272305909617614,2,DA,2,DA,2,DA
2025-10-18,2025,I1,Pisa,Verona,1,0.31658316602060693,0.27876309391150156,0.40465374006789145,3,HDA,2,DA,2,DA,0.3491271820448878,0.3366583541147133,0.314214463840399,3,HDA,2,DA,2,DA
2025-10-18,2025,I1,Lecce,Sassuolo,1,0.34507439463887246,0.2757722571031894,0.3791533482579381,3,HDA,2,DA,2,DA,0.34285714285714286,0.31428571428571433,0.34285714285714286,3,HDA,2,DA,2,DA
2025-10-18,2025,SP1,Ath Madrid,Osasuna,0,0.7310320084465145,0.1618770646909098,0.10709092686257565,2,HD,1,H,1,H,0.7112375533428165,0.18918918918918914,0.09957325746799427,1,H,1,H,1,H
2025-10-18,2025,E0,Fulham,Arsenal,2,0.11734939320977886,0.13104165381441438,0.7516089529758068,1,A,1,A,1,A,0.15026833631484793,0.22361359570661893,0.6261180679785332,2,DA,1,A,1,A
2025-10-18,2025,SP1,Barcelona,Girona,0,0.7740689323729465,0.154278658926119,0.0716524087009345,2,HD,1,H,1,H,0.791304347826087,0.13565217391304343,0.07304347826086952,1,H,1,H,1,H
2025-10-18,2025,D1,Mainz,Leverkusen,2,0.31376270569785203,0.36209321844022163,0.32414407586192634,3,HDA,2,DA,2,DA,0.3852691218130311,0.2776203966005666,0.3371104815864023,3,HDA,2,DA,2,DA
2025-10-18,2025,D1,Bayern Munich,Dortmund,0,0.6356779242205929,0.2648092170833168,0.0995128586960903,2,HD,2,HD,2,HD,0.6849315068493151,0.1800391389432485,0.1350293542074364,1,H,1,H,1,H
2025-10-18,2025,D1,Wolfsburg,Stuttgart,2,0.3199166750883065,0.31323013643116165,0.36685318848053183,3,HDA,2,DA,2,DA,0.3359683794466403,0.2687747035573122,0.3952569169960474,3,HDA,2,DA,2,DA
2025-10-18,2025,SP1,Villarreal,Betis,1,0.4618603128749225,0.3011702090850535,0.236969478040024,3,HDA,3,HDA,2,HD,0.4505119453924914,0.2627986348122867,0.2866894197952219,3,HDA,3,HDA,2,HD
2025-10-19,2025,I1,Genoa,Parma,1,0.3967055441912684,0.2870363123991303,0.31625814340960123,3,HDA,3,HDA,2,DA,0.4199475065616798,0.3280839895013123,0.2519685039370078,3,HDA,3,HDA,1,D
2025-10-19,2025,I1,Cagliari,Bologna,2,0.19680375471098327,0.34860549798881274,0.454590747300204,2,DA,2,DA,2,DA,0.24202420242024203,0.28602860286028603,0.47194719471947194,2,DA,2,DA,2,DA
2025-10-19,2025,I1,Como,Juventus,0,0.23899460972853587,0.29211735290114055,0.4688880373703236,2,DA,2,DA,2,DA,0.3042084168336673,0.2857715430861723,0.4100200400801603,3,HDA,2,DA,2,DA
2025-10-19,2025,F1,Lorient,Brest,1,0.32999566197395325,0.33426254987716675,0.33574178814888,3,HDA,2,DA,2,DA,0.33876221498371334,0.29641693811074915,0.36482084690553745,3,HDA,2,DA,2,DA
2025-10-19,2025,F1,Nantes,Lille,2,0.1684385613399101,0.20425280351576822,0.6273086351443217,2,DA,2,DA,1,A,0.17100575500137022,0.24116196218141953,0.5878322828172103,2,DA,2,DA,2,DA
2025-10-19,2025,F1,Toulouse,Metz,0,0.6207551175130869,0.22914297195842945,0.15010191052848368,2,HD,2,HD,2,HD,0.6175562417291576,0.22496691662990734,0.15747684164093512,2,HD,1,H,1,H
2025-10-19,2025,F1,Rennes,Auxerre,1,0.5473376079600336,0.27043978185772244,0.1822226101822439,3,HDA,2,HD,2,HD,0.5116751269035533,0.2629441624365483,0.22538071065989845,3,HDA,2,HD,2,HD
2025-10-19,2025,I1,Atalanta,Lazio,1,0.5215310298940232,0.25708546468360827,0.22138350542236848,3,HDA,2,HD,2,HD,0.5198277142432793,0.2536759245507203,0.2264963612060003,3,HDA,2,HD,2,HD
2025-10-19,2025,SP1,Getafe,Real Madrid,2,0.16225092596563476,0.1697788140111808,0.6679702600231844,2,DA,1,A,1,A,0.13544369486248053,0.21069019200830302,0.6538661131292165,2,DA,1,A,1,A
2025-10-19,2025,D1,St Pauli,Hoffenheim,2,0.354000061750412,0.28398245573043823,0.3620174825191498,3,HDA,2,DA,2,DA,0.3593501499808749,0.2700259698427717,0.3706238801763534,3,HDA,2,DA,2,DA
2025-10-19,2025,SP1,Levante,Vallecano,2,0.3334471682741394,0.30033014119655316,0.36622269052930745,3,HDA,2,DA,2,DA,0.3516483516483517,0.29670329670329676,0.3516483516483517,3,HDA,2,DA,2,DA
2025-10-19,2025,SP1,Celta,Sociedad,1,0.32829203223311804,0.32594119531091464,0.3457667724559673,3,HDA,2,DA,2,DA,0.48611111111111116,0.27083333333333337,0.24305555555555552,3,HDA,3,HDA,2,HD
2025-10-19,2025,D1,Freiburg,Ein Frankfurt,1,0.423936945913343,0.20582324879834799,0.370239805288309,3,HDA,3,HDA,1,A,0.4050632911392405,0.26441631504922647,0.33052039381153303,3,HDA,3,HDA,2,DA
2025-10-19,2025,E0,Tottenham,Aston Villa,2,0.4917568491137497,0.2166288611795178,0.2916142897067325,3,HDA,3,HDA,2,HA,0.4243156199677939,0.2745571658615137,0.3011272141706924,3,HDA,3,HDA,2,DA
2025-10-19,2025,E0,Liverpool,Man United,2,0.506161049191983,0.29018110901657074,0.20365784179144628,3,HDA,2,HD,2,HD,0.5526315789473685,0.2236842105263158,0.2236842105263158,3,HDA,1,H,1,H
2025-10-19,2025,I1,Milan,Fiorentina,0,0.4185011871979171,0.341381058456647,0.24011775434543584,3,HDA,3,HDA,1,D,0.5474785570898474,0.2630938621570655,0.1894275807530872,3,HDA,2,HD,2,HD
2025-10-19,2025,F1,Lens,Paris FC,0,0.4804848718932195,0.2919934864040307,0.22752164170274983,3,HDA,3,HDA,2,HD,0.5261599210266535,0.2428430404738401,0.2309970384995064,3,HDA,2,HD,2,HD
2025-10-19,2025,SP1,Elche,Ath Bilbao,1,0.19037952380088824,0.28142757481757885,0.528192901381533,2,DA,2,DA,2,DA,0.237410071942446,0.2877697841726619,0.4748201438848921,2,DA,2,DA,2,DA
2025-10-20,2025,I1,Cremonese,Udinese,1,0.338589608669281,0.28546181321144104,0.37594857811927795,3,HDA,2,DA,2,DA,0.2971246006389776,0.3067092651757188,0.3961661341853035,2,DA,2,DA,2,DA
2025-10-20,2025,SP1,Alaves,Valencia,1,0.3830415790366656,0.30536883159372713,0.3115895893696073,3,HDA,2,DA,2,DA,0.4396320429283251,0.3049060942889997,0.25546186278267535,3,HDA,3,HDA,2,HD
2025-10-20,2025,E0,West Ham,Brentford,2,0.3918874743018307,0.3256656132440086,0.2824469124541607,3,HDA,2,DA,1,D,0.33788604627458974,0.2911018244827235,0.37101212924268673,3,HDA,2,DA,2,DA
2025-10-24,2025,D1,Werder Bremen,Union Berlin,0,0.37823178236985855,0.31641568790627456,0.3053525297238669,3,HDA,2,DA,2,DA,0.4093097913322633,0.2768860353130016,0.3138041733547351,3,HDA,3,HDA,2,DA
2025-10-24,2025,SP1,Sociedad,Sevilla,0,0.5041997878491942,0.23890479687139998,0.25689541527940585,3,HDA,3,HDA,2,HD,0.4912899510509646,0.2681039447163835,0.2406061042326519,3,HDA,3,HDA,2,HD
2025-10-24,2025,F1,Paris FC,Nantes,2,0.6514739685419486,0.20464978536887998,0.14387624608917143,2,HD,2,HD,1,H,0.6111042106570613,0.23102720158986462,0.15786858775307414,2,HD,2,HD,1,H
2025-10-24,2025,E0,Leeds,West Ham,0,0.5945892511185781,0.22525290326037714,0.1801578456210448,3,HDA,2,HD,2,HD,0.5263157894736843,0.26315789473684215,0.21052631578947362,3,HDA,2,HD,2,HD
2025-10-24,2025,I1,Milan,Pisa,1,0.6956150531768799,0.1607578694820404,0.1436270773410797,2,HD,1,H,1,H,0.7282229965156796,0.17212543554006965,0.09965156794425083,1,H,1,H,1,H
2025-10-25,2025,SP1,Ath Bilbao,Getafe,2,0.582949697971344,0.255752831697464,0.16129747033119202,2,HD,2,HD,2,HD,0.572597137014315,0.26993865030674846,0.15746421267893662,2,HD,2,HD,2,HD
2025-10-25,2025,D1,Dortmund,FC Koln,0,0.7578463384990467,0.15554557393016874,0.08660808757078452,2,HD,1,H,1,H,0.6942607775720708,0.1798466014281936,0.1258926209997355,1,H,1,H,1,H
2025-10-25,2025,D1,M'gladbach,Bayern Munich,2,0.12171810139905802,0.09815972458364221,0.7801221740172998,1,A,1,A,1,A,0.08629749393694422,0.13561034761519802,0.7780921584478578,1,A,1,A,1,A
2025-10-25,2025,E0,Chelsea,Sunderland,2,0.7682581119595046,0.14492965068510885,0.08681223735538655,1,H,1,H,1,H,0.6538661131292165,0.21069019200830302,0.13544369486248053,2,HD,1,H,1,H
2025-10-25,2025,D1,Hamburg,Wolfsburg,2,0.399055850477691,0.3063018711299262,0.29464227839238283,3,HDA,3,HDA,2,DA,0.4308880308880309,0.2633204633204634,0.3057915057915058,3,HDA,3,HDA,2,DA
2025-10-25,2025,D1,Ein Frankfurt,St Pauli,0,0.6106898188591003,0.19393602013587952,0.19537416100502014,3,HDA,2,HD,1,H,0.5813953488372094,0.20930232558139533,0.20930232558139533,3,HDA,1,H,1,H
2025-10-25,2025,D1,Augsburg,RB Leipzig,2,0.327821413511676,0.27733404270810014,0.3948445437802238,3,HDA,2,DA,2,DA,0.2938513768389287,0.2474537910222557,0.4586948321388156,2,DA,2,DA,2,DA
2025-10-25,2025,E0,Newcastle,Fulham,0,0.5751141734387227,0.2799993669986913,0.14488645956258597,2,HD,2,HD,2,HD,0.5993390110588536,0.23388839455955257,0.16677259438159395,2,HD,2,HD,1,H
2025-10-25,2025,E0,Brentford,Liverpool,0,0.2151292328575025,0.2525903657850732,0.5322804013574243,2,DA,2,DA,2,DA,0.24353727916957782,0.23744884719033832,0.5190138736400839,2,DA,2,DA,1,A
2025-10-25,2025,SP1,Valencia,Villarreal,2,0.20965127887420185,0.33863372572459427,0.4517149954012039,2,DA,2,DA,2,DA,0.2662337662337662,0.2662337662337662,0.4675324675324676,2,DA,2,DA,2,DA
2025-10-25,2025,E0,Man United,Brighton,0,0.49082922204093304,0.22310156787780572,0.28606921008126124,3,HDA,3,HDA,3,HDA,0.4792284866468844,0.24591988130563797,0.27485163204747776,3,HDA,3,HDA,2,HD
2025-10-25,2025,D1,Hoffenheim,Heidenheim,0,0.5961106089999054,0.24111826305620057,0.16277112794389403,2,HD,2,HD,2,HD,0.5972727631008526,0.22070125195412565,0.18202598494502173,2,HD,1,H,1,H
2025-10-25,2025,SP1,Espanol,Elche,0,0.48779905569253945,0.2949009879663734,0.21729995634108717,3,HDA,2,HD,2,HD,0.4748201438848921,0.2877697841726619,0.237410071942446,3,HDA,3,HDA,2,HD
2025-10-25,2025,I1,Parma,Como,1,0.19354090671363194,0.34265784450345765,0.46380124878291035,2,DA,2,DA,2,DA,0.2121366649668536,0.2983171851096379,0.4895461499235085,2,DA,2,DA,2,DA
2025-10-25,2025,I1,Napoli,Inter,0,0.27934550822756427,0.20456446402423883,0.5160900277481969,2,DA,2,DA,1,A,0.2658610271903323,0.2990936555891239,0.4350453172205438,2,DA,2,DA,2,DA
2025-10-25,2025,I1,Udinese,Lecce,0,0.5273150487354369,0.27010084568853104,0.20258410557603207,3,HDA,2,HD,2,HD,0.48954614992350853,0.29831718510963795,0.21213666496685363,3,HDA,2,HD,2,HD
2025-10-25,2025,F1,Brest,Paris SG,2,0.1314088909957807,0.15495599008899882,0.7136351189152205,2,DA,1,A,1,A,0.12495729415784071,0.17039631021523743,0.7046463956269219,1,A,1,A,1,A
2025-10-25,2025,F1,Monaco,Toulouse,0,0.44273781435119,0.326098878747158,0.23116330690165204,3,HDA,3,HDA,1,D,0.4308880308880309,0.2633204633204634,0.3057915057915058,3,HDA,3,HDA,2,DA
2025-10-25,2025,F1,Lens,Marseille,0,0.2969149351119995,0.26687103509902954,0.43621402978897095,2,DA,2,DA,2,DA,0.38162544169611307,0.26501766784452296,0.35335689045936397,3,HDA,2,DA,2,DA
2025-10-25,2025,SP1,Girona,Oviedo,1,0.5213872194290161,0.26720646023750305,0.21140632033348083,3,HDA,2,HD,2,HD,0.5524619634322796,0.2654886657605121,0.1820493708072083,2,HD,2,HD,2,HD
2025-10-25,2025,I1,Cremonese,Atalanta,1,0.15721280085501674,0.23327663093551834,0.6095105682094649,2,DA,2,DA,2,DA,0.13507559827776103,0.19905877640933212,0.6658656253129069,2,DA,1,A,1,A
2025-10-26,2025,E0,Aston Villa,Man City,0,0.24434513581827688,0.23397562605069952,0.5216792381310236,2,DA,2,DA,2,DA,0.2264963612060003,0.2536759245507203,0.5198277142432793,2,DA,2,DA,2,DA
2025-10-26,2025,E0,Arsenal,Crystal Palace,0,0.6391513157143797,0.17192075634238851,0.18892792794323182,3,HDA,1,H,1,H,0.6903693476009666,0.1905419399378667,0.1190887124611667,1,H,1,H,1,H
2025-10-26,2025,D1,Leverkusen,Freiburg,0,0.4894946138334847,0.27130223533372144,0.2392031508327939,3,HDA,3,HDA,2,HD,0.47349177330895803,0.25594149908592323,0.27056672760511885,3,HDA,3,HDA,2,HD
2025-10-26,2025,SP1,Mallorca,Levante,1,0.42871409229720187,0.29273711399657215,0.278548793706226,3,HDA,3,HDA,1,D,0.48226950354609927,0.276595744680851,0.24113475177304963,3,HDA,3,HDA,2,HD
2025-10-26,2025,SP1,Vallecano,Alaves,0,0.40354295362404125,0.2682782331622173,0.32817881321374137,3,HDA,3,HDA,2,DA,0.4210526315789474,0.3157894736842105,0.2631578947368421,3,HDA,3,HDA,1,D
2025-10-26,2025,SP1,Osasuna,Celta,2,0.4418575632018577,0.2702054598866266,0.2879369769115157,3,HDA,3,HDA,2,DA,0.4050632911392405,0.2974683544303798,0.2974683544303798,3,HDA,3,HDA,2,DA
2025-10-26,2025,E0,Everton,Tottenham,2,0.5336283763425574,0.22949588176583538,0.23687574189160715,3,HDA,3,HDA,2,HD,0.4337464251668255,0.2726406101048618,0.2936129647283127,3,HDA,3,HDA,3,HDA
2025-10-26,2025,E0,Bournemouth,Nott'm Forest,0,0.42305321762124354,0.2673094054254712,0.30963737695328525,3,HDA,3,HDA,2,DA,0.4787234042553192,0.2553191489361702,0.2659574468085107,3,HDA,3,HDA,2,HD
2025-10-26,2025,SP1,Real Madrid,Barcelona,0,0.5384886941088541,0.27413636854494167,0.18737493734620417,3,HDA,2,HD,2,HD,0.517875474669351,0.2188711590403955,0.2632533662902535,3,HDA,2,HA,1,H
2025-10-26,2025,E0,Wolves,Burnley,2,0.4694187957394841,0.29025010524689526,0.24033109901362068,3,HDA,3,HDA,2,HD,0.49507489008152494,0.2865433454714282,0.21838176444704682,3,HDA,2,HD,2,HD
2025-10-26,2025,F1,Auxerre,Le Havre,2,0.456669238607242,0.2834317555088851,0.2598990058838729,3,HDA,3,HDA,2,HD,0.4485336400230017,0.2898217366302473,0.261644623346751,3,HDA,3,HDA,2,HD
2025-10-26,2025,F1,Angers,Lorient,0,0.304791232800745,0.22202503019496708,0.47318373700428795,3,HDA,2,DA,2,DA,0.34496919917864477,0.31622176591375767,0.33880903490759756,3,HDA,2,DA,2,DA
2025-10-26,2025,I1,Fiorentina,Bologna,1,0.3817892556849344,0.27988707185128114,0.3383236724637844,3,HDA,2,DA,2,DA,0.339622641509434,0.330188679245283,0.330188679245283,3,HDA,2,DA,2,DA
2025-10-26,2025,I1,Verona,Cagliari,1,0.5604861462188683,0.21608332121496382,0.2234305325661679,3,HDA,2,HD,1,H,0.4855025490986178,0.29585311585697016,0.21864433504441216,3,HDA,2,HD,2,HD
2025-10-26,2025,I1,Sassuolo,Roma,2,0.23029677913035124,0.26439375079264865,0.5053094700770001,2,DA,2,DA,2,DA,0.22783505154639172,0.28144329896907216,0.49072164948453617,2,DA,2,DA,2,DA
2025-10-26,2025,I1,Lazio,Juventus,0,0.19991543292621222,0.3152102670912564,0.48487429998253134,2,DA,2,DA,2,DA,0.2713955281418658,0.2968388589051658,0.4317656129529684,2,DA,2,DA,2,DA
2025-10-26,2025,F1,Lille,Metz,0,0.7074429007602603,0.16678362091730894,0.1257734783224308,2,HD,1,H,1,H,0.7700592353257945,0.14453419493807212,0.08540656973613352,1,H,1,H,1,H
2025-10-26,2025,F1,Lyon,Strasbourg,0,0.4548541443006439,0.27636135448102217,0.26878450121833386,3,HDA,3,HDA,2,HD,0.49533204157125243,0.25569843227056543,0.24896952615818213,3,HDA,3,HDA,2,HD
2025-10-26,2025,I1,Torino,Genoa,0,0.2982056020620824,0.3821802367079399,0.31961416122997766,2,DA,2,DA,2,DA,0.3839448694546424,0.3266197674180118,0.2894353631273458,3,HDA,2,DA,2,DA
2025-10-26,2025,F1,Rennes,Nice,2,0.4283468595639807,0.2748006500363156,0.2968524903997037,3,HDA,3,HDA,2,DA,0.4770773638968482,0.2578796561604584,0.2650429799426935,3,HDA,3,HDA,2,HD
2025-10-26,2025,D1,Stuttgart,Mainz,0,0.39084911346435547,0.307519793510437,0.3016310930252075,3,HDA,2,DA,2,DA,0.44736842105263164,0.27631578947368424,0.27631578947368424,3,HDA,3,HDA,2,HD
2025-10-27,2025,SP1,Betis,Ath Madrid,2,0.31531471014022827,0.26186850666999817,0.42281678318977356,3,HDA,2,DA,2,DA,0.29068083051665866,0.26991791405118304,0.4394012554321584,2,DA,2,DA,2,DA
2025-10-28,2025,I1,Lecce,Napoli,2,0.1277230771903808,0.1981740505319513,0.6741028722776679,2,DA,2,DA,1,A,0.1569767441860465,0.2616279069767442,0.5813953488372093,2,DA,2,DA,2,DA
2025-10-28,2025,I1,Atalanta,Milan,1,0.368547965033413,0.2824027156113769,0.3490493193552101,3,HDA,2,DA,2,DA,0.3710121292426868,0.2911018244827235,0.3378860462745897,3,HDA,2,DA,2,DA
2025-10-29,2025,F1,Toulouse,Rennes,1,0.4747051384431807,0.24764073278125825,0.27765412877556106,3,HDA,3,HDA,2,HD,0.4866595517609392,0.263607257203842,0.2497331910352187,3,HDA,3,HDA,2,HD
2025-10-29,2025,I1,Bologna,Torino,1,0.4948581085375233,0.28234874781446534,0.22279314364801134,3,HDA,2,HD,2,HD,0.5352112676056339,0.2676056338028169,0.1971830985915493,3,HDA,2,HD,2,HD
2025-10-29,2025,F1,Marseille,Angers,1,0.7538783550262451,0.13990555703639984,0.10621608793735504,1,H,1,H,1,H,0.759124087591241,0.145985401459854,0.0948905109489051,1,H,1,H,1,H
2025-10-29,2025,I1,Inter,Fiorentina,0,0.711447163415391,0.187242205726157,0.10131063085845193,2,HD,2,HD,1,H,0.6983240223463688,0.18994413407821226,0.11173184357541895,1,H,1,H,1,H
2025-10-29,2025,F1,Le Havre,Brest,0,0.35147170117666116,0.32103864425190426,0.3274896545714346,3,HDA,2,DA,2,DA,0.32580418714126447,0.31494404756988886,0.35925176528884667,3,HDA,2,DA,2,DA
2025-10-29,2025,I1,Genoa,Cremonese,2,0.5645116651730487,0.2335044031367362,0.20198393169021506,3,HDA,2,HD,2,HD,0.5483028720626633,0.2710182767624021,0.1806788511749347,2,HD,2,HD,2,HD
2025-10-29,2025,I1,Roma,Parma,0,0.6339659501920357,0.22926441641853998,0.13676963338942427,2,HD,2,HD,2,HD,0.6395533027086964,0.2490891810549659,0.1113575162363377,2,HD,2,HD,2,HD
2025-10-29,2025,F1,Lorient,Paris SG,1,0.11242028577075047,0.16175939504264433,0.7258203191866052,2,DA,1,A,1,A,0.0948905109489051,0.145985401459854,0.759124087591241,1,A,1,A,1,A
2025-10-29,2025,I1,Como,Verona,0,0.4092086018503994,0.4599117407189569,0.1308796574306437,2,HD,2,HD,1,D,0.6023352072650894,0.2521776734416507,0.14548711929326005,2,HD,2,HD,2,HD
2025-10-29,2025,F1,Metz,Lens,0,0.1262924075126648,0.42892733216285706,0.44478026032447815,2,DA,2,DA,2,DA,0.17023852766678774,0.19711829519312263,0.6326431771400897,1,A,1,A,1,A
2025-10-29,2025,I1,Juventus,Udinese,0,0.6864707163063861,0.20792972112016136,0.10559956257345247,2,HD,2,HD,1,H,0.6538661131292165,0.21069019200830302,0.13544369486248053,2,HD,1,H,1,H
2025-10-29,2025,F1,Nice,Lille,0,0.22023895711062785,0.18906726224820708,0.5906937806411651,2,DA,2,DA,1,A,0.24342105263157895,0.24342105263157895,0.5131578947368421,2,DA,2,DA,2,DA
2025-10-29,2025,F1,Strasbourg,Auxerre,0,0.5865767772965663,0.21477349742572002,0.19864972527771368,3,HDA,2,HD,1,H,0.5652658981033842,0.2359985124581628,0.1987355894384529,3,HDA,2,HD,1,H
2025-10-29,2025,F1,Nantes,Monaco,2,0.27093052056638833,0.26282357386280375,0.46624590557080786,2,DA,2,DA,2,DA,0.209553158705701,0.2357473035439137,0.5546995377503853,2,DA,2,DA,1,A
2025-10-29,2025,F1,Paris FC,Lyon,1,0.38871753215789795,0.2621045708656311,0.34917789697647095,3,HDA,2,DA,2,DA,0.3465346534653465,0.2722772277227723,0.3811881188118812,3,HDA,2,DA,2,DA
2025-10-30,2025,I1,Cagliari,Sassuolo,2,0.4125293020167739,0.2972639291663149,0.29020676881691126,3,HDA,3,HDA,2,DA,0.35872215563912885,0.30433524817126084,0.33694259618961026,3,HDA,2,DA,2,DA
2025-10-30,2025,I1,Pisa,Lazio,1,0.2616490501656845,0.3623728264085301,0.3759781234257854,2,DA,2,DA,2,DA,0.2430011198208287,0.3057110862262038,0.4512877939529675,2,DA,2,DA,2,DA
2025-10-31,2025,SP1,Getafe,Girona,0,0.44332173128853625,0.322642733016177,0.23403553569528673,3,HDA,3,HDA,1,D,0.4554079696394688,0.3111954459203036,0.23339658444022768,3,HDA,3,HDA,2,HD
2025-10-31,2025,D1,Augsburg,Dortmund,2,0.12898970563755754,0.20243253398988245,0.66857776037256,2,DA,2,DA,1,A,0.17858520814762582,0.21652940941686732,0.6048853824355069,2,DA,1,A,1,A
2025-11-01,2025,E0,Nott'm Forest,Man United,1,0.3127853274345398,0.3141949772834778,0.3730196952819824,3,HDA,2,DA,2,DA,0.303768557289684,0.2478111914731633,0.4484202512371526,3,HDA,2,DA,2,DA
2025-11-01,2025,E0,Crystal Palace,Brentford,0,0.436409824544045,0.35299783419075853,0.2105923412651965,3,HDA,2,HD,1,D,0.4569015166058745,0.27548473795354195,0.26761374544058353,3,HDA,3,HDA,2,HD
2025-11-01,2025,E0,Brighton,Leeds,0,0.48165735602378845,0.2833888530731201,0.23495379090309143,3,HDA,3,HDA,2,HD,0.4949762030671602,0.2626123744050767,0.2424114225277631,3,HDA,3,HDA,2,HD
2025-11-01,2025,SP1,Villarreal,Vallecano,0,0.574587345123291,0.2313062995672226,0.1941063553094864,3,HDA,2,HD,2,HD,0.540711462450593,0.2490118577075099,0.2102766798418972,3,HDA,2,HD,2,HD
2025-11-01,2025,SP1,Ath Madrid,Sevilla,0,0.769114048439486,0.12125327731470475,0.10963267424580923,1,H,1,H,1,H,0.6835147045597627,0.19857900890367833,0.11790628653655902,2,HD,1,H,1,H
2025-11-01,2025,SP1,Sociedad,Ath Bilbao,0,0.394038587808609,0.2805408239364624,0.3254205882549286,3,HDA,2,DA,2,DA,0.3486100676183321,0.3245679939894816,0.3268219383921863,3,HDA,2,DA,2,DA
2025-11-01,2025,E0,Liverpool,Aston Villa,0,0.6854371632765878,0.1611411172491645,0.15342171947424768,2,HD,1,H,1,H,0.5645371577574968,0.2177314211212516,0.2177314211212516,3,HDA,1,H,1,H
2025-11-01,2025,E0,Tottenham,Chelsea,2,0.29693682212014066,0.2111554019954561,0.4919077758844032,2,DA,2,DA,1,A,0.30642023346303504,0.27140077821011677,0.42217898832684825,3,HDA,2,DA,2,DA
2025-11-01,2025,E0,Fulham,Wolves,0,0.5762854132609753,0.2647552450782769,0.1589593416607478,2,HD,2,HD,2,HD,0.543564639689755,0.2474649543850726,0.2089704059251724,3,HDA,2,HD,2,HD
2025-11-01,2025,E0,Burnley,Arsenal,2,0.08091552073266979,0.13845638105533237,0.7806280982119979,1,A,1,A,1,A,0.07280278798873341,0.15142979901656564,0.775767412994701,1,A,1,A,1,A
2025-11-01,2025,D1,Bayern Munich,Leverkusen,0,0.6254956898878424,0.26991970517279695,0.10458460493936059,2,HD,2,HD,2,HD,0.759124087591241,0.145985401459854,0.0948905109489051,1,H,1,H,1,H
2025-11-01,2025,SP1,Real Madrid,Valencia,0,0.8112911461101302,0.11553539163566542,0.07317346225420442,1,H,1,H,1,H,0.8267477203647418,0.11781155015197561,0.05544072948328261,1,H,1,H,1,H
2025-11-01,2025,F1,Auxerre,Marseille,2,0.16123750805854797,0.2690702974796295,0.5696921944618225,2,DA,2,DA,2,DA,0.1809859255351006,0.2500463444892837,0.5689677299756157,2,DA,2,DA,2,DA
2025-11-01,2025,D1,St Pauli,M'gladbach,2,0.3245374858379364,0.39686328172683716,0.27859923243522644,3,HDA,2,DA,1,D,0.4134954884268341,0.2797175362887407,0.3067869752844253,3,HDA,3,HDA,2,DA
2025-11-01,2025,F1,Monaco,Paris FC,2,0.6232972648248484,0.19414493152283235,0.18255780365231924,3,HDA,2,HD,1,H,0.5563679750359471,0.22519656132407373,0.21843546363997912,3,HDA,1,H,1,H
2025-11-01,2025,D1,Mainz,Werder Bremen,1,0.4759236417986048,0.2706762930952398,0.2534000651061554,3,HDA,3,HDA,2,HD,0.5064935064935066,0.2532467532467533,0.24025974025974034,3,HDA,3,HDA,2,HD
2025-11-01,2025,D1,RB Leipzig,Stuttgart,0,0.4132819114136411,0.34522899470882124,0.24148909387753764,3,HDA,3,HDA,1,D,0.45479653839071993,0.2513349291106611,0.29386853249861905,3,HDA,3,HDA,3,HDA
2025-11-01,2025,I1,Cremonese,Juventus,2,0.1328898539079704,0.17345226069468647,0.6936578853973431,2,DA,1,A,1,A,0.15660036166365282,0.21699819168173592,0.6264014466546113,2,DA,1,A,1,A
2025-11-01,2025,D1,Heidenheim,Ein Frankfurt,1,0.16798429441428622,0.3107628868633939,0.5212528187223199,2,DA,2,DA,2,DA,0.2337662337662338,0.2337662337662338,0.5324675324675325,2,DA,2,DA,1,A
2025-11-01,2025,D1,Union Berlin,Freiburg,1,0.40166147957214593,0.3150745520040126,0.2832639684238415,3,HDA,3,HDA,1,D,0.36482084690553745,0.29641693811074915,0.33876221498371334,3,HDA,2,DA,2,DA
2025-11-01,2025,F1,Paris SG,Nice,0,0.8158368042792556,0.11563841395475792,0.06852478176598643,1,H,1,H,1,H,0.8168266285480908,0.11946089442515821,0.06371247702675101,1,H,1,H,1,H
2025-11-01,2025,I1,Napoli,Como,1,0.620151730471027,0.22112170363418593,0.15872656589478704,2,HD,2,HD,2,HD,0.4947263544851755,0.29528979283333906,0.20998385268148556,3,HDA,2,HD,2,HD
2025-11-01,2025,I1,Udinese,Atalanta,0,0.1354641169309616,0.19692786037921906,0.6676080226898193,2,DA,2,DA,1,A,0.1883309591642925,0.2478038936372269,0.5638651471984806,2,DA,2,DA,2,DA
2025-11-02,2025,F1,Lens,Lorient,0,0.6830869963995143,0.2229988293573173,0.09391417424316834,2,HD,2,HD,2,HD,0.6038755619308649,0.2312401542027946,0.1648842838663405,2,HD,2,HD,1,H
2025-11-02,2025,E0,West Ham,Newcastle,0,0.24042102279161018,0.27491278685239495,0.48466619035599484,2,DA,2,DA,2,DA,0.19961114711600772,0.22575070209548492,0.5746381507885074,2,DA,2,DA,1,A
2025-11-02,2025,E0,Man City,Bournemouth,0,0.7764552293453755,0.11598050680742045,0.10756426384720402,1,H,1,H,1,H,0.6725595695618756,0.19100691775557266,0.13643351268255183,1,H,1,H,1,H
2025-11-02,2025,D1,FC Koln,Hamburg,0,0.40152472257614136,0.2563619315624237,0.34211334586143494,3,HDA,3,HDA,2,DA,0.3891702376314765,0.25769380599922087,0.35313595636930273,3,HDA,2,DA,2,DA
2025-11-02,2025,D1,Wolfsburg,Hoffenheim,2,0.3770866281662396,0.2763610995900303,0.3465522722437301,3,HDA,2,DA,2,DA,0.33849728892331526,0.24941905499612704,0.4120836560805578,3,HDA,2,DA,2,DA
2025-11-02,2025,I1,Fiorentina,Lecce,2,0.5427825693539934,0.31056435304422764,0.146653077601779,2,HD,2,HD,2,HD,0.5571635311143271,0.27062228654124454,0.17221418234442834,2,HD,2,HD,2,HD
2025-11-02,2025,F1,Rennes,Strasbourg,0,0.3763309419155121,0.29793140292167664,0.3257376551628113,3,HDA,2,DA,2,DA,0.3507014028056112,0.2705410821643286,0.3787575150300601,3,HDA,2,DA,2,DA
2025-11-02,2025,SP1,Barcelona,Elche,0,0.6241889595985413,0.22328011691570282,0.15253092348575592,2,HD,2,HD,2,HD,0.8012162051113486,0.12605801627085214,0.07272577861779932,1,H,1,H,1,H
2025-11-02,2025,F1,Lille,Angers,0,0.7626588883797907,0.13314357300740798,0.10419753861280129,1,H,1,H,1,H,0.6997667444185273,0.1812729090303232,0.1189603465511496,1,H,1,H,1,H
2025-11-02,2025,I1,Torino,Pisa,1,0.5383145809173584,0.2800261676311493,0.1816592514514923,3,HDA,2,HD,2,HD,0.5156683855612852,0.29353431178103934,0.19079730265767553,3,HDA,2,HD,2,HD
2025-11-02,2025,F1,Toulouse,Le Havre,1,0.5637006247595046,0.2451648450667388,0.19113453017375664,3,HDA,2,HD,2,HD,0.556783031374282,0.2629253203711887,0.1802916482545293,2,HD,2,HD,2,HD
2025-11-02,2025,F1,Brest,Lyon,1,0.2668524980545044,0.28755056858062744,0.44559693336486816,2,DA,2,DA,2,DA,0.288135593220339,0.2796610169491525,0.4322033898305084,2,DA,2,DA,2,DA
2025-11-02,2025,I1,Parma,Bologna,2,0.20449296825389612,0.2703613300567667,0.5251457016893372,2,DA,2,DA,2,DA,0.1992337164750958,0.3154533844189017,0.4853128991060026,2,DA,2,DA,2,DA
2025-11-02,2025,I1,Milan,Roma,0,0.46113935112953186,0.24092859029769897,0.29793205857276917,3,HDA,3,HDA,3,HDA,0.4072069160539711,0.3251999676819907,0.2675931162640381,3,HDA,3,HDA,1,D
2025-11-02,2025,SP1,Betis,Mallorca,0,0.6403316664596895,0.23264805279230913,0.1270202807480013,2,HD,2,HD,2,HD,0.6057427559984266,0.2235479218565622,0.1707093221450111,2,HD,1,H,1,H
2025-11-02,2025,I1,Verona,Inter,2,0.12126555496757231,0.11741585504639797,0.7613185899860297,1,A,1,A,1,A,0.11789181692094312,0.18862690707350904,0.6934812760055479,1,A,1,A,1,A
2025-11-02,2025,SP1,Levante,Celta,2,0.3085036185829753,0.2560898883315954,0.4354064930854293,3,HDA,2,DA,2,DA,0.3095099748208406,0.2822002711601782,0.4082897540189812,3,HDA,2,DA,2,DA
2025-11-02,2025,SP1,Alaves,Espanol,0,0.37463614344596863,0.317875474691391,0.3074883818626404,3,HDA,2,DA,2,DA,0.39616613418530355,0.30670926517571884,0.29712460063897767,3,HDA,3,HDA,2,DA
2025-11-02,2025,F1,Nantes,Metz,2,0.45604883265349766,0.33919911565783273,0.20475205168866958,3,HDA,2,HD,2,HD,0.4505119453924914,0.2627986348122867,0.2866894197952219,3,HDA,3,HDA,2,HD
2025-11-03,2025,E0,Sunderland,Everton,1,0.31178218126296997,0.2809290289878845,0.4072887897491455,3,HDA,2,DA,2,DA,0.2829028290282903,0.3111931119311192,0.4059040590405904,2,DA,2,DA,2,DA
2025-11-03,2025,I1,Sassuolo,Genoa,2,0.33669268081508036,0.3475889459970908,0.31571837318782886,3,HDA,2,DA,2,DA,0.3618968386023294,0.324459234608985,0.3136439267886855,3,HDA,2,DA,2,DA
2025-11-03,2025,I1,Lazio,Cagliari,0,0.5865565363598902,0.2622594457191394,0.1511840179209704,2,HD,2,HD,2,HD,0.5813953488372093,0.26162790697674426,0.15697674418604643,2,HD,2,HD,2,HD
2025-11-03,2025,SP1,Oviedo,Osasuna,1,0.30370354652404785,0.31920358538627625,0.3770928680896759,2,DA,2,DA,2,DA,0.2971246006389776,0.3067092651757188,0.3961661341853035,2,DA,2,DA,2,DA
2025-11-07,2025,SP1,Elche,Sociedad,1,0.3055560886859894,0.28060755133628845,0.41383635997772217,3,HDA,2,DA,2,DA,0.30625,0.30625,0.3875,3,HDA,2,DA,2,DA
2025-11-07,2025,D1,Werder Bremen,Wolfsburg,0,0.45357903838157654,0.24137726426124573,0.30504369735717773,3,HDA,3,HDA,2,DA,0.43653432427146494,0.26070799921768045,0.30275767651085467,3,HDA,3,HDA,3,HDA
2025-11-07,2025,I1,Pisa,Cremonese,0,0.45269940934480996,0.26890074405369924,0.27839984660149075,3,HDA,3,HDA,1,D,0.4134954884268341,0.3067869752844253,0.27971753628874063,3,HDA,3,HDA,1,D
2025-11-07,2025,F1,Paris FC,Rennes,2,0.3997446358356097,0.2656742474034877,0.3345811167609026,3,HDA,3,HDA,2,DA,0.42105263157894735,0.26315789473684215,0.31578947368421056,3,HDA,3,HDA,2,DA
2025-11-08,2025,F1,Le Havre,Nantes,1,0.4811896836403107,0.2936732383467782,0.22513707801291113,3,HDA,3,HDA,2,HD,0.4963871326339193,0.28579865212255956,0.21781421524352115,3,HDA,2,HD,2,HD
2025-11-08,2025,F1,Marseille,Brest,0,0.6429806851896541,0.21774433228754503,0.13927498252280082,2,HD,2,HD,1,H,0.6272727272727273,0.2090909090909091,0.1636363636363636,2,HD,1,H,1,H
2025-11-08,2025,E0,West Ham,Burnley,0,0.5192412966150625,0.27706907438050543,0.20368962900443208,3,HDA,2,HD,2,HD,0.5088777796931563,0.2615066367867609,0.2296155835200828,3,HDA,2,HD,2,HD
2025-11-08,2025,E0,Sunderland,Arsenal,1,0.15976839900534454,0.12264450365354485,0.7175870973411106,1,A,1,A,1,A,0.12593768556782242,0.21813686876643593,0.6559254456657417,2,DA,1,A,1,A
2025-11-08,2025,E0,Chelsea,Wolves,0,0.6969599671888353,0.189948736206079,0.1130912966050856,2,HD,2,HD,1,H,0.6934812760055479,0.18862690707350904,0.11789181692094312,1,H,1,H,1,H
2025-11-08,2025,SP1,Girona,Alaves,0,0.4038541913032532,0.27477332949638367,0.32137247920036316,3,HDA,3,HDA,2,DA,0.4505119453924915,0.28668941979522183,0.26279863481228666,3,HDA,3,HDA,2,HD
2025-11-08,2025,SP1,Ath Madrid,Levante,0,0.7534448189081556,0.14409463644380258,0.10246054464804175,1,H,1,H,1,H,0.7780921584478578,0.135610347615198,0.0862974939369442,1,H,1,H,1,H
2025-11-08,2025,F1,Monaco,Lens,2,0.42138039597156024,0.26859335712154847,0.3100262469068913,3,HDA,3,HDA,2,DA,0.475951184493898,0.2440775305096913,0.2799712849964106,3,HDA,3,HDA,2,HD
2025-11-08,2025,SP1,Sevilla,Osasuna,0,0.397704195907837,0.32269088395508777,0.27960492013707516,3,HDA,3,HDA,1,D,0.4069255600117382,0.2988359581336203,0.2942384818546415,3,HDA,3,HDA,2,DA
2025-11-08,2025,E0,Everton,Fulham,0,0.39751654863357544,0.27899259328842163,0.32349085807800293,3,HDA,3,HDA,2,DA,0.41395531164249316,0.28851430811446493,0.29753038024304196,3,HDA,3,HDA,2,DA
2025-11-08,2025,E0,Tottenham,Man United,1,0.35722945205060996,0.23442275030680748,0.4083477976425826,3,HDA,2,DA,2,DA,0.323940806811271,0.2763024528684371,0.3997567403202919,3,HDA,2,DA,2,DA
2025-11-08,2025,SP1,Espanol,Villarreal,2,0.42525891736921423,0.2126431230498291,0.3620979595809567,3,HDA,3,HDA,1,A,0.3397282174260591,0.2797761790567546,0.3804956035171862,3,HDA,2,DA,2,DA
2025-11-08,2025,D1,Hamburg,Dortmund,1,0.2180168162594328,0.26744730874581985,0.5145358749947473,2,DA,2,DA,2,DA,0.24666666666666665,0.24666666666666665,0.5066666666666667,2,DA,2,DA,2,DA
2025-11-08,2025,D1,Hoffenheim,RB Leipzig,0,0.40788620102575124,0.2294455583476192,0.36266824062662956,3,HDA,3,HDA,2,DA,0.34971607597415316,0.24848247503426663,0.40180144899158027,3,HDA,2,DA,2,DA
2025-11-08,2025,D1,Leverkusen,Heidenheim,0,0.7709543934748886,0.12952863065983744,0.09951697586527394,1,H,1,H,1,H,0.6627466613514054,0.20091688259916282,0.13633645604943193,2,HD,1,H,1,H
2025-11-08,2025,D1,Union Berlin,Bayern Munich,1,0.12361420783113097,0.09219823101310604,0.7841875611557629,1,A,1,A,1,A,0.08540656973613352,0.14453419493807212,0.7700592353257945,1,A,1,A,1,A
2025-11-08,2025,I1,Lecce,Verona,1,0.3952370466221259,0.3089046386210728,0.2958583147568013,3,HDA,2,DA,2,DA,0.3524229074889868,0.3303964757709251,0.3171806167400881,3,HDA,2,DA,2,DA
2025-11-08,2025,I1,Juventus,Torino,1,0.6973039819585077,0.18660742878649064,0.11608858925500166,2,HD,2,HD,1,H,0.6263219741480611,0.2291421856639248,0.1445358401880141,2,HD,2,HD,1,H
2025-11-08,2025,I1,Parma,Milan,1,0.15008524879432103,0.20799951815607318,0.6419152330496058,2,DA,2,DA,1,A,0.1437125748502994,0.2335329341317365,0.6227544910179641,2,DA,2,DA,1,A
2025-11-08,2025,D1,M'gladbach,FC Koln,0,0.3979014872879233,0.3163717483392879,0.2857267643727888,3,HDA,3,HDA,2,DA,0.4652011310772599,0.2543099516555687,0.2804889172671714,3,HDA,3,HDA,2,HD
2025-11-08,2025,I1,Como,Cagliari,1,0.6150485781572971,0.22525633535897233,0.15969508648373057,2,HD,2,HD,2,HD,0.6046811624762779,0.2434229295096811,0.151895908014041,2,HD,2,HD,2,HD
2025-11-09,2025,I1,Genoa,Fiorentina,1,0.30053492191642056,0.3154800126242645,0.38398506545931493,2,DA,2,DA,2,DA,0.30719219829337663,0.35270215359609913,0.34010564811052413,3,HDA,2,DA,2,DA
2025-11-09,2025,E0,Man City,Liverpool,0,0.46882821526611496,0.24612555641310085,0.28504622832078425,3,HDA,3,HDA,3,HDA,0.5129935875801552,0.2372595342558218,0.2497468781640229,3,HDA,3,HDA,1,H
2025-11-09,2025,E0,Nott'm Forest,Leeds,0,0.3489232063293457,0.2685992419719696,0.3824775516986847,3,HDA,2,DA,2,DA,0.4265402843601896,0.31279620853080564,0.26066350710900477,3,HDA,3,HDA,1,D
2025-11-09,2025,E0,Crystal Palace,Brighton,1,0.3944733440876007,0.30373430252075195,0.30179235339164734,3,HDA,2,DA,2,DA,0.40106951871657753,0.28074866310160435,0.3181818181818182,3,HDA,3,HDA,2,DA
2025-11-09,2025,F1,Strasbourg,Lille,0,0.3327280481295614,0.3475311605650878,0.3197407913053507,3,HDA,2,DA,2,DA,0.3658536585365854,0.2536585365853659,0.3804878048780488,3,HDA,2,DA,2,DA
2025-11-09,2025,I1,Roma,Udinese,0,0.6324512002040148,0.24413853303114075,0.12341026676484446,2,HD,2,HD,2,HD,0.6180910495661477,0.23641982645905146,0.14548912397480093,2,HD,2,HD,1,H
2025-11-09,2025,I1,Inter,Lazio,0,0.797686922584669,0.12440285646315133,0.07791022095217971,1,H,1,H,1,H,0.7258900795022468,0.17974421016246112,0.09436571033529202,1,H,1,H,1,H
2025-11-09,2025,I1,Bologna,Napoli,0,0.320564249770768,0.2607241350628178,0.41871161516641425,3,HDA,2,DA,2,DA,0.31494404756988886,0.32580418714126447,0.35925176528884667,3,HDA,2,DA,2,DA
2025-11-09,2025,E0,Brentford,Newcastle,0,0.37407181781744414,0.2833724106363181,0.3425557715462378,3,HDA,2,DA,2,DA,0.3397282174260591,0.2797761790567546,0.3804956035171862,3,HDA,2,DA,2,DA
2025-11-09,2025,I1,Atalanta,Sassuolo,2,0.7183396709212709,0.16415774577621003,0.11750258330251898,2,HD,1,H,1,H,0.6386964914272738,0.21006017940274782,0.15124332916997843,2,HD,1,H,1,H
2025-11-09,2025,SP1,Mallorca,Getafe,0,0.4591932755949117,0.2995342224975162,0.2412725019075721,3,HDA,3,HDA,2,HD,0.3783122706889524,0.32613126783530366,0.29555646147574394,3,HDA,2,DA,2,DA
2025-11-09,2025,E0,Aston Villa,Bournemouth,0,0.4419593415892713,0.25702188101215234,0.30101877739857635,3,HDA,3,HDA,2,DA,0.41002004008016035,0.28577154308617236,0.30420841683366734,3,HDA,3,HDA,2,DA
2025-11-09,2025,D1,Stuttgart,Augsburg,0,0.6417949795722961,0.23092570900917053,0.12727931141853333,2,HD,2,HD,2,HD,0.6098357297414952,0.21830147369499253,0.17186279656351222,2,HD,1,H,1,H
2025-11-09,2025,F1,Angers,Auxerre,0,0.36060101868513283,0.355412195784217,0.2839867855306502,3,HDA,2,DA,1,D,0.37037037037037046,0.31481481481481477,0.31481481481481477,3,HDA,2,DA,2,DA
2025-11-09,2025,SP1,Ath Bilbao,Oviedo,0,0.46051655827413324,0.38324828793858623,0.1562351537872805,2,HD,2,HD,2,HD,0.5932203389830509,0.27118644067796616,0.13559322033898302,2,HD,2,HD,2,HD
2025-11-09,2025,SP1,Valencia,Betis,1,0.24179803915909107,0.2908861171105258,0.4673158437303831,2,DA,2,DA,2,DA,0.2650334075723831,0.2806236080178174,0.4543429844097996,2,DA,2,DA,2,DA
2025-11-09,2025,D1,Freiburg,St Pauli,0,0.5238962691441734,0.25574856615441194,0.22035516470141464,3,HDA,2,HD,2,HD,0.5392195506503745,0.2621206148994876,0.1986598344501379,3,HDA,2,HD,2,HD
2025-11-09,2025,D1,Ein Frankfurt,Mainz,0,0.5233919542522437,0.22293434704938014,0.25367369869837614,3,HDA,3,HDA,2,HD,0.5028882093102277,0.23887189942235815,0.25823989126741415,3,HDA,3,HDA,1,H
2025-11-09,2025,F1,Lorient,Toulouse,1,0.3144521415233612,0.2835344076156616,0.4020134508609772,3,HDA,2,DA,2,DA,0.30688563514048284,0.28828650573802933,0.40482785912148794,3,HDA,2,DA,2,DA
2025-11-09,2025,F1,Metz,Nice,0,0.3403302329680254,0.26916646155218893,0.3905033054797856,3,HDA,2,DA,2,DA,0.3157894736842105,0.2631578947368421,0.4210526315789473,3,HDA,2,DA,2,DA
2025-11-09,2025,F1,Lyon,Paris SG,2,0.2525832502494305,0.18119119517855672,0.5662255545720127,2,DA,1,A,1,A,0.1648842838663405,0.2312401542027946,0.6038755619308649,2,DA,2,DA,1,A
2025-11-09,2025,SP1,Vallecano,Real Madrid,1,0.14409544218013176,0.14309734745758834,0.7128072103622799,1,A,1,A,1,A,0.1806150978564771,0.1996272134203169,0.619757688723206,2,DA,1,A,1,A
2025-11-09,2025,SP1,Celta,Barcelona,2,0.2748243644938252,0.20784758282616242,0.5173280526800125,2,DA,2,DA,1,A,0.2316517662484654,0.2193469380181773,0.5490012957333573,2,DA,1,A,1,A
2025-11-21,2025,SP1,Valencia,Levante,0,0.42498065940949287,0.33492781228994484,0.24009152830056227,3,HDA,3,HDA,1,D,0.4605263157894738,0.26973684210526316,0.26973684210526316,3,HDA,3,HDA,2,HD
2025-11-21,2025,D1,Mainz,Hoffenheim,1,0.3209092915058136,0.31423652172088623,0.36485418677330017,3,HDA,2,DA,2,DA,0.3835227272727272,0.26846590909090906,0.34801136363636365,3,HDA,2,DA,2,DA
2025-11-21,2025,F1,Nice,Marseille,2,0.2665757020287425,0.2489849999244511,0.4844392980468064,2,DA,2,DA,2,DA,0.256578947368421,0.256578947368421,0.4868421052631579,2,DA,2,DA,2,DA
2025-11-22,2025,SP1,Villarreal,Mallorca,0,0.7364478221006366,0.13189694481934525,0.13165523308001806,1,H,1,H,1,H,0.6849315068493151,0.1890410958904109,0.1260273972602739,1,H,1,H,1,H
2025-11-22,2025,SP1,Alaves,Celta,2,0.38405482816532766,0.2680385330903967,0.34790663874427563,3,HDA,2,DA,2,DA,0.35242290748898675,0.31718061674008813,0.33039647577092507,3,HDA,2,DA,2,DA
2025-11-22,2025,SP1,Barcelona,Ath Bilbao,0,0.7391899824142456,0.14114607870578766,0.11966393887996674,1,H,1,H,1,H,0.6570302233902761,0.19053876478318,0.152431011826544,1,H,1,H,1,H
2025-11-22,2025,SP1,Osasuna,Sociedad,2,0.3820978587240619,0.2854148064430116,0.33248733483292653,3,HDA,2,DA,2,DA,0.3493975903614458,0.3253012048192771,0.3253012048192771,3,HDA,2,DA,2,DA
2025-11-22,2025,D1,Augsburg,Hamburg,0,0.28319985518455076,0.3518292114683751,0.3649709333470742,2,DA,2,DA,2,DA,0.38049560351718625,0.27977617905675467,0.33972821742605913,3,HDA,2,DA,2,DA
2025-11-22,2025,D1,FC Koln,Ein Frankfurt,2,0.41152457629217437,0.2722750685296973,0.31620035517812833,3,HDA,3,HDA,2,DA,0.3478260869565217,0.2608695652173913,0.391304347826087,3,HDA,2,DA,2,DA
2025-11-22,2025,I1,Udinese,Bologna,2,0.32404640316963196,0.2775035798549652,0.39845001697540283,3,HDA,2,DA,2,DA,0.3156822810590631,0.3054989816700611,0.3788187372708758,3,HDA,2,DA,2,DA
2025-11-22,2025,F1,Lens,Strasbourg,0,0.4679261465116652,0.24593739235774323,0.28613646113059155,3,HDA,3,HDA,3,HDA,0.4438612933458294,0.2579194001874414,0.2982193064667292,3,HDA,3,HDA,3,HDA
2025-11-22,2025,F1,Rennes,Monaco,0,0.3842836320400238,0.2739892899990082,0.341727077960968,3,HDA,2,DA,2,DA,0.4041349717183538,0.2566803198751706,0.3391847084064756,3,HDA,3,HDA,2,DA
2025-11-22,2025,F1,Paris SG,Le Havre,0,0.7224265121690479,0.16176032537936194,0.11581316245159022,2,HD,1,H,1,H,0.7700592353257945,0.14453419493807212,0.08540656973613352,1,H,1,H,1,H
2025-11-22,2025,I1,Cagliari,Genoa,1,0.2945723411185945,0.3147249111369199,0.3907027477444856,2,DA,2,DA,2,DA,0.2945335059245245,0.3300806531912775,0.375385840884198,2,DA,2,DA,2,DA
2025-11-22,2025,D1,Wolfsburg,Leverkusen,2,0.37005794048309326,0.1944662630558014,0.43547579646110535,3,HDA,2,DA,1,A,0.2781844802342606,0.2489019033674963,0.472913616398243,2,DA,2,DA,2,DA
2025-11-22,2025,E0,Newcastle,Man City,0,0.37639542853243013,0.19555799371662747,0.42804657775094246,3,HDA,2,DA,1,A,0.24982124483353965,0.25315219476465356,0.4970265604018068,2,DA,2,DA,2,DA
2025-11-22,2025,I1,Napoli,Atalanta,0,0.4586050740092237,0.23282460521422915,0.30857032077654717,3,HDA,3,HDA,3,HDA,0.418835684482416,0.3039936419630439,0.27717067355454,3,HDA,3,HDA,1,D
2025-11-22,2025,E0,Bournemouth,West Ham,1,0.594665101250036,0.2089000313147898,0.1964348674351742,3,HDA,2,HD,1,H,0.5714914533049666,0.2299904629154134,0.19851808377962,3,HDA,2,HD,1,H
2025-11-22,2025,E0,Fulham,Sunderland,0,0.583124492326774,0.23219597791749338,0.18467952975573257,3,HDA,2,HD,2,HD,0.4788732394366198,0.28169014084507044,0.23943661971830985,3,HDA,3,HDA,2,HD
2025-11-22,2025,E0,Liverpool,Nott'm Forest,2,0.739881721879606,0.15274869474577513,0.10736958337461887,2,HD,1,H,1,H,0.6538661131292165,0.21069019200830302,0.13544369486248053,2,HD,1,H,1,H
2025-11-22,2025,E0,Wolves,Crystal Palace,2,0.19769338067909153,0.22071613700264897,0.5815904823182595,2,DA,2,DA,2,DA,0.21162790697674416,0.24418604651162795,0.5441860465116279,2,DA,2,DA,2,DA
2025-11-22,2025,E0,Brighton,Brentford,0,0.37154399241375946,0.25802545970602453,0.370430547880216,3,HDA,2,DA,2,DA,0.4415584415584415,0.2792207792207792,0.2792207792207792,3,HDA,3,HDA,2,HD
2025-11-22,2025,E0,Burnley,Chelsea,2,0.20081434252304858,0.31241596676158806,0.48676969071536336,2,DA,2,DA,2,DA,0.18812989921612544,0.22396416573348263,0.587905935050392,2,DA,1,A,1,A
2025-11-22,2025,I1,Fiorentina,Juventus,1,0.2080610456484868,0.31460855348731737,0.47733040086419587,2,DA,2,DA,2,DA,0.24967706218859564,0.28750692009595863,0.4628160177154457,2,DA,2,DA,2,DA
2025-11-22,2025,D1,Dortmund,Stuttgart,1,0.6575638153786035,0.17852108446540063,0.16391510015599578,2,HD,1,H,1,H,0.5360824742268041,0.2405498281786942,0.2233676975945017,3,HDA,2,HD,1,H
2025-11-22,2025,D1,Bayern Munich,Freiburg,0,0.7866968395308132,0.1280725430239358,0.08523061744525108,1,H,1,H,1,H,0.8088978766430739,0.1183013144590495,0.0728008088978766,1,H,1,H,1,H
2025-11-22,2025,D1,Heidenheim,M'gladbach,2,0.1844809353351593,0.2980528771877289,0.5174661874771118,2,DA,2,DA,2,DA,0.27754795035727714,0.26212861978187285,0.4603234298608499,2,DA,2,DA,2,DA
2025-11-23,2025,F1,Nantes,Lorient,1,0.2808765554689334,0.2764394961726515,0.442683948358415,2,DA,2,DA,2,DA,0.316546762589928,0.2877697841726619,0.3956834532374101,3,HDA,2,DA,2,DA
2025-11-23,2025,I1,Inter,Milan,2,0.4374544788165546,0.2801608955812187,0.2823846256022267,3,HDA,3,HDA,1,D,0.4644412191582004,0.29753265602322204,0.23802612481857766,3,HDA,3,HDA,2,HD
2025-11-23,2025,D1,RB Leipzig,Werder Bremen,0,0.6674368679867775,0.1993716895299415,0.13319144248328102,2,HD,2,HD,1,H,0.619757688723206,0.1996272134203169,0.1806150978564771,2,HD,1,H,1,H
2025-11-23,2025,I1,Lazio,Lecce,0,0.4345336297432405,0.3324513833253751,0.2330149869313844,3,HDA,3,HDA,1,D,0.5157579502780816,0.30446356419641585,0.17977848552550263,2,HD,2,HD,2,HD
2025-11-23,2025,I1,Cremonese,Roma,2,0.16696527102693107,0.22820168053502796,0.604833048438041,2,DA,2,DA,2,DA,0.18918918918918926,0.27027027027027023,0.5405405405405406,2,DA,2,DA,2,DA
2025-11-23,2025,I1,Verona,Parma,2,0.39175288701793887,0.29474451259539985,0.3135026003866613,3,HDA,2,DA,2,DA,0.4512877939529675,0.3057110862262038,0.2430011198208287,3,HDA,3,HDA,2,HD
2025-11-23,2025,F1,Toulouse,Angers,2,0.5750841412680724,0.24991577491289713,0.17500008381903046,3,HDA,2,HD,2,HD,0.5613836121349589,0.2650978168415083,0.1735185710235327,2,HD,2,HD,2,HD
2025-11-23,2025,F1,Brest,Metz,0,0.5021576135707613,0.2975125224139535,0.20032986401528524,3,HDA,2,HD,2,HD,0.5112910097997444,0.25223689816787387,0.23647209203238176,3,HDA,3,HDA,2,HD
2025-11-23,2025,F1,Lille,Paris FC,0,0.5411465087362154,0.27410575339040527,0.1847477378733793,3,HDA,2,HD,2,HD,0.5674708261793209,0.2429939178767861,0.1895352559438931,3,HDA,2,HD,2,HD
2025-11-23,2025,E0,Leeds,Aston Villa,2,0.30899352052865736,0.2785394538754713,0.4124670255958713,3,HDA,2,DA,2,DA,0.2948183442525313,0.2858844550327576,0.4192972007147111,2,DA,2,DA,2,DA
2025-11-23,2025,D1,St Pauli,Union Berlin,2,0.2944894818809474,0.35669050683648906,0.34882001128256357,2,DA,2,DA,2,DA,0.35925176528884667,0.31494404756988886,0.32580418714126447,3,HDA,2,DA,2,DA
2025-11-23,2025,E0,Arsenal,Tottenham,0,0.7609488594814795,0.13348468045844675,0.10556646006007374,1,H,1,H,1,H,0.643819671016857,0.2200584556824361,0.1361218733007069,2,HD,1,H,1,H
2025-11-23,2025,SP1,Oviedo,Vallecano,1,0.2881168596814191,0.31596728062434676,0.3959158596942341,2,DA,2,DA,2,DA,0.2713955281418658,0.2968388589051658,0.4317656129529684,2,DA,2,DA,2,DA
2025-11-23,2025,SP1,Getafe,Ath Madrid,2,0.23599271827925322,0.24024033904433756,0.5237669426764092,2,DA,2,DA,2,DA,0.20029293888522262,0.27982101756023764,0.5198860435545398,2,DA,2,DA,2,DA
2025-11-23,2025,SP1,Betis,Girona,1,0.6727150478149936,0.19095624414216744,0.13632870804283892,2,HD,2,HD,1,H,0.6304056523328055,0.20733341454501153,0.16226093312218293,2,HD,1,H,1,H
2025-11-23,2025,SP1,Elche,Real Madrid,1,0.10777332874625911,0.13052185171518887,0.761704819538552,1,A,1,A,1,A,0.1453287197231834,0.1799307958477508,0.6747404844290658,1,A,1,A,1,A
2025-11-23,2025,F1,Auxerre,Lyon,1,0.25433982176601355,0.2861715044430347,0.45948867379095176,2,DA,2,DA,2,DA,0.24305555555555555,0.27083333333333326,0.4861111111111111,2,DA,2,DA,2,DA
2025-11-24,2025,E0,Man United,Everton,2,0.4700794377899338,0.2716526308163216,0.2582679313937446,3,HDA,3,HDA,2,HD,0.5088777796931563,0.2615066367867609,0.2296155835200828,3,HDA,2,HD,2,HD
2025-11-24,2025,I1,Sassuolo,Pisa,1,0.4993336796760559,0.31433188915252686,0.18633443117141724,3,HDA,2,HD,2,HD,0.4754683318465655,0.2925958965209634,0.231935771632471,3,HDA,2,HD,2,HD
2025-11-24,2025,I1,Torino,Como,2,0.2512632756672337,0.34174097527617364,0.40699574905659264,2,DA,2,DA,2,DA,0.2633204633204634,0.30579150579150577,0.4308880308880309,2,DA,2,DA,2,DA
2025-11-24,2025,SP1,Espanol,Sevilla,0,0.5534590647655446,0.2043685973992526,0.24217233783520276,3,HDA,3,HDA,1,H,0.5257095980311732,0.25575061525840853,0.21853978671041832,3,HDA,2,HD,2,HD
2025-11-28,2025,SP1,Getafe,Elche,0,0.5176861209022087,0.23388681957294316,0.24842705952484817,3,HDA,3,HDA,2,HD,0.4223031232036788,0.3276489748994061,0.2500479018969151,3,HDA,3,HDA,1,D
2025-11-28,2025,I1,Como,Sassuolo,0,0.50873320536713,0.2701871950896502,0.22107959954321982,3,HDA,2,HD,2,HD,0.5263157894736843,0.26315789473684215,0.21052631578947362,3,HDA,2,HD,2,HD
2025-11-28,2025,D1,M'gladbach,RB Leipzig,1,0.3402118486229136,0.29075536998377355,0.36903278139331286,3,HDA,2,DA,2,DA,0.33432392273402683,0.24962852897473994,0.4160475482912333,3,HDA,2,DA,2,DA
2025-11-28,2025,F1,Metz,Rennes,2,0.2654304762865532,0.24632070591567895,0.48824881779776785,2,DA,2,DA,2,DA,0.24913617435988303,0.24585806680251612,0.5050057588376009,2,DA,2,DA,2,DA
2025-11-29,2025,SP1,Levante,Ath Bilbao,2,0.18099642339338134,0.303430119259063,0.5155734573475557,2,DA,2,DA,2,DA,0.24604569420035152,0.27416520210896306,0.47978910369068545,2,DA,2,DA,2,DA
2025-11-29,2025,E0,Everton,Newcastle,2,0.4321386516094208,0.27719008922576904,0.2906712591648102,3,HDA,3,HDA,2,DA,0.36087484811664644,0.28760631834750905,0.35151883353584445,3,HDA,2,DA,2,DA
2025-11-29,2025,E0,Sunderland,Bournemouth,0,0.3040472657694598,0.2318454453899099,0.4641072888406303,3,HDA,2,DA,2,DA,0.2975303802430419,0.2885143081144649,0.4139553116424932,2,DA,2,DA,2,DA
2025-11-29,2025,E0,Tottenham,Fulham,2,0.3819115871760722,0.2509538010047019,0.3671346118192259,3,HDA,2,DA,2,DA,0.40106951871657753,0.28074866310160435,0.3181818181818182,3,HDA,3,HDA,2,DA
2025-11-29,2025,E0,Brentford,Burnley,0,0.693874558623867,0.171749984376132,0.13437545700000098,2,HD,1,H,1,H,0.6371481479804588,0.2177781198639905,0.1450737321555506,2,HD,1,H,1,H
2025-11-29,2025,F1,Monaco,Paris SG,0,0.24241236574686664,0.3364005487084552,0.42118708554467815,2,DA,2,DA,2,DA,0.21843546363997915,0.22519656132407376,0.5563679750359471,2,DA,1,A,1,A
2025-11-29,2025,SP1,Mallorca,Osasuna,1,0.38368451595306396,0.2989681363105774,0.31734734773635864,3,HDA,2,DA,2,DA,0.39616613418530355,0.30670926517571884,0.29712460063897767,3,HDA,3,HDA,2,DA
2025-11-29,2025,F1,Paris FC,Auxerre,1,0.6083105893181352,0.21106097416670583,0.18062843651515895,3,HDA,2,HD,1,H,0.5078597339782347,0.26844014510278114,0.22370012091898425,3,HDA,2,HD,2,HD
2025-11-29,2025,F1,Marseille,Toulouse,1,0.5647746577013131,0.19188120328848973,0.2433441390101972,3,HDA,3,HDA,1,H,0.5618659104350859,0.240593864211947,0.197540225352967,3,HDA,2,HD,1,H
2025-11-29,2025,D1,Leverkusen,Dortmund,2,0.35892398234975287,0.35490421518397974,0.28617180246626744,3,HDA,2,DA,2,DA,0.35062611806797855,0.26296958855098396,0.3864042933810376,3,HDA,2,DA,2,DA
2025-11-29,2025,E0,Man City,Leeds,0,0.7711509408716042,0.1397101868710653,0.08913887225733047,1,H,1,H,1,H,0.7879656160458454,0.12607449856733524,0.08595988538681941,1,H,1,H,1,H
2025-11-29,2025,D1,Bayern Munich,St Pauli,0,0.8670612171380494,0.08858572144625458,0.044353061415696025,1,H,1,H,1,H,0.8603031544448997,0.09463334698893891,0.04506349856616141,1,H,1,H,1,H
2025-11-29,2025,D1,Hoffenheim,Augsburg,0,0.5289022922515869,0.24910257756710052,0.22199513018131256,3,HDA,2,HD,2,HD,0.5483028720626633,0.2258485639686684,0.2258485639686684,3,HDA,2,HD,1,H
2025-11-29,2025,SP1,Ath Madrid,Oviedo,0,0.7009231448173523,0.18449176847934723,0.11458508670330048,2,HD,1,H,1,H,0.761904761904762,0.15873015873015872,0.07936507936507932,1,H,1,H,1,H
2025-11-29,2025,D1,Union Berlin,Heidenheim,2,0.594874240648961,0.28550632724514874,0.11961943210589021,2,HD,2,HD,2,HD,0.596284207883505,0.2510670348983179,0.1526487572181772,2,HD,2,HD,2,HD
2025-11-29,2025,D1,Werder Bremen,FC Koln,1,0.45498001307129937,0.2296188908588225,0.3154010960698781,3,HDA,3,HDA,3,HDA,0.4381245196003075,0.24788624135280554,0.31398923904688697,3,HDA,3,HDA,3,HDA
2025-11-29,2025,I1,Juventus,Cagliari,0,0.7817318148265848,0.13880365569875927,0.07946452947465593,1,H,1,H,1,H,0.7709033405811426,0.15675034591816564,0.07234631350069182,1,H,1,H,1,H
2025-11-29,2025,I1,Genoa,Verona,0,0.44217841844155625,0.262898958066199,0.29492262349224474,3,HDA,3,HDA,2,DA,0.4571013966987122,0.33466352258298565,0.20823508071830216,3,HDA,2,HD,2,HD
2025-11-29,2025,I1,Milan,Lazio,0,0.5734491177365447,0.24945653231571518,0.17709434994774015,3,HDA,2,HD,2,HD,0.574712643678161,0.25287356321839083,0.17241379310344823,2,HD,2,HD,2,HD
2025-11-29,2025,SP1,Barcelona,Alaves,0,0.7372347382947174,0.1493727498036884,0.11339251190159416,1,H,1,H,1,H,0.759124087591241,0.145985401459854,0.0948905109489051,1,H,1,H,1,H
2025-11-29,2025,I1,Parma,Udinese,2,0.3929861964885534,0.3041319160422112,0.30288188746923544,3,HDA,2,DA,2,DA,0.34069400630914826,0.31230283911671924,0.34700315457413244,3,HDA,2,DA,2,DA
2025-11-30,2025,D1,Hamburg,Stuttgart,0,0.3789557999683678,0.3025931327762266,0.31845106725540556,3,HDA,2,DA,2,DA,0.34801136363636365,0.26846590909090906,0.3835227272727273,3,HDA,2,DA,2,DA
2025-11-30,2025,F1,Le Havre,Lille,2,0.15239068638696243,0.22608367761844878,0.6215256359945888,2,DA,2,DA,2,DA,0.20007724990343762,0.25685592893008885,0.5430668211664736,2,DA,2,DA,2,DA
2025-11-30,2025,F1,Lyon,Nantes,0,0.7704513726417077,0.14685554911833665,0.08269307823995559,1,H,1,H,1,H,0.6803939122649956,0.2005371530886302,0.1190689346463742,2,HD,1,H,1,H
2025-11-30,2025,F1,Lorient,Nice,0,0.4146809218126398,0.23253179740113322,0.35278728078622695,3,HDA,3,HDA,2,DA,0.4041204437400951,0.2793185419968304,0.3165610142630745,3,HDA,3,HDA,2,DA
2025-11-30,2025,SP1,Girona,Real Madrid,1,0.10368189061162039,0.12273560281491872,0.773582506573461,1,A,1,A,1,A,0.13614349775784754,0.17327354260089683,0.6905829596412557,1,A,1,A,1,A
2025-11-30,2025,I1,Roma,Napoli,2,0.36451245440579816,0.3474629326898734,0.2880246129043285,3,HDA,2,DA,2,DA,0.3463687150837989,0.3463687150837989,0.3072625698324022,3,HDA,2,DA,2,DA
2025-11-30,2025,SP1,Sevilla,Betis,2,0.3650168180465698,0.3109893798828125,0.3239938020706177,3,HDA,2,DA,2,DA,0.3592851147460438,0.2907445697791062,0.34997031547485,3,HDA,2,DA,2,DA
2025-11-30,2025,D1,Ein Frankfurt,Wolfsburg,1,0.43319864770178057,0.2738692380824912,0.29293211421572823,3,HDA,3,HDA,2,DA,0.4861111111111111,0.24305555555555555,0.27083333333333326,3,HDA,3,HDA,2,HD
2025-11-30,2025,SP1,Sociedad,Villarreal,2,0.3687281200668776,0.2761960841358875,0.3550757957972349,3,HDA,2,DA,2,DA,0.3371104815864023,0.2776203966005666,0.3852691218130311,3,HDA,2,DA,2,DA
2025-11-30,2025,D1,Freiburg,Mainz,0,0.5537334680557251,0.26029172539711,0.18597480654716492,3,HDA,2,HD,2,HD,0.5417770286539852,0.24993980255237172,0.20828316879364311,3,HDA,2,HD,2,HD
2025-11-30,2025,SP1,Celta,Espanol,2,0.4889183421916511,0.27527307233483767,0.23580858547351127,3,HDA,3,HDA,2,HD,0.5112936691351361,0.27025522511428623,0.21845110575057772,3,HDA,2,HD,2,HD
2025-11-30,2025,I1,Lecce,Torino,0,0.38649289648256013,0.27546276821307036,0.33804433530436945,3,HDA,2,DA,2,DA,0.3142330860755712,0.32732613132872,0.3584407825957087,3,HDA,2,DA,2,DA
2025-11-30,2025,I1,Pisa,Inter,2,0.09154790304070277,0.11228403205949211,0.7961680648998051,1,A,1,A,1,A,0.0943396226415094,0.1509433962264151,0.7547169811320755,1,A,1,A,1,A
2025-11-30,2025,F1,Angers,Lens,2,0.2018643170595169,0.22219733893871307,0.57593834400177,2,DA,2,DA,2,DA,0.2007380073800738,0.2383763837638376,0.5608856088560886,2,DA,2,DA,1,A
2025-11-30,2025,F1,Strasbourg,Brest,2,0.5405793866601495,0.2570132055433572,0.2024074077964933,3,HDA,2,HD,2,HD,0.5292717447246527,0.2507076685537828,0.2200205867215645,3,HDA,2,HD,2,HD
2025-11-30,2025,E0,Crystal Palace,Man United,2,0.47190584326071017,0.2544679565886272,0.27362620015066264,3,HDA,3,HDA,2,HD,0.4636078864934587,0.2568638290031325,0.2795282845034089,3,HDA,3,HDA,2,HD
2025-11-30,2025,I1,Atalanta,Fiorentina,0,0.5250129621474003,0.33501815296682486,0.13996888488577477,2,HD,2,HD,2,HD,0.5835764902042518,0.236348478532722,0.1800750312630262,2,HD,2,HD,1,H
2025-11-30,2025,E0,Nott'm Forest,Brighton,2,0.3457002485230454,0.23569879372274308,0.4186009577542115,3,HDA,2,DA,2,DA,0.3191237418590882,0.2901124925991711,0.3907637655417407,3,HDA,2,DA,2,DA
2025-11-30,2025,E0,West Ham,Liverpool,2,0.24910900744470932,0.159736375220526,0.5911546173347647,2,DA,1,A,1,A,0.1968103628386378,0.2077442718852288,0.5954453652761335,2,DA,1,A,1,A
2025-11-30,2025,E0,Chelsea,Arsenal,1,0.2578430848670925,0.3136359546672092,0.42852096046569826,2,DA,2,DA,2,DA,0.33009708737864074,0.29708737864077667,0.37281553398058254,3,HDA,2,DA,2,DA
2025-11-30,2025,E0,Aston Villa,Wolves,0,0.6436137865358389,0.22463630625741304,0.1317499072067481,2,HD,2,HD,2,HD,0.6355932203389831,0.211864406779661,0.1525423728813559,2,HD,1,H,1,H
2025-12-01,2025,SP1,Vallecano,Valencia,1,0.4731376555649494,0.30515365428535696,0.22170869014969363,3,HDA,2,HD,2,HD,0.471947194719472,0.286028602860286,0.242024202420242,3,HDA,3,HDA,2,HD
2025-12-01,2025,I1,Bologna,Cremonese,2,0.6494879029767527,0.21955014438107395,0.13096195264217328,2,HD,2,HD,2,HD,0.6180910495661477,0.23641982645905146,0.14548912397480093,2,HD,2,HD,1,H
2025-12-02,2025,E0,Fulham,Man City,2,0.14558775506037838,0.2140761581945992,0.6403360867450224,2,DA,2,DA,1,A,0.1895053475935829,0.2256016042780748,0.5848930481283423,2,DA,2,DA,1,A
2025-12-02,2025,E0,Newcastle,Tottenham,1,0.5296348333358765,0.2623179256916046,0.20804724097251892,3,HDA,2,HD,2,HD,0.5112910097997444,0.25223689816787387,0.23647209203238176,3,HDA,3,HDA,2,HD
2025-12-02,2025,SP1,Barcelona,Ath Madrid,0,0.5697860717773438,0.25124871730804443,0.17896521091461182,3,HDA,2,HD,2,HD,0.5645371577574968,0.2177314211212516,0.2177314211212516,3,HDA,1,H,1,H
2025-12-02,2025,E0,Bournemouth,Everton,2,0.46300114580992296,0.24783290171125238,0.28916595247882465,3,HDA,3,HDA,3,HDA,0.44134505158578524,0.2711119602598396,0.28754298815437523,3,HDA,3,HDA,3,HDA
2025-12-03,2025,E0,Wolves,Nott'm Forest,2,0.282028875290487,0.27358829159771525,0.44438283311179777,2,DA,2,DA,2,DA,0.30709067810068286,0.29291726218834374,0.39999205971097346,3,HDA,2,DA,2,DA
2025-12-03,2025,E0,Leeds,Chelsea,0,0.32502612471580505,0.3122549057006836,0.36271896958351135,3,HDA,2,DA,2,DA,0.24305555555555555,0.27083333333333326,0.4861111111111111,2,DA,2,DA,2,DA
2025-12-03,2025,E0,Burnley,Crystal Palace,2,0.14787218856049708,0.3576334332009216,0.49449437823858133,2,DA,2,DA,2,DA,0.19950795725378645,0.25271007918812943,0.5477819635580842,2,DA,2,DA,2,DA
2025-12-03,2025,E0,Brighton,Aston Villa,2,0.4595434436134017,0.2497801668909217,0.2906763894956766,3,HDA,3,HDA,3,HDA,0.422852701127089,0.27982899339292655,0.29731830547998445,3,HDA,3,HDA,2,DA
2025-12-03,2025,E0,Liverpool,Sunderland,1,0.7248328220124122,0.13880631120791567,0.1363608667796721,1,H,1,H,1,H,0.6936936936936937,0.1715315315315315,0.1347747747747747,1,H,1,H,1,H
2025-12-03,2025,SP1,Ath Bilbao,Real Madrid,2,0.30011503697127323,0.20492176442872073,0.49496319860000604,2,DA,2,DA,1,A,0.2364720920323818,0.2522368981678739,0.5112910097997444,2,DA,2,DA,2,DA
2025-12-03,2025,E0,Arsenal,Brentford,0,0.6212530824728769,0.2257468585036227,0.15300005902350036,2,HD,2,HD,2,HD,0.6645008860011814,0.2096869462492616,0.125812167749557,2,HD,1,H,1,H
2025-12-04,2025,E0,Man United,West Ham,1,0.7177868699367902,0.18605726021698893,0.0961558698462209,2,HD,2,HD,1,H,0.6747404844290658,0.1799307958477508,0.1453287197231834,1,H,1,H,1,H
2025-12-05,2025,SP1,Oviedo,Mallorca,1,0.43844994535743864,0.27497910112018,0.2865709535223814,3,HDA,3,HDA,2,DA,0.3663929248262793,0.3221730890713835,0.31143398610233736,3,HDA,2,DA,2,DA
2025-12-05,2025,F1,Brest,Monaco,0,0.23801800963309422,0.2325949852555243,0.5293870051113815,2,DA,2,DA,2,DA,0.28421839940164545,0.24682124158563945,0.4689603590127151,2,DA,2,DA,2,DA
2025-12-05,2025,D1,Mainz,M'gladbach,2,0.32529089824232155,0.22632438618911463,0.4483847155685638,3,HDA,2,DA,2,DA,0.3450439146800502,0.2823086574654956,0.3726474278544542,3,HDA,2,DA,2,DA
2025-12-05,2025,F1,Lille,Marseille,0,0.4430102805937701,0.21197403019782765,0.3450156892084022,3,HDA,3,HDA,1,A,0.4043126684636119,0.2749326145552561,0.3207547169811321,3,HDA,3,HDA,2,DA
2025-12-06,2025,E0,Newcastle,Burnley,0,0.7537283357510591,0.1362286369221556,0.11004302732678523,1,H,1,H,1,H,0.7282229965156796,0.17212543554006965,0.09965156794425083,1,H,1,H,1,H
2025-12-06,2025,F1,Nantes,Lens,2,0.17832490801811218,0.1819833219051361,0.6396917700767517,2,DA,1,A,1,A,0.1895352559438931,0.2429939178767861,0.5674708261793209,2,DA,2,DA,2,DA
2025-12-06,2025,E0,Everton,Nott'm Forest,0,0.40737681366870365,0.30562611503523246,0.28699707129606394,3,HDA,3,HDA,2,DA,0.4637336504161712,0.2925089179548157,0.2437574316290131,3,HDA,3,HDA,2,HD
2025-12-06,2025,E0,Man City,Sunderland,0,0.8020641327211877,0.10691919337092629,0.09101667390788605,1,H,1,H,1,H,0.759124087591241,0.145985401459854,0.0948905109489051,1,H,1,H,1,H
2025-12-06,2025,I1,Inter,Como,0,0.6750638484954834,0.1906401664018631,0.1342959851026535,2,HD,2,HD,1,H,0.6098357297414952,0.21830147369499253,0.17186279656351222,2,HD,1,H,1,H
2025-12-06,2025,I1,Verona,Atalanta,0,0.17637366319259498,0.21977894335655784,0.6038473934508471,2,DA,2,DA,2,DA,0.1809859255351006,0.2500463444892837,0.5689677299756157,2,DA,2,DA,2,DA
2025-12-06,2025,E0,Bournemouth,Chelsea,1,0.24195208015966535,0.31254598964074237,0.4455019301995923,2,DA,2,DA,2,DA,0.28655297735532564,0.25216662007268664,0.4612804025719878,2,DA,2,DA,2,DA
2025-12-06,2025,F1,Paris SG,Rennes,0,0.7683258538197599,0.1505632676100244,0.08111087857021572,1,H,1,H,1,H,0.7296607077708865,0.15176942721634443,0.11856986501276902,1,H,1,H,1,H
2025-12-06,2025,E0,Tottenham,Brentford,0,0.380003344416718,0.310308316657195,0.309688338926087,3,HDA,2,DA,2,DA,0.3808607838422698,0.28853089685020433,0.33060831930752577,3,HDA,2,DA,2,DA
2025-12-06,2025,E0,Aston Villa,Arsenal,0,0.36721503734588623,0.20325320959091187,0.4295317530632019,3,HDA,2,DA,1,A,0.2267303102625298,0.2720763723150358,0.5011933174224344,2,DA,2,DA,2,DA
2025-12-06,2025,E0,Leeds,Liverpool,1,0.16660456607646593,0.2460274733011048,0.5873679606224292,2,DA,2,DA,2,DA,0.22471910112359553,0.23595505617977522,0.5393258426966293,2,DA,2,DA,1,A
2025-12-06,2025,SP1,Villarreal,Getafe,0,0.530057593284321,0.2739564098728773,0.19598599684280166,3,HDA,2,HD,2,HD,0.5835193829916785,0.2520803734524051,0.1644002435559164,2,HD,2,HD,2,HD
2025-12-06,2025,SP1,Ath Bilbao,Ath Madrid,0,0.3451012969017029,0.27880457043647766,0.37609413266181946,3,HDA,2,DA,2,DA,0.336356141797197,0.2943116240725474,0.3693322341302556,3,HDA,2,DA,2,DA
2025-12-06,2025,F1,Toulouse,Strasbourg,0,0.37995697200170075,0.2823773706667832,0.33766565733151604,3,HDA,2,DA,2,DA,0.3681274900398406,0.2900398406374502,0.3418326693227091,3,HDA,2,DA,2,DA
2025-12-06,2025,D1,RB Leipzig,Ein Frankfurt,0,0.5991821974394053,0.19595884078679743,0.2048589617737973,3,HDA,2,HD,1,H,0.54584017471928,0.2360758755660885,0.2180839497146314,3,HDA,2,HD,1,H
2025-12-06,2025,I1,Sassuolo,Fiorentina,0,0.32428475247965,0.32386278140953834,0.35185246611081167,3,HDA,2,DA,2,DA,0.34997031547485,0.2907445697791062,0.3592851147460438,3,HDA,2,DA,2,DA
2025-12-06,2025,D1,Augsburg,Leverkusen,0,0.28728375678630497,0.22655093472071478,0.4861653084929803,2,DA,2,DA,2,DA,0.2795282845034089,0.2568638290031325,0.4636078864934587,2,DA,2,DA,2,DA
2025-12-06,2025,SP1,Alaves,Sociedad,0,0.3661874343808721,0.34901780930214554,0.2847947563169824,3,HDA,2,DA,2,DA,0.344454984121747,0.3289066688662515,0.3266383470120015,3,HDA,2,DA,2,DA
2025-12-06,2025,D1,Heidenheim,Freiburg,0,0.16781134653372545,0.33396249511893844,0.4982261583473361,2,DA,2,DA,2,DA,0.1986598344501379,0.2621206148994876,0.5392195506503745,2,DA,2,DA,2,DA
2025-12-06,2025,D1,Stuttgart,Bayern Munich,2,0.2224475410215923,0.19976918101654678,0.5777832779618609,2,DA,2,DA,1,A,0.2116336633663366,0.2004950495049505,0.5878712871287128,2,DA,1,A,1,A
2025-12-06,2025,D1,Wolfsburg,Union Berlin,0,0.4401120114293095,0.30969195635044705,0.25019603222024345,3,HDA,3,HDA,1,D,0.4830216088614492,0.26911203922280735,0.24786635191574352,3,HDA,3,HDA,2,HD
2025-12-06,2025,SP1,Betis,Barcelona,2,0.2799177592956018,0.1618393582927894,0.5582428824116088,2,DA,1,A,1,A,0.2522368981678739,0.2364720920323818,0.5112910097997444,2,DA,2,DA,1,A
2025-12-06,2025,D1,FC Koln,St Pauli,1,0.46677160263061523,0.26715782284736633,0.26607057452201843,3,HDA,3,HDA,2,HD,0.4713493530499075,0.277264325323475,0.2513863216266174,3,HDA,3,HDA,2,HD
2025-12-07,2025,D1,Hamburg,Werder Bremen,0,0.40600704586547887,0.28417547250839903,0.3098174816261221,3,HDA,3,HDA,2,DA,0.3969754253308129,0.2722117202268431,0.3308128544423441,3,HDA,3,HDA,2,DA
2025-12-07,2025,F1,Lorient,Lyon,0,0.23850780301575972,0.2883501181758993,0.47314207880834097,2,DA,2,DA,2,DA,0.2543099516555687,0.2804889172671714,0.4652011310772599,2,DA,2,DA,2,DA
2025-12-07,2025,SP1,Elche,Girona,0,0.40740795157575466,0.33994830667818504,0.2526437417460603,3,HDA,3,HDA,1,D,0.4637336504161712,0.2925089179548157,0.2437574316290131,3,HDA,3,HDA,2,HD
2025-12-07,2025,E0,Brighton,West Ham,1,0.6497764892976066,0.19700585915122065,0.1532176515511728,2,HD,2,HD,1,H,0.5932203389830509,0.22598870056497175,0.18079096045197732,2,HD,2,HD,1,H
2025-12-07,2025,I1,Napoli,Juventus,0,0.4283624099927063,0.3234903369773774,0.2481472530299163,3,HDA,3,HDA,1,D,0.3658587987355111,0.3331928345626976,0.3009483667017913,3,HDA,2,DA,2,DA
2025-12-07,2025,D1,Dortmund,Hoffenheim,0,0.6109390349826073,0.19932289718572643,0.1897380678316663,3,HDA,2,HD,1,H,0.5813953488372094,0.20930232558139533,0.20930232558139533,3,HDA,1,H,1,H
2025-12-07,2025,I1,Cremonese,Lecce,0,0.4499659538269043,0.31703904271125793,0.23299500346183777,3,HDA,3,HDA,1,D,0.39999205971097346,0.30709067810068286,0.29291726218834374,3,HDA,3,HDA,2,DA
2025-12-07,2025,F1,Le Havre,Paris FC,1,0.3754941448863831,0.3055219534350606,0.3189839016785563,3,HDA,2,DA,2,DA,0.32914816310052486,0.30791279773920066,0.36293903916027453,3,HDA,2,DA,2,DA
2025-12-07,2025,I1,Lazio,Bologna,1,0.5280099432466933,0.24892431126647724,0.2230657454868295,3,HDA,2,HD,2,HD,0.4146341463414634,0.3109756097560975,0.274390243902439,3,HDA,3,HDA,1,D
2025-12-07,2025,SP1,Real Madrid,Celta,2,0.7629515073924358,0.13789711070674,0.09915138190082419,1,H,1,H,1,H,0.7553516819571866,0.1452599388379205,0.0993883792048929,1,H,1,H,1,H
2025-12-07,2025,E0,Fulham,Crystal Palace,2,0.4111306193807906,0.3183764612190861,0.2704929194001233,3,HDA,3,HDA,1,D,0.3947157726180945,0.2786228983186549,0.3266613290632506,3,HDA,3,HDA,2,DA
2025-12-07,2025,I1,Cagliari,Roma,0,0.17597519826962954,0.25721611806106215,0.5668086836693084,2,DA,2,DA,2,DA,0.16319321794418934,0.26810314376545386,0.5687036382903569,2,DA,2,DA,2,DA
2025-12-07,2025,F1,Auxerre,Metz,0,0.4795609188014406,0.3061071679906125,0.21433191320794692,3,HDA,2,HD,2,HD,0.4713493530499075,0.277264325323475,0.2513863216266174,3,HDA,3,HDA,2,HD
2025-12-07,2025,F1,Nice,Angers,2,0.5830280358501684,0.2668507774725788,0.15012118667725285,2,HD,2,HD,2,HD,0.5430668211664736,0.25685592893008885,0.20007724990343762,3,HDA,2,HD,2,HD
2025-12-07,2025,SP1,Valencia,Sevilla,1,0.41525203494715485,0.28888524836985774,0.2958627166829874,3,HDA,3,HDA,2,DA,0.48226950354609927,0.276595744680851,0.24113475177304963,3,HDA,3,HDA,2,HD
2025-12-07,2025,SP1,Espanol,Vallecano,0,0.3471308454016103,0.28603998679041825,0.3668291678079715,3,HDA,2,DA,2,DA,0.3872529245663574,0.2964905203711174,0.3162565550625252,3,HDA,2,DA,2,DA
2025-12-08,2025,I1,Pisa,Parma,2,0.3978523313999176,0.29357364773750305,0.30857402086257935,3,HDA,3,HDA,2,DA,0.37417018708509364,0.30778515389257693,0.31804465902232953,3,HDA,2,DA,2,DA
2025-12-08,2025,I1,Torino,Milan,2,0.16302541141249852,0.21970691114227342,0.617267677445228,2,DA,2,DA,2,DA,0.17182662538699692,0.25541795665634676,0.5727554179566564,2,DA,2,DA,2,DA
2025-12-08,2025,I1,Udinese,Genoa,2,0.40117104056987285,0.32858140255753404,0.27024755687259305,3,HDA,3,HDA,1,D,0.3808607838422698,0.3306083193075258,0.2885308968502044,3,HDA,2,DA,2,DA
2025-12-08,2025,E0,Wolves,Man United,2,0.18816085159778595,0.20946960151195526,0.6023695468902588,2,DA,2,DA,1,A,0.1987355894384529,0.2359985124581628,0.5652658981033842,2,DA,2,DA,1,A
2025-12-08,2025,SP1,Osasuna,Levante,0,0.5746782336432005,0.26037096589250913,0.16495080046429036,2,HD,2,HD,2,HD,0.5674708261793209,0.2429939178767861,0.1895352559438931,3,HDA,2,HD,2,HD
2025-12-12,2025,I1,Lecce,Pisa,0,0.35743796825408936,0.3069758117198944,0.33558622002601624,3,HDA,2,DA,2,DA,0.38205499276411,0.33429811866859627,0.28364688856729375,3,HDA,2,DA,1,D
2025-12-12,2025,F1,Angers,Nantes,0,0.4815823888307098,0.2613776844329332,0.257039926736357,3,HDA,3,HDA,2,HD,0.4407039020657996,0.2960979342004591,0.2631981637337414,3,HDA,3,HDA,2,HD
2025-12-12,2025,D1,Union Berlin,RB Leipzig,0,0.38656232913024213,0.23509330258051464,0.3783443682892432,3,HDA,2,DA,2,DA,0.3165610142630745,0.2793185419968304,0.4041204437400951,3,HDA,2,DA,2,DA
2025-12-12,2025,SP1,Sociedad,Girona,2,0.5455543480151049,0.26105004938021376,0.1933956026046813,3,HDA,2,HD,2,HD,0.5257095980311732,0.25575061525840853,0.21853978671041832,3,HDA,2,HD,2,HD
2025-12-13,2025,SP1,Mallorca,Elche,0,0.4423535300002554,0.30775962197064227,0.24988684802910233,3,HDA,3,HDA,1,D,0.3783122706889524,0.32613126783530366,0.29555646147574394,3,HDA,2,DA,2,DA
2025-12-13,2025,E0,Chelsea,Everton,0,0.5574364745234918,0.25211316722800087,0.19045035824850737,3,HDA,2,HD,2,HD,0.5477819635580842,0.25271007918812943,0.19950795725378645,3,HDA,2,HD,2,HD
2025-12-13,2025,F1,Paris FC,Toulouse,2,0.33090027180611276,0.2433264183006758,0.42577330989321144,3,HDA,2,DA,2,DA,0.3474763724110195,0.2986125075407199,0.3539111200482606,3,HDA,2,DA,2,DA
2025-12-13,2025,I1,Parma,Lazio,2,0.2344544231891632,0.3406550884246826,0.4248904883861542,2,DA,2,DA,2,DA,0.2437574316290131,0.2925089179548157,0.4637336504161712,2,DA,2,DA,2,DA
2025-12-13,2025,I1,Atalanta,Cagliari,0,0.7182310009529889,0.15188456619129878,0.12988443285571238,2,HD,1,H,1,H,0.7030022330659168,0.1869985939955339,0.1099991729385493,1,H,1,H,1,H
2025-12-13,2025,SP1,Getafe,Espanol,2,0.44947130157755766,0.3131101178096252,0.23741858061281712,3,HDA,3,HDA,1,D,0.36828644501278773,0.33248081841432225,0.29923273657289007,3,HDA,2,DA,2,DA
2025-12-13,2025,SP1,Barcelona,Osasuna,0,0.7456559220573277,0.1470157260826128,0.1073283518600595,1,H,1,H,1,H,0.791304347826087,0.13565217391304343,0.07304347826086952,1,H,1,H,1,H
2025-12-13,2025,E0,Arsenal,Wolves,0,0.8270930586226801,0.10642486731391498,0.06648207406340484,1,H,1,H,1,H,0.8502024291497977,0.10485829959514163,0.044939271255060705,1,H,1,H,1,H
2025-12-13,2025,SP1,Ath Madrid,Valencia,0,0.7627244733140186,0.12933725837843071,0.10793826830755066,1,H,1,H,1,H,0.7318695941450433,0.17298735861610112,0.09514304723885561,1,H,1,H,1,H
2025-12-13,2025,I1,Torino,Cremonese,0,0.4602462282740142,0.32978391155922543,0.2099698601667604,3,HDA,2,HD,2,HD,0.471947194719472,0.286028602860286,0.242024202420242,3,HDA,3,HDA,2,HD
2025-12-13,2025,F1,Metz,Paris SG,2,0.1114160285896644,0.12516855540737593,0.7634154160029597,1,A,1,A,1,A,0.1055829123233356,0.1461917247553879,0.7482253629212765,1,A,1,A,1,A
2025-12-13,2025,F1,Rennes,Brest,0,0.5136758685112,0.24969382584095,0.23663030564785004,3,HDA,3,HDA,2,HD,0.5129935875801553,0.24974687816402294,0.23725953425582183,3,HDA,3,HDA,2,HD
2025-12-13,2025,D1,Leverkusen,FC Koln,0,0.4946241080760956,0.3147031366825104,0.19067275524139404,3,HDA,2,HD,2,HD,0.5363859362224039,0.2289452166802943,0.2346688470973017,3,HDA,3,HDA,1,H
2025-12-13,2025,D1,St Pauli,Heidenheim,0,0.5478201508522034,0.3022744059562683,0.14990544319152832,2,HD,2,HD,2,HD,0.5072616073735895,0.27600999224739436,0.21672840037901622,3,HDA,2,HD,2,HD
2025-12-13,2025,D1,M'gladbach,Wolfsburg,2,0.4741023566975136,0.31406907823373026,0.2118285650687561,3,HDA,2,HD,2,HD,0.47134935304990755,0.25138632162661745,0.27726432532347506,3,HDA,3,HDA,2,HD
2025-12-13,2025,D1,Hoffenheim,Hamburg,0,0.5455089130176766,0.23251329015920624,0.2219777968231172,3,HDA,2,HD,2,HD,0.5563679750359471,0.22519656132407373,0.21843546363997912,3,HDA,1,H,1,H
2025-12-13,2025,D1,Ein Frankfurt,Augsburg,0,0.4441085755825043,0.3012591302394867,0.25463229417800903,3,HDA,3,HDA,1,D,0.5112910097997444,0.25223689816787387,0.23647209203238176,3,HDA,3,HDA,2,HD
2025-12-13,2025,E0,Burnley,Fulham,2,0.1923743188381195,0.21624109148979187,0.5913845896720886,2,DA,2,DA,1,A,0.24305555555555555,0.27083333333333326,0.4861111111111111,2,DA,2,DA,2,DA
2025-12-13,2025,E0,Liverpool,Brighton,0,0.6251960396766663,0.2120450884103775,0.16275887191295624,2,HD,2,HD,1,H,0.5397018169034341,0.24217389220025892,0.21812429089630703,3,HDA,2,HD,2,HD
2025-12-14,2025,E0,Crystal Palace,Man City,2,0.5034580230712891,0.1584145426750183,0.3381274342536926,3,HDA,2,HA,2,HA,0.2372595342558218,0.249746878164023,0.5129935875801553,2,DA,2,DA,2,DA
2025-12-14,2025,I1,Bologna,Juventus,2,0.22482295484406026,0.34480390877700395,0.4303731363789358,2,DA,2,DA,2,DA,0.27717067355454006,0.30399364196304396,0.4188356844824161,2,DA,2,DA,2,DA
2025-12-14,2025,I1,Genoa,Inter,2,0.12312263353274439,0.15222475628872742,0.7246526101785282,2,DA,1,A,1,A,0.12565769111730113,0.22438873413803773,0.6499535747446612,2,DA,1,A,1,A
2025-12-14,2025,I1,Udinese,Napoli,0,0.18319707562932147,0.30600436609970433,0.5107985582709742,2,DA,2,DA,2,DA,0.21966064810092142,0.27974429596382067,0.500595055935258,2,DA,2,DA,2,DA
2025-12-14,2025,F1,Marseille,Monaco,0,0.42181581258773804,0.25890982151031494,0.319274365901947,3,HDA,3,HDA,2,DA,0.4605263157894738,0.26973684210526316,0.26973684210526316,3,HDA,3,HDA,2,HD
2025-12-14,2025,I1,Milan,Sassuolo,1,0.6716894111540738,0.178529655293514,0.1497809335524122,2,HD,1,H,1,H,0.6264014466546113,0.21699819168173592,0.15660036166365282,2,HD,1,H,1,H
2025-12-14,2025,SP1,Celta,Ath Bilbao,0,0.3037280323343296,0.2960016903878266,0.4002702772778438,2,DA,2,DA,2,DA,0.33009708737864074,0.29708737864077667,0.37281553398058254,3,HDA,2,DA,2,DA
2025-12-14,2025,E0,Nott'm Forest,Tottenham,0,0.36901968717575073,0.30900976061820984,0.32197055220603943,3,HDA,2,DA,2,DA,0.3548387096774194,0.2903225806451613,0.3548387096774194,3,HDA,2,DA,2,DA
2025-12-14,2025,I1,Fiorentina,Verona,2,0.5137117428524532,0.29759358916292206,0.1886946679846247,3,HDA,2,HD,2,HD,0.4855025490986178,0.29585311585697016,0.21864433504441216,3,HDA,2,HD,2,HD
2025-12-14,2025,E0,Sunderland,Newcastle,0,0.3334692915240141,0.2769901669922421,0.38954054148374373,3,HDA,2,DA,2,DA,0.28205128205128205,0.28205128205128205,0.43589743589743596,2,DA,2,DA,2,DA
2025-12-14,2025,E0,West Ham,Aston Villa,2,0.3067037371783335,0.289893201294744,0.4034030615269225,3,HDA,2,DA,2,DA,0.288135593220339,0.2796610169491525,0.4322033898305084,2,DA,2,DA,2,DA
2025-12-14,2025,D1,Werder Bremen,Stuttgart,2,0.4273558557033539,0.2231941521167755,0.3494499921798706,3,HDA,3,HDA,2,DA,0.3414913957934991,0.2516252390057361,0.4068833652007648,3,HDA,2,DA,2,DA
2025-12-14,2025,D1,Bayern Munich,Mainz,1,0.8302365603315573,0.09996343478533204,0.06980000488311056,1,H,1,H,1,H,0.8709270789564155,0.07910920967187442,0.04996371137171011,1,H,1,H,1,H
2025-12-14,2025,F1,Strasbourg,Lorient,1,0.5596913778735902,0.23807408270350222,0.20223453942290753,3,HDA,2,HD,2,HD,0.5362840799830517,0.24697293157114222,0.21674298844580614,3,HDA,2,HD,2,HD
2025-12-14,2025,SP1,Alaves,Real Madrid,2,0.13632294738773923,0.17342110236616584,0.6902559502460949,2,DA,1,A,1,A,0.1639365659466162,0.2356588135482608,0.600404620505123,2,DA,2,DA,1,A
2025-12-14,2025,D1,Freiburg,Dortmund,1,0.19473403072658318,0.3280890432636012,0.4771769260098156,2,DA,2,DA,2,DA,0.25222312045270817,0.26273241713823764,0.4850444624090542,2,DA,2,DA,2,DA
2025-12-14,2025,SP1,Sevilla,Oviedo,0,0.5191940742611002,0.2688379029756472,0.2119680227632526,3,HDA,2,HD,2,HD,0.4512126339537507,0.296108291032149,0.25267907501410036,3,HDA,3,HDA,2,HD
2025-12-14,2025,F1,Lens,Nice,0,0.7452258467674255,0.14636027812957764,0.10841387510299683,1,H,1,H,1,H,0.6068194952802929,0.21171257946445776,0.18146792525524943,2,HD,1,H,1,H
2025-12-14,2025,F1,Auxerre,Lille,2,0.2146327729632624,0.2659975211025023,0.5193697059342353,2,DA,2,DA,2,DA,0.21132457027300305,0.28816986855409504,0.5005055611729019,2,DA,2,DA,2,DA
2025-12-14,2025,F1,Lyon,Le Havre,0,0.5995008081420895,0.2335346534758216,0.1669645383820889,2,HD,2,HD,2,HD,0.587905935050392,0.22396416573348263,0.18812989921612544,3,HDA,1,H,1,H
2025-12-14,2025,E0,Brentford,Leeds,1,0.37362842998674095,0.3524179966698883,0.2739535733433708,3,HDA,2,DA,1,D,0.4446939921392476,0.2897248736664795,0.2655811341942728,3,HDA,3,HDA,2,HD
2025-12-15,2025,E0,Man United,Bournemouth,1,0.5897627981042445,0.19373771259579492,0.2164994892999606,3,HDA,2,HD,1,H,0.5520461161585654,0.22056345980469236,0.22739042403674237,3,HDA,1,H,1,H
2025-12-15,2025,I1,Roma,Como,0,0.5444480180740356,0.22069761157035828,0.23485437035560608,3,HDA,3,HDA,2,HD,0.4295665634674923,0.315015479876161,0.2554179566563467,3,HDA,3,HDA,1,D
2025-12-15,2025,SP1,Vallecano,Betis,1,0.3853666667530934,0.2643875102881339,0.3502458229587727,3,HDA,2,DA,2,DA,0.37366619689953695,0.29776525065431847,0.3285685524461446,3,HDA,2,DA,2,DA
2025-12-19,2025,D1,Dortmund,M'gladbach,0,0.7025055498631463,0.1696578761833273,0.12783657395352643,2,HD,1,H,1,H,0.6417473541995047,0.19995496509795085,0.15829768070254444,2,HD,1,H,1,H
2025-12-19,2025,SP1,Valencia,Mallorca,1,0.43231852554325684,0.3615922224047118,0.2060892520520314,3,HDA,2,HD,1,D,0.4586948321388156,0.2938513768389287,0.2474537910222557,3,HDA,3,HDA,2,HD
2025-12-20,2025,I1,Juventus,Roma,0,0.6360306048984735,0.21507213689279353,0.14889725820873292,2,HD,2,HD,1,H,0.4736842105263159,0.3157894736842105,0.2105263157894737,3,HDA,2,HD,2,HD
2025-12-20,2025,E0,Everton,Arsenal,2,0.16691274443528817,0.18359513033642977,0.649492125228282,2,DA,1,A,1,A,0.15130063554467502,0.23064121272054122,0.6180581517347838,2,DA,2,DA,1,A
2025-12-20,2025,SP1,Levante,Sociedad,1,0.3186876665763656,0.2753689751248941,0.4059433582987403,3,HDA,2,DA,2,DA,0.31549771029163654,0.28681610026512416,0.39768618944323936,3,HDA,2,DA,2,DA
2025-12-20,2025,E0,Leeds,Crystal Palace,0,0.40486888303962,0.30616630036134423,0.2889648165990358,3,HDA,3,HDA,2,DA,0.3306780664681976,0.3072105907833578,0.3621113427484446,3,HDA,2,DA,2,DA
2025-12-20,2025,SP1,Osasuna,Alaves,0,0.45152929136331627,0.29112594074761516,0.25734476788906857,3,HDA,3,HDA,1,D,0.43217286914765907,0.33013205282112845,0.23769507803121254,3,HDA,3,HDA,1,D
2025-12-20,2025,SP1,Oviedo,Celta,1,0.3437396287918091,0.32424652576446533,0.3320138454437256,3,HDA,2,DA,2,DA,0.27716535433070866,0.29448818897637796,0.42834645669291344,2,DA,2,DA,2,DA
2025-12-20,2025,E0,Man City,West Ham,0,0.8043447732925415,0.10814355313777924,0.08751167356967926,1,H,1,H,1,H,0.7879656160458454,0.12607449856733524,0.08595988538681941,1,H,1,H,1,H
2025-12-20,2025,E0,Wolves,Brentford,2,0.3372513949871063,0.29338595271110535,0.36936265230178833,3,HDA,2,DA,2,DA,0.2763157894736842,0.2763157894736842,0.4473684210526316,2,DA,2,DA,2,DA
2025-12-20,2025,SP1,Real Madrid,Sevilla,0,0.8284898811171231,0.08687700882083903,0.08463311006203793,1,H,1,H,1,H,0.7985257985257986,0.12776412776412774,0.07371007371007371,1,H,1,H,1,H
2025-12-20,2025,I1,Lazio,Cremonese,1,0.7012512370384677,0.1934103730286491,0.10533838993288323,2,HD,2,HD,1,H,0.620779043590968,0.243536394024149,0.135684562384883,2,HD,2,HD,2,HD
2025-12-20,2025,E0,Tottenham,Liverpool,2,0.3647379631510073,0.22626732626955698,0.4089947105794357,3,HDA,2,DA,2,DA,0.26315789473684215,0.26315789473684215,0.47368421052631576,2,DA,2,DA,2,DA
2025-12-20,2025,E0,Bournemouth,Burnley,1,0.6777074740950748,0.17433702494722753,0.1479555009576977,2,HD,1,H,1,H,0.6386964914272738,0.21006017940274782,0.15124332916997843,2,HD,1,H,1,H
2025-12-20,2025,E0,Brighton,Sunderland,1,0.634425081874435,0.20418223465575186,0.1613926834698131,2,HD,2,HD,1,H,0.5125,0.25625,0.23125,3,HDA,2,HD,2,HD
2025-12-20,2025,D1,Augsburg,Werder Bremen,1,0.4896631386775714,0.24319697151175057,0.26713988981067804,3,HDA,3,HDA,2,HD,0.4317656129529684,0.2713955281418658,0.2968388589051658,3,HDA,3,HDA,2,DA
2025-12-20,2025,D1,FC Koln,Union Berlin,2,0.35068220945245654,0.294864514317051,0.3544532762304925,3,HDA,2,DA,2,DA,0.3747394747811589,0.30220925385577324,0.32305127136306794,3,HDA,2,DA,2,DA
2025-12-20,2025,D1,RB Leipzig,Leverkusen,2,0.4864445916679258,0.21023295582729315,0.303322452504781,3,HDA,3,HDA,2,HA,0.4454679439941046,0.2455784819454679,0.3089535740604274,3,HDA,3,HDA,3,HDA
2025-12-20,2025,D1,Wolfsburg,Freiburg,2,0.35103957798959085,0.2983828992133469,0.35057752279706234,3,HDA,2,DA,2,DA,0.40293767368003175,0.27054386661373564,0.32651845970623267,3,HDA,3,HDA,2,DA
2025-12-20,2025,D1,Stuttgart,Hoffenheim,1,0.4580826324795892,0.2613083642331253,0.28060900328728544,3,HDA,3,HDA,2,HD,0.49015164720237064,0.25152518738016383,0.25832316541746553,3,HDA,3,HDA,2,HD
2025-12-20,2025,D1,Hamburg,Ein Frankfurt,1,0.39884774085425556,0.30609152633224507,0.29506073281349937,3,HDA,3,HDA,2,DA,0.3969754253308129,0.2722117202268431,0.3308128544423441,3,HDA,3,HDA,2,DA
2025-12-20,2025,E0,Newcastle,Chelsea,1,0.4484097592769599,0.21042076929776715,0.34116947142527293,3,HDA,3,HDA,1,A,0.3338709677419355,0.2596774193548387,0.4064516129032258,3,HDA,2,DA,2,DA
2025-12-21,2025,SP1,Villarreal,Barcelona,2,0.3235404587847131,0.17237201846754607,0.5040875227477408,3,HDA,1,A,1,A,0.24545117943307257,0.21540750158098745,0.53914131898594,2,DA,1,A,1,A
2025-12-21,2025,SP1,Elche,Vallecano,0,0.3782424999330938,0.31321610133551947,0.30854139873138675,3,HDA,2,DA,2,DA,0.3783122706889524,0.32613126783530366,0.29555646147574394,3,HDA,2,DA,2,DA
2025-12-21,2025,SP1,Betis,Getafe,0,0.5708039147792496,0.18279001789733687,0.24640606732341347,3,HDA,2,HA,1,H,0.5438365194462756,0.28510217534607774,0.17106130520764662,2,HD,2,HD,2,HD
2025-12-21,2025,I1,Genoa,Atalanta,2,0.25588317250509096,0.28123443014826954,0.4628823973466395,2,DA,2,DA,2,DA,0.25216662007268664,0.28655297735532564,0.4612804025719878,2,DA,2,DA,2,DA
2025-12-21,2025,I1,Fiorentina,Udinese,0,0.37963382541042046,0.2549716906241086,0.3653944839654709,3,HDA,2,DA,2,DA,0.4637336504161712,0.2925089179548157,0.2437574316290131,3,HDA,3,HDA,2,HD
2025-12-21,2025,I1,Sassuolo,Torino,2,0.39638252247519856,0.2511280551888959,0.3524894223359055,3,HDA,3,HDA,2,DA,0.4048278591214879,0.3068856351404828,0.2882865057380293,3,HDA,3,HDA,2,DA
2025-12-21,2025,D1,Heidenheim,Bayern Munich,2,0.1111660972274458,0.09117206797412494,0.7976618347984292,1,A,1,A,1,A,0.07261146496815281,0.09936305732484073,0.8280254777070065,1,A,1,A,1,A
2025-12-21,2025,I1,Cagliari,Pisa,1,0.5090119914563297,0.2800064724684726,0.2109815360751977,3,HDA,2,HD,2,HD,0.4759206798866856,0.29745042492917845,0.22662889518413595,3,HDA,2,HD,2,HD
2025-12-21,2025,E0,Aston Villa,Man United,0,0.46555687589773903,0.28419064628509744,0.25025247781716353,3,HDA,3,HDA,2,HD,0.4770773638968482,0.2578796561604584,0.2650429799426935,3,HDA,3,HDA,2,HD
2025-12-21,2025,SP1,Girona,Ath Madrid,2,0.2121110472712233,0.19350629131514702,0.5943826614136297,2,DA,2,DA,1,A,0.1902237926972909,0.2502944640753828,0.5594817432273262,2,DA,2,DA,2,DA
2025-12-21,2025,D1,Mainz,St Pauli,1,0.4798913157018627,0.26789333618005107,0.2522153481180862,3,HDA,3,HDA,2,HD,0.4839055793991417,0.28594420600858367,0.23015021459227467,3,HDA,2,HD,2,HD
2025-12-22,2025,SP1,Ath Bilbao,Espanol,2,0.5648605227470398,0.2790963351726532,0.156043142080307,2,HD,2,HD,2,HD,0.5127995419972193,0.28747853111965327,0.19972192688312754,3,HDA,2,HD,2,HD
2025-12-22,2025,E0,Fulham,Nott'm Forest,0,0.3742443211601877,0.26872020159005516,0.35703547724975715,3,HDA,2,DA,2,DA,0.36319612590799033,0.28945630640545894,0.34734756768655073,3,HDA,2,DA,2,DA
2025-12-26,2025,E0,Man United,Newcastle,0,0.44048818289506164,0.242191773024324,0.31732004408061437,3,HDA,3,HDA,2,DA,0.37918801734331903,0.25620811982656677,0.36460386283011426,3,HDA,2,DA,2,DA
2025-12-27,2025,E0,Nott'm Forest,Man City,2,0.17514239773578638,0.2323602358210157,0.592497366443198,2,DA,2,DA,2,DA,0.1895053475935829,0.2256016042780748,0.5848930481283423,2,DA,2,DA,1,A
2025-12-27,2025,E0,Brentford,Bournemouth,0,0.4414095878601074,0.22749397158622742,0.33109644055366516,3,HDA,3,HDA,2,DA,0.422852701127089,0.27982899339292655,0.29731830547998445,3,HDA,3,HDA,2,DA
2025-12-27,2025,E0,Chelsea,Aston Villa,2,0.5840651727885676,0.21598288941459853,0.1999519377968339,3,HDA,2,HD,1,H,0.5393258426966293,0.23595505617977522,0.22471910112359553,3,HDA,2,HD,1,H
2025-12-27,2025,E0,West Ham,Fulham,2,0.36761344026943205,0.24626423785484192,0.38612232187572604,3,HDA,2,DA,2,DA,0.31390406800242865,0.28536733454766244,0.400728597449909,3,HDA,2,DA,2,DA
2025-12-27,2025,E0,Arsenal,Brighton,0,0.6807323402493748,0.16560382391231465,0.15366383583831053,2,HD,1,H,1,H,0.7101928819304334,0.17173755144863204,0.11806956662093453,1,H,1,H,1,H
2025-12-27,2025,E0,Liverpool,Wolves,0,0.7732541926725449,0.132529657109688,0.09421615021776705,1,H,1,H,1,H,0.7780921584478578,0.135610347615198,0.0862974939369442,1,H,1,H,1,H
2025-12-27,2025,I1,Udinese,Lazio,1,0.2883263654514333,0.27585019017158807,0.4358234443769786,2,DA,2,DA,2,DA,0.2891902672516953,0.329078579976067,0.3817311527722378,2,DA,2,DA,2,DA
2025-12-27,2025,E0,Burnley,Everton,1,0.24685544124658712,0.3204038977923913,0.43274066096102154,2,DA,2,DA,2,DA,0.2633204633204634,0.30579150579150577,0.4308880308880309,2,DA,2,DA,2,DA
2025-12-27,2025,I1,Pisa,Juventus,2,0.19395267385385412,0.28902634116928755,0.5170209849768583,2,DA,2,DA,2,DA,0.1266329980383154,0.2316457281188697,0.6417212738428149,2,DA,2,DA,1,A
2025-12-27,2025,I1,Torino,Cagliari,2,0.5766640815635907,0.21339362541744672,0.20994229301896256,3,HDA,2,HD,1,H,0.5292652552926527,0.28019925280199254,0.19053549190535493,3,HDA,2,HD,2,HD
2025-12-27,2025,I1,Lecce,Como,2,0.20510597221395416,0.28015559494263537,0.5147384328434105,2,DA,2,DA,2,DA,0.20029293888522262,0.27982101756023764,0.5198860435545398,2,DA,2,DA,2,DA
2025-12-27,2025,I1,Parma,Fiorentina,0,0.19985492825291945,0.3039267704475935,0.4962183012994871,2,DA,2,DA,2,DA,0.2543099516555687,0.2804889172671714,0.4652011310772599,2,DA,2,DA,2,DA
2025-12-28,2025,I1,Atalanta,Inter,2,0.23427086370376157,0.3228228890054557,0.4429062472907827,2,DA,2,DA,2,DA,0.2801358234295416,0.2716468590831918,0.4482173174872665,2,DA,2,DA,2,DA
2025-12-28,2025,I1,Milan,Verona,0,0.7354681875428357,0.12274378433232375,0.14178802812484054,1,H,1,H,1,H,0.6880733944954129,0.18715596330275233,0.12477064220183481,1,H,1,H,1,H
2025-12-28,2025,I1,Cremonese,Napoli,2,0.14229785547865298,0.24420921539013293,0.6134929291312141,2,DA,2,DA,2,DA,0.1456016177957532,0.262891809908999,0.5915065722952477,2,DA,2,DA,2,DA
2025-12-28,2025,E0,Crystal Palace,Tottenham,2,0.48760897647751833,0.24963562562518754,0.26275539789729413,3,HDA,3,HDA,2,HD,0.4302959501557632,0.27842679127725856,0.29127725856697817,3,HDA,3,HDA,2,DA
2025-12-28,2025,E0,Sunderland,Leeds,1,0.3122245483264596,0.34741551593449616,0.3403599357390442,3,HDA,2,DA,2,DA,0.3285685524461446,0.29776525065431847,0.37366619689953695,3,HDA,2,DA,2,DA
2025-12-28,2025,I1,Bologna,Sassuolo,1,0.5395724773406982,0.25394442677497864,0.20648309588432312,3,HDA,2,HD,2,HD,0.4844290657439447,0.2906574394463668,0.2249134948096885,3,HDA,2,HD,2,HD
2025-12-29,2025,I1,Roma,Genoa,0,0.5430453772971611,0.32125739807229947,0.13569722463053951,2,HD,2,HD,2,HD,0.6002895367412141,0.25471745207667723,0.14499301118210864,2,HD,2,HD,2,HD
2025-12-30,2025,E0,Man United,Wolves,1,0.7801933942749604,0.12731097733461094,0.09249562839042863,1,H,1,H,1,H,0.6880733944954128,0.1782437745740498,0.1336828309305373,1,H,1,H,1,H
2025-12-30,2025,E0,West Ham,Brighton,1,0.24646364152431488,0.20580054819583893,0.5477358102798462,2,DA,2,DA,1,A,0.2826482357220808,0.2597308112040742,0.4576209530738451,2,DA,2,DA,2,DA
2025-12-30,2025,E0,Nott'm Forest,Everton,2,0.5247457105628507,0.24879779292341758,0.22645649651373173,3,HDA,3,HDA,2,HD,0.5105762217359592,0.2669584245076586,0.2224653537563822,3,HDA,2,HD,2,HD
2025-12-30,2025,E0,Chelsea,Bournemouth,1,0.5994222670879622,0.21091450436540687,0.18966322854663092,3,HDA,2,HD,1,H,0.5938242280285035,0.2137767220902613,0.1923990498812351,3,HDA,1,H,1,H
2025-12-30,2025,E0,Burnley,Newcastle,2,0.11494517300645592,0.16106777303211423,0.7239870539614298,2,DA,1,A,1,A,0.1720368389470114,0.2252863367163244,0.6026768243366641,2,DA,1,A,1,A
2025-12-30,2025,E0,Arsenal,Aston Villa,0,0.7359569230105327,0.16715433197293686,0.09688874501653046,2,HD,1,H,1,H,0.6942607775720708,0.1798466014281936,0.1258926209997355,1,H,1,H,1,H
2026-01-01,2025,E0,Crystal Palace,Fulham,1,0.46457773447036743,0.25821688771247864,0.27720537781715393,3,HDA,3,HDA,2,HD,0.4302959501557632,0.29127725856697817,0.27842679127725856,3,HDA,3,HDA,1,D
2026-01-01,2025,E0,Sunderland,Man City,1,0.1549298339326655,0.13342324098085226,0.7116469250864822,1,A,1,A,1,A,0.13643351268255183,0.19100691775557263,0.6725595695618756,1,A,1,A,1,A
2026-01-01,2025,E0,Liverpool,Leeds,1,0.6435447143451954,0.21278511843725686,0.1436701672175477,2,HD,2,HD,1,H,0.6424335602899188,0.21128925982868435,0.14627717988139682,2,HD,1,H,1,H
2026-01-01,2025,E0,Brentford,Tottenham,1,0.4143310312727401,0.2698194763010584,0.3158494924262015,3,HDA,3,HDA,2,DA,0.3969754253308129,0.2722117202268431,0.3308128544423441,3,HDA,3,HDA,2,DA
2026-01-02,2025,I1,Cagliari,Milan,2,0.14042962015955507,0.19984028338909993,0.659730096451345,2,DA,2,DA,1,A,0.15722979739619442,0.24189199599414532,0.6008782066096603,2,DA,2,DA,2,DA
2026-01-02,2025,F1,Toulouse,Lens,2,0.42061692476272583,0.27405285835266113,0.30533021688461304,3,HDA,3,HDA,2,DA,0.37281553398058254,0.29708737864077667,0.33009708737864074,3,HDA,2,DA,2,DA
2026-01-02,2025,SP1,Vallecano,Getafe,1,0.4917777258853141,0.2837023012175127,0.22451997289717318,3,HDA,2,HD,2,HD,0.4613905799423263,0.3284203780839475,0.21018904197372637,3,HDA,2,HD,2,HD
2026-01-03,2025,SP1,Espanol,Barcelona,2,0.24498665697852756,0.12752579342612316,0.6274875495953492,1,A,1,A,1,A,0.1636363636363636,0.2090909090909091,0.6272727272727273,2,DA,1,A,1,A
2026-01-03,2025,I1,Sassuolo,Parma,1,0.5369449693875024,0.258828244840257,0.2042267857722406,3,HDA,2,HD,2,HD,0.4517280240420736,0.291885800150263,0.2563861758076634,3,HDA,3,HDA,2,HD
2026-01-03,2025,F1,Monaco,Lyon,2,0.45050944535406096,0.26596482795581733,0.2835257266901217,3,HDA,3,HDA,1,D,0.4652011310772599,0.2543099516555687,0.2804889172671714,3,HDA,3,HDA,2,HD
2026-01-03,2025,I1,Atalanta,Roma,0,0.4484261140696372,0.24196087592956794,0.30961301000079483,3,HDA,3,HDA,2,DA,0.4134954884268341,0.3067869752844253,0.27971753628874063,3,HDA,3,HDA,1,D
2026-01-03,2025,I1,Juventus,Lecce,1,0.8028771877288818,0.11022507399320602,0.08689773827791214,1,H,1,H,1,H,0.7688022284122564,0.16713091922005563,0.06406685236768801,1,H,1,H,1,H
2026-01-03,2025,SP1,Elche,Villarreal,2,0.3615719026092901,0.24049590169644502,0.39793219569426486,3,HDA,2,DA,2,DA,0.30399364196304396,0.27717067355454006,0.4188356844824161,3,HDA,2,DA,2,DA
2026-01-03,2025,F1,Lille,Rennes,2,0.5999751091003418,0.20584289729595184,0.19418199360370636,3,HDA,2,HD,1,H,0.5565726839985354,0.24071768582936653,0.20270963017209812,3,HDA,2,HD,1,H
2026-01-03,2025,SP1,Celta,Valencia,0,0.39915937185287476,0.3027558922767639,0.29808473587036133,3,HDA,3,HDA,2,DA,0.4698795180722892,0.28915662650602414,0.24096385542168675,3,HDA,3,HDA,2,HD
2026-01-03,2025,I1,Genoa,Pisa,1,0.5496056757808577,0.2691153626012111,0.18127896161793114,3,HDA,2,HD,2,HD,0.5002550642597378,0.298589741480031,0.20115519426023132,3,HDA,2,HD,2,HD
2026-01-03,2025,F1,Nice,Strasbourg,1,0.2787928879261017,0.3861411213874817,0.3350659906864166,2,DA,2,DA,2,DA,0.30399364196304396,0.27717067355454006,0.4188356844824161,3,HDA,2,DA,2,DA
2026-01-03,2025,E0,Bournemouth,Arsenal,2,0.21749217484158018,0.20928322957034068,0.5732245955880791,2,DA,2,DA,1,A,0.1578947368421052,0.2105263157894737,0.6315789473684211,2,DA,1,A,1,A
2026-01-03,2025,E0,Aston Villa,Nott'm Forest,0,0.4657615929437396,0.30336852237739514,0.2308698846788653,3,HDA,3,HDA,2,HD,0.4942630185348632,0.2697263901147396,0.2360105913503971,3,HDA,3,HDA,2,HD
2026-01-03,2025,E0,Brighton,Burnley,0,0.5761225481088108,0.22792261367690325,0.1959548382142859,3,HDA,2,HD,2,HD,0.6554307116104869,0.20973782771535582,0.13483146067415733,2,HD,1,H,1,H
2026-01-03,2025,E0,Wolves,West Ham,0,0.3560093555456016,0.24288980620442666,0.4011008382499718,3,HDA,2,DA,2,DA,0.3632006498781478,0.2777416734362307,0.3590576766856215,3,HDA,2,DA,2,DA
2026-01-03,2025,SP1,Osasuna,Ath Bilbao,1,0.33977726101875305,0.2942045032978058,0.36601823568344116,3,HDA,2,DA,2,DA,0.30593234188592905,0.32930217355777086,0.36476548455630003,3,HDA,2,DA,2,DA
2026-01-03,2025,I1,Como,Udinese,0,0.4930939225284434,0.2687096079799416,0.238196469491615,3,HDA,3,HDA,2,HD,0.5392195506503745,0.2621206148994876,0.1986598344501379,3,HDA,2,HD,2,HD
2026-01-04,2025,SP1,Real Madrid,Betis,0,0.7132337742539776,0.16683347647513058,0.11993274927089176,2,HD,1,H,1,H,0.6344827586206897,0.20689655172413793,0.15862068965517243,2,HD,1,H,1,H
2026-01-04,2025,SP1,Sevilla,Levante,2,0.5836669293592412,0.22317228053766908,0.19316079010308967,3,HDA,2,HD,2,HD,0.543564639689755,0.2474649543850726,0.2089704059251724,3,HDA,2,HD,2,HD
2026-01-04,2025,I1,Inter,Bologna,0,0.6823161942111878,0.1795421418479404,0.1381416639408717,2,HD,1,H,1,H,0.6849315068493151,0.1890410958904109,0.1260273972602739,1,H,1,H,1,H
2026-01-04,2025,F1,Lorient,Metz,1,0.5467994294583712,0.2633522490166463,0.1898483215249825,3,HDA,2,HD,2,HD,0.5153374233128835,0.25766871165644173,0.22699386503067487,3,HDA,2,HD,2,HD
2026-01-04,2025,I1,Fiorentina,Cremonese,0,0.5032509640343631,0.2811215859818695,0.21562744998376743,3,HDA,2,HD,2,HD,0.5576208178438662,0.2527881040892193,0.1895910780669145,3,HDA,2,HD,2,HD
2026-01-04,2025,I1,Lazio,Napoli,2,0.25206924962584676,0.2704749840214858,0.47745576635266745,2,DA,2,DA,2,DA,0.24788624135280554,0.31398923904688697,0.4381245196003075,2,DA,2,DA,2,DA
2026-01-04,2025,SP1,Mallorca,Girona,2,0.4373919237437271,0.2846448634670716,0.27796321278920133,3,HDA,3,HDA,1,D,0.4134954884268341,0.3067869752844253,0.27971753628874063,3,HDA,3,HDA,1,D
2026-01-04,2025,I1,Verona,Torino,2,0.34405088424682617,0.28833580017089844,0.3676133155822754,3,HDA,2,DA,2,DA,0.35539215686274506,0.32230392156862747,0.32230392156862747,3,HDA,2,DA,2,DA
2026-01-04,2025,F1,Paris SG,Paris FC,0,0.8264901237771972,0.11195069754362454,0.0615591786791782,1,H,1,H,1,H,0.8386342983253279,0.1114890302479553,0.0498766714267168,1,H,1,H,1,H
2026-01-04,2025,SP1,Alaves,Oviedo,1,0.5060643108506295,0.32493243589795934,0.1690032532514111,2,HD,2,HD,2,HD,0.47727272727272724,0.34090909090909094,0.18181818181818182,2,HD,2,HD,2,HD
2026-01-04,2025,F1,Le Havre,Angers,0,0.4231730275400571,0.3251095019248276,0.2517174705351153,3,HDA,3,HDA,1,D,0.3981697037810067,0.2961387171871237,0.3056915790318696,3,HDA,3,HDA,2,DA
2026-01-04,2025,E0,Fulham,Liverpool,1,0.2358926946536795,0.28451022081806926,0.4795970845282512,2,DA,2,DA,2,DA,0.2364720920323818,0.2522368981678739,0.5112910097997444,2,DA,2,DA,2,DA
2026-01-04,2025,F1,Marseille,Nantes,2,0.7351865604105615,0.1784116287884497,0.08640181080098873,2,HD,1,H,1,H,0.7509881422924902,0.15019762845849802,0.09881422924901181,1,H,1,H,1,H
2026-01-04,2025,E0,Leeds,Man United,1,0.3057189376866501,0.31585446941418854,0.37842659289916136,3,HDA,2,DA,2,DA,0.33876221498371334,0.29641693811074915,0.36482084690553745,3,HDA,2,DA,2,DA
2026-01-04,2025,E0,Everton,Brentford,2,0.47672452101932405,0.2945998819291627,0.22867559705151327,3,HDA,3,HDA,2,HD,0.3912443305068033,0.2995464405442714,0.3092092289489253,3,HDA,2,DA,2,DA
2026-01-04,2025,E0,Man City,Chelsea,1,0.6876870291279699,0.15013248994749054,0.16218048092453954,1,H,1,H,1,H,0.6358381502890174,0.19075144508670525,0.17341040462427743,1,H,1,H,1,H
2026-01-04,2025,F1,Brest,Auxerre,0,0.4412142235583465,0.33988119691079244,0.21890457953086107,3,HDA,2,HD,1,D,0.500595055935258,0.27974429596382067,0.21966064810092145,3,HDA,2,HD,2,HD
2026-01-04,2025,E0,Newcastle,Crystal Palace,0,0.5394984209238541,0.2446134385236167,0.21588814055252914,3,HDA,2,HD,2,HD,0.5685384402049366,0.2315754134493278,0.1998861463457355,3,HDA,2,HD,1,H
2026-01-04,2025,E0,Tottenham,Sunderland,1,0.5790746894340916,0.21054736093502285,0.21037794963088557,3,HDA,2,HD,1,H,0.48611111111111116,0.27083333333333337,0.24305555555555552,3,HDA,3,HDA,2,HD
2026-01-04,2025,SP1,Sociedad,Ath Madrid,1,0.23133310675621033,0.2407701313495636,0.5278967618942261,2,DA,2,DA,2,DA,0.26094772416768536,0.24721363342201766,0.491838642410297,2,DA,2,DA,2,DA
2026-01-06,2025,I1,Lecce,Roma,2,0.1903534410946584,0.24118161560865664,0.568464943296685,2,DA,2,DA,2,DA,0.18769716088328073,0.27602523659305994,0.5362776025236594,2,DA,2,DA,2,DA
2026-01-06,2025,E0,West Ham,Nott'm Forest,2,0.3335634768009186,0.2729087173938751,0.3935278058052063,3,HDA,2,DA,2,DA,0.32651845970623267,0.27054386661373564,0.4029376736800318,3,HDA,2,DA,2,DA
2026-01-06,2025,I1,Sassuolo,Juventus,2,0.18386110389439606,0.1744141999719411,0.6417246961336628,2,DA,1,A,1,A,0.1797710312322709,0.255080517289033,0.5651484514786961,2,DA,2,DA,2,DA
2026-01-06,2025,I1,Pisa,Como,2,0.23091203432178345,0.24531980252326419,0.5237681631549523,2,DA,2,DA,2,DA,0.19564323879983553,0.27332511302918217,0.5310316481709824,2,DA,2,DA,2,DA
2026-01-07,2025,E0,Man City,Brighton,1,0.6609591639613607,0.20459210601998007,0.13444873001865923,2,HD,2,HD,1,H,0.6272727272727273,0.2090909090909091,0.1636363636363636,2,HD,1,H,1,H
2026-01-07,2025,E0,Burnley,Man United,1,0.26658483942471684,0.17826686533887884,0.5551482952364043,2,DA,1,A,1,A,0.1995185073728558,0.2430033102618116,0.5574781823653325,2,DA,2,DA,2,DA
2026-01-07,2025,E0,Brentford,Sunderland,0,0.4874633252620697,0.25907090306282043,0.25346577167510986,3,HDA,3,HDA,2,HD,0.4612804025719877,0.2865529773553256,0.2521666200726866,3,HDA,3,HDA,2,HD
2026-01-07,2025,E0,Everton,Wolves,1,0.48986878991127014,0.31886526942253113,0.19126594066619873,3,HDA,2,HD,2,HD,0.5112936691351361,0.27025522511428623,0.21845110575057772,3,HDA,2,HD,2,HD
2026-01-07,2025,E0,Newcastle,Leeds,0,0.6210192945447669,0.22302652563115172,0.15595417982408136,2,HD,2,HD,2,HD,0.5963302752293579,0.24464831804281342,0.15902140672782872,2,HD,2,HD,2,HD
2026-01-07,2025,E0,Fulham,Chelsea,0,0.3637600405704993,0.20404132622665136,0.43219863320284935,3,HDA,2,DA,1,A,0.25594149908592323,0.27056672760511885,0.47349177330895803,2,DA,2,DA,2,DA
2026-01-07,2025,E0,Bournemouth,Tottenham,0,0.45441975240795696,0.30241085450697786,0.2431693930850652,3,HDA,3,HDA,2,HD,0.4308880308880309,0.2633204633204634,0.3057915057915058,3,HDA,3,HDA,2,DA
2026-01-07,2025,E0,Crystal Palace,Aston Villa,1,0.36568164825439453,0.2828136384487152,0.35150471329689026,3,HDA,2,DA,2,DA,0.32666132906325057,0.27862289831865494,0.3947157726180945,3,HDA,2,DA,2,DA
2026-01-07,2025,I1,Bologna,Atalanta,2,0.28116053342819214,0.29068273305892944,0.4281567335128784,2,DA,2,DA,2,DA,0.31549771029163654,0.28681610026512416,0.39768618944323936,3,HDA,2,DA,2,DA
2026-01-07,2025,I1,Napoli,Verona,1,0.7849187722753747,0.12948473569659805,0.0855964920280273,1,H,1,H,1,H,0.7255936675461742,0.1886543535620053,0.0857519788918206,1,H,1,H,1,H
2026-01-07,2025,I1,Parma,Inter,2,0.13214181757395915,0.1209027058155151,0.7469554766105257,1,A,1,A,1,A,0.09412597310686481,0.19815994338287332,0.7077140835102619,1,A,1,A,1,A
2026-01-07,2025,I1,Torino,Udinese,2,0.43672847747802734,0.27723345160484314,0.2860380709171295,3,HDA,3,HDA,2,DA,0.4308880308880309,0.30579150579150577,0.2633204633204634,3,HDA,3,HDA,1,D
2026-01-07,2025,I1,Lazio,Fiorentina,1,0.42706620258487477,0.3035396518432886,0.26939414557183655,3,HDA,3,HDA,1,D,0.412573673870334,0.31630648330058936,0.27111984282907664,3,HDA,3,HDA,1,D
2026-01-08,2025,I1,Milan,Genoa,1,0.7092843281850941,0.17943512457575,0.11128054723915584,2,HD,1,H,1,H,0.6522781774580337,0.23645083932853714,0.11127098321342921,2,HD,2,HD,1,H
2026-01-08,2025,E0,Arsenal,Liverpool,1,0.7018420905423788,0.17460765464924738,0.1235502548083739,2,HD,1,H,1,H,0.6038755619308649,0.2312401542027946,0.1648842838663405,2,HD,2,HD,1,H
2026-01-08,2025,I1,Cremonese,Cagliari,1,0.44418358140910297,0.315861131014509,0.239955287576388,3,HDA,3,HDA,1,D,0.38651050080775445,0.32653473344103395,0.28695476575121165,3,HDA,2,DA,1,D
2026-01-09,2025,D1,Ein Frankfurt,Dortmund,1,0.28931275441218546,0.22810612958827808,0.48258111599953646,2,DA,2,DA,2,DA,0.2896844088553933,0.2510598210080075,0.4592557701365992,2,DA,2,DA,2,DA
2026-01-09,2025,SP1,Getafe,Sociedad,2,0.26333063056079653,0.23844944720120886,0.4982199222379946,2,DA,2,DA,2,DA,0.27111984282907664,0.31630648330058936,0.412573673870334,2,DA,2,DA,2,DA
2026-01-10,2025,D1,Heidenheim,FC Koln,1,0.3141591344523172,0.2725404880207922,0.4133003775268906,3,HDA,2,DA,2,DA,0.3437815975733064,0.2780586450960566,0.378159757330637,3,HDA,2,DA,2,DA
2026-01-10,2025,SP1,Valencia,Elche,1,0.46770392262053256,0.27743075124713035,0.25486532613233703,3,HDA,3,HDA,2,HD,0.4733044733044733,0.2958152958152958,0.2308802308802309,3,HDA,2,HD,2,HD
2026-01-10,2025,SP1,Girona,Osasuna,0,0.34156541998489437,0.29402287918261055,0.3644117008324951,3,HDA,2,DA,2,DA,0.3783122706889524,0.29555646147574394,0.32613126783530366,3,HDA,2,DA,2,DA
2026-01-10,2025,SP1,Villarreal,Alaves,0,0.6809977394491097,0.17437261602837764,0.14462964452251262,2,HD,1,H,1,H,0.6538661131292165,0.21069019200830302,0.13544369486248053,2,HD,1,H,1,H
2026-01-10,2025,D1,Leverkusen,Stuttgart,2,0.48601530533983395,0.23739566691530745,0.2765890277448586,3,HDA,3,HDA,2,HD,0.4411346172089934,0.2529171805331562,0.3059482022578503,3,HDA,3,HDA,3,HDA
2026-01-10,2025,SP1,Oviedo,Betis,1,0.23991517782716884,0.26372460939141457,0.4963602127814166,2,DA,2,DA,2,DA,0.2459198813056379,0.2748516320474777,0.4792284866468843,2,DA,2,DA,2,DA
2026-01-10,2025,D1,Freiburg,Hamburg,0,0.5173419349197418,0.2581012662396401,0.22455679884061808,3,HDA,2,HD,2,HD,0.5281969817315331,0.2716441620333598,0.2001588562351072,3,HDA,2,HD,2,HD
2026-01-10,2025,D1,Union Berlin,Mainz,1,0.38347408175468445,0.350554496049881,0.26597142219543457,3,HDA,2,DA,1,D,0.4644412191582004,0.29753265602322204,0.23802612481857766,3,HDA,3,HDA,2,HD
2026-01-10,2025,I1,Udinese,Pisa,1,0.5730541348457336,0.2593347430229187,0.16761112213134766,2,HD,2,HD,2,HD,0.49507489008152494,0.2865433454714282,0.21838176444704682,3,HDA,2,HD,2,HD
2026-01-10,2025,I1,Como,Bologna,1,0.5059994534552016,0.26467514432482636,0.22932540221997205,3,HDA,3,HDA,2,HD,0.4844290657439447,0.2906574394463668,0.2249134948096885,3,HDA,2,HD,2,HD
2026-01-10,2025,I1,Atalanta,Torino,0,0.5287294309030558,0.32211166140270736,0.14915890769423681,2,HD,2,HD,2,HD,0.596284207883505,0.2510670348983179,0.1526487572181772,2,HD,2,HD,2,HD
2026-01-10,2025,I1,Roma,Sassuolo,0,0.47974047900406364,0.31087251107964614,0.2093870099162902,3,HDA,2,HD,2,HD,0.556783031374282,0.2629253203711887,0.1802916482545293,2,HD,2,HD,2,HD
2026-01-11,2025,I1,Lecce,Parma,2,0.404421228038632,0.22639467637554775,0.3691840955858202,3,HDA,3,HDA,2,DA,0.3412481613784409,0.3235973944105905,0.3351544442109687,3,HDA,2,DA,2,DA
2026-01-11,2025,D1,Bayern Munich,Wolfsburg,0,0.8137141637802188,0.11489021178907542,0.07139562443070582,1,H,1,H,1,H,0.8435843192561834,0.1003421348167881,0.0560735459270286,1,H,1,H,1,H
2026-01-11,2025,SP1,Levante,Espanol,1,0.33700140306349385,0.25130622830074345,0.4116923686357627,3,HDA,2,DA,2,DA,0.2948183442525313,0.2858844550327576,0.4192972007147111,2,DA,2,DA,2,DA
2026-01-11,2025,I1,Verona,Lazio,2,0.26645579140020037,0.29031609623682214,0.4432281123629775,2,DA,2,DA,2,DA,0.2519069039702719,0.3373753178173284,0.4107177782123998,2,DA,2,DA,2,DA
2026-01-11,2025,D1,M'gladbach,Augsburg,0,0.4979380219560272,0.30658082087578836,0.19548115716818443,3,HDA,2,HD,2,HD,0.4966442953020135,0.25503355704697983,0.24832214765100674,3,HDA,3,HDA,2,HD
2026-01-11,2025,I1,Inter,Napoli,1,0.48719486594200134,0.316305935382843,0.19649919867515564,3,HDA,2,HD,2,HD,0.5526315789473685,0.2684210526315789,0.1789473684210526,2,HD,2,HD,2,HD
2026-01-11,2025,I1,Fiorentina,Milan,1,0.2578607124727752,0.29781707233735705,0.44432221518986775,2,DA,2,DA,2,DA,0.2871870397643594,0.2916053019145803,0.4212076583210604,2,DA,2,DA,2,DA
2026-01-11,2025,SP1,Vallecano,Mallorca,0,0.5396346369440163,0.2898208157744882,0.1705445472814955,2,HD,2,HD,2,HD,0.5015673981191223,0.29780564263322884,0.20062695924764887,3,HDA,2,HD,2,HD
2026-01-12,2025,I1,Juventus,Cremonese,0,0.7574748396873474,0.14431872963905334,0.09820643067359924,1,H,1,H,1,H,0.7564469914040116,0.15759312320916902,0.08595988538681941,1,H,1,H,1,H
2026-01-12,2025,I1,Genoa,Cagliari,0,0.4887767732143402,0.26039233803749084,0.25083088874816895,3,HDA,3,HDA,2,HD,0.4305291206699658,0.32660829843928435,0.24286258089074997,3,HDA,3,HDA,1,D
2026-01-12,2025,SP1,Sevilla,Celta,2,0.3905367851257324,0.3329319953918457,0.2765312194824219,3,HDA,2,DA,1,D,0.35270215359609913,0.30719219829337663,0.34010564811052413,3,HDA,2,DA,2,DA
2026-01-13,2025,D1,Mainz,Heidenheim,0,0.5260666969686733,0.22445311138988533,0.24948019164144136,3,HDA,3,HDA,2,HD,0.543564639689755,0.2474649543850726,0.2089704059251724,3,HDA,2,HD,2,HD
2026-01-13,2025,D1,Stuttgart,Ein Frankfurt,0,0.6666124363748366,0.16779386747190553,0.16559369615325784,2,HD,1,H,1,H,0.5721710787120646,0.2180328590935119,0.2097960621944236,3,HDA,1,H,1,H
2026-01-13,2025,D1,Dortmund,Werder Bremen,0,0.7104308009147644,0.1460881382226944,0.1434810608625412,1,H,1,H,1,H,0.6655744419414295,0.1890231415113659,0.1454024165472046,1,H,1,H,1,H
2026-01-14,2025,I1,Napoli,Parma,1,0.7443290075537187,0.15009438432401478,0.10557660812226653,1,H,1,H,1,H,0.7321711568938194,0.1812995245641838,0.0865293185419968,1,H,1,H,1,H
2026-01-14,2025,D1,Wolfsburg,St Pauli,0,0.5456607856503012,0.26966416433953994,0.18467505001015885,3,HDA,2,HD,2,HD,0.5221932114882506,0.2654482158398608,0.2123585726718886,3,HDA,2,HD,2,HD
2026-01-14,2025,I1,Inter,Lecce,0,0.7656908149375143,0.1522497855462102,0.08205939951627551,2,HD,1,H,1,H,0.8168266285480908,0.11946089442515821,0.06371247702675101,1,H,1,H,1,H
2026-01-14,2025,D1,FC Koln,Bayern Munich,2,0.12403305897190553,0.1299538194377829,0.7460131215903115,1,A,1,A,1,A,0.08519269776876262,0.13387423935091272,0.7809330628803247,1,A,1,A,1,A
2026-01-14,2025,D1,Hoffenheim,M'gladbach,0,0.46705377101898193,0.2959502935409546,0.23699593544006348,3,HDA,3,HDA,2,HD,0.4861111111111111,0.24305555555555555,0.27083333333333326,3,HDA,3,HDA,2,HD
2026-01-14,2025,D1,RB Leipzig,Freiburg,0,0.5309242010116577,0.26714906096458435,0.20192673802375793,3,HDA,2,HD,2,HD,0.5397018169034341,0.24217389220025892,0.21812429089630703,3,HDA,2,HD,2,HD
2026-01-15,2025,I1,Verona,Bologna,2,0.22898460799363898,0.2927365775547372,0.47827881445162385,2,DA,2,DA,2,DA,0.25042269396956607,0.30696975389817777,0.4426075521322563,2,DA,2,DA,2,DA
2026-01-15,2025,I1,Como,Milan,2,0.2878124415874481,0.2417011559009552,0.4704864025115967,2,DA,2,DA,2,DA,0.3067092651757188,0.2971246006389776,0.3961661341853035,3,HDA,2,DA,2,DA
2026-01-15,2025,D1,Augsburg,Union Berlin,1,0.3393327295780182,0.23163250088691711,0.4290347695350647,3,HDA,2,DA,2,DA,0.3774574049803408,0.2948885976408912,0.327653997378768,3,HDA,2,DA,2,DA
2026-01-16,2025,F1,Paris SG,Lille,0,0.7687050275960198,0.1584970092437493,0.07279796316023089,2,HD,1,H,1,H,0.7438754256620492,0.15115548649452842,0.10496908784342242,1,H,1,H,1,H
2026-01-16,2025,SP1,Espanol,Girona,2,0.5123583521736159,0.2686391392755765,0.21900250855080758,3,HDA,2,HD,2,HD,0.500595055935258,0.27974429596382067,0.21966064810092145,3,HDA,2,HD,2,HD
2026-01-16,2025,I1,Pisa,Atalanta,1,0.1377226710319519,0.24403876066207886,0.6182385683059692,2,DA,2,DA,2,DA,0.1528259414735049,0.2387905335523514,0.6083835249741437,2,DA,2,DA,1,A
2026-01-16,2025,D1,Werder Bremen,Ein Frankfurt,1,0.3636191487312317,0.31635358929634094,0.32002726197242737,3,HDA,2,DA,2,DA,0.35938186319530413,0.26254841672323603,0.37806972008145995,3,HDA,2,DA,2,DA
2026-01-16,2025,F1,Monaco,Lorient,2,0.5271838903427124,0.30845481157302856,0.16436129808425903,2,HD,2,HD,2,HD,0.5848930481283423,0.2256016042780748,0.1895053475935829,3,HDA,2,HD,1,H
2026-01-17,2025,SP1,Osasuna,Oviedo,0,0.5299321492006205,0.28873852325586263,0.18132932754351686,3,HDA,2,HD,2,HD,0.5362776025236594,0.27602523659305994,0.18769716088328073,3,HDA,2,HD,2,HD
2026-01-17,2025,D1,Hoffenheim,Leverkusen,0,0.3204924166202545,0.27264899015426636,0.4068585932254791,3,HDA,2,DA,2,DA,0.4068833652007648,0.2516252390057361,0.3414913957934991,3,HDA,3,HDA,2,DA
2026-01-17,2025,SP1,Betis,Villarreal,0,0.3669131100177765,0.25360798835754395,0.37947890162467957,3,HDA,2,DA,2,DA,0.3741092636579572,0.2725653206650831,0.3533254156769596,3,HDA,2,DA,2,DA
2026-01-17,2025,I1,Cagliari,Juventus,0,0.10503079976955354,0.12111194702488065,0.7738572532055658,1,A,1,A,1,A,0.14548912397480093,0.23641982645905144,0.6180910495661477,2,DA,2,DA,1,A
2026-01-17,2025,E0,Nott'm Forest,Arsenal,1,0.14451360487172596,0.19083244814228345,0.6646539469859906,2,DA,2,DA,1,A,0.1722558481923769,0.2429249141174546,0.5848192376901685,2,DA,2,DA,2,DA
2026-01-17,2025,F1,Angers,Marseille,2,0.14547357179930168,0.1426184943708553,0.711907933829843,1,A,1,A,1,A,0.1720368389470114,0.2252863367163244,0.6026768243366641,2,DA,1,A,1,A
2026-01-17,2025,F1,Toulouse,Nice,0,0.4458015263080597,0.2844264805316925,0.2697719931602478,3,HDA,3,HDA,1,D,0.48226950354609927,0.276595744680851,0.24113475177304963,3,HDA,3,HDA,2,HD
2026-01-17,2025,F1,Lens,Auxerre,0,0.6548334262544896,0.2448272817607629,0.10033929198474748,2,HD,2,HD,2,HD,0.632882047477745,0.2230155786350148,0.14410237388724034,2,HD,1,H,1,H
2026-01-17,2025,SP1,Mallorca,Ath Bilbao,0,0.22143372233409517,0.29399826246505195,0.4845680152008529,2,DA,2,DA,2,DA,0.24788624135280554,0.31398923904688697,0.4381245196003075,2,DA,2,DA,2,DA
2026-01-17,2025,I1,Napoli,Sassuolo,0,0.7507454548419876,0.13081069972868933,0.118443845429323,1,H,1,H,1,H,0.668894801503355,0.21936041989255514,0.11174477860408982,2,HD,1,H,1,H
2026-01-17,2025,SP1,Real Madrid,Levante,0,0.8340000038444997,0.0994213014754847,0.06657869468001566,1,H,1,H,1,H,0.832716506291636,0.10455218356772761,0.06273131014063651,1,H,1,H,1,H
2026-01-17,2025,D1,RB Leipzig,Bayern Munich,2,0.2695389172297393,0.1506452605320591,0.5798158222382016,2,DA,1,A,1,A,0.2360758755660885,0.2180839497146314,0.54584017471928,2,DA,1,A,1,A
2026-01-17,2025,E0,Chelsea,Brentford,0,0.5338588356971741,0.27039477229118347,0.19574639201164246,3,HDA,2,HD,2,HD,0.5142570449034201,0.25370014215235387,0.23204281294422613,3,HDA,2,HD,2,HD
2026-01-17,2025,D1,Dortmund,St Pauli,0,0.7452937420106958,0.1433093558498424,0.1113969021394618,1,H,1,H,1,H,0.7077140835102619,0.19815994338287332,0.09412597310686481,1,H,1,H,1,H
2026-01-17,2025,E0,Tottenham,West Ham,2,0.5305093447788157,0.26481821738454375,0.20467243783664052,3,HDA,2,HD,2,HD,0.508209538702111,0.25071670575970817,0.24107375553818092,3,HDA,3,HDA,2,HD
2026-01-17,2025,E0,Sunderland,Crystal Palace,0,0.39500167965888977,0.2420826256275177,0.36291569471359253,3,HDA,2,DA,2,DA,0.3961661341853035,0.2971246006389776,0.3067092651757188,3,HDA,3,HDA,2,DA
2026-01-17,2025,D1,FC Koln,Mainz,0,0.45968069700959463,0.34106360410438197,0.1992556988860234,3,HDA,2,HD,2,HD,0.4545454545454546,0.2727272727272727,0.2727272727272727,3,HDA,3,HDA,2,HD
2026-01-17,2025,E0,Man United,Man City,0,0.30446035577238667,0.25856614883441176,0.43697349539320157,3,HDA,2,DA,2,DA,0.32611264277274515,0.26270185112248917,0.41118550610476573,3,HDA,2,DA,2,DA
2026-01-17,2025,I1,Udinese,Inter,2,0.16589390737134493,0.12682374933887275,0.7072823432897823,1,A,1,A,1,A,0.13544369486248053,0.21069019200830302,0.6538661131292165,2,DA,1,A,1,A
2026-01-17,2025,D1,Wolfsburg,Heidenheim,1,0.5229972004890442,0.2486657351255417,0.22833706438541412,3,HDA,3,HDA,2,HD,0.5685384402049366,0.2315754134493278,0.1998861463457355,3,HDA,2,HD,1,H
2026-01-17,2025,E0,Liverpool,Burnley,1,0.7786185377424519,0.13934888360944042,0.0820325786481076,1,H,1,H,1,H,0.7755791985681616,0.14557024957740872,0.07885055185442971,1,H,1,H,1,H
2026-01-17,2025,E0,Leeds,Fulham,0,0.42262063689889423,0.2963330237964697,0.2810463393046361,3,HDA,3,HDA,1,D,0.4041204437400951,0.2793185419968304,0.3165610142630745,3,HDA,3,HDA,2,DA
2026-01-17,2025,D1,Hamburg,M'gladbach,1,0.3781136387024414,0.2882030096114579,0.3336833516861007,3,HDA,2,DA,2,DA,0.38834951456310685,0.27184466019417475,0.33980582524271846,3,HDA,2,DA,2,DA
2026-01-18,2025,SP1,Ath Madrid,Alaves,0,0.7617858648300171,0.13812638819217682,0.10008774697780609,1,H,1,H,1,H,0.6882884418683942,0.19996590521650184,0.11174565291510392,2,HD,1,H,1,H
2026-01-18,2025,SP1,Sociedad,Barcelona,0,0.2218916515361511,0.15286400107431417,0.6252443473895347,2,DA,1,A,1,A,0.2097960621944236,0.2180328590935119,0.5721710787120646,2,DA,1,A,1,A
2026-01-18,2025,SP1,Celta,Vallecano,0,0.48298566094083606,0.25432311730613955,0.2626912217530244,3,HDA,3,HDA,2,HD,0.5061349693251534,0.29141104294478526,0.20245398773006135,3,HDA,2,HD,2,HD
2026-01-18,2025,D1,Stuttgart,Union Berlin,1,0.5679925764798012,0.24860786272001062,0.18339956080018818,3,HDA,2,HD,2,HD,0.5913978494623656,0.23655913978494622,0.17204301075268813,2,HD,2,HD,1,H
2026-01-18,2025,E0,Wolves,Newcastle,1,0.29816038305045317,0.17443630619157274,0.5274033107579741,2,DA,1,A,1,A,0.209553158705701,0.2357473035439137,0.5546995377503853,2,DA,2,DA,1,A
2026-01-18,2025,E0,Aston Villa,Everton,2,0.6644237338493943,0.19213343525529364,0.143442830895312,2,HD,2,HD,1,H,0.5892322244994483,0.24475800094592462,0.16600977455462712,2,HD,2,HD,2,HD
2026-01-18,2025,D1,Augsburg,Freiburg,1,0.36161258816719055,0.27156171202659607,0.3668256998062134,3,HDA,2,DA,2,DA,0.3710121292426868,0.2911018244827235,0.3378860462745897,3,HDA,2,DA,2,DA
2026-01-18,2025,SP1,Getafe,Valencia,2,0.35581159591674805,0.3531334400177002,0.29105496406555176,3,HDA,2,DA,2,DA,0.3888834331729352,0.346459785917706,0.2646567809093587,3,HDA,2,DA,1,D
2026-01-18,2025,I1,Torino,Roma,2,0.18391463708623162,0.25888002690315326,0.5572053360106151,2,DA,2,DA,2,DA,0.21132457027300305,0.28816986855409504,0.5005055611729019,2,DA,2,DA,2,DA
2026-01-18,2025,F1,Rennes,Le Havre,1,0.5776188201421851,0.22006303906252864,0.20231814079528626,3,HDA,2,HD,2,HD,0.5848930481283423,0.2256016042780748,0.1895053475935829,3,HDA,2,HD,1,H
2026-01-18,2025,F1,Nantes,Paris FC,2,0.36145667318870645,0.31455324037531734,0.3239900864359762,3,HDA,2,DA,2,DA,0.35868071461291806,0.30920751259734314,0.33211177278973886,3,HDA,2,DA,2,DA
2026-01-18,2025,F1,Strasbourg,Metz,0,0.7083891682951835,0.18909050665118177,0.10252032505363468,2,HD,2,HD,1,H,0.6719162580158432,0.20086759713315722,0.12721614485099964,2,HD,1,H,1,H
2026-01-18,2025,I1,Bologna,Fiorentina,2,0.3288128273971574,0.3552832517196686,0.315903920883174,3,HDA,2,DA,2,DA,0.4017751944073521,0.2897651402089388,0.308459665383709,3,HDA,3,HDA,2,DA
2026-01-18,2025,I1,Parma,Genoa,1,0.3847346535166892,0.33637942888614114,0.27888591759716974,3,HDA,2,DA,1,D,0.32230392156862747,0.35539215686274506,0.32230392156862747,3,HDA,2,DA,2,DA
2026-01-18,2025,I1,Milan,Lecce,0,0.7372364566602511,0.15277864380431125,0.10998489953543766,2,HD,1,H,1,H,0.7389812615465823,0.18157825283716023,0.07944048561625751,1,H,1,H,1,H
2026-01-18,2025,F1,Lyon,Brest,0,0.6082508563995361,0.23165835440158844,0.16009078919887543,2,HD,2,HD,2,HD,0.5726391743927508,0.2452070310861266,0.1821537945211226,2,HD,2,HD,2,HD
2026-01-19,2025,I1,Lazio,Como,2,0.3290010788739049,0.27777079575570807,0.393228125370387,3,HDA,2,DA,2,DA,0.3066287108580724,0.3277755185034567,0.3655957706384709,3,HDA,2,DA,2,DA
2026-01-19,2025,I1,Cremonese,Verona,1,0.40542294366887377,0.31333698888608846,0.2812400674450377,3,HDA,3,HDA,1,D,0.39215686274509803,0.3137254901960785,0.29411764705882354,3,HDA,2,DA,2,DA
2026-01-19,2025,SP1,Elche,Sevilla,1,0.4339246024511873,0.2864372346866955,0.2796381628621172,3,HDA,3,HDA,1,D,0.39999205971097346,0.30709067810068286,0.29291726218834374,3,HDA,3,HDA,2,DA
2026-01-19,2025,E0,Brighton,Bournemouth,1,0.4999657645836876,0.2354969127999136,0.26453732261639884,3,HDA,3,HDA,2,HD,0.48851333509374184,0.25402693424874573,0.25745973065751254,3,HDA,3,HDA,2,HD
2026-01-23,2025,I1,Inter,Pisa,0,0.6928144796612036,0.21509546362005866,0.09209005671873773,2,HD,2,HD,1,H,0.7564469914040116,0.15759312320916902,0.08595988538681941,1,H,1,H,1,H
2026-01-23,2025,F1,Auxerre,Paris SG,2,0.1283545580148028,0.098333179093887,0.7733122628913102,1,A,1,A,1,A,0.1190887124611667,0.1905419399378667,0.6903693476009666,1,A,1,A,1,A
2026-01-23,2025,SP1,Levante,Elche,0,0.44633325934410095,0.2146594524383545,0.33900728821754456,3,HDA,3,HDA,1,A,0.4266958424507658,0.2844638949671772,0.2888402625820569,3,HDA,3,HDA,2,DA
2026-01-23,2025,D1,St Pauli,Hamburg,1,0.34392658806284737,0.32333246926471776,0.33274094267243487,3,HDA,2,DA,2,DA,0.33720930232558133,0.32558139534883723,0.33720930232558133,3,HDA,2,DA,2,DA
2026-01-24,2025,E0,Bournemouth,Liverpool,0,0.3038420126414599,0.22181530627333085,0.4743426810852093,3,HDA,2,DA,2,DA,0.22471910112359553,0.23595505617977522,0.5393258426966293,2,DA,2,DA,1,A
2026-01-24,2025,E0,Burnley,Tottenham,1,0.22165359886964559,0.3657844419149226,0.4125619592154318,2,DA,2,DA,2,DA,0.2440775305096913,0.2799712849964106,0.475951184493898,2,DA,2,DA,2,DA
2026-01-24,2025,D1,Bayern Munich,Augsburg,2,0.7819567264470701,0.1507451672051462,0.0672981063477836,2,HD,1,H,1,H,0.84783801306668,0.0958056954765348,0.0563562914567852,1,H,1,H,1,H
2026-01-24,2025,E0,West Ham,Sunderland,0,0.5238516486838951,0.2423645479191705,0.23378380339693436,3,HDA,3,HDA,2,HD,0.4266958424507658,0.2844638949671772,0.2888402625820569,3,HDA,3,HDA,2,DA
2026-01-24,2025,SP1,Villarreal,Real Madrid,2,0.23612635975887836,0.1651906495512925,0.5986829906898291,2,DA,1,A,1,A,0.2522368981678739,0.2364720920323818,0.5112910097997444,2,DA,2,DA,1,A
2026-01-24,2025,E0,Fulham,Brighton,0,0.3984523117542267,0.2545884847640991,0.3469592034816742,3,HDA,3,HDA,2,DA,0.3703703703703704,0.2861952861952862,0.3434343434343434,3,HDA,2,DA,2,DA
2026-01-24,2025,E0,Man City,Wolves,0,0.7129276341726807,0.17293499281305824,0.11413737301426102,2,HD,1,H,1,H,0.7296439901304196,0.16496298907296442,0.10539302079661611,1,H,1,H,1,H
2026-01-24,2025,SP1,Vallecano,Osasuna,2,0.4180889129638672,0.3479669392108917,0.2339441478252411,3,HDA,3,HDA,1,D,0.42767047694126925,0.30350808040993305,0.26882144264879776,3,HDA,3,HDA,1,D
2026-01-24,2025,SP1,Valencia,Espanol,0,0.4137069284915924,0.26578032970428467,0.3205127418041229,3,HDA,3,HDA,2,DA,0.3961661341853035,0.2971246006389776,0.3067092651757188,3,HDA,3,HDA,2,DA
2026-01-24,2025,D1,Heidenheim,RB Leipzig,2,0.22000604033488155,0.1892578509228781,0.5907361087422404,2,DA,2,DA,1,A,0.21625163826998686,0.21625163826998686,0.5674967234600263,2,DA,1,A,1,A
2026-01-24,2025,D1,Ein Frankfurt,Hoffenheim,2,0.3208589255809784,0.27954649925231934,0.39959457516670227,3,HDA,2,DA,2,DA,0.31279620853080564,0.26066350710900477,0.4265402843601896,3,HDA,2,DA,2,DA
2026-01-24,2025,F1,Marseille,Lens,0,0.4736834537041702,0.2489531822346625,0.2773633640611673,3,HDA,3,HDA,2,HD,0.46077791250816164,0.24857755806361345,0.29064452942822494,3,HDA,3,HDA,3,HDA
2026-01-24,2025,D1,Union Berlin,Dortmund,2,0.3049513904764834,0.2283416322367897,0.4667069772867269,3,HDA,2,DA,2,DA,0.2975303802430419,0.2885143081144649,0.4139553116424932,2,DA,2,DA,2,DA
2026-01-24,2025,D1,Mainz,Wolfsburg,0,0.4623446555877631,0.21119154045619634,0.3264638039560406,3,HDA,3,HDA,2,HA,0.422852701127089,0.27982899339292655,0.29731830547998445,3,HDA,3,HDA,2,DA
2026-01-24,2025,SP1,Sevilla,Ath Bilbao,0,0.40066807268059035,0.309048196403736,0.29028373091567367,3,HDA,3,HDA,2,DA,0.3618968386023294,0.324459234608985,0.3136439267886855,3,HDA,2,DA,2,DA
2026-01-24,2025,I1,Lecce,Lazio,1,0.2756645895342651,0.30918537648959826,0.41515003397613665,2,DA,2,DA,2,DA,0.1970898318375882,0.3228195521477738,0.480090616014638,2,DA,2,DA,2,DA
2026-01-24,2025,I1,Como,Torino,0,0.61751788854599,0.23385606706142426,0.14862604439258575,2,HD,2,HD,2,HD,0.6216758421199963,0.2319912288886815,0.1463329289913222,2,HD,2,HD,1,H
2026-01-24,2025,I1,Fiorentina,Cagliari,2,0.4937748610973358,0.24923589825630188,0.2569892406463623,3,HDA,3,HDA,2,HD,0.5263157894736843,0.26315789473684215,0.21052631578947362,3,HDA,2,HD,2,HD
2026-01-24,2025,F1,Le Havre,Monaco,1,0.1731375877091648,0.22816845434653082,0.5986939579443044,2,DA,2,DA,2,DA,0.23541247484909453,0.24144869215291753,0.523138832997988,2,DA,2,DA,2,DA
2026-01-24,2025,F1,Rennes,Lorient,2,0.5022203922271729,0.24561786651611328,0.25216174125671387,3,HDA,3,HDA,2,HD,0.5257095980311732,0.25575061525840853,0.21853978671041832,3,HDA,2,HD,2,HD
2026-01-24,2025,D1,Leverkusen,Werder Bremen,0,0.6527380541782991,0.19930707512220963,0.14795487069949123,2,HD,2,HD,1,H,0.6067809651932196,0.2200106501970796,0.1732083846097008,2,HD,1,H,1,H
2026-01-25,2025,F1,Brest,Toulouse,2,0.2753510054043976,0.22281986969024525,0.5018291249053571,2,DA,2,DA,2,DA,0.32230392156862747,0.32230392156862747,0.35539215686274506,3,HDA,2,DA,2,DA
2026-01-25,2025,F1,Paris FC,Angers,1,0.5374014021784694,0.2803733772206326,0.182225220600898,3,HDA,2,HD,2,HD,0.5061349693251534,0.29141104294478526,0.20245398773006135,3,HDA,2,HD,2,HD
2026-01-25,2025,F1,Metz,Lyon,2,0.15955213964652806,0.2881754891846256,0.5522723711688463,2,DA,2,DA,2,DA,0.1803845322963923,0.2525383452149492,0.5670771224886585,2,DA,2,DA,2,DA
2026-01-25,2025,F1,Nantes,Nice,2,0.3559536933898926,0.2966298460960388,0.3474164605140686,3,HDA,2,DA,2,DA,0.35151883353584445,0.28760631834750905,0.36087484811664644,3,HDA,2,DA,2,DA
2026-01-25,2025,F1,Lille,Strasbourg,2,0.3871392011642456,0.32705995440483093,0.28580084443092346,3,HDA,2,DA,2,DA,0.3783122706889524,0.29555646147574394,0.32613126783530366,3,HDA,2,DA,2,DA
2026-01-25,2025,SP1,Barcelona,Oviedo,0,0.8771538138389587,0.07032806426286697,0.052518121898174286,1,H,1,H,1,H,0.8551239929789819,0.094918763220667,0.049957243800351,1,H,1,H,1,H
2026-01-25,2025,I1,Roma,Milan,1,0.38001577198552405,0.325555185245132,0.29442904276934395,3,HDA,2,DA,2,DA,0.35925176528884667,0.32580418714126447,0.31494404756988886,3,HDA,2,DA,2,DA
2026-01-25,2025,SP1,Sociedad,Celta,0,0.48147010913669414,0.307216745184854,0.2113131456784519,3,HDA,2,HD,2,HD,0.44134505158578524,0.28754298815437523,0.2711119602598396,3,HDA,3,HDA,2,HD
2026-01-25,2025,SP1,Ath Madrid,Mallorca,0,0.7523072642202401,0.1520355102433082,0.0956572255364517,2,HD,1,H,1,H,0.722302679217958,0.17885590152063724,0.09884141926140473,1,H,1,H,1,H
2026-01-25,2025,D1,M'gladbach,Stuttgart,2,0.27534663677215576,0.3529476821422577,0.37170568108558655,2,DA,2,DA,2,DA,0.32997285769678164,0.25684373788290027,0.41318340442031803,3,HDA,2,DA,2,DA
2026-01-25,2025,I1,Atalanta,Parma,0,0.7504940777722551,0.15678133626095436,0.09272458596679056,2,HD,1,H,1,H,0.7042253521126761,0.1971830985915493,0.0985915492957746,1,H,1,H,1,H
2026-01-25,2025,SP1,Alaves,Betis,0,0.3663521111011505,0.28327006101608276,0.3503778278827667,3,HDA,2,DA,2,DA,0.35925176528884667,0.31494404756988886,0.32580418714126447,3,HDA,2,DA,2,DA
2026-01-25,2025,E0,Brentford,Nott'm Forest,2,0.5023043230519343,0.24838006866544587,0.24931560828261984,3,HDA,3,HDA,2,HD,0.51516102913231,0.26473552885965934,0.22010344200803073,3,HDA,2,HD,2,HD
2026-01-25,2025,E0,Crystal Palace,Chelsea,2,0.3961997926235199,0.247487872838974,0.3563123345375061,3,HDA,3,HDA,2,DA,0.2785145888594165,0.2705570291777188,0.4509283819628648,2,DA,2,DA,2,DA
2026-01-25,2025,E0,Newcastle,Aston Villa,2,0.5058077649147475,0.22677155176954794,0.2674206833157045,3,HDA,3,HDA,2,HD,0.44469399213924765,0.26558113419427287,0.28972487366647953,3,HDA,3,HDA,3,HDA
2026-01-25,2025,D1,Freiburg,FC Koln,0,0.4629417221861564,0.2826007520377412,0.25445752577610237,3,HDA,3,HDA,2,HD,0.47349177330895803,0.25594149908592323,0.27056672760511885,3,HDA,3,HDA,2,HD
2026-01-25,2025,I1,Juventus,Napoli,0,0.48482429168332924,0.24114265625816536,0.27403305205850537,3,HDA,3,HDA,2,HD,0.5034618343448158,0.30045303017351915,0.19608513548166512,3,HDA,2,HD,2,HD
2026-01-25,2025,E0,Arsenal,Man United,2,0.7075812816619873,0.17438949644565582,0.11802922189235687,2,HD,1,H,1,H,0.6226312939902545,0.2116946399566865,0.165674066053059,2,HD,1,H,1,H
2026-01-25,2025,I1,Sassuolo,Cremonese,0,0.5361742297385003,0.2549783549461014,0.20884741531539835,3,HDA,2,HD,2,HD,0.4748201438848921,0.2877697841726619,0.237410071942446,3,HDA,3,HDA,2,HD
2026-01-25,2025,I1,Genoa,Bologna,0,0.29870002571642323,0.2869256947360726,0.4143742795475042,2,DA,2,DA,2,DA,0.2909090909090909,0.3151515151515151,0.393939393939394,2,DA,2,DA,2,DA
2026-01-26,2025,I1,Verona,Udinese,2,0.29515209794044495,0.3104240894317627,0.39442381262779236,2,DA,2,DA,2,DA,0.3253012048192771,0.3253012048192771,0.3493975903614458,3,HDA,2,DA,2,DA
2026-01-26,2025,E0,Everton,Leeds,1,0.41106924414634705,0.25631168484687805,0.3326190710067749,3,HDA,3,HDA,2,DA,0.3783122706889524,0.29555646147574394,0.32613126783530366,3,HDA,2,DA,2,DA
2026-01-26,2025,SP1,Girona,Getafe,1,0.4478236339013413,0.3080059427621637,0.24417042333649502,3,HDA,3,HDA,1,D,0.4381245196003075,0.31398923904688697,0.24788624135280554,3,HDA,3,HDA,2,HD
2026-01-27,2025,D1,Werder Bremen,Hoffenheim,2,0.26110743698157557,0.29224660121659635,0.4466459618018281,2,DA,2,DA,2,DA,0.25398936170212766,0.25398936170212766,0.49202127659574474,2,DA,2,DA,2,DA
2026-01-27,2025,D1,St Pauli,RB Leipzig,1,0.1884601591298008,0.2493775524106257,0.5621622884595735,2,DA,2,DA,2,DA,0.18918918918918926,0.27027027027027023,0.5405405405405406,2,DA,2,DA,2,DA
2026-01-30,2025,F1,Lens,Le Havre,0,0.7711715985525995,0.13355625173286542,0.0952721497145351,1,H,1,H,1,H,0.6471238938053098,0.2085176991150442,0.144358407079646,2,HD,1,H,1,H
2026-01-30,2025,SP1,Espanol,Alaves,2,0.49609848140936486,0.27760452944006553,0.22629698915056964,3,HDA,3,HDA,2,HD,0.4851752021563343,0.30889487870619947,0.20592991913746625,3,HDA,2,HD,2,HD
2026-01-30,2025,D1,FC Koln,Wolfsburg,0,0.559817910194397,0.23263053596019745,0.20755155384540558,3,HDA,2,HD,2,HD,0.4597138554216868,0.25470632530120474,0.28557981927710846,3,HDA,3,HDA,2,HD
2026-01-30,2025,I1,Lazio,Genoa,0,0.5453235073484035,0.24145815496021972,0.21321833769137674,3,HDA,2,HD,2,HD,0.41946833463643474,0.32544956997654423,0.25508209538702115,3,HDA,3,HDA,1,D
2026-01-31,2025,D1,RB Leipzig,Mainz,2,0.647958943962439,0.21114714758317393,0.140893908454387,2,HD,2,HD,1,H,0.6218387384706934,0.20291579886938413,0.17524546265992264,2,HD,1,H,1,H
2026-01-31,2025,D1,Werder Bremen,M'gladbach,1,0.44355009327978173,0.2761119388375264,0.28033796788269183,3,HDA,3,HDA,1,D,0.4427206508371961,0.2644026109166588,0.2928767382461451,3,HDA,3,HDA,3,HDA
2026-01-31,2025,D1,Hamburg,Bayern Munich,1,0.12673929050402438,0.07611232080804585,0.7971483886879298,1,A,1,A,1,A,0.12621359223300968,0.14563106796116507,0.7281553398058253,1,A,1,A,1,A
2026-01-31,2025,F1,Lorient,Nantes,0,0.4424938227232589,0.2935435648884514,0.2639626123882897,3,HDA,3,HDA,1,D,0.500595055935258,0.27974429596382067,0.21966064810092145,3,HDA,2,HD,2,HD
2026-01-31,2025,D1,Ein Frankfurt,Leverkusen,2,0.21569493412971497,0.2806531488895416,0.5036519169807434,2,DA,2,DA,2,DA,0.277264325323475,0.2513863216266174,0.4713493530499075,2,DA,2,DA,2,DA
2026-01-31,2025,F1,Paris FC,Marseille,1,0.22465493940331133,0.20910809622543908,0.5662369643712496,2,DA,2,DA,1,A,0.21812429089630703,0.24217389220025892,0.5397018169034341,2,DA,2,DA,2,DA
2026-01-31,2025,F1,Monaco,Rennes,0,0.5496139012219593,0.23374092927189066,0.21664516950615004,3,HDA,2,HD,2,HD,0.48908296943231444,0.23842794759825323,0.27248908296943236,3,HDA,3,HDA,1,H
2026-01-31,2025,SP1,Elche,Barcelona,2,0.14524849408485713,0.1418249074440408,0.7129265984711021,1,A,1,A,1,A,0.11856986501276903,0.15176942721634443,0.7296607077708865,1,A,1,A,1,A
2026-01-31,2025,SP1,Levante,Ath Madrid,1,0.21038768008929015,0.21150400059676172,0.5781083193139481,2,DA,2,DA,1,A,0.19208742402992052,0.25274661056568487,0.5551659654043947,2,DA,2,DA,2,DA
2026-01-31,2025,SP1,Osasuna,Villarreal,1,0.40168511268965734,0.24815375733146433,0.3501611299788783,3,HDA,3,HDA,2,DA,0.35151883353584445,0.28760631834750905,0.36087484811664644,3,HDA,2,DA,2,DA
2026-01-31,2025,D1,Augsburg,St Pauli,0,0.5115500993460476,0.2761840984931051,0.2122658021608473,3,HDA,2,HD,2,HD,0.4512126339537507,0.296108291032149,0.25267907501410036,3,HDA,3,HDA,2,HD
2026-01-31,2025,D1,Hoffenheim,Union Berlin,0,0.4792550075720244,0.2642287375722464,0.2565162548557292,3,HDA,3,HDA,2,HD,0.5215686274509804,0.2511764705882353,0.2272549019607843,3,HDA,2,HD,2,HD
2026-01-31,2025,SP1,Oviedo,Girona,0,0.3889566428091143,0.29355717935817366,0.31748617783271205,3,HDA,2,DA,2,DA,0.34285714285714286,0.31428571428571433,0.34285714285714286,3,HDA,2,DA,2,DA
2026-01-31,2025,I1,Cagliari,Verona,0,0.4573779744936507,0.29334657589693186,0.24927544960941744,3,HDA,3,HDA,2,HD,0.4366812227074236,0.31295487627365354,0.25036390101892286,3,HDA,3,HDA,2,HD
2026-01-31,2025,I1,Pisa,Sassuolo,2,0.22649071773155455,0.213239159982813,0.5602701222856324,2,DA,2,DA,1,A,0.2971246006389776,0.3067092651757188,0.3961661341853035,2,DA,2,DA,2,DA
2026-01-31,2025,I1,Napoli,Fiorentina,0,0.49761495749883544,0.3039558393974972,0.19842920310366735,3,HDA,2,HD,2,HD,0.49068109624162937,0.29287527931922247,0.21644362443914822,3,HDA,2,HD,2,HD
2026-01-31,2025,E0,Wolves,Bournemouth,2,0.3599720299243927,0.27874407172203064,0.36128389835357666,3,HDA,2,DA,2,DA,0.3398058252427184,0.2718446601941747,0.3883495145631068,3,HDA,2,DA,2,DA
2026-01-31,2025,E0,Leeds,Arsenal,2,0.28296924480704205,0.14722422204089827,0.5698065331520598,1,A,1,A,1,A,0.1720368389470114,0.2252863367163244,0.6026768243366641,2,DA,1,A,1,A
2026-01-31,2025,E0,Chelsea,West Ham,0,0.6454084611744949,0.20714193891200333,0.14744959991350173,2,HD,2,HD,1,H,0.5888816959792844,0.2203206345234274,0.1907976694972881,3,HDA,1,H,1,H
2026-01-31,2025,E0,Liverpool,Newcastle,0,0.6073052430670527,0.23310510567537654,0.15958965125757074,2,HD,2,HD,2,HD,0.5830269494941478,0.2181301750994271,0.1988428754064251,3,HDA,1,H,1,H
2026-01-31,2025,E0,Brighton,Everton,1,0.5464695284910851,0.26330379670085036,0.1902266748080645,3,HDA,2,HD,2,HD,0.4942630185348632,0.2697263901147396,0.2360105913503971,3,HDA,3,HDA,2,HD
2026-02-01,2025,E0,Man United,Fulham,0,0.615572452545166,0.20863977074623108,0.1757877767086029,3,HDA,2,HD,1,H,0.619757688723206,0.1996272134203169,0.1806150978564771,2,HD,1,H,1,H
2026-02-01,2025,D1,Stuttgart,Freiburg,0,0.5812188127092057,0.21459283465477072,0.2041883526360235,3,HDA,2,HD,1,H,0.5746381507885074,0.22575070209548492,0.19961114711600772,3,HDA,2,HD,1,H
2026-02-01,2025,D1,Dortmund,Heidenheim,0,0.7338281492539689,0.16720295450696213,0.09896889623906899,2,HD,1,H,1,H,0.7436069986541051,0.1452893674293405,0.1111036339165545,1,H,1,H,1,H
2026-02-01,2025,SP1,Ath Bilbao,Sociedad,1,0.3553722692915121,0.2975683123598006,0.34705941834868737,3,HDA,2,DA,2,DA,0.4221789883268483,0.3064202334630351,0.2714007782101167,3,HDA,3,HDA,1,D
2026-02-01,2025,SP1,Getafe,Celta,1,0.32704441708591087,0.3114293105262107,0.36152627238787843,3,HDA,2,DA,2,DA,0.33410138248847926,0.33179723502304154,0.33410138248847926,3,HDA,2,DA,2,DA
2026-02-01,2025,SP1,Betis,Valencia,0,0.48928022448538394,0.2588707352357665,0.2518490402788496,3,HDA,3,HDA,2,HD,0.5292652552926527,0.28019925280199254,0.19053549190535493,3,HDA,2,HD,2,HD
2026-02-01,2025,SP1,Real Madrid,Vallecano,0,0.7682344970720596,0.12976136900306767,0.10200413392487268,1,H,1,H,1,H,0.7780921584478578,0.135610347615198,0.0862974939369442,1,H,1,H,1,H
2026-02-01,2025,F1,Strasbourg,Paris SG,2,0.1468198724564929,0.14742848057406424,0.7057516469694428,1,A,1,A,1,A,0.19079766949728816,0.22032063452342746,0.5888816959792844,2,DA,1,A,1,A
2026-02-01,2025,E0,Nott'm Forest,Crystal Palace,1,0.45268603484800407,0.24903745578173614,0.2982765093702598,3,HDA,3,HDA,2,DA,0.4505119453924915,0.28668941979522183,0.26279863481228666,3,HDA,3,HDA,2,HD
2026-02-01,2025,E0,Tottenham,Man City,1,0.1838028783739471,0.26056123556379185,0.555635886062261,2,DA,2,DA,2,DA,0.19988614634573554,0.23157541344932783,0.5685384402049367,2,DA,2,DA,1,A
2026-02-01,2025,I1,Torino,Lecce,0,0.49479666383286336,0.2848476299734336,0.22035570619370304,3,HDA,2,HD,2,HD,0.43765050780023035,0.32624856036017175,0.23610093183959793,3,HDA,3,HDA,2,HD
2026-02-01,2025,F1,Nice,Brest,1,0.4193131077699001,0.3011780797733021,0.2795088124567978,3,HDA,3,HDA,1,D,0.4230769230769231,0.2884615384615385,0.2884615384615385,3,HDA,3,HDA,2,DA
2026-02-01,2025,F1,Angers,Metz,0,0.46000268369909103,0.2946636334856803,0.24533368281522866,3,HDA,3,HDA,2,HD,0.4394012554321584,0.29068083051665866,0.26991791405118304,3,HDA,3,HDA,2,HD
2026-02-01,2025,F1,Lyon,Lille,0,0.5668835297323851,0.2022012413532097,0.23091522891440522,3,HDA,3,HDA,1,H,0.4221789883268482,0.2714007782101167,0.306420233463035,3,HDA,3,HDA,2,DA
2026-02-01,2025,I1,Parma,Juventus,2,0.11450165021050684,0.1309481143418278,0.7545502354476653,1,A,1,A,1,A,0.11160318866253321,0.21080602302922932,0.6775907883082375,2,DA,1,A,1,A
2026-02-01,2025,I1,Cremonese,Inter,2,0.10136054833831445,0.08044229002454467,0.8181971616371408,1,A,1,A,1,A,0.08108864479115652,0.18778423004267822,0.7311271251661653,1,A,1,A,1,A
2026-02-01,2025,F1,Toulouse,Auxerre,1,0.4142245301142055,0.3596062278512852,0.2261692420345093,3,HDA,3,HDA,1,D,0.5405405405405406,0.27027027027027023,0.18918918918918926,3,HDA,2,HD,2,HD
2026-02-01,2025,I1,Como,Atalanta,1,0.362497917562599,0.2664783755825982,0.3710237068548028,3,HDA,2,DA,2,DA,0.4069255600117382,0.2942384818546415,0.2988359581336203,3,HDA,3,HDA,2,DA
2026-02-01,2025,E0,Aston Villa,Brentford,2,0.3014672786434674,0.35064561219947377,0.3478871091570589,2,DA,2,DA,2,DA,0.40106951871657753,0.28074866310160435,0.3181818181818182,3,HDA,3,HDA,2,DA
2026-02-02,2025,E0,Sunderland,Burnley,0,0.5143215732920404,0.25273424763581526,0.23294417907214432,3,HDA,3,HDA,2,HD,0.49507489008152494,0.2865433454714282,0.21838176444704682,3,HDA,2,HD,2,HD
2026-02-02,2025,I1,Udinese,Roma,0,0.24809003615647662,0.22970703928789613,0.5222029245556272,2,DA,2,DA,2,DA,0.21864433504441214,0.29585311585697016,0.48550254909861773,2,DA,2,DA,2,DA
2026-02-02,2025,SP1,Mallorca,Sevilla,0,0.35341912508010864,0.28138479590415955,0.3651960790157318,3,HDA,2,DA,2,DA,0.35242290748898675,0.31718061674008813,0.33039647577092507,3,HDA,2,DA,2,DA
2026-02-03,2025,I1,Bologna,Milan,2,0.27974836705615325,0.2452260103956467,0.4750256225482,2,DA,2,DA,2,DA,0.2971246006389776,0.3067092651757188,0.3961661341853035,2,DA,2,DA,2,DA
2026-02-06,2025,E0,Leeds,Nott'm Forest,0,0.509716681991269,0.23936347306723188,0.25091984494149916,3,HDA,3,HDA,2,HD,0.4509283819628648,0.2785145888594165,0.2705570291777188,3,HDA,3,HDA,2,HD
2026-02-06,2025,D1,Union Berlin,Ein Frankfurt,1,0.4787004279315727,0.25246121003992616,0.26883836202850114,3,HDA,3,HDA,2,HD,0.4452054794520548,0.2671232876712329,0.2876712328767123,3,HDA,3,HDA,3,HDA
2026-02-06,2025,F1,Metz,Lille,1,0.10393210732785108,0.1718257853051823,0.7242421073669666,2,DA,1,A,1,A,0.14631673800405492,0.21964406397837352,0.6340391980175716,2,DA,1,A,1,A
2026-02-06,2025,SP1,Celta,Osasuna,2,0.4083463251590729,0.2974398136138916,0.2942138612270355,3,HDA,3,HDA,2,DA,0.45373467112597554,0.28874024526198444,0.25752508361204013,3,HDA,3,HDA,2,HD
2026-02-06,2025,I1,Verona,Pisa,1,0.4514546365412853,0.22897283607559418,0.3195725273831205,3,HDA,3,HDA,2,DA,0.3783122706889524,0.32613126783530366,0.29555646147574394,3,HDA,2,DA,2,DA
2026-02-07,2025,E0,Newcastle,Brentford,2,0.45590940117836,0.2560719847679138,0.2880186140537262,3,HDA,3,HDA,3,HDA,0.4953764861294584,0.2523117569352708,0.2523117569352708,3,HDA,3,HDA,2,HD
2026-02-07,2025,D1,Freiburg,Werder Bremen,0,0.4266201086825165,0.30151812140697604,0.2718617699105075,3,HDA,3,HDA,1,D,0.4509283819628648,0.2785145888594165,0.2705570291777188,3,HDA,3,HDA,2,HD
2026-02-07,2025,D1,Mainz,Augsburg,0,0.5143306698104539,0.2685158768738545,0.21715345331569155,3,HDA,2,HD,2,HD,0.49533204157125243,0.25569843227056543,0.24896952615818213,3,HDA,3,HDA,2,HD
2026-02-07,2025,D1,St Pauli,Stuttgart,0,0.17970660061081348,0.1722035233348083,0.6480898760543782,2,DA,1,A,1,A,0.1895352559438931,0.2429939178767861,0.5674708261793209,2,DA,2,DA,2,DA
2026-02-07,2025,D1,Wolfsburg,Dortmund,2,0.24143631396537552,0.19972026050507635,0.5588434255295481,2,DA,2,DA,1,A,0.22519656132407376,0.21843546363997915,0.5563679750359471,2,DA,1,A,1,A
2026-02-07,2025,D1,Heidenheim,Hamburg,2,0.29774203009182126,0.31335692663917164,0.3889010432690071,2,DA,2,DA,2,DA,0.3371104815864023,0.2776203966005666,0.3852691218130311,3,HDA,2,DA,2,DA
2026-02-07,2025,D1,M'gladbach,Leverkusen,1,0.29873873583905314,0.2522470505384833,0.4490142136224636,2,DA,2,DA,2,DA,0.2795282845034089,0.2568638290031325,0.4636078864934587,2,DA,2,DA,2,DA
2026-02-07,2025,SP1,Barcelona,Mallorca,0,0.8829164636569689,0.06833130223052654,0.048752234112504636,1,H,1,H,1,H,0.8184578920079995,0.1097696466928375,0.071772461299163,1,H,1,H,1,H
2026-02-07,2025,SP1,Sociedad,Elche,0,0.581212239897616,0.20460028066039923,0.21418747944198488,3,HDA,2,HD,1,H,0.5772208925805997,0.2322962128678023,0.1904828945515979,3,HDA,2,HD,1,H
2026-02-07,2025,F1,Nantes,Lyon,2,0.1941305456796451,0.24002680897792605,0.5658426453424289,2,DA,2,DA,2,DA,0.2007648183556405,0.254302103250478,0.5449330783938815,2,DA,2,DA,2,DA
2026-02-07,2025,I1,Genoa,Napoli,2,0.24324326257447823,0.33541981366754686,0.4213369237579749,2,DA,2,DA,2,DA,0.23153252480705622,0.3164277839029769,0.45203969128996696,2,DA,2,DA,2,DA
2026-02-07,2025,F1,Lens,Rennes,0,0.5697609016370505,0.24089738008685768,0.18934171827609186,3,HDA,2,HD,2,HD,0.5848930481283423,0.2256016042780748,0.1895053475935829,3,HDA,2,HD,1,H
2026-02-07,2025,E0,Man United,Tottenham,0,0.5651338016221851,0.19820470812611718,0.23666149025169775,3,HDA,3,HDA,1,H,0.5908776779543884,0.21008984105044914,0.19903248099516235,3,HDA,1,H,1,H
2026-02-07,2025,E0,Bournemouth,Aston Villa,1,0.39696685071240145,0.23706446941292986,0.3659686798746687,3,HDA,3,HDA,2,DA,0.33962264150943394,0.26415094339622647,0.3962264150943397,3,HDA,2,DA,2,DA
2026-02-07,2025,I1,Fiorentina,Torino,1,0.6048127232547783,0.21062443522738114,0.18456284151784058,3,HDA,2,HD,1,H,0.5533013648100332,0.2552563629656953,0.1914422722242715,3,HDA,2,HD,2,HD
2026-02-07,2025,E0,Burnley,West Ham,2,0.3258453212426507,0.41010324924876546,0.26405142950858385,3,HDA,2,DA,1,D,0.2982193064667292,0.2579194001874414,0.4438612933458294,2,DA,2,DA,2,DA
2026-02-07,2025,E0,Fulham,Everton,2,0.45541862331954575,0.3051441953352719,0.23943718134518238,3,HDA,3,HDA,2,HD,0.4509283819628648,0.2785145888594165,0.2705570291777188,3,HDA,3,HDA,2,HD
2026-02-07,2025,E0,Wolves,Chelsea,2,0.19553973363458316,0.16583712893239047,0.6386231374330263,2,DA,1,A,1,A,0.18812989921612544,0.22396416573348263,0.587905935050392,2,DA,1,A,1,A
2026-02-07,2025,E0,Arsenal,Sunderland,0,0.7862866882596407,0.11665533135368432,0.09705798038667499,1,H,1,H,1,H,0.7564469914040116,0.15759312320916902,0.08595988538681941,1,H,1,H,1,H
2026-02-07,2025,F1,Brest,Lorient,0,0.4470646546165748,0.30357264567695125,0.24936269970647396,3,HDA,3,HDA,1,D,0.412573673870334,0.31630648330058936,0.27111984282907664,3,HDA,3,HDA,1,D
2026-02-08,2025,F1,Angers,Toulouse,0,0.2289270094356832,0.27812855606888065,0.4929444344954361,2,DA,2,DA,2,DA,0.26882144264879776,0.30350808040993305,0.4276704769412693,2,DA,2,DA,2,DA
2026-02-08,2025,F1,Nice,Monaco,1,0.20223327583769785,0.2056893916633544,0.5920773324989478,2,DA,2,DA,1,A,0.2781844802342606,0.2489019033674963,0.472913616398243,2,DA,2,DA,2,DA
2026-02-08,2025,D1,Bayern Munich,Hoffenheim,0,0.7161813591772723,0.15812649304051676,0.12569214778221094,2,HD,1,H,1,H,0.7874015748031498,0.11811023622047241,0.09448818897637791,1,H,1,H,1,H
2026-02-08,2025,F1,Auxerre,Paris FC,1,0.4331953396440941,0.2664608875971768,0.3003437727587291,3,HDA,3,HDA,2,DA,0.38651050080775445,0.28695476575121165,0.32653473344103395,3,HDA,2,DA,2,DA
2026-02-08,2025,SP1,Sevilla,Girona,1,0.5092455744743347,0.2803507447242737,0.2104036808013916,3,HDA,2,HD,2,HD,0.4713493530499075,0.277264325323475,0.2513863216266174,3,HDA,3,HDA,2,HD
2026-02-08,2025,I1,Juventus,Lazio,1,0.7635991402656032,0.13596133583870523,0.10043952389569155,1,H,1,H,1,H,0.6744842179509788,0.21283724210897542,0.11267853994004581,2,HD,1,H,1,H
2026-02-08,2025,D1,FC Koln,RB Leipzig,2,0.31466493010520935,0.23928406834602356,0.4460510015487671,3,HDA,2,DA,2,DA,0.2799712849964106,0.2440775305096913,0.475951184493898,2,DA,2,DA,2,DA
2026-02-08,2025,I1,Sassuolo,Inter,2,0.13243286410296606,0.12039531112011753,0.7471718247769163,1,A,1,A,1,A,0.14627717988139682,0.21128925982868435,0.6424335602899188,2,DA,1,A,1,A
2026-02-08,2025,I1,Lecce,Udinese,0,0.4337382485348508,0.2991660148153897,0.2670957366497595,3,HDA,3,HDA,1,D,0.3289066688662515,0.344454984121747,0.3266383470120015,3,HDA,2,DA,2,DA
2026-02-08,2025,F1,Paris SG,Marseille,0,0.6769845879976574,0.1990518957659037,0.12396351623643886,2,HD,2,HD,1,H,0.6544502617801048,0.18848167539267013,0.15706806282722513,1,H,1,H,1,H
2026-02-08,2025,SP1,Ath Bilbao,Levante,0,0.54512021488904,0.30882482340224876,0.14605496170871132,2,HD,2,HD,2,HD,0.5958549222797929,0.2383419689119171,0.1658031088082901,2,HD,2,HD,1,H
2026-02-08,2025,E0,Liverpool,Man City,2,0.5102059093056348,0.18671625296127042,0.30307783773309477,3,HDA,3,HDA,2,HA,0.4467353951890034,0.2405498281786942,0.3127147766323024,3,HDA,3,HDA,2,HA
2026-02-08,2025,E0,Brighton,Crystal Palace,2,0.3997109174556087,0.30661054292980094,0.2936785396145904,3,HDA,3,HDA,2,DA,0.4322033898305085,0.28813559322033905,0.2796610169491526,3,HDA,3,HDA,2,HD
2026-02-08,2025,SP1,Alaves,Getafe,2,0.43377920985221863,0.28742584586143494,0.27879494428634644,3,HDA,3,HDA,1,D,0.388154189727158,0.3615885037382271,0.250257306534615,3,HDA,2,DA,1,D
2026-02-08,2025,SP1,Ath Madrid,Betis,2,0.6827430129051208,0.1913454681634903,0.12591151893138885,2,HD,2,HD,1,H,0.6373607140773585,0.1985881803862085,0.1640511055364331,2,HD,1,H,1,H
2026-02-08,2025,I1,Bologna,Parma,2,0.6313784624430766,0.2304605807295355,0.13816095682738785,2,HD,2,HD,2,HD,0.5848192376901685,0.24292491411745465,0.17225584819237683,2,HD,2,HD,2,HD
2026-02-08,2025,SP1,Valencia,Real Madrid,2,0.16311753039237156,0.12817464959881678,0.7087078200088116,1,A,1,A,1,A,0.19961114711600772,0.22575070209548492,0.5746381507885074,2,DA,2,DA,1,A
2026-02-08,2025,F1,Le Havre,Strasbourg,0,0.26428223443872434,0.2425768447690262,0.49314092079224947,2,DA,2,DA,2,DA,0.2296155835200828,0.2615066367867609,0.5088777796931563,2,DA,2,DA,2,DA
2026-02-09,2025,SP1,Villarreal,Espanol,0,0.5966724664468696,0.2016906708226998,0.20163686273043063,3,HDA,2,HD,1,H,0.5503745604647607,0.238036997401009,0.2115884421342302,3,HDA,2,HD,1,H
2026-02-09,2025,I1,Roma,Cagliari,0,0.6767156468065214,0.2081731331283922,0.11511122006508634,2,HD,2,HD,1,H,0.6417212738428149,0.2316457281188697,0.1266329980383154,2,HD,2,HD,1,H
2026-02-09,2025,I1,Atalanta,Cremonese,0,0.6072642116656272,0.16855789469841279,0.22417789363596002,3,HDA,1,H,1,H,0.6866642573183954,0.1966028189374774,0.1167329237441272,1,H,1,H,1,H
2026-02-10,2025,E0,Chelsea,Leeds,1,0.7157233953475952,0.16802236437797546,0.11625424027442932,2,HD,1,H,1,H,0.617499051336933,0.21819250543776145,0.16430844322530563,2,HD,1,H,1,H
2026-02-10,2025,E0,Everton,Bournemouth,2,0.3842184658115645,0.2683207174635147,0.3474608167249208,3,HDA,2,DA,2,DA,0.412573673870334,0.2711198428290766,0.3163064833005894,3,HDA,3,HDA,2,DA
2026-02-10,2025,E0,Tottenham,Newcastle,2,0.3084397545784529,0.2338578428222122,0.4577024025993349,3,HDA,2,DA,2,DA,0.3180515759312321,0.2578796561604584,0.4240687679083095,3,HDA,2,DA,2,DA
2026-02-10,2025,E0,West Ham,Man United,1,0.2506293542401781,0.20287058340591566,0.5465000623539062,2,DA,2,DA,1,A,0.21992238033635184,0.21992238033635184,0.5601552393272964,2,DA,1,A,1,A
2026-02-11,2025,E0,Aston Villa,Brighton,0,0.5232659578323364,0.25660908222198486,0.2201249599456787,3,HDA,2,HD,2,HD,0.45327754532775455,0.25383542538354253,0.29288702928870297,3,HDA,3,HDA,3,HDA
2026-02-11,2025,E0,Crystal Palace,Burnley,2,0.6184054613113403,0.2475779950618744,0.13401654362678528,2,HD,2,HD,2,HD,0.6538661131292165,0.21069019200830302,0.13544369486248053,2,HD,1,H,1,H
2026-02-11,2025,E0,Man City,Fulham,0,0.7868768807314896,0.11714258394070219,0.09598053532780812,1,H,1,H,1,H,0.6999830307144069,0.1730867130493806,0.1269302562362124,1,H,1,H,1,H
2026-02-11,2025,E0,Nott'm Forest,Wolves,1,0.6684626540083484,0.19957902132210198,0.1319583246695496,2,HD,2,HD,1,H,0.5397018169034341,0.24217389220025892,0.21812429089630703,3,HDA,2,HD,2,HD
2026-02-11,2025,E0,Sunderland,Liverpool,2,0.26072680950164795,0.14082205295562744,0.5984511375427246,1,A,1,A,1,A,0.21674298844580614,0.24697293157114222,0.5362840799830517,2,DA,2,DA,2,DA
2026-02-12,2025,E0,Brentford,Arsenal,1,0.37293942095610105,0.20041728613895388,0.426643292904945,3,HDA,2,DA,1,A,0.1877107530910453,0.2502810041213938,0.562008242787561,2,DA,2,DA,2,DA
2026-02-13,2025,F1,Rennes,Paris SG,0,0.12227565124989198,0.14473361747415778,0.7329907312759503,1,A,1,A,1,A,0.1258926209997355,0.1798466014281936,0.6942607775720709,1,A,1,A,1,A
2026-02-13,2025,I1,Pisa,Milan,2,0.1368743499647729,0.22849209947127253,0.6346335505639545,2,DA,2,DA,2,DA,0.1507199401608178,0.2415383656423362,0.607741694196846,2,DA,2,DA,2,DA
2026-02-13,2025,SP1,Elche,Osasuna,1,0.2586479860141273,0.3694962969272225,0.37185571705865017,2,DA,2,DA,2,DA,0.33094669848846464,0.29992044550517105,0.36913285600636436,3,HDA,2,DA,2,DA
2026-02-13,2025,F1,Monaco,Nantes,0,0.6611966239540008,0.22130189500088443,0.11750148104511475,2,HD,2,HD,2,HD,0.6658656253129068,0.1990587764093321,0.135075598277761,2,HD,1,H,1,H
2026-02-13,2025,D1,Dortmund,Mainz,0,0.49047037959098816,0.3346182107925415,0.17491140961647034,3,HDA,2,HD,2,HD,0.5746381507885074,0.22575070209548492,0.19961114711600772,3,HDA,2,HD,1,H
2026-02-14,2025,F1,Paris FC,Lens,2,0.2604006826877594,0.28790152072906494,0.45169779658317566,2,DA,2,DA,2,DA,0.24786635191574355,0.26911203922280735,0.4830216088614491,2,DA,2,DA,2,DA
2026-02-14,2025,D1,Stuttgart,FC Koln,0,0.7236079250153337,0.1628848390481693,0.11350723593649703,2,HD,1,H,1,H,0.6306306306306306,0.1891891891891892,0.1801801801801801,1,H,1,H,1,H
2026-02-14,2025,SP1,Real Madrid,Sociedad,0,0.742354312512876,0.15493864629097673,0.10270704119614726,2,HD,1,H,1,H,0.6690140845070424,0.19718309859154923,0.13380281690140844,1,H,1,H,1,H
2026-02-14,2025,SP1,Sevilla,Alaves,1,0.4259356089215162,0.31480816944861917,0.2592562216298646,3,HDA,3,HDA,1,D,0.441351150705271,0.3272086117297699,0.2314402375649592,3,HDA,2,HD,2,HD
2026-02-14,2025,SP1,Getafe,Villarreal,0,0.39307355880737305,0.32374662160873413,0.2831798195838928,3,HDA,2,DA,1,D,0.3043352481712609,0.3369425961896103,0.3587221556391288,3,HDA,2,DA,2,DA
2026-02-14,2025,D1,Ein Frankfurt,M'gladbach,0,0.47034161582080103,0.3093619002496913,0.22029648392950768,3,HDA,2,HD,2,HD,0.4337464251668255,0.2726406101048618,0.2936129647283127,3,HDA,3,HDA,3,HDA
2026-02-14,2025,F1,Lille,Brest,1,0.6422183013292894,0.21419984421431787,0.14358185445639274,2,HD,2,HD,1,H,0.5963302752293579,0.24464831804281342,0.15902140672782872,2,HD,2,HD,2,HD
2026-02-14,2025,SP1,Espanol,Celta,1,0.3003595769405365,0.3036479353904724,0.3959924876689911,2,DA,2,DA,2,DA,0.35872215563912885,0.30433524817126084,0.33694259618961026,3,HDA,2,DA,2,DA
2026-02-14,2025,D1,Werder Bremen,Bayern Munich,2,0.16634134452517793,0.06888459417567866,0.7647740612991434,1,A,1,A,1,A,0.11856986501276903,0.15176942721634443,0.7296607077708865,1,A,1,A,1,A
2026-02-14,2025,D1,Leverkusen,St Pauli,0,0.7141966766551384,0.18046417697918282,0.1053391463656787,2,HD,1,H,1,H,0.62175570600863,0.21969658895916944,0.15854770503220061,2,HD,1,H,1,H
2026-02-14,2025,I1,Como,Fiorentina,2,0.45987004726931524,0.342939143522667,0.19719080920801774,3,HDA,2,HD,2,HD,0.5551659654043947,0.25274661056568487,0.19208742402992052,3,HDA,2,HD,2,HD
2026-02-14,2025,I1,Lazio,Atalanta,2,0.2874333985189558,0.24480868906923,0.4677579124118142,2,DA,2,DA,2,DA,0.2713955281418658,0.2968388589051658,0.4317656129529684,2,DA,2,DA,2,DA
2026-02-14,2025,I1,Inter,Juventus,0,0.36621546745300293,0.39212799072265625,0.24165654182434082,3,HDA,2,DA,1,D,0.4637336504161712,0.2925089179548157,0.2437574316290131,3,HDA,3,HDA,2,HD
2026-02-14,2025,D1,Hamburg,Union Berlin,0,0.38767576217651367,0.2834699749946594,0.3288542628288269,3,HDA,2,DA,2,DA,0.4121260154547256,0.2916584109371904,0.296215573608084,3,HDA,3,HDA,2,DA
2026-02-14,2025,D1,Hoffenheim,Freiburg,0,0.5678034170953892,0.21100788365269227,0.22118869925191853,3,HDA,2,HD,1,H,0.5470357209650272,0.2426594351973069,0.2103048438376659,3,HDA,2,HD,2,HD
2026-02-14,2025,F1,Marseille,Strasbourg,1,0.40363606236195937,0.30886172109018095,0.2875022165478597,3,HDA,3,HDA,2,DA,0.46128040257198777,0.25216662007268664,0.28655297735532564,3,HDA,3,HDA,2,HD
2026-02-15,2025,I1,Parma,Verona,0,0.3946408747029565,0.32109949949680267,0.28425962580024083,3,HDA,2,DA,2,DA,0.4210526315789474,0.3157894736842105,0.2631578947368421,3,HDA,3,HDA,1,D
2026-02-15,2025,SP1,Levante,Valencia,2,0.3479121120028429,0.2755960955860558,0.3764917924111013,3,HDA,2,DA,2,DA,0.3516483516483517,0.29670329670329676,0.3516483516483517,3,HDA,2,DA,2,DA
2026-02-15,2025,SP1,Vallecano,Ath Madrid,0,0.1404258906841278,0.25766822695732117,0.601905882358551,2,DA,2,DA,2,DA,0.21052631578947362,0.26315789473684215,0.5263157894736843,2,DA,2,DA,2,DA
2026-02-15,2025,D1,RB Leipzig,Wolfsburg,1,0.667420099190177,0.16829496872864616,0.1642849320811768,2,HD,1,H,1,H,0.6295180722891567,0.1987951807228915,0.1716867469879518,2,HD,1,H,1,H
2026-02-15,2025,D1,Augsburg,Heidenheim,0,0.4692019433916484,0.3009065822172127,0.2298914743911389,3,HDA,3,HDA,2,HD,0.49833887043189373,0.25249169435215946,0.24916943521594684,3,HDA,3,HDA,2,HD
2026-02-15,2025,I1,Cremonese,Genoa,1,0.277953586639357,0.37315579136741783,0.3488906219932252,2,DA,2,DA,2,DA,0.2846625766871166,0.3239263803680982,0.3914110429447853,2,DA,2,DA,2,DA
2026-02-15,2025,SP1,Mallorca,Betis,2,0.29688512394174565,0.2506683394113678,0.45244653664688655,2,DA,2,DA,2,DA,0.33009708737864074,0.29708737864077667,0.37281553398058254,3,HDA,2,DA,2,DA
2026-02-15,2025,I1,Udinese,Sassuolo,2,0.3915379164081191,0.2767117403957766,0.33175034319610425,3,HDA,2,DA,2,DA,0.37037037037037046,0.31481481481481477,0.31481481481481477,3,HDA,2,DA,2,DA
2026-02-15,2025,SP1,Oviedo,Ath Bilbao,2,0.2710973226351531,0.23680705106310926,0.4920956263017376,2,DA,2,DA,2,DA,0.28695476575121165,0.32653473344103395,0.38651050080775445,2,DA,2,DA,2,DA
2026-02-15,2025,F1,Le Havre,Toulouse,0,0.29564947770981426,0.33361939590035067,0.3707311263898351,2,DA,2,DA,2,DA,0.27391471379177873,0.3092585478294276,0.41682673837879375,2,DA,2,DA,2,DA
2026-02-15,2025,I1,Napoli,Roma,1,0.4237242765344464,0.2605079490097746,0.315767774455779,3,HDA,3,HDA,2,DA,0.3772968558595345,0.3368721927317272,0.2858309514087382,3,HDA,2,DA,1,D
2026-02-15,2025,F1,Lorient,Angers,0,0.5456418395042419,0.22988298535346985,0.2244751751422882,3,HDA,2,HD,2,HD,0.48488008342022954,0.3050052137643378,0.21011470281543268,3,HDA,2,HD,2,HD
2026-02-15,2025,F1,Lyon,Nice,0,0.4030778883970413,0.3249941073359815,0.27192800426697716,3,HDA,3,HDA,1,D,0.5275084060230983,0.2532040348910871,0.2192875590858145,3,HDA,2,HD,2,HD
2026-02-15,2025,F1,Metz,Auxerre,2,0.30174552495045887,0.26978247553758394,0.4284719995119572,2,DA,2,DA,2,DA,0.31481481481481477,0.31481481481481477,0.37037037037037046,3,HDA,2,DA,2,DA
2026-02-15,2025,I1,Torino,Bologna,2,0.3140270505555585,0.2931990114807788,0.39277393796366267,3,HDA,2,DA,2,DA,0.32613126783530366,0.29555646147574394,0.3783122706889524,3,HDA,2,DA,2,DA
2026-02-16,2025,SP1,Girona,Barcelona,0,0.11910274145981836,0.11465408164234642,0.7662431768978352,1,A,1,A,1,A,0.12588995431910774,0.16420428824231442,0.7099057574385778,1,A,1,A,1,A
2026-02-16,2025,I1,Cagliari,Lecce,2,0.42955007509067544,0.32263236757170605,0.2478175573376185,3,HDA,3,HDA,1,D,0.39325842696629215,0.33707865168539325,0.26966292134831465,3,HDA,2,DA,1,D
2026-02-18,2025,SP1,Levante,Villarreal,2,0.2886464721771197,0.27713568346883755,0.43421784435404276,2,DA,2,DA,2,DA,0.24516129032258072,0.25161290322580643,0.503225806451613,2,DA,2,DA,2,DA
2026-02-18,2025,E0,Wolves,Arsenal,1,0.08516409675910709,0.10989654399839997,0.8049393592424929,1,A,1,A,1,A,0.07885055185442971,0.14557024957740872,0.7755791985681616,1,A,1,A,1,A
2026-02-18,2025,I1,Milan,Como,1,0.3782202230823173,0.29214127612956026,0.32963850078812246,3,HDA,2,DA,2,DA,0.36585365853658536,0.3170731707317073,0.3170731707317073,3,HDA,2,DA,2,DA
2026-02-20,2025,D1,Mainz,Hamburg,1,0.411059653099796,0.2907790964377465,0.2981612504624575,3,HDA,3,HDA,2,DA,0.4543429844097996,0.2806236080178174,0.2650334075723831,3,HDA,3,HDA,2,HD
2026-02-20,2025,SP1,Ath Bilbao,Elche,0,0.556237851549483,0.2196454307595448,0.2241167176909722,3,HDA,2,HD,2,HD,0.5594817432273262,0.2502944640753828,0.1902237926972909,3,HDA,2,HD,2,HD
2026-02-20,2025,F1,Brest,Marseille,0,0.20919480296388857,0.22825925862016502,0.5625459384159465,2,DA,2,DA,2,DA,0.2410737555381809,0.2507167057597081,0.5082095387021109,2,DA,2,DA,2,DA
2026-02-20,2025,I1,Sassuolo,Verona,0,0.519559538980147,0.2840773634279953,0.19636309759185772,3,HDA,2,HD,2,HD,0.5439668439257036,0.2767831294092551,0.1792500266650413,2,HD,2,HD,2,HD
2026-02-21,2025,I1,Lecce,Inter,2,0.13982015743985654,0.10604257057575456,0.7541372719843888,1,A,1,A,1,A,0.14532871972318342,0.22491349480968853,0.6297577854671281,2,DA,1,A,1,A
2026-02-21,2025,D1,FC Koln,Hoffenheim,1,0.2381474709234755,0.21785165694134917,0.5440008721351753,2,DA,2,DA,1,A,0.290644529428225,0.2485775580636134,0.4607779125081616,2,DA,2,DA,2,DA
2026-02-21,2025,D1,Union Berlin,Leverkusen,0,0.31519976258277893,0.2631987929344177,0.42160144448280334,3,HDA,2,DA,2,DA,0.2974683544303798,0.2974683544303798,0.4050632911392405,2,DA,2,DA,2,DA
2026-02-21,2025,E0,Man City,Newcastle,0,0.6744217671626279,0.17753286130628404,0.14804537153108802,2,HD,1,H,1,H,0.6080778339627473,0.20098572617295016,0.19093643986430264,3,HDA,1,H,1,H
2026-02-21,2025,E0,Aston Villa,Leeds,1,0.577589171456968,0.17408231419570191,0.24832851434733016,3,HDA,2,HA,1,H,0.517875474669351,0.2632533662902535,0.2188711590403955,3,HDA,2,HD,2,HD
2026-02-21,2025,E0,Brentford,Brighton,2,0.4094310402870178,0.27611076831817627,0.3144581913948059,3,HDA,3,HDA,2,DA,0.4134954884268341,0.2797175362887407,0.3067869752844253,3,HDA,3,HDA,2,DA
2026-02-21,2025,E0,Chelsea,Burnley,1,0.7266396880149841,0.14303460717201233,0.13032570481300354,1,H,1,H,1,H,0.7612456747404845,0.15224913494809691,0.08650519031141861,1,H,1,H,1,H
2026-02-21,2025,D1,Bayern Munich,Ein Frankfurt,0,0.69247193977404,0.13150740376070716,0.17602065646525286,2,HA,1,H,1,H,0.8719596145020654,0.07847636530518581,0.04956402019274891,1,H,1,H,1,H
2026-02-21,2025,I1,Cagliari,Lazio,1,0.35954498173162397,0.3025202362978388,0.3379347819705372,3,HDA,2,DA,2,DA,0.29008880269470244,0.32509952026130456,0.38481167704399305,2,DA,2,DA,2,DA
2026-02-21,2025,I1,Juventus,Como,2,0.4841820145899658,0.24947548656092544,0.26634249884910877,3,HDA,3,HDA,2,HD,0.44715447154471544,0.28455284552845533,0.26829268292682923,3,HDA,3,HDA,2,HD
2026-02-21,2025,D1,RB Leipzig,Dortmund,1,0.4689633091975245,0.2555303053715916,0.2755063854308839,3,HDA,3,HDA,2,HD,0.4912899510509646,0.24060610423265186,0.26810394471638355,3,HDA,3,HDA,1,H
2026-02-21,2025,D1,Wolfsburg,Augsburg,2,0.44384844768498993,0.2761068559853179,0.2800446963296921,3,HDA,3,HDA,1,D,0.4283464566929134,0.2771653543307087,0.2944881889763779,3,HDA,3,HDA,2,DA
2026-02-21,2025,SP1,Osasuna,Real Madrid,0,0.19325349022825794,0.16880257679227853,0.6379439329794635,2,DA,1,A,1,A,0.209553158705701,0.2357473035439137,0.5546995377503853,2,DA,2,DA,1,A
2026-02-21,2025,F1,Paris SG,Metz,0,0.8448096763606875,0.10226836381497978,0.05292195982433275,1,H,1,H,1,H,0.832716506291636,0.10455218356772761,0.06273131014063651,1,H,1,H,1,H
2026-02-21,2025,SP1,Betis,Vallecano,1,0.4894480188437692,0.2861353925107989,0.2244165886454319,3,HDA,2,HD,2,HD,0.49507489008152494,0.2865433454714282,0.21838176444704682,3,HDA,2,HD,2,HD
2026-02-21,2025,SP1,Ath Madrid,Espanol,0,0.7651791997586369,0.13184442821492787,0.10297637202643517,1,H,1,H,1,H,0.6803939122649956,0.2005371530886302,0.1190689346463742,2,HD,1,H,1,H
2026-02-21,2025,F1,Lens,Monaco,2,0.5519014596939087,0.2022993266582489,0.2457992136478424,3,HDA,3,HDA,1,H,0.5483028720626633,0.2258485639686684,0.2258485639686684,3,HDA,2,HD,1,H
2026-02-21,2025,F1,Toulouse,Paris FC,1,0.44643800120240446,0.3148530925854119,0.23870890621218366,3,HDA,3,HDA,1,D,0.471947194719472,0.286028602860286,0.242024202420242,3,HDA,3,HDA,2,HD
2026-02-21,2025,SP1,Sociedad,Oviedo,1,0.5174228030059159,0.24782833826286105,0.23474885873122303,3,HDA,3,HDA,2,HD,0.5951200158698671,0.24915691331085105,0.15572307081928183,2,HD,2,HD,2,HD
2026-02-21,2025,E0,West Ham,Bournemouth,1,0.37003855794553286,0.2820029472707824,0.3479584947836848,3,HDA,2,DA,2,DA,0.34645978591770604,0.26465678090935874,0.38888343317293533,3,HDA,2,DA,2,DA
2026-02-22,2025,E0,Tottenham,Arsenal,2,0.25039426238519735,0.12562537567691134,0.6239803619378913,1,A,1,A,1,A,0.1246290801186943,0.2077151335311572,0.6676557863501484,2,DA,1,A,1,A
2026-02-22,2025,D1,Freiburg,M'gladbach,0,0.5202293473516307,0.26994952961727275,0.2098211230310965,3,HDA,2,HD,2,HD,0.4517280240420736,0.291885800150263,0.2563861758076634,3,HDA,3,HDA,2,HD
2026-02-22,2025,D1,St Pauli,Werder Bremen,0,0.3560029076338681,0.2848760868572023,0.35912100550892967,3,HDA,2,DA,2,DA,0.3599402826349265,0.2958259197905802,0.3442337975744933,3,HDA,2,DA,2,DA
2026-02-22,2025,SP1,Barcelona,Levante,0,0.8537558380794215,0.09671820772229289,0.04952595419828559,1,H,1,H,1,H,0.8647732089868588,0.079270877490462,0.0559559135226791,1,H,1,H,1,H
2026-02-22,2025,I1,Genoa,Torino,0,0.4904174506664276,0.2541029453277588,0.2554796040058136,3,HDA,3,HDA,2,HD,0.41118550610476573,0.32611264277274515,0.26270185112248917,3,HDA,3,HDA,1,D
2026-02-22,2025,I1,Atalanta,Napoli,0,0.45897040699554653,0.24058196363231701,0.3004476293721365,3,HDA,3,HDA,3,HDA,0.3956834532374101,0.316546762589928,0.2877697841726619,3,HDA,3,HDA,2,DA
2026-02-22,2025,E0,Sunderland,Fulham,2,0.34248913355139293,0.2566770987712472,0.4008337676773598,3,HDA,2,DA,2,DA,0.32914725541827017,0.29167510633988253,0.3791776382418474,3,HDA,2,DA,2,DA
2026-02-22,2025,D1,Heidenheim,Stuttgart,1,0.2529287896613957,0.1892180563625983,0.557853153976006,2,DA,2,DA,1,A,0.2177314211212516,0.2177314211212516,0.5645371577574968,2,DA,1,A,1,A
2026-02-22,2025,I1,Roma,Cremonese,0,0.7497836686574072,0.13829729579227995,0.1119190355503128,1,H,1,H,1,H,0.7321711568938194,0.1812995245641838,0.0865293185419968,1,H,1,H,1,H
2026-02-22,2025,F1,Auxerre,Rennes,2,0.4235429293973127,0.30242747969709277,0.27402959090559453,3,HDA,3,HDA,1,D,0.3308443879577409,0.2802446580347923,0.3889109540074668,3,HDA,2,DA,2,DA
2026-02-22,2025,SP1,Getafe,Sevilla,2,0.41233762576208266,0.2931291337686261,0.29453324046929125,3,HDA,3,HDA,2,DA,0.4041349717183538,0.3391847084064756,0.2566803198751706,3,HDA,3,HDA,1,D
2026-02-22,2025,E0,Nott'm Forest,Liverpool,2,0.25957271069924964,0.23899964632094434,0.501427642979806,2,DA,2,DA,2,DA,0.2626123744050767,0.24241142252776304,0.4949762030671602,2,DA,2,DA,2,DA
2026-02-22,2025,SP1,Celta,Mallorca,0,0.5285860896110535,0.2524137794971466,0.21900013089179993,3,HDA,2,HD,2,HD,0.5405405405405406,0.27027027027027023,0.18918918918918926,3,HDA,2,HD,2,HD
2026-02-22,2025,F1,Nice,Lorient,1,0.5129559712552424,0.25083929674087907,0.23620473200387854,3,HDA,3,HDA,2,HD,0.4415584415584415,0.2792207792207792,0.2792207792207792,3,HDA,3,HDA,2,HD
2026-02-22,2025,F1,Nantes,Le Havre,0,0.3557146191596985,0.31342577934265137,0.33085960149765015,3,HDA,2,DA,2,DA,0.3976861894432393,0.2868161002651241,0.3154977102916365,3,HDA,3,HDA,2,DA
2026-02-22,2025,F1,Angers,Lille,2,0.13130703568458557,0.18956968188285828,0.6791232824325562,2,DA,2,DA,1,A,0.1986598344501379,0.2621206148994876,0.5392195506503745,2,DA,2,DA,2,DA
2026-02-22,2025,I1,Milan,Parma,2,0.7400794515001855,0.12834802078682153,0.1315725277129929,1,H,1,H,1,H,0.7282229965156796,0.17212543554006965,0.09965156794425083,1,H,1,H,1,H
2026-02-22,2025,SP1,Villarreal,Valencia,0,0.5752731304493637,0.2539949005546465,0.17073196899598975,2,HD,2,HD,2,HD,0.5652658981033842,0.2359985124581628,0.1987355894384529,3,HDA,2,HD,1,H
2026-02-22,2025,F1,Strasbourg,Lyon,0,0.45805837771557467,0.23025983111231765,0.31168179117210765,3,HDA,3,HDA,3,HDA,0.4317656129529684,0.2713955281418658,0.2968388589051658,3,HDA,3,HDA,2,DA
2026-02-22,2025,E0,Crystal Palace,Wolves,0,0.5672248770959639,0.26323423574072824,0.16954088716330787,2,HD,2,HD,2,HD,0.5362840799830517,0.24697293157114222,0.21674298844580614,3,HDA,2,HD,2,HD
2026-02-23,2025,SP1,Alaves,Girona,1,0.41937312483787537,0.31314346194267273,0.2674834132194519,3,HDA,3,HDA,1,D,0.39999205971097346,0.30709067810068286,0.29291726218834374,3,HDA,3,HDA,2,DA
2026-02-23,2025,E0,Everton,Man United,2,0.3751861639265369,0.19694932708295204,0.42786450899051104,3,HDA,2,DA,1,A,0.270391805804222,0.2624391056335096,0.4671690885622684,2,DA,2,DA,2,DA
2026-02-23,2025,I1,Bologna,Udinese,0,0.5906923081290264,0.25315363346727043,0.1561540584037032,2,HD,2,HD,2,HD,0.5112936691351361,0.27025522511428623,0.21845110575057772,3,HDA,2,HD,2,HD
2026-02-23,2025,I1,Fiorentina,Pisa,0,0.6615864535929791,0.18397637927567392,0.15443716713134695,2,HD,1,H,1,H,0.5958549222797929,0.2383419689119171,0.1658031088082901,2,HD,2,HD,1,H
2026-02-27,2025,F1,Strasbourg,Lens,1,0.4827693186952478,0.22891247739289056,0.2883182039118616,3,HDA,3,HDA,3,HDA,0.4308880308880309,0.2633204633204634,0.3057915057915058,3,HDA,3,HDA,2,DA
2026-02-27,2025,I1,Parma,Cagliari,1,0.3928283452987671,0.2794716954231262,0.3276999592781067,3,HDA,2,DA,2,DA,0.42779503105590067,0.32453416149068326,0.24767080745341613,3,HDA,3,HDA,1,D
2026-02-27,2025,D1,Augsburg,FC Koln,0,0.4853072473223658,0.2546313551288035,0.2600613975488307,3,HDA,3,HDA,2,HD,0.4302959501557632,0.27842679127725856,0.29127725856697817,3,HDA,3,HDA,2,DA
2026-02-27,2025,E0,Wolves,Aston Villa,0,0.15452741655543945,0.17737894193059553,0.668093641513965,2,DA,1,A,1,A,0.20007724990343762,0.25685592893008885,0.5430668211664736,2,DA,2,DA,2,DA
2026-02-27,2025,SP1,Levante,Alaves,0,0.40893060511764256,0.303189080763514,0.2878803141188434,3,HDA,3,HDA,2,DA,0.3463687150837989,0.3072625698324022,0.3463687150837989,3,HDA,2,DA,2,DA
2026-02-28,2025,E0,Bournemouth,Sunderland,1,0.6112692861069845,0.19028253569778003,0.19844817819523547,3,HDA,2,HD,1,H,0.517875474669351,0.2632533662902535,0.2188711590403955,3,HDA,2,HD,2,HD
2026-02-28,2025,D1,Dortmund,Bayern Munich,2,0.33028904095722794,0.11749233480531476,0.5522186242374573,2,HA,1,A,1,A,0.224804810194741,0.209817822848425,0.5653773669568339,2,DA,1,A,1,A
2026-02-28,2025,D1,Werder Bremen,Heidenheim,0,0.5315612833761404,0.3008776425792192,0.1675610740446404,2,HD,2,HD,2,HD,0.5972727631008526,0.22070125195412565,0.18202598494502173,2,HD,1,H,1,H
2026-02-28,2025,D1,M'gladbach,Union Berlin,0,0.3788941389651853,0.2977768988079757,0.323328962226839,3,HDA,2,DA,2,DA,0.4048278591214879,0.2882865057380293,0.3068856351404828,3,HDA,3,HDA,2,DA
2026-02-28,2025,D1,Leverkusen,Mainz,1,0.5666105493928246,0.2539410775628204,0.17944837304435493,3,HDA,2,HD,2,HD,0.5683355886332884,0.22327469553450605,0.20838971583220567,3,HDA,1,H,1,H
2026-02-28,2025,E0,Leeds,Man City,2,0.39390904298289187,0.15725319321830858,0.4488377637987996,3,HDA,1,A,1,A,0.1995185073728558,0.2430033102618116,0.5574781823653325,2,DA,2,DA,2,DA
2026-02-28,2025,E0,Newcastle,Everton,2,0.5877472074665545,0.18889666812275846,0.22335612441068703,3,HDA,2,HD,1,H,0.5362840799830517,0.24697293157114222,0.21674298844580614,3,HDA,2,HD,2,HD
2026-02-28,2025,E0,Burnley,Brentford,2,0.29541266844906416,0.249683178951835,0.45490415259910083,2,DA,2,DA,2,DA,0.21812429089630703,0.24217389220025892,0.5397018169034341,2,DA,2,DA,2,DA
2026-02-28,2025,D1,Hoffenheim,St Pauli,2,0.612737774848938,0.21267400681972504,0.17458821833133698,3,HDA,2,HD,1,H,0.6264014466546113,0.21699819168173592,0.15660036166365282,2,HD,1,H,1,H
2026-02-28,2025,E0,Liverpool,West Ham,0,0.7360065798761422,0.16048348428259743,0.10350993584126043,2,HD,1,H,1,H,0.6756756756756757,0.1891891891891892,0.1351351351351351,1,H,1,H,1,H
2026-02-28,2025,SP1,Vallecano,Ath Bilbao,1,0.3149467220934199,0.3784894121593587,0.3065638657472214,3,HDA,2,DA,2,DA,0.39616613418530355,0.30670926517571884,0.29712460063897767,3,HDA,3,HDA,2,DA
2026-02-28,2025,SP1,Mallorca,Sociedad,2,0.3182931447537796,0.2839396511334285,0.3977672041127919,3,HDA,2,DA,2,DA,0.31549771029163654,0.28681610026512416,0.39768618944323936,3,HDA,2,DA,2,DA
2026-02-28,2025,SP1,Oviedo,Ath Madrid,2,0.17500828728104495,0.24907379594665158,0.5759179167723035,2,DA,2,DA,2,DA,0.2001588562351072,0.2716441620333598,0.5281969817315331,2,DA,2,DA,2,DA
2026-02-28,2025,I1,Inter,Genoa,0,0.7758135199546814,0.13829770684242249,0.08588877320289612,1,H,1,H,1,H,0.7251483679525222,0.163946587537092,0.1109050445103857,1,H,1,H,1,H
2026-02-28,2025,I1,Verona,Napoli,2,0.2566393315792084,0.3215269446372986,0.42183372378349304,2,DA,2,DA,2,DA,0.16555370444312872,0.26442605570777516,0.5700202398490962,2,DA,2,DA,2,DA
2026-02-28,2025,SP1,Barcelona,Villarreal,0,0.7897256436260274,0.11415911955775798,0.09611523681621469,1,H,1,H,1,H,0.6989060600798751,0.16530647681889213,0.13578746310123282,1,H,1,H,1,H
2026-02-28,2025,F1,Monaco,Angers,0,0.7210067403166481,0.17403474190779414,0.10495851777555767,2,HD,1,H,1,H,0.6658656253129068,0.1990587764093321,0.135075598277761,2,HD,1,H,1,H
2026-02-28,2025,F1,Rennes,Toulouse,0,0.46573832426895645,0.29184629272498447,0.2424153830060591,3,HDA,3,HDA,2,HD,0.4833968426782798,0.2618399564507349,0.2547632008709852,3,HDA,3,HDA,2,HD
2026-02-28,2025,I1,Como,Lecce,0,0.7122382799280459,0.1695980353833123,0.11816368468864182,2,HD,1,H,1,H,0.6504568685147902,0.22920861080997365,0.12033452067523613,2,HD,2,HD,1,H
2026-02-28,2025,F1,Le Havre,Paris SG,2,0.0906040790497041,0.08584476751551724,0.8235511534347787,1,A,1,A,1,A,0.1109050445103857,0.163946587537092,0.7251483679525222,1,A,1,A,1,A
2026-03-01,2025,SP1,Girona,Celta,2,0.37771089010569125,0.2858702029547156,0.33641890693959314,3,HDA,2,DA,2,DA,0.3783122706889524,0.29555646147574394,0.32613126783530366,3,HDA,2,DA,2,DA
2026-03-01,2025,F1,Lille,Nantes,0,0.6197818106347862,0.25396922987607806,0.12624895948913573,2,HD,2,HD,2,HD,0.6297577854671281,0.2249134948096886,0.1453287197231834,2,HD,1,H,1,H
2026-03-01,2025,E0,Man United,Crystal Palace,0,0.6965950831263524,0.16602766761224966,0.13737724926139785,2,HD,1,H,1,H,0.617499051336933,0.21819250543776145,0.16430844322530563,2,HD,1,H,1,H
2026-03-01,2025,F1,Paris FC,Nice,0,0.3489150016853214,0.29609157419750537,0.3549934241171732,3,HDA,2,DA,2,DA,0.3969754253308129,0.2722117202268431,0.3308128544423441,3,HDA,3,HDA,2,DA
2026-03-01,2025,E0,Brighton,Nott'm Forest,0,0.3613756787366963,0.3123119380381126,0.3263123832251911,3,HDA,2,DA,2,DA,0.4545454545454546,0.2727272727272727,0.2727272727272727,3,HDA,3,HDA,2,HD
2026-03-01,2025,F1,Lorient,Auxerre,1,0.4548426798754531,0.3237394642272671,0.22141785589727975,3,HDA,2,HD,2,HD,0.4532775453277546,0.29288702928870297,0.25383542538354253,3,HDA,3,HDA,2,HD
2026-03-01,2025,F1,Metz,Brest,2,0.23797782120075556,0.32040328264837387,0.4416188961508706,2,DA,2,DA,2,DA,0.2489019033674963,0.2781844802342606,0.472913616398243,2,DA,2,DA,2,DA
2026-03-01,2025,F1,Marseille,Lyon,0,0.49781831357153783,0.2775642830496388,0.22461740337882335,3,HDA,2,HD,2,HD,0.4953764861294584,0.2523117569352708,0.2523117569352708,3,HDA,3,HDA,2,HD
2026-03-01,2025,E0,Fulham,Tottenham,0,0.4887130558490753,0.2540106773376465,0.2572762668132782,3,HDA,3,HDA,2,HD,0.4640029460504511,0.2642238998342847,0.27177315411526415,3,HDA,3,HDA,2,HD
2026-03-01,2025,SP1,Betis,Sevilla,1,0.532145313439588,0.2068438648157736,0.26101082174463835,3,HDA,3,HDA,1,H,0.540711462450593,0.2490118577075099,0.2102766798418972,3,HDA,2,HD,2,HD
2026-03-01,2025,I1,Torino,Lazio,0,0.3624548207981938,0.2983322948714407,0.3392128843303655,3,HDA,2,DA,2,DA,0.330188679245283,0.339622641509434,0.330188679245283,3,HDA,2,DA,2,DA
2026-03-01,2025,SP1,Elche,Espanol,1,0.449889650190904,0.24466994008436532,0.3054404097247307,3,HDA,3,HDA,2,DA,0.3956834532374101,0.2877697841726619,0.316546762589928,3,HDA,3,HDA,2,DA
2026-03-01,2025,SP1,Valencia,Osasuna,0,0.3913491251662634,0.31382008451759563,0.29483079031614096,3,HDA,2,DA,2,DA,0.3924050632911393,0.3037974683544304,0.3037974683544304,3,HDA,2,DA,2,DA
2026-03-01,2025,I1,Cremonese,Milan,2,0.12337572872638702,0.19690339267253876,0.6797208786010742,2,DA,2,DA,1,A,0.11790628653655902,0.19857900890367833,0.6835147045597627,2,DA,1,A,1,A
2026-03-01,2025,I1,Roma,Juventus,1,0.39040847449277416,0.2638506512686416,0.34574087423858424,3,HDA,2,DA,2,DA,0.3701111568546727,0.3044462741869082,0.3254425689584191,3,HDA,2,DA,2,DA
2026-03-01,2025,I1,Sassuolo,Atalanta,0,0.266565062599333,0.251488663300534,0.481946274100133,2,DA,2,DA,2,DA,0.2916053019145803,0.2871870397643594,0.4212076583210604,2,DA,2,DA,2,DA
2026-03-01,2025,D1,Ein Frankfurt,Freiburg,0,0.4909283670506368,0.25690837928925814,0.25216325366010506,3,HDA,3,HDA,2,HD,0.4221789883268482,0.2714007782101167,0.306420233463035,3,HDA,3,HDA,2,DA
2026-03-01,2025,D1,Hamburg,RB Leipzig,2,0.2696896155224798,0.2110602377197111,0.5192501467578091,2,DA,2,DA,1,A,0.249746878164023,0.2372595342558218,0.5129935875801553,2,DA,2,DA,1,A
2026-03-01,2025,E0,Arsenal,Chelsea,0,0.5936075448989868,0.20572912693023682,0.20066332817077637,3,HDA,2,HD,1,H,0.6175562417291576,0.22496691662990734,0.15747684164093512,2,HD,1,H,1,H
2026-03-01,2025,D1,Stuttgart,Wolfsburg,0,0.7664261206876988,0.1329096466113469,0.10066423270095434,1,H,1,H,1,H,0.676340383669454,0.17215937038858828,0.15150024594195768,1,H,1,H,1,H
2026-03-02,2025,I1,Pisa,Bologna,2,0.1839535047980252,0.2514357418677653,0.5646107533342095,2,DA,2,DA,2,DA,0.2183817644470468,0.2865433454714282,0.495074890081525,2,DA,2,DA,2,DA
2026-03-02,2025,SP1,Real Madrid,Getafe,2,0.7810184664644872,0.12261415561235861,0.09636737792315417,1,H,1,H,1,H,0.6849315068493151,0.2100456621004566,0.1050228310502283,2,HD,1,H,1,H
2026-03-02,2025,I1,Udinese,Fiorentina,0,0.2751430232056525,0.21178437453829685,0.5130726022560507,2,DA,2,DA,1,A,0.2914291429142914,0.3055305530553056,0.4030403040304031,2,DA,2,DA,2,DA
2026-03-03,2025,E0,Bournemouth,Brentford,1,0.46971288323402405,0.23272550106048584,0.2975616157054901,3,HDA,3,HDA,3,HDA,0.38162544169611307,0.26501766784452296,0.35335689045936397,3,HDA,2,DA,2,DA
2026-03-03,2025,E0,Everton,Burnley,0,0.6464653111467557,0.22465831376103035,0.12887637509221397,2,HD,2,HD,2,HD,0.5854612684547575,0.24959138286755442,0.16494734867768812,2,HD,2,HD,2,HD
2026-03-03,2025,E0,Leeds,Sunderland,2,0.6448523113942604,0.20976813689910753,0.14537955170663214,2,HD,2,HD,1,H,0.5223880597014926,0.2686567164179104,0.208955223880597,3,HDA,2,HD,2,HD
2026-03-03,2025,E0,Wolves,Liverpool,0,0.19911168812381758,0.1351431032291517,0.6657452086470307,1,A,1,A,1,A,0.1439701173959445,0.1970117395944503,0.6590181430096052,1,A,1,A,1,A
2026-03-04,2025,SP1,Vallecano,Oviedo,0,0.5290874242782593,0.2650853097438812,0.2058272659778595,3,HDA,2,HD,2,HD,0.556783031374282,0.2629253203711887,0.1802916482545293,2,HD,2,HD,2,HD
2026-03-04,2025,E0,Fulham,West Ham,2,0.4704650868406134,0.29415136137379166,0.23538355178559495,3,HDA,3,HDA,2,HD,0.4276704769412692,0.2688214426487978,0.303508080409933,3,HDA,3,HDA,2,DA
2026-03-04,2025,E0,Newcastle,Man United,0,0.41222479939460754,0.25883132219314575,0.3289438784122467,3,HDA,3,HDA,2,DA,0.3673469387755102,0.2653061224489796,0.3673469387755102,3,HDA,2,DA,2,DA
2026-03-04,2025,E0,Aston Villa,Chelsea,2,0.38570495183937037,0.24254262041491062,0.371752427745719,3,HDA,2,DA,2,DA,0.3565186997553303,0.2757777001048584,0.3677036001398113,3,HDA,2,DA,2,DA
2026-03-04,2025,D1,Hamburg,Leverkusen,2,0.22043108940124512,0.2404271960258484,0.5391417145729065,2,DA,2,DA,2,DA,0.26504297994269344,0.25787965616045844,0.47707736389684813,2,DA,2,DA,2,DA
2026-03-04,2025,E0,Man City,Nott'm Forest,1,0.7002177417148505,0.16683680314798335,0.13294545513716607,2,HD,1,H,1,H,0.6903693476009666,0.1905419399378667,0.1190887124611667,1,H,1,H,1,H
2026-03-04,2025,E0,Brighton,Arsenal,2,0.15979640423948174,0.2545808591631183,0.5856227365973999,2,DA,2,DA,2,DA,0.1883309591642925,0.2478038936372269,0.5638651471984806,2,DA,2,DA,2,DA
2026-03-05,2025,E0,Tottenham,Crystal Palace,2,0.3447567913081174,0.3673801203143525,0.28786308837753005,3,HDA,2,DA,2,DA,0.3856360316494218,0.2863055386488132,0.3280584297017651,3,HDA,2,DA,2,DA
2026-03-06,2025,F1,Paris SG,Monaco,2,0.7458998283036117,0.15326928521434646,0.10083088648204183,2,HD,1,H,1,H,0.6849315068493151,0.1800391389432485,0.1350293542074364,1,H,1,H,1,H
2026-03-06,2025,SP1,Celta,Real Madrid,2,0.2958676903208402,0.25459442301375934,0.44953788666540045,2,DA,2,DA,2,DA,0.3371104815864023,0.2776203966005666,0.3852691218130311,3,HDA,2,DA,2,DA
2026-03-06,2025,D1,Bayern Munich,M'gladbach,0,0.6588024644285991,0.2404040598959638,0.10079347567543706,2,HD,2,HD,2,HD,0.7763640284666812,0.11839551434116881,0.10524045719215001,1,H,1,H,1,H
2026-03-06,2025,I1,Napoli,Torino,0,0.6282487102821085,0.23474638863642183,0.13700490108146968,2,HD,2,HD,2,HD,0.6112852664576802,0.24294670846394986,0.14576802507836992,2,HD,2,HD,2,HD
2026-03-07,2025,I1,Atalanta,Udinese,1,0.5798258358188223,0.2079961957930385,0.21217796838813927,3,HDA,2,HD,1,H,0.5518087063151441,0.2605763335377069,0.187614960147149,2,HD,2,HD,2,HD
2026-03-07,2025,SP1,Ath Madrid,Sociedad,0,0.5652801822042411,0.27488364950169175,0.15983616829406713,2,HD,2,HD,2,HD,0.5835764902042518,0.236348478532722,0.1800750312630262,2,HD,2,HD,1,H
2026-03-07,2025,SP1,Levante,Girona,1,0.333538134886678,0.25420688825229143,0.4122549768610306,3,HDA,2,DA,2,DA,0.34192882929345025,0.28932439401753485,0.36874677668901495,3,HDA,2,DA,2,DA
2026-03-07,2025,SP1,Osasuna,Mallorca,1,0.5429837460972184,0.2601342680990278,0.19688198580375377,3,HDA,2,HD,2,HD,0.4972144846796658,0.27785515320334264,0.22493036211699163,3,HDA,2,HD,2,HD
2026-03-07,2025,F1,Nantes,Angers,2,0.4870186375525797,0.2920781032431408,0.2209032592042795,3,HDA,2,HD,2,HD,0.4263869829445206,0.3234659870613605,0.2501470299941188,3,HDA,3,HDA,1,D
2026-03-07,2025,D1,FC Koln,Dortmund,2,0.29144763946533203,0.2392692267894745,0.4692831337451935,2,DA,2,DA,2,DA,0.23684210526315785,0.23684210526315785,0.5263157894736843,2,DA,2,DA,1,A
2026-03-07,2025,D1,Wolfsburg,Hamburg,2,0.3200230598449707,0.3187035620212555,0.3612733781337738,3,HDA,2,DA,2,DA,0.3703703703703704,0.2861952861952862,0.3434343434343434,3,HDA,2,DA,2,DA
2026-03-07,2025,I1,Cagliari,Como,2,0.12486110627651215,0.18499673902988434,0.6901421546936035,2,DA,2,DA,1,A,0.14532871972318342,0.22491349480968853,0.6297577854671281,2,DA,1,A,1,A
2026-03-07,2025,I1,Juventus,Pisa,0,0.7542283422614882,0.13644031976997376,0.10933133796853814,1,H,1,H,1,H,0.791304347826087,0.13565217391304343,0.07304347826086952,1,H,1,H,1,H
2026-03-07,2025,D1,RB Leipzig,Augsburg,0,0.7784753689851447,0.13165847368575004,0.08986615732910526,1,H,1,H,1,H,0.7101928819304334,0.17173755144863204,0.11806956662093453,1,H,1,H,1,H
2026-03-07,2025,D1,Mainz,Stuttgart,1,0.21828143298625946,0.22724570333957672,0.5544728636741638,2,DA,2,DA,2,DA,0.26911203922280735,0.24786635191574355,0.4830216088614491,2,DA,2,DA,2,DA
2026-03-07,2025,D1,Heidenheim,Hoffenheim,2,0.13149737723928492,0.1892444257775951,0.67925819698312,2,DA,2,DA,1,A,0.1716867469879518,0.1987951807228915,0.6295180722891567,2,DA,1,A,1,A
2026-03-07,2025,D1,Freiburg,Leverkusen,1,0.3386804809969735,0.2375878876088245,0.423731631394202,3,HDA,2,DA,2,DA,0.32651845970623267,0.27054386661373564,0.4029376736800318,3,HDA,2,DA,2,DA
2026-03-07,2025,F1,Auxerre,Strasbourg,1,0.2600112855434418,0.3235408663749695,0.41644784808158875,2,DA,2,DA,2,DA,0.27982899339292655,0.29731830547998445,0.422852701127089,2,DA,2,DA,2,DA
2026-03-07,2025,F1,Toulouse,Marseille,2,0.27624441016448764,0.2501841858084257,0.47357140402708664,2,DA,2,DA,2,DA,0.3092247726288437,0.26375054135989606,0.42702468601126026,3,HDA,2,DA,2,DA
2026-03-07,2025,SP1,Ath Bilbao,Barcelona,2,0.25208534312756914,0.1686650615134872,0.5792495953589437,2,DA,1,A,1,A,0.2097960621944236,0.2180328590935119,0.5721710787120646,2,DA,1,A,1,A
2026-03-08,2025,SP1,Valencia,Alaves,0,0.4561948776245117,0.28273943066596985,0.26106569170951843,3,HDA,3,HDA,2,HD,0.45801526717557256,0.31297709923664124,0.22900763358778622,3,HDA,2,HD,2,HD
2026-03-08,2025,I1,Fiorentina,Parma,1,0.6028228998184204,0.24776038527488708,0.1494167149066925,2,HD,2,HD,2,HD,0.5528431935669157,0.27326249282021825,0.17389431361286614,2,HD,2,HD,2,HD
2026-03-08,2025,I1,Genoa,Roma,0,0.215610164636525,0.3165506469689406,0.4678391883945344,2,DA,2,DA,2,DA,0.21921295477848884,0.30619099812608286,0.4745960470954284,2,DA,2,DA,2,DA
2026-03-08,2025,I1,Lecce,Cremonese,0,0.4288841060136525,0.2758357740689583,0.29528011991738917,3,HDA,3,HDA,2,DA,0.4134419551934827,0.3207739307535642,0.2657841140529531,3,HDA,3,HDA,1,D
2026-03-08,2025,I1,Milan,Inter,0,0.2809295058250427,0.31795763969421387,0.4011128544807434,2,DA,2,DA,2,DA,0.2932668329177058,0.3177057356608478,0.3890274314214463,2,DA,2,DA,2,DA
2026-03-08,2025,F1,Lille,Lorient,1,0.7178598153272243,0.1642280990515366,0.11791208562123903,2,HD,1,H,1,H,0.6141862032806532,0.2291963148827803,0.1566174818365665,2,HD,2,HD,1,H
2026-03-08,2025,F1,Nice,Rennes,2,0.40878997471302675,0.2649080534251944,0.32630197186177884,3,HDA,3,HDA,2,DA,0.35051546391752575,0.27835051546391754,0.37113402061855677,3,HDA,2,DA,2,DA
2026-03-08,2025,F1,Brest,Le Havre,0,0.48871763879674385,0.26598719760870954,0.24529516359454664,3,HDA,3,HDA,2,HD,0.500595055935258,0.27974429596382067,0.21966064810092145,3,HDA,2,HD,2,HD
2026-03-08,2025,F1,Lens,Metz,0,0.7730618888079052,0.13585463469895648,0.09108347649313829,1,H,1,H,1,H,0.7419115512402826,0.1638656817522015,0.0942227670075159,1,H,1,H,1,H
2026-03-08,2025,F1,Lyon,Paris FC,1,0.39290937781333923,0.27989041805267334,0.3272002041339874,3,HDA,2,DA,2,DA,0.5047838997030684,0.2820851204223029,0.2131309798746288,3,HDA,2,HD,2,HD
2026-03-08,2025,I1,Bologna,Verona,2,0.5633726036046057,0.30300974394366526,0.133617652451729,2,HD,2,HD,2,HD,0.5905511811023623,0.25196850393700787,0.15748031496062992,2,HD,2,HD,2,HD
2026-03-08,2025,SP1,Getafe,Betis,0,0.34482725427069505,0.24375980365992178,0.4114129420693832,3,HDA,2,DA,2,DA,0.3441611842105263,0.3505345394736842,0.3053042763157895,3,HDA,2,DA,2,DA
2026-03-08,2025,D1,Union Berlin,Werder Bremen,2,0.3538487448141353,0.3141553904367867,0.331995864749078,3,HDA,2,DA,2,DA,0.38902743142144636,0.29326683291770583,0.31770573566084787,3,HDA,2,DA,2,DA
2026-03-08,2025,D1,St Pauli,Ein Frankfurt,1,0.402465564086007,0.3280443944944261,0.2694900414195669,3,HDA,3,HDA,1,D,0.38049560351718625,0.27977617905675467,0.33972821742605913,3,HDA,2,DA,2,DA
2026-03-08,2025,SP1,Villarreal,Elche,0,0.6710410914135304,0.18151380662661215,0.1474451019598574,2,HD,1,H,1,H,0.6471238938053098,0.2085176991150442,0.144358407079646,2,HD,1,H,1,H
2026-03-08,2025,SP1,Sevilla,Vallecano,1,0.3927076522882192,0.287778896821803,0.31951345088997773,3,HDA,2,DA,2,DA,0.38271604938271614,0.30864197530864196,0.30864197530864196,3,HDA,2,DA,2,DA
2026-03-09,2025,SP1,Espanol,Oviedo,1,0.45362356028697254,0.35483296840387396,0.19154347130915353,3,HDA,2,HD,1,D,0.4839055793991417,0.28594420600858367,0.23015021459227467,3,HDA,2,HD,2,HD
2026-03-09,2025,I1,Lazio,Sassuolo,0,0.47545933014960096,0.23965198934596793,0.2848886805044311,3,HDA,3,HDA,3,HDA,0.4350453172205438,0.2990936555891239,0.2658610271903323,3,HDA,3,HDA,2,HD
2026-03-13,2025,D1,M'gladbach,St Pauli,0,0.5617804955905528,0.24977169186557258,0.1884478125438746,3,HDA,2,HD,2,HD,0.49590220864008894,0.27858035838310885,0.22551743297680232,3,HDA,2,HD,2,HD
2026-03-13,2025,F1,Marseille,Auxerre,0,0.5858302887031522,0.23982851922001003,0.1743411920768378,3,HDA,2,HD,2,HD,0.6554307116104869,0.20973782771535582,0.13483146067415733,2,HD,1,H,1,H
2026-03-13,2025,SP1,Alaves,Villarreal,1,0.17614039253770136,0.2271936468126283,0.5966659606496704,2,DA,2,DA,2,DA,0.26829268292682923,0.28455284552845533,0.4471544715447155,2,DA,2,DA,2,DA
2026-03-13,2025,I1,Torino,Parma,0,0.4843639740726963,0.3106408828114937,0.20499514311580996,3,HDA,2,HD,2,HD,0.41651705565529623,0.32315978456014366,0.26032315978456017,3,HDA,3,HDA,1,D
2026-03-14,2025,E0,Arsenal,Everton,0,0.7617513934691232,0.15117513431777016,0.08707347221310664,2,HD,1,H,1,H,0.6880733944954129,0.20795107033639143,0.10397553516819572,2,HD,1,H,1,H
2026-03-14,2025,I1,Napoli,Lecce,0,0.6975979468821715,0.19215891481037867,0.1102431383074499,2,HD,2,HD,1,H,0.6441717791411045,0.22239263803680984,0.13343558282208584,2,HD,1,H,1,H
2026-03-14,2025,I1,Udinese,Juventus,2,0.1288210845605347,0.17181968479005133,0.699359230649414,2,DA,1,A,1,A,0.15130063554467502,0.23064121272054122,0.6180581517347838,2,DA,2,DA,1,A
2026-03-14,2025,D1,Hoffenheim,Wolfsburg,1,0.6966669455667295,0.16988256320532316,0.1334504912279473,2,HD,1,H,1,H,0.6505067104902768,0.1985757326759792,0.1509175568337442,2,HD,1,H,1,H
2026-03-14,2025,F1,Monaco,Brest,0,0.5769879393872005,0.2649009008676082,0.15811115974519133,2,HD,2,HD,2,HD,0.5993833395353783,0.2295199617245229,0.1710966987400989,2,HD,2,HD,1,H
2026-03-14,2025,D1,Leverkusen,Bayern Munich,1,0.22448732293378298,0.3109329091151492,0.4645797679510678,2,DA,2,DA,2,DA,0.1989860583016476,0.1989860583016476,0.6020278833967048,2,DA,1,A,1,A
2026-03-14,2025,E0,West Ham,Man City,1,0.1326327065417977,0.17581409739893966,0.6915531960592627,2,DA,1,A,1,A,0.20097329076358314,0.22046723582610162,0.5785594734103153,2,DA,1,A,1,A
2026-03-14,2025,E0,Chelsea,Newcastle,2,0.6566907069580151,0.14693793435487248,0.19637135868711236,2,HA,1,H,1,H,0.5645371577574968,0.2177314211212516,0.2177314211212516,3,HDA,1,H,1,H
2026-03-14,2025,E0,Sunderland,Brighton,2,0.3805350249846272,0.3409108119931575,0.27855416302221525,3,HDA,2,DA,1,D,0.26315789473684215,0.26315789473684215,0.47368421052631576,2,DA,2,DA,2,DA
2026-03-14,2025,I1,Inter,Atalanta,1,0.6208831945456502,0.23458519136541447,0.14453161408893528,2,HD,2,HD,2,HD,0.6315789473684211,0.21052631578947364,0.15789473684210523,2,HD,1,H,1,H
2026-03-14,2025,F1,Angers,Nice,2,0.3264404881960226,0.23194609928050786,0.44161341252346953,3,HDA,2,DA,2,DA,0.29291726218834374,0.30709067810068286,0.39999205971097346,2,DA,2,DA,2,DA
2026-03-14,2025,F1,Lorient,Lens,0,0.1746545687111955,0.14331632216670048,0.682029109122104,1,A,1,A,1,A,0.18089816571790002,0.24351676154332702,0.575585072738773,2,DA,2,DA,2,DA
2026-03-14,2025,D1,Hamburg,FC Koln,1,0.3469459907130602,0.2837374721843758,0.36931653710256407,3,HDA,2,DA,2,DA,0.4081222356252513,0.268194611982308,0.3236831523924407,3,HDA,3,HDA,2,DA
2026-03-14,2025,SP1,Ath Madrid,Getafe,0,0.5382880809137858,0.281132978847607,0.18057894023860724,3,HDA,2,HD,2,HD,0.5696460056964601,0.2718025227180252,0.1585514715855147,2,HD,2,HD,2,HD
2026-03-14,2025,D1,Ein Frankfurt,Heidenheim,0,0.6405718517473892,0.21797548884080317,0.14145265941180765,2,HD,2,HD,1,H,0.5785594734103152,0.2204672358261016,0.2009732907635831,3,HDA,1,H,1,H
2026-03-14,2025,E0,Burnley,Bournemouth,1,0.26380893981172054,0.17306806404990052,0.5631229961383789,2,DA,1,A,1,A,0.24353727916957782,0.23744884719033832,0.5190138736400839,2,DA,2,DA,1,A
2026-03-14,2025,SP1,Real Madrid,Elche,0,0.6953335015575142,0.16296622642774064,0.14170027201474525,2,HD,1,H,1,H,0.7296439901304196,0.16496298907296442,0.10539302079661611,1,H,1,H,1,H
2026-03-14,2025,SP1,Oviedo,Valencia,0,0.36984241008758545,0.2769485116004944,0.35320907831192017,3,HDA,2,DA,2,DA,0.3277755185034567,0.3066287108580724,0.3655957706384709,3,HDA,2,DA,2,DA
2026-03-14,2025,SP1,Girona,Ath Bilbao,0,0.2877155456627743,0.42531560583962186,0.2869688484976039,2,DA,2,DA,2,DA,0.3239263803680982,0.2846625766871166,0.3914110429447853,3,HDA,2,DA,2,DA
2026-03-14,2025,D1,Dortmund,Augsburg,0,0.6013539760699581,0.2246738720831034,0.1739721518469385,2,HD,2,HD,2,HD,0.6044325050369376,0.2081934184016118,0.1873740765614506,2,HD,1,H,1,H
2026-03-15,2025,F1,Le Havre,Lyon,1,0.291111022233963,0.3085845708847046,0.4003044068813324,2,DA,2,DA,2,DA,0.27687804878048783,0.28526829268292686,0.43785365853658537,2,DA,2,DA,2,DA
2026-03-15,2025,D1,Werder Bremen,Mainz,2,0.3174628113944176,0.39250440575195567,0.2900327828536267,3,HDA,2,DA,2,DA,0.4157043879907621,0.2655889145496536,0.3187066974595843,3,HDA,3,HDA,2,DA
2026-03-15,2025,F1,Strasbourg,Paris FC,1,0.6162216938833159,0.20889037291215537,0.1748879332045287,3,HDA,2,HD,1,H,0.5630955818654347,0.24545192030031762,0.19145249783424773,3,HDA,2,HD,2,HD
2026-03-15,2025,SP1,Mallorca,Espanol,0,0.3429831666643371,0.30955399005275935,0.34746284328290356,3,HDA,2,DA,2,DA,0.3824701195219124,0.29880478087649404,0.31872509960159356,3,HDA,2,DA,2,DA
2026-03-15,2025,SP1,Barcelona,Sevilla,0,0.7998931407928467,0.11695981025695801,0.08314704895019531,1,H,1,H,1,H,0.7389083432389887,0.16577248048318183,0.09531917627782951,1,H,1,H,1,H
2026-03-15,2025,SP1,Betis,Celta,1,0.5500327698871745,0.21721925360474348,0.23274797650808202,3,HDA,3,HDA,1,H,0.4657980456026059,0.2893593919652552,0.24484256243213895,3,HDA,3,HDA,2,HD
2026-03-15,2025,SP1,Sociedad,Osasuna,0,0.47254885814938374,0.30283849528913215,0.22461264656148414,3,HDA,2,HD,2,HD,0.4949762030671602,0.2626123744050767,0.2424114225277631,3,HDA,3,HDA,2,HD
2026-03-15,2025,F1,Metz,Toulouse,2,0.23738817516880967,0.20402601057252273,0.5585858142586676,2,DA,2,DA,1,A,0.23653228683553335,0.27827327863003926,0.4851944345344274,2,DA,2,DA,2,DA
2026-03-15,2025,I1,Verona,Genoa,2,0.33297039070637197,0.3022996277302393,0.36472998156338876,3,HDA,2,DA,2,DA,0.28074866310160435,0.3181818181818182,0.40106951871657753,2,DA,2,DA,2,DA
2026-03-15,2025,F1,Rennes,Lille,2,0.37940967082977295,0.2778919041156769,0.34269842505455017,3,HDA,2,DA,2,DA,0.4322033898305085,0.28813559322033905,0.2796610169491526,3,HDA,3,HDA,2,HD
2026-03-15,2025,I1,Pisa,Cagliari,0,0.42509407438477986,0.24650855729741689,0.32839736831780325,3,HDA,3,HDA,2,DA,0.3701111568546727,0.3254425689584191,0.3044462741869082,3,HDA,2,DA,2,DA
2026-03-15,2025,I1,Sassuolo,Bologna,2,0.3562541093674833,0.3260107442134175,0.31773514641909917,3,HDA,2,DA,2,DA,0.3959390862944162,0.2899492385786802,0.3141116751269035,3,HDA,3,HDA,2,DA
2026-03-15,2025,I1,Lazio,Milan,0,0.17848913903502045,0.17187439417464714,0.6496364667903324,2,DA,1,A,1,A,0.2119476268412439,0.2725040916530278,0.5155482815057284,2,DA,2,DA,2,DA
2026-03-15,2025,E0,Liverpool,Tottenham,1,0.7393875883382764,0.12310561067847037,0.13750680098325313,1,H,1,H,1,H,0.730136005726557,0.1581961345740873,0.1116678596993557,1,H,1,H,1,H
2026-03-15,2025,E0,Nott'm Forest,Fulham,1,0.45672347461099216,0.24777049947126956,0.2955060259177383,3,HDA,3,HDA,3,HDA,0.41395531164249316,0.28851430811446493,0.29753038024304196,3,HDA,3,HDA,2,DA
2026-03-15,2025,E0,Man United,Aston Villa,0,0.633974552154541,0.14692701399326324,0.21909843385219574,2,HA,1,H,1,H,0.5579074690051407,0.2313274871484729,0.2107650438463864,3,HDA,2,HD,1,H
2026-03-15,2025,E0,Crystal Palace,Leeds,1,0.36538374423980713,0.2937502861022949,0.34086596965789795,3,HDA,2,DA,2,DA,0.35554450522128295,0.29537543510691205,0.34908005967180505,3,HDA,2,DA,2,DA
2026-03-15,2025,D1,Stuttgart,RB Leipzig,0,0.38636812567710876,0.2234276831150055,0.39020419120788574,3,HDA,2,DA,2,DA,0.3834054266614235,0.2408572552103814,0.3757373181281951,3,HDA,2,DA,1,A
2026-03-15,2025,I1,Como,Roma,0,0.40845146775245667,0.3237016797065735,0.26784685254096985,3,HDA,3,HDA,1,D,0.4484202512371526,0.303768557289684,0.2478111914731633,3,HDA,3,HDA,2,HD
2026-03-15,2025,D1,Freiburg,Union Berlin,2,0.45675575733184814,0.2501661479473114,0.29307809472084045,3,HDA,3,HDA,3,HDA,0.4993065187239945,0.26352288488210823,0.23717059639389734,3,HDA,3,HDA,2,HD
2026-03-16,2025,I1,Cremonese,Fiorentina,2,0.20775854587554932,0.326292484998703,0.4659489691257477,2,DA,2,DA,2,DA,0.2249303621169916,0.2778551532033426,0.4972144846796657,2,DA,2,DA,2,DA
2026-03-16,2025,E0,Brentford,Wolves,1,0.653964102268219,0.24080224335193634,0.10523365437984467,2,HD,2,HD,2,HD,0.617499051336933,0.21819250543776145,0.16430844322530563,2,HD,1,H,1,H
2026-03-16,2025,SP1,Vallecano,Levante,1,0.45806072527351155,0.31548435436142547,0.22645492036506296,3,HDA,3,HDA,2,HD,0.5112936691351361,0.27025522511428623,0.21845110575057772,3,HDA,2,HD,2,HD
2026-03-20,2025,I1,Genoa,Udinese,2,0.43615366708774367,0.3038152663762788,0.2600310665359775,3,HDA,3,HDA,1,D,0.4411346172089934,0.3059482022578503,0.2529171805331562,3,HDA,3,HDA,2,HD
2026-03-20,2025,SP1,Villarreal,Sociedad,0,0.4687936305999756,0.27154508233070374,0.2596612870693207,3,HDA,3,HDA,2,HD,0.4866595517609392,0.263607257203842,0.2497331910352187,3,HDA,3,HDA,2,HD
2026-03-20,2025,I1,Cagliari,Napoli,2,0.19632064391138088,0.24605541664527109,0.557623939443348,2,DA,2,DA,2,DA,0.18037135278514582,0.27851458885941643,0.5411140583554377,2,DA,2,DA,2,DA
2026-03-20,2025,E0,Bournemouth,Man United,1,0.4212669243842248,0.22003490239225765,0.35869817322351755,3,HDA,3,HDA,2,DA,0.30594820225785035,0.25291718053315626,0.44113461720899344,3,HDA,2,DA,2,DA
2026-03-20,2025,D1,RB Leipzig,Hoffenheim,0,0.4838510597899872,0.2085041167886292,0.3076448234213836,3,HDA,3,HDA,2,HA,0.49712464491096797,0.23158733458047534,0.27128802050855677,3,HDA,3,HDA,1,H
2026-03-20,2025,F1,Lens,Angers,0,0.8192710984187663,0.10822655360540429,0.07250234797582937,1,H,1,H,1,H,0.7784431137724551,0.1437125748502994,0.0778443113772455,1,H,1,H,1,H
2026-03-21,2025,E0,Fulham,Burnley,0,0.7083288378392991,0.19686837347694952,0.0948027886837513,2,HD,2,HD,1,H,0.6144269091716743,0.21994496748639605,0.16562812334192953,2,HD,1,H,1,H
2026-03-21,2025,SP1,Elche,Mallorca,0,0.44911545515060425,0.26875168085098267,0.2821328639984131,3,HDA,3,HDA,1,D,0.4636078864934587,0.2795282845034089,0.2568638290031325,3,HDA,3,HDA,2,HD
2026-03-21,2025,E0,Leeds,Brentford,1,0.4114022728382864,0.26434018420159267,0.32425754296012094,3,HDA,3,HDA,2,DA,0.4043126684636119,0.2749326145552561,0.3207547169811321,3,HDA,3,HDA,2,DA
2026-03-21,2025,F1,Nice,Paris SG,2,0.1475242332361867,0.11592939150543834,0.736546375258375,1,A,1,A,1,A,0.1453000531067445,0.1988316516197557,0.6558682952734998,2,DA,1,A,1,A
2026-03-21,2025,D1,Dortmund,Hamburg,0,0.7667655830567244,0.13788431677394633,0.09535010016932935,1,H,1,H,1,H,0.6627466613514054,0.20091688259916282,0.13633645604943193,2,HD,1,H,1,H
2026-03-21,2025,D1,Wolfsburg,Werder Bremen,2,0.3729345500469208,0.2733086049556732,0.353756844997406,3,HDA,2,DA,2,DA,0.41318340442031803,0.25684373788290027,0.32997285769678164,3,HDA,3,HDA,2,DA
2026-03-21,2025,D1,Heidenheim,Leverkusen,1,0.19362820973438338,0.1904338924651428,0.6159378978004738,2,DA,2,DA,1,A,0.1873740765614506,0.2081934184016118,0.6044325050369376,2,DA,1,A,1,A
2026-03-21,2025,D1,FC Koln,M'gladbach,1,0.3944929838180542,0.28355351090431213,0.32195350527763367,3,HDA,2,DA,2,DA,0.40106951871657753,0.28074866310160435,0.3181818181818182,3,HDA,3,HDA,2,DA
2026-03-21,2025,E0,Brighton,Liverpool,0,0.3696618676185608,0.28218474984169006,0.34815338253974915,3,HDA,2,DA,2,DA,0.30579150579150577,0.2633204633204634,0.4308880308880309,3,HDA,2,DA,2,DA
2026-03-21,2025,F1,Auxerre,Brest,0,0.4707518517971039,0.277800053358078,0.2514480948448181,3,HDA,3,HDA,2,HD,0.4221789883268483,0.3064202334630351,0.2714007782101167,3,HDA,3,HDA,1,D
2026-03-21,2025,I1,Juventus,Sassuolo,1,0.7997558236267672,0.12960227551446704,0.07064190085876579,1,H,1,H,1,H,0.7483214528675797,0.16528143393770892,0.08639711319471141,1,H,1,H,1,H
2026-03-21,2025,E0,Everton,Chelsea,0,0.3003118887497203,0.22489116750819732,0.47479694374208237,2,DA,2,DA,2,DA,0.29731830547998445,0.27982899339292655,0.422852701127089,2,DA,2,DA,2,DA
2026-03-21,2025,D1,Bayern Munich,Union Berlin,0,0.7992966652021309,0.1174277422215381,0.083275592576331,1,H,1,H,1,H,0.8234797297297298,0.10430743243243241,0.07221283783783781,1,H,1,H,1,H
2026-03-21,2025,SP1,Sevilla,Valencia,2,0.4897378087043762,0.2708917260169983,0.2393704652786255,3,HDA,3,HDA,2,HD,0.4407039020657996,0.2960979342004591,0.2631981637337414,3,HDA,3,HDA,2,HD
2026-03-21,2025,SP1,Osasuna,Girona,0,0.3643047999052763,0.3639960180522198,0.2716991820425039,3,HDA,2,DA,1,D,0.473491773308958,0.2705667276051188,0.2559414990859232,3,HDA,3,HDA,2,HD
2026-03-21,2025,I1,Parma,Cremonese,2,0.37022659182548523,0.3351779878139496,0.2945954203605652,3,HDA,2,DA,2,DA,0.4221789883268483,0.3064202334630351,0.2714007782101167,3,HDA,3,HDA,1,D
2026-03-21,2025,SP1,Espanol,Getafe,2,0.39914533502270766,0.39362755465302207,0.20722711032427024,3,HDA,2,HD,1,D,0.37281553398058254,0.33009708737864074,0.29708737864077667,3,HDA,2,DA,2,DA
2026-03-21,2025,F1,Toulouse,Lorient,0,0.5527949415563783,0.24545386799356145,0.20175119045006024,3,HDA,2,HD,2,HD,0.5105415460934271,0.2906159570070277,0.1988424968995452,3,HDA,2,HD,2,HD
2026-03-21,2025,I1,Milan,Torino,0,0.7472646888141683,0.1406244050012857,0.11211090618454594,1,H,1,H,1,H,0.6983240223463688,0.18994413407821226,0.11173184357541895,1,H,1,H,1,H
2026-03-21,2025,SP1,Levante,Oviedo,0,0.36860735322854976,0.29636321354994816,0.3350294332215021,3,HDA,2,DA,2,DA,0.4050632911392405,0.2974683544303798,0.2974683544303798,3,HDA,3,HDA,2,DA
2026-03-22,2025,E0,Tottenham,Nott'm Forest,2,0.33026063442230225,0.30945420265197754,0.3602851629257202,3,HDA,2,DA,2,DA,0.4041204437400951,0.2793185419968304,0.3165610142630745,3,HDA,3,HDA,2,DA
2026-03-22,2025,SP1,Real Madrid,Ath Madrid,0,0.5606701803007668,0.17768334812869585,0.26164647157053733,3,HDA,2,HA,1,H,0.4628160177154457,0.24967706218859564,0.28750692009595863,3,HDA,3,HDA,2,HD
2026-03-22,2025,SP1,Ath Bilbao,Betis,0,0.4356531798839569,0.267365425825119,0.2969813942909241,3,HDA,3,HDA,2,DA,0.4770773638968482,0.26504297994269344,0.25787965616045844,3,HDA,3,HDA,2,HD
2026-03-22,2025,SP1,Celta,Alaves,2,0.49706004551231997,0.27586022841513835,0.22707972607254165,3,HDA,3,HDA,2,HD,0.4898945744407303,0.28948315762406784,0.22062226793520184,3,HDA,2,HD,2,HD
2026-03-22,2025,SP1,Barcelona,Vallecano,0,0.7302894483463548,0.17033828541132381,0.09937226624232134,2,HD,1,H,1,H,0.78125,0.125,0.09375,1,H,1,H,1,H
2026-03-22,2025,D1,Mainz,Ein Frankfurt,0,0.5092653632164001,0.27939146757125854,0.2113431692123413,3,HDA,2,HD,2,HD,0.4427206508371961,0.2644026109166588,0.2928767382461451,3,HDA,3,HDA,3,HDA
2026-03-22,2025,D1,St Pauli,Freiburg,2,0.44235214591026306,0.28109270334243774,0.2765551507472992,3,HDA,3,HDA,1,D,0.3518700981358137,0.3121428289914476,0.3359870728727387,3,HDA,2,DA,2,DA
2026-03-22,2025,E0,Newcastle,Sunderland,2,0.6940168221282347,0.19130155508953667,0.11468162278222868,2,HD,2,HD,1,H,0.6102722850464338,0.2252195337671363,0.1645081811864299,2,HD,1,H,1,H
2026-03-22,2025,E0,Aston Villa,West Ham,0,0.6150189913072731,0.2396245854925179,0.14535642320020897,2,HD,2,HD,2,HD,0.540711462450593,0.2490118577075099,0.2102766798418972,3,HDA,2,HD,2,HD
2026-03-22,2025,D1,Augsburg,Stuttgart,2,0.2631024859486529,0.26550136414162134,0.4713961499097258,2,DA,2,DA,2,DA,0.27240143369175623,0.25089605734767023,0.4767025089605736,2,DA,2,DA,2,DA
2026-03-22,2025,F1,Nantes,Strasbourg,2,0.29787957668304443,0.30236124992370605,0.3997591733932495,2,DA,2,DA,2,DA,0.2705570291777188,0.2785145888594165,0.4509283819628648,2,DA,2,DA,2,DA
2026-03-22,2025,F1,Rennes,Metz,1,0.702212388051954,0.17623822259725463,0.12154938935079135,2,HD,1,H,1,H,0.7337139019476159,0.1658831430490262,0.1004029550033579,1,H,1,H,1,H
2026-03-22,2025,F1,Paris FC,Le Havre,0,0.47822622889954536,0.29810521895006953,0.22366855215038514,3,HDA,2,HD,2,HD,0.4454368932038835,0.301747572815534,0.2528155339805825,3,HDA,3,HDA,2,HD
2026-03-22,2025,F1,Marseille,Lille,2,0.5097818298670377,0.2174174902227895,0.2728006799101728,3,HDA,3,HDA,1,H,0.5112910097997444,0.25223689816787387,0.23647209203238176,3,HDA,3,HDA,2,HD
2026-03-22,2025,F1,Lyon,Monaco,2,0.3571857703570792,0.3038774936235698,0.338936736019351,3,HDA,2,DA,2,DA,0.3593501499808749,0.2700259698427717,0.3706238801763534,3,HDA,2,DA,2,DA
2026-03-22,2025,I1,Fiorentina,Inter,1,0.15078423467921512,0.15517888500753388,0.6940368803132511,2,DA,1,A,1,A,0.1821247892074199,0.2276559865092748,0.5902192242833053,2,DA,2,DA,1,A
2026-03-22,2025,I1,Como,Pisa,0,0.7035453005040303,0.17767751912724142,0.11877718036872832,2,HD,1,H,1,H,0.7177033492822967,0.1818181818181818,0.1004784688995215,1,H,1,H,1,H
2026-03-22,2025,I1,Bologna,Lazio,2,0.3889695703983307,0.2896566689014435,0.32137376070022583,3,HDA,2,DA,2,DA,0.4100200400801604,0.30420841683366734,0.28577154308617236,3,HDA,3,HDA,1,D
2026-03-22,2025,I1,Atalanta,Verona,0,0.7706130857857032,0.12853980255931322,0.10084711165498364,1,H,1,H,1,H,0.6775907883082375,0.21080602302922932,0.11160318866253321,2,HD,1,H,1,H
2026-03-22,2025,I1,Roma,Lecce,0,0.6971507849007377,0.18796991181552936,0.11487930328373293,2,HD,2,HD,1,H,0.636085626911315,0.24464831804281345,0.11926605504587152,2,HD,2,HD,2,HD
2026-04-03,2025,F1,Paris SG,Toulouse,0,0.7923364043235779,0.12310067564249039,0.08456292003393173,1,H,1,H,1,H,0.7296439901304196,0.16496298907296442,0.10539302079661611,1,H,1,H,1,H
2026-04-03,2025,SP1,Vallecano,Elche,0,0.5468518056444555,0.2587389609405553,0.19440923341498922,3,HDA,2,HD,2,HD,0.5496094879953718,0.25021695111368236,0.20017356089094585,3,HDA,2,HD,2,HD
2026-04-04,2025,D1,Stuttgart,Dortmund,2,0.3528695860297793,0.2120496576450612,0.4350807563251595,3,HDA,2,DA,1,A,0.40062493897080365,0.24140220681574062,0.35797285421345576,3,HDA,3,HDA,2,DA
2026-04-04,2025,D1,Werder Bremen,RB Leipzig,2,0.21748517971552106,0.2067472693288057,0.5757675509556732,2,DA,2,DA,1,A,0.25370014215235387,0.23204281294422613,0.5142570449034201,2,DA,2,DA,1,A
2026-04-04,2025,I1,Verona,Fiorentina,2,0.2915758192539215,0.2873776853084564,0.42104649543762207,2,DA,2,DA,2,DA,0.2552221800227877,0.2951006456513482,0.449677174325864,2,DA,2,DA,2,DA
2026-04-04,2025,F1,Lille,Lens,0,0.325053870677948,0.204839825630188,0.470106303691864,3,HDA,2,DA,1,A,0.32666132906325057,0.27862289831865494,0.3947157726180945,3,HDA,2,DA,2,DA
2026-04-04,2025,F1,Brest,Rennes,2,0.33286773166454636,0.2963827760105498,0.37074949232490384,3,HDA,2,DA,2,DA,0.288135593220339,0.2796610169491525,0.4322033898305084,2,DA,2,DA,2,DA
2026-04-04,2025,F1,Strasbourg,Nice,0,0.40508973598480225,0.3249528408050537,0.26995742321014404,3,HDA,3,HDA,1,D,0.4953764861294584,0.2523117569352708,0.2523117569352708,3,HDA,3,HDA,2,HD
2026-04-04,2025,D1,M'gladbach,Heidenheim,1,0.6279402059885951,0.24702061326893926,0.1250391807424656,2,HD,2,HD,2,HD,0.5977796754910334,0.2234557358383148,0.1787645886706518,2,HD,1,H,1,H
2026-04-04,2025,I1,Lazio,Parma,1,0.51118104888229,0.29431721129540783,0.19450173982230218,3,HDA,2,HD,2,HD,0.4877224600135166,0.2926334760081099,0.2196440639783735,3,HDA,2,HD,2,HD
2026-04-04,2025,SP1,Sociedad,Levante,0,0.5841848167153475,0.23757320288459655,0.17824198040005593,3,HDA,2,HD,2,HD,0.5964499519258584,0.2162647631694221,0.1872852849047195,2,HD,1,H,1,H
2026-04-04,2025,D1,Freiburg,Bayern Munich,2,0.17886100709438324,0.18408162891864777,0.637057363986969,2,DA,1,A,1,A,0.1806150978564771,0.1996272134203169,0.619757688723206,2,DA,1,A,1,A
2026-04-04,2025,D1,Hamburg,Augsburg,1,0.3338415722203723,0.3228671348949413,0.34329129288468635,3,HDA,2,DA,2,DA,0.40293767368003175,0.27054386661373564,0.32651845970623267,3,HDA,3,HDA,2,DA
2026-04-04,2025,D1,Hoffenheim,Mainz,2,0.5628655552864075,0.2329922765493393,0.20414216816425323,3,HDA,2,HD,2,HD,0.5574781823653325,0.2430033102618116,0.1995185073728558,3,HDA,2,HD,2,HD
2026-04-04,2025,SP1,Ath Madrid,Barcelona,2,0.2799389958381653,0.25008392333984375,0.46997708082199097,2,DA,2,DA,2,DA,0.2906574394463668,0.22491349480968859,0.4844290657439447,2,DA,1,A,1,A
2026-04-04,2025,SP1,Betis,Espanol,1,0.5836319501290307,0.22267369099478992,0.19369435887617942,3,HDA,2,HD,2,HD,0.5186936112128375,0.2497919232946033,0.2315144654925592,3,HDA,2,HD,2,HD
2026-04-04,2025,SP1,Mallorca,Real Madrid,0,0.1463081306058823,0.1336996764108394,0.7199921929832783,1,A,1,A,1,A,0.1732083846097008,0.2200106501970796,0.6067809651932196,2,DA,1,A,1,A
2026-04-04,2025,D1,Leverkusen,Wolfsburg,0,0.7107148713565254,0.1896605030472539,0.0996246255962206,2,HD,2,HD,1,H,0.6505067104902768,0.1985757326759792,0.1509175568337442,2,HD,1,H,1,H
2026-04-04,2025,I1,Sassuolo,Cagliari,0,0.6085512728773247,0.2232478741295319,0.16820085299314338,2,HD,2,HD,2,HD,0.4396320429283251,0.3049060942889997,0.25546186278267535,3,HDA,3,HDA,2,HD
2026-04-05,2025,F1,Le Havre,Auxerre,1,0.42676593581539585,0.27437909619870493,0.2988549679858992,3,HDA,3,HDA,2,DA,0.3890274314214464,0.31770573566084787,0.29326683291770583,3,HDA,2,DA,2,DA
2026-04-05,2025,I1,Cremonese,Bologna,2,0.2928581237792969,0.35248294472694397,0.35465893149375916,2,DA,2,DA,2,DA,0.26829268292682923,0.28455284552845533,0.4471544715447155,2,DA,2,DA,2,DA
2026-04-05,2025,I1,Pisa,Torino,2,0.35273972153663635,0.29076462984085083,0.3564956486225128,3,HDA,2,DA,2,DA,0.31481481481481477,0.31481481481481477,0.37037037037037046,3,HDA,2,DA,2,DA
2026-04-05,2025,F1,Monaco,Marseille,0,0.5380276601918834,0.19954160450522912,0.2624307353028874,3,HDA,3,HDA,1,H,0.45172802404207363,0.25638617580766343,0.29188580015026305,3,HDA,3,HDA,3,HDA
2026-04-05,2025,SP1,Alaves,Osasuna,1,0.3081527444169743,0.32127861145969067,0.370568644123335,3,HDA,2,DA,2,DA,0.3442337975744933,0.2958259197905802,0.3599402826349265,3,HDA,2,DA,2,DA
2026-04-05,2025,SP1,Oviedo,Sevilla,0,0.4156643399992192,0.2695954900738889,0.3147401699268919,3,HDA,3,HDA,2,DA,0.33665835411471323,0.31421446384039897,0.34912718204488774,3,HDA,2,DA,2,DA
2026-04-05,2025,SP1,Valencia,Celta,2,0.38777570760918534,0.2955917329909881,0.31663255939982654,3,HDA,2,DA,2,DA,0.3979853841595892,0.2938968990716966,0.3081177167687142,3,HDA,3,HDA,2,DA
2026-04-05,2025,F1,Lorient,Paris FC,1,0.3477928534807905,0.29098912206324573,0.36121802445596385,3,HDA,2,DA,2,DA,0.3976861894432393,0.2868161002651241,0.3154977102916365,3,HDA,3,HDA,2,DA
2026-04-05,2025,F1,Angers,Lyon,1,0.21042184218135712,0.23951509238011998,0.5500630654385229,2,DA,2,DA,2,DA,0.1787645886706518,0.2234557358383148,0.5977796754910334,2,DA,1,A,1,A
2026-04-05,2025,I1,Inter,Roma,0,0.6751564841740799,0.17258633930364756,0.15225717652227247,2,HD,1,H,1,H,0.6045340050377834,0.2372795969773299,0.1581863979848866,2,HD,2,HD,1,H
2026-04-05,2025,F1,Metz,Nantes,1,0.3131328914503125,0.2824259186513996,0.4044411898982879,3,HDA,2,DA,2,DA,0.34228187919463093,0.28187919463087246,0.3758389261744967,3,HDA,2,DA,2,DA
2026-04-05,2025,D1,Ein Frankfurt,FC Koln,1,0.5133234109484133,0.235633992086828,0.2510425969647587,3,HDA,3,HDA,2,HD,0.4949762030671602,0.24241142252776304,0.2626123744050767,3,HDA,3,HDA,2,HD
2026-04-05,2025,D1,Union Berlin,St Pauli,1,0.39903973343849974,0.3065875081244854,0.2943727584370149,3,HDA,3,HDA,2,DA,0.4512126339537507,0.296108291032149,0.25267907501410036,3,HDA,3,HDA,2,HD
2026-04-05,2025,SP1,Getafe,Ath Bilbao,0,0.27554208040237427,0.3102185130119324,0.41423940658569336,2,DA,2,DA,2,DA,0.28630553864881314,0.3280584297017651,0.3856360316494218,2,DA,2,DA,2,DA
2026-04-06,2025,SP1,Girona,Villarreal,0,0.36992632567443406,0.20565296445208575,0.4244207098734802,3,HDA,2,DA,1,A,0.3215507411630559,0.2679589509692132,0.4104903078677309,3,HDA,2,DA,2,DA
2026-04-06,2025,I1,Udinese,Como,1,0.16211923956871033,0.21014222502708435,0.6277385354042053,2,DA,2,DA,1,A,0.1809859255351006,0.2500463444892837,0.5689677299756157,2,DA,2,DA,2,DA
2026-04-06,2025,I1,Juventus,Genoa,0,0.7494240179829592,0.1429842667882363,0.1075917152288045,1,H,1,H,1,H,0.6645008860011814,0.2096869462492616,0.125812167749557,2,HD,1,H,1,H
2026-04-06,2025,I1,Lecce,Atalanta,2,0.15852054481147096,0.1711279102823761,0.6703515449061529,2,DA,1,A,1,A,0.171161652671968,0.2477339709725852,0.5811043763554469,2,DA,2,DA,2,DA
2026-04-06,2025,I1,Napoli,Milan,0,0.4286799622482044,0.24181967564611176,0.3295003621056838,3,HDA,3,HDA,2,DA,0.393939393939394,0.3151515151515151,0.2909090909090909,3,HDA,2,DA,2,DA
2026-04-10,2025,SP1,Real Madrid,Girona,1,0.7559247927395704,0.14735340523148308,0.09672180202894651,1,H,1,H,1,H,0.730136005726557,0.1581961345740873,0.1116678596993557,1,H,1,H,1,H
2026-04-10,2025,F1,Marseille,Metz,0,0.7242755563659801,0.18774958654305288,0.08797485709096704,2,HD,2,HD,1,H,0.7553516819571866,0.1452599388379205,0.0993883792048929,1,H,1,H,1,H
2026-04-10,2025,F1,Paris FC,Monaco,0,0.2608892399337661,0.3168984746008657,0.4222122854653682,2,DA,2,DA,2,DA,0.24982124483353965,0.25315219476465356,0.4970265604018068,2,DA,2,DA,2,DA
2026-04-10,2025,E0,West Ham,Wolves,0,0.6778375364880102,0.19822907286928337,0.12393339064270642,2,HD,2,HD,1,H,0.540711462450593,0.2490118577075099,0.2102766798418972,3,HDA,2,HD,2,HD
2026-04-10,2025,I1,Roma,Pisa,0,0.5999358385791754,0.29439932546614594,0.1056648359546786,2,HD,2,HD,2,HD,0.6934812760055479,0.18862690707350904,0.11789181692094312,1,H,1,H,1,H
2026-04-10,2025,D1,Augsburg,Hoffenheim,1,0.21073371485969,0.2029587507688813,0.5863075343714287,2,DA,2,DA,1,A,0.26530612244897955,0.24489795918367346,0.4897959183673469,2,DA,2,DA,2,DA
2026-04-11,2025,SP1,Elche,Valencia,0,0.34284695982933044,0.3434244692325592,0.31372857093811035,3,HDA,2,DA,2,DA,0.3533254156769596,0.2725653206650831,0.3741092636579572,3,HDA,2,DA,2,DA
2026-04-11,2025,SP1,Sociedad,Alaves,1,0.6269205492848403,0.19215349221915717,0.1809259584960025,3,HDA,2,HD,1,H,0.5257095980311732,0.25575061525840853,0.21853978671041832,3,HDA,2,HD,2,HD
2026-04-11,2025,D1,Heidenheim,Union Berlin,0,0.29038210837894357,0.2846443568276061,0.4249735347934504,2,DA,2,DA,2,DA,0.35051546391752575,0.27835051546391754,0.37113402061855677,3,HDA,2,DA,2,DA
2026-04-11,2025,D1,Dortmund,Leverkusen,2,0.46500730514526367,0.16528946161270142,0.3697032332420349,3,HDA,2,HA,2,HA,0.4426075521322562,0.250422693969566,0.3069697538981777,3,HDA,3,HDA,3,HDA
2026-04-11,2025,I1,Torino,Verona,0,0.4008774578179065,0.35499282084437517,0.24412972133771832,3,HDA,3,HDA,1,D,0.4727272727272727,0.2909090909090909,0.2363636363636363,3,HDA,3,HDA,2,HD
2026-04-11,2025,E0,Brentford,Everton,1,0.4902292259208281,0.2683203122258419,0.24145046185332997,3,HDA,3,HDA,2,HD,0.4509283819628648,0.2785145888594165,0.2705570291777188,3,HDA,3,HDA,2,HD
2026-04-11,2025,SP1,Barcelona,Espanol,0,0.8014536380551214,0.11479022927894847,0.0837561326659302,1,H,1,H,1,H,0.7296439901304196,0.16496298907296442,0.10539302079661611,1,H,1,H,1,H
2026-04-11,2025,I1,Cagliari,Cremonese,0,0.4442048006623268,0.24454246096994786,0.3112527383677253,3,HDA,3,HDA,2,DA,0.4572617246596066,0.3023827534039334,0.2403555219364599,3,HDA,3,HDA,2,HD
2026-04-11,2025,E0,Arsenal,Bournemouth,2,0.6464410923951701,0.19573613709604537,0.1578227705087845,2,HD,2,HD,1,H,0.6500776404176283,0.21619210212503112,0.13373025745734063,2,HD,1,H,1,H
2026-04-11,2025,E0,Liverpool,Fulham,0,0.5645706485339806,0.18600606363993694,0.24942328782608247,3,HDA,3,HDA,1,H,0.5424476295479603,0.2315325248070562,0.2260198456449834,3,HDA,2,HD,1,H
2026-04-11,2025,E0,Burnley,Brighton,2,0.22806036472320557,0.19917339086532593,0.5727662444114685,2,DA,2,DA,1,A,0.1787645886706518,0.2234557358383148,0.5977796754910334,2,DA,1,A,1,A
2026-04-11,2025,D1,RB Leipzig,M'gladbach,0,0.7133188353973453,0.1638669247011382,0.12281423990151644,2,HD,1,H,1,H,0.6437527989252128,0.19055082848186294,0.16569637259292427,1,H,1,H,1,H
2026-04-11,2025,D1,Wolfsburg,Ein Frankfurt,2,0.34201666712760925,0.3132902979850769,0.34469303488731384,3,HDA,2,DA,2,DA,0.3780697200814599,0.262548416723236,0.3593818631953041,3,HDA,2,DA,2,DA
2026-04-11,2025,D1,St Pauli,Bayern Munich,2,0.14099497023209842,0.1502865299667874,0.7087184998011142,1,A,1,A,1,A,0.1178247734138973,0.1570996978851964,0.7250755287009064,1,A,1,A,1,A
2026-04-11,2025,I1,Atalanta,Juventus,2,0.31543412804603577,0.2748173773288727,0.40974849462509155,3,HDA,2,DA,2,DA,0.30642023346303504,0.27140077821011677,0.42217898832684825,3,HDA,2,DA,2,DA
2026-04-11,2025,F1,Rennes,Angers,0,0.7673497796058655,0.13686633110046387,0.09578388929367065,1,H,1,H,1,H,0.6914119359534208,0.197962154294032,0.1106259097525473,1,H,1,H,1,H
2026-04-11,2025,SP1,Sevilla,Ath Madrid,0,0.45192819833755493,0.2252587378025055,0.3228130638599396,3,HDA,3,HDA,2,DA,0.4407039020657995,0.2631981637337414,0.296097934200459,3,HDA,3,HDA,3,HDA
2026-04-11,2025,I1,Milan,Udinese,2,0.7384219169616699,0.16116926074028015,0.10040882229804993,2,HD,1,H,1,H,0.643819671016857,0.2200584556824361,0.1361218733007069,2,HD,1,H,1,H
2026-04-11,2025,F1,Auxerre,Nantes,1,0.5023056268692017,0.33351126313209534,0.164183109998703,2,HD,2,HD,2,HD,0.49590220864008894,0.27858035838310885,0.22551743297680232,3,HDA,2,HD,2,HD
2026-04-12,2025,I1,Bologna,Lecce,0,0.4903770685195923,0.300658643245697,0.2089642882347107,3,HDA,2,HD,2,HD,0.5141647343482206,0.27674160701683637,0.20909365863494306,3,HDA,2,HD,2,HD
2026-04-12,2025,E0,Chelsea,Man City,2,0.2747924029827118,0.1886206567287445,0.5365869402885437,2,DA,2,DA,1,A,0.2626123744050767,0.24241142252776304,0.4949762030671602,2,DA,2,DA,2,DA
2026-04-12,2025,E0,Sunderland,Tottenham,0,0.3436030191478864,0.24765902402557255,0.40873795682654107,3,HDA,2,DA,2,DA,0.3285685524461446,0.29776525065431847,0.37366619689953695,3,HDA,2,DA,2,DA
2026-04-12,2025,E0,Nott'm Forest,Aston Villa,1,0.49222548282818446,0.20132578019278585,0.3064487369790297,3,HDA,3,HDA,2,HA,0.4093097913322633,0.2768860353130016,0.3138041733547351,3,HDA,3,HDA,2,DA
2026-04-12,2025,E0,Crystal Palace,Newcastle,0,0.34197847074206084,0.2646519918636081,0.393369537394331,3,HDA,2,DA,2,DA,0.316546762589928,0.2877697841726619,0.3956834532374101,3,HDA,2,DA,2,DA
2026-04-12,2025,I1,Como,Inter,2,0.222451400422284,0.2081062762721438,0.5694423233055722,2,DA,2,DA,1,A,0.30709067810068286,0.29291726218834374,0.39999205971097346,3,HDA,2,DA,2,DA
2026-04-12,2025,I1,Genoa,Sassuolo,0,0.5199497705720467,0.25695263190779244,0.22309759752016078,3,HDA,2,HD,2,HD,0.4415584415584415,0.2792207792207792,0.2792207792207792,3,HDA,3,HDA,2,HD
2026-04-12,2025,I1,Parma,Napoli,1,0.11986105978385403,0.18789702793879082,0.6922419122773551,2,DA,2,DA,1,A,0.13545004369356242,0.25284008156131665,0.611709874745121,2,DA,2,DA,2,DA
2026-04-12,2025,F1,Lyon,Lorient,0,0.6100405272829376,0.2501488849476312,0.13981058776943123,2,HD,2,HD,2,HD,0.5738880918220948,0.23672883787661403,0.18938307030129123,3,HDA,2,HD,1,H
2026-04-12,2025,SP1,Celta,Oviedo,2,0.5253841515802212,0.2913124691536636,0.1833033792661151,3,HDA,2,HD,2,HD,0.528281750266809,0.272145144076841,0.19957310565635,3,HDA,2,HD,2,HD
2026-04-12,2025,F1,Nice,Le Havre,1,0.5888163447380066,0.22454741597175598,0.18663623929023743,3,HDA,2,HD,2,HD,0.507172131147541,0.28432377049180324,0.20850409836065575,3,HDA,2,HD,2,HD
2026-04-12,2025,D1,FC Koln,Werder Bremen,0,0.3669147302780965,0.31806127184812044,0.31502399787378305,3,HDA,2,DA,2,DA,0.4041204437400951,0.2793185419968304,0.3165610142630745,3,HDA,3,HDA,2,DA
2026-04-12,2025,D1,Stuttgart,Hamburg,0,0.7748894384089648,0.1263472037891747,0.09876335780186049,1,H,1,H,1,H,0.736196319018405,0.15828220858895703,0.10552147239263801,1,H,1,H,1,H
2026-04-12,2025,D1,Mainz,Freiburg,2,0.44054712532320245,0.30050679145733145,0.2589460832194661,3,HDA,3,HDA,1,D,0.4179104477611939,0.31343283582089554,0.26865671641791045,3,HDA,3,HDA,1,D
2026-04-12,2025,SP1,Ath Bilbao,Villarreal,2,0.5534854613763908,0.19913812278416937,0.24737641583943987,3,HDA,3,HDA,1,H,0.473491773308958,0.2705667276051188,0.2559414990859232,3,HDA,3,HDA,2,HD
2026-04-12,2025,SP1,Mallorca,Vallecano,0,0.38201528787612915,0.2935563921928406,0.3244283199310303,3,HDA,2,DA,2,DA,0.3889109540074668,0.2802446580347923,0.3308443879577409,3,HDA,2,DA,2,DA
2026-04-12,2025,SP1,Osasuna,Betis,1,0.37305526813699996,0.2977936775149799,0.3291510543480201,3,HDA,2,DA,2,DA,0.41002004008016035,0.28577154308617236,0.30420841683366734,3,HDA,3,HDA,2,DA
2026-04-12,2025,F1,Toulouse,Lille,2,0.25766627536215037,0.26272003428459373,0.4796136903532559,2,DA,2,DA,2,DA,0.27982899339292655,0.29731830547998445,0.422852701127089,2,DA,2,DA,2,DA
2026-04-13,2025,SP1,Levante,Getafe,0,0.40508882418539593,0.2775847398514968,0.3173264359631072,3,HDA,3,HDA,2,DA,0.36585365853658536,0.3170731707317073,0.3170731707317073,3,HDA,2,DA,2,DA
2026-04-13,2025,E0,Man United,Leeds,2,0.6313141772542649,0.1765353136222158,0.19215050912351933,3,HDA,1,H,1,H,0.5869600785340314,0.23192081151832467,0.18111910994764394,2,HD,2,HD,1,H
2026-04-13,2025,I1,Fiorentina,Lazio,0,0.41677780201368936,0.26058013023674875,0.3226420677495619,3,HDA,3,HDA,2,DA,0.3976861894432393,0.3154977102916365,0.2868161002651241,3,HDA,3,HDA,1,D
2026-04-17,2025,D1,St Pauli,FC Koln,1,0.3592899632665526,0.31475695029625445,0.32595308643719295,3,HDA,2,DA,2,DA,0.3266197674180118,0.2894353631273458,0.3839448694546424,3,HDA,2,DA,2,DA
2026-04-17,2025,F1,Lens,Toulouse,0,0.7061002780571787,0.1770240945386957,0.11687562740412559,2,HD,1,H,1,H,0.6386964914272738,0.21006017940274782,0.15124332916997843,2,HD,1,H,1,H
2026-04-17,2025,I1,Sassuolo,Como,0,0.13866104392202264,0.148084434093303,0.7132545219846743,1,A,1,A,1,A,0.15124332916997843,0.21006017940274782,0.6386964914272738,2,DA,1,A,1,A
2026-04-17,2025,I1,Inter,Cagliari,0,0.7495028693414155,0.15066174601533466,0.09983538464324979,2,HD,1,H,1,H,0.7803121248499402,0.14645858343337334,0.07322929171668661,1,H,1,H,1,H
2026-04-18,2025,E0,Brentford,Fulham,1,0.4707897691075607,0.22379833949513706,0.30541189139730224,3,HDA,3,HDA,3,HDA,0.4866595517609392,0.24973319103521877,0.26360725720384204,3,HDA,3,HDA,2,HD
2026-04-18,2025,E0,Leeds,Wolves,0,0.6410999536924047,0.2484755161581753,0.11042453014941998,2,HD,2,HD,2,HD,0.6297577854671281,0.2249134948096886,0.1453287197231834,2,HD,1,H,1,H
2026-04-18,2025,D1,Ein Frankfurt,RB Leipzig,2,0.34326352223441847,0.24734451982428968,0.40939195794129185,3,HDA,2,DA,2,DA,0.3266082984392843,0.2428625808907499,0.4305291206699657,3,HDA,2,DA,2,DA
2026-04-18,2025,D1,Werder Bremen,Hamburg,0,0.6421046639743248,0.20448332753678128,0.15341200848889402,2,HD,2,HD,1,H,0.5389221556886228,0.251497005988024,0.2095808383233533,3,HDA,2,HD,2,HD
2026-04-18,2025,D1,Union Berlin,Wolfsburg,2,0.367437888162199,0.3221180939043136,0.31044401793348736,3,HDA,2,DA,2,DA,0.44539296650273735,0.25535863412823606,0.29924839936902664,3,HDA,3,HDA,3,HDA
2026-04-18,2025,D1,Leverkusen,Augsburg,2,0.7513977289199829,0.1396600306034088,0.10894224047660828,1,H,1,H,1,H,0.6849315068493151,0.1800391389432485,0.1350293542074364,1,H,1,H,1,H
2026-04-18,2025,D1,Hoffenheim,Dortmund,0,0.4917248042903899,0.19505893602791619,0.3132162596816939,3,HDA,3,HDA,2,HA,0.44092707744488413,0.24307518371961562,0.31599773883550025,3,HDA,3,HDA,3,HDA
2026-04-18,2025,I1,Roma,Atalanta,1,0.3984246850013733,0.2284151017665863,0.3731602132320404,3,HDA,3,HDA,2,DA,0.3914110429447853,0.2846625766871166,0.3239263803680982,3,HDA,2,DA,2,DA
2026-04-18,2025,I1,Udinese,Parma,2,0.4753862235867779,0.2867643961354075,0.23784938027781458,3,HDA,3,HDA,2,HD,0.429554841670491,0.328132170720514,0.242312987608995,3,HDA,3,HDA,1,D
2026-04-18,2025,I1,Napoli,Lazio,2,0.6672414640157324,0.1953733119835472,0.13738522400072037,2,HD,2,HD,1,H,0.6245817532902075,0.23890252063350437,0.13651572607628812,2,HD,2,HD,1,H
2026-04-18,2025,E0,Newcastle,Bournemouth,2,0.44278350472450256,0.28289827704429626,0.27431821823120117,3,HDA,3,HDA,1,D,0.4295665634674923,0.2554179566563467,0.315015479876161,3,HDA,3,HDA,2,DA
2026-04-18,2025,E0,Chelsea,Man United,2,0.5768359813565614,0.16753647971843957,0.25562753892499895,3,HDA,2,HA,1,H,0.4586948321388156,0.2474537910222557,0.2938513768389287,3,HDA,3,HDA,3,HDA
2026-04-18,2025,F1,Lorient,Marseille,0,0.17999167740345,0.16056464612483978,0.6594436764717102,2,DA,1,A,1,A,0.2004950495049505,0.2116336633663366,0.5878712871287128,2,DA,1,A,1,A
2026-04-18,2025,E0,Tottenham,Brighton,1,0.3032493844144138,0.20524833790587876,0.49150227767970744,2,DA,2,DA,1,A,0.31599773883550025,0.24307518371961565,0.4409270774448842,3,HDA,2,DA,2,DA
2026-04-18,2025,F1,Lille,Nice,1,0.6565743186559426,0.19852498469538965,0.1449006966486677,2,HD,2,HD,1,H,0.6342525399129174,0.20029027576197383,0.16545718432510884,2,HD,1,H,1,H
2026-04-18,2025,F1,Angers,Le Havre,1,0.26324838399887085,0.29533645510673523,0.4414151608943939,2,DA,2,DA,2,DA,0.2964905203711174,0.3162565550625252,0.3872529245663574,2,DA,2,DA,2,DA
2026-04-19,2025,E0,Nott'm Forest,Burnley,0,0.6567822596910259,0.22852778094220488,0.1146899593667692,2,HD,2,HD,2,HD,0.6538661131292165,0.21069019200830302,0.13544369486248053,2,HD,1,H,1,H
2026-04-19,2025,F1,Nantes,Brest,1,0.42986661195755005,0.299653559923172,0.27047982811927795,3,HDA,3,HDA,1,D,0.4048278591214879,0.2882865057380293,0.3068856351404828,3,HDA,3,HDA,2,DA
2026-04-19,2025,I1,Juventus,Bologna,0,0.6325693319013516,0.19600448596490877,0.17142618213373964,2,HD,2,HD,1,H,0.6543046357615895,0.19973509933774836,0.14596026490066222,2,HD,1,H,1,H
2026-04-19,2025,I1,Pisa,Genoa,2,0.28998116910569854,0.2952823462914022,0.4147364846028993,2,DA,2,DA,2,DA,0.3170731707317073,0.3170731707317073,0.36585365853658536,3,HDA,2,DA,2,DA
2026-04-19,2025,I1,Verona,Milan,2,0.17444654069016188,0.20732370327895439,0.6182297560308837,2,DA,2,DA,1,A,0.1463329289913222,0.2319912288886815,0.6216758421199963,2,DA,2,DA,1,A
2026-04-19,2025,I1,Cremonese,Torino,1,0.3121549394084531,0.3041004745930292,0.3837445859985177,3,HDA,2,DA,2,DA,0.33248081841432225,0.29923273657289007,0.36828644501278773,3,HDA,2,DA,2,DA
2026-04-19,2025,D1,M'gladbach,Mainz,1,0.42798662185668945,0.26427266001701355,0.307740718126297,3,HDA,3,HDA,2,DA,0.4317656129529684,0.2713955281418658,0.2968388589051658,3,HDA,3,HDA,2,DA
2026-04-19,2025,D1,Bayern Munich,Stuttgart,0,0.6579925719800932,0.20506646312476115,0.13694096489514568,2,HD,2,HD,1,H,0.6363636363636365,0.1818181818181818,0.1818181818181818,1,H,1,H,1,H
2026-04-19,2025,F1,Strasbourg,Rennes,2,0.21871120063530208,0.218839395326963,0.5624494040377349,2,DA,2,DA,1,A,0.2441860465116279,0.2267441860465116,0.5290697674418605,2,DA,2,DA,1,A
2026-04-19,2025,F1,Metz,Paris FC,2,0.3252294063568115,0.267265260219574,0.4075053334236145,3,HDA,2,DA,2,DA,0.32315978456014366,0.26032315978456017,0.41651705565529623,3,HDA,2,DA,2,DA
2026-04-19,2025,E0,Man City,Arsenal,0,0.5725828919919894,0.17169438046672372,0.25572272754128683,3,HDA,2,HA,1,H,0.5125,0.25625,0.23125,3,HDA,2,HD,2,HD
2026-04-19,2025,E0,Aston Villa,Sunderland,0,0.5850329137578795,0.19399120536485887,0.22097588087726172,3,HDA,2,HD,1,H,0.5446293494704993,0.26475037821482605,0.19062027231467474,3,HDA,2,HD,2,HD
2026-04-19,2025,E0,Everton,Liverpool,2,0.29873553363584776,0.19028045520604336,0.5109840111581089,2,DA,2,DA,1,A,0.29731830547998445,0.27982899339292655,0.422852701127089,2,DA,2,DA,2,DA
2026-04-19,2025,F1,Monaco,Auxerre,1,0.625048041343689,0.2284962683916092,0.14645569026470184,2,HD,2,HD,2,HD,0.5848930481283423,0.2256016042780748,0.1895053475935829,3,HDA,2,HD,1,H
2026-04-19,2025,D1,Freiburg,Heidenheim,0,0.6881290180702361,0.18439969695210004,0.12747128497766383,2,HD,1,H,1,H,0.580431177446103,0.22802653399668324,0.19154228855721392,3,HDA,2,HD,1,H
2026-04-19,2025,F1,Paris SG,Lyon,2,0.7276866436004639,0.14482836425304413,0.127484992146492,1,H,1,H,1,H,0.7101928819304334,0.17173755144863204,0.11806956662093453,1,H,1,H,1,H
2026-04-20,2025,I1,Lecce,Fiorentina,1,0.3547858192090446,0.33671220133566254,0.30850197945529284,3,HDA,2,DA,2,DA,0.26829268292682923,0.28455284552845533,0.4471544715447155,2,DA,2,DA,2,DA
2026-04-20,2025,E0,Crystal Palace,West Ham,1,0.40348872542381287,0.2740524411201477,0.32245883345603943,3,HDA,3,HDA,2,DA,0.3592851147460438,0.2907445697791062,0.34997031547485,3,HDA,2,DA,2,DA
2026-04-21,2025,SP1,Girona,Betis,2,0.4259007826984395,0.27681563954446553,0.29728357775709496,3,HDA,3,HDA,2,DA,0.393939393939394,0.2909090909090909,0.3151515151515151,3,HDA,2,DA,2,DA
2026-04-21,2025,SP1,Real Madrid,Alaves,0,0.7864461131012231,0.119455651669282,0.09409823522949481,1,H,1,H,1,H,0.7784120394395435,0.12662169174883234,0.09496626881162423,1,H,1,H,1,H
2026-04-21,2025,E0,Brighton,Chelsea,0,0.42965971143067744,0.252229116790619,0.31811117177870357,3,HDA,3,HDA,2,DA,0.42105263157894735,0.26315789473684215,0.31578947368421056,3,HDA,3,HDA,2,DA
2026-04-21,2025,SP1,Mallorca,Valencia,1,0.3466018633067053,0.3234942160995538,0.3299039205937409,3,HDA,2,DA,2,DA,0.3548387096774194,0.2903225806451613,0.3548387096774194,3,HDA,2,DA,2,DA
2026-04-21,2025,SP1,Ath Bilbao,Osasuna,0,0.4960607738476761,0.2683856109265801,0.2355536152257438,3,HDA,3,HDA,2,HD,0.4997295835586804,0.28015143320713903,0.22011898323418067,3,HDA,2,HD,2,HD
2026-04-22,2025,SP1,Sociedad,Getafe,2,0.45551346109847607,0.29871291812398787,0.24577362077753606,3,HDA,3,HDA,2,HD,0.412573673870334,0.31630648330058936,0.27111984282907664,3,HDA,3,HDA,1,D
2026-04-22,2025,F1,Paris SG,Nantes,0,0.8513418968666948,0.09241702338742447,0.05624107974588066,1,H,1,H,1,H,0.8168266285480908,0.11946089442515821,0.06371247702675101,1,H,1,H,1,H
2026-04-22,2025,E0,Bournemouth,Leeds,1,0.517671890820144,0.23809990641623596,0.24422820276362006,3,HDA,3,HDA,2,HD,0.5261599210266535,0.2428430404738401,0.2309970384995064,3,HDA,2,HD,2,HD
2026-04-22,2025,E0,Burnley,Man City,2,0.17888604928232546,0.12039962707461316,0.7007143236430614,1,A,1,A,1,A,0.06280381100524982,0.11083025471514671,0.8263659342796035,1,A,1,A,1,A
2026-04-22,2025,SP1,Elche,Ath Madrid,0,0.38855907899974407,0.2066432715452205,0.4047976494550355,3,HDA,2,DA,1,A,0.3891702376314765,0.25769380599922087,0.35313595636930273,3,HDA,2,DA,2,DA
2026-04-22,2025,SP1,Barcelona,Celta,0,0.7261438261547114,0.17132073385535576,0.10253543998993278,2,HD,1,H,1,H,0.7749077490774909,0.13505535055350554,0.09003690036900361,1,H,1,H,1,H
2026-04-23,2025,SP1,Oviedo,Villarreal,1,0.37621537588743115,0.2125177256752416,0.4112668984373272,3,HDA,2,DA,1,A,0.2890115403913698,0.2935273457099849,0.4174611138986452,2,DA,2,DA,2,DA
2026-04-23,2025,SP1,Vallecano,Espanol,0,0.36733388900756836,0.2801610231399536,0.352505087852478,3,HDA,2,DA,2,DA,0.4505119453924915,0.28668941979522183,0.26279863481228666,3,HDA,3,HDA,2,HD
2026-04-23,2025,SP1,Levante,Sevilla,0,0.3997853517468378,0.3042650015433133,0.29594964670984886,3,HDA,3,HDA,2,DA,0.3783122706889524,0.29555646147574394,0.32613126783530366,3,HDA,2,DA,2,DA
2026-04-24,2025,E0,Sunderland,Nott'm Forest,2,0.4021270631476007,0.26773612095498317,0.3301368158974161,3,HDA,3,HDA,2,DA,0.35872215563912885,0.30433524817126084,0.33694259618961026,3,HDA,2,DA,2,DA
2026-04-24,2025,SP1,Betis,Real Madrid,1,0.2585563361644745,0.15039250254631042,0.5910511612892151,1,A,1,A,1,A,0.2650561415447431,0.2327322218441647,0.5022116366110921,2,DA,2,DA,1,A
2026-04-24,2025,D1,RB Leipzig,Union Berlin,0,0.6993268340625416,0.17183279013135402,0.1288403758061044,2,HD,1,H,1,H,0.6098357297414952,0.21830147369499253,0.17186279656351222,2,HD,1,H,1,H
2026-04-24,2025,F1,Brest,Lens,1,0.14533911428840288,0.18112525073997301,0.673535634971624,2,DA,1,A,1,A,0.15874177029992684,0.22677395757132401,0.6144842721287492,2,DA,2,DA,1,A
2026-04-24,2025,I1,Napoli,Cremonese,0,0.7838051260724281,0.13983194425827306,0.07636292966929875,1,H,1,H,1,H,0.726304321510713,0.19319694952184965,0.08049872896743729,1,H,1,H,1,H
2026-04-25,2025,F1,Toulouse,Monaco,1,0.23403991758823395,0.19663654267787933,0.5693235397338867,2,DA,2,DA,1,A,0.2107650438463864,0.2313274871484729,0.5579074690051407,2,DA,2,DA,1,A
2026-04-25,2025,SP1,Valencia,Girona,0,0.46980560525962123,0.3113468931816055,0.21884750155877325,3,HDA,2,HD,2,HD,0.4174611138986452,0.2890115403913698,0.2935273457099849,3,HDA,3,HDA,2,DA
2026-04-25,2025,SP1,Alaves,Mallorca,0,0.39097844904532725,0.34662755409643375,0.262393996858239,3,HDA,2,DA,1,D,0.45373467112597554,0.28874024526198444,0.25752508361204013,3,HDA,3,HDA,2,HD
2026-04-25,2025,SP1,Ath Madrid,Ath Bilbao,0,0.4670228362083435,0.2374471127986908,0.2955300509929657,3,HDA,3,HDA,3,HDA,0.47349177330895803,0.25594149908592323,0.27056672760511885,3,HDA,3,HDA,2,HD
2026-04-25,2025,SP1,Getafe,Barcelona,2,0.21848080213310725,0.2059871615763653,0.5755320362905275,2,DA,2,DA,1,A,0.15818639798488662,0.23727959697732992,0.6045340050377835,2,DA,2,DA,1,A
2026-04-25,2025,E0,Arsenal,Newcastle,0,0.7677471752129075,0.12077596218550149,0.11147686260159109,1,H,1,H,1,H,0.6849315068493151,0.1890410958904109,0.1260273972602739,1,H,1,H,1,H
2026-04-25,2025,E0,Wolves,Tottenham,2,0.2049153447151184,0.22180873155593872,0.5732759237289429,2,DA,2,DA,2,DA,0.21124357674746064,0.21953720447195674,0.5692192187805827,2,DA,1,A,1,A
2026-04-25,2025,E0,West Ham,Everton,0,0.4494997262954712,0.22064828872680664,0.32985198497772217,3,HDA,3,HDA,2,DA,0.3901639344262295,0.2754098360655738,0.3344262295081967,3,HDA,2,DA,2,DA
2026-04-25,2025,F1,Lyon,Auxerre,0,0.5840301513671875,0.21192511916160583,0.20404472947120667,3,HDA,2,HD,1,H,0.579110651499483,0.23888314374353672,0.18200620475698032,2,HD,2,HD,1,H
2026-04-25,2025,F1,Angers,Paris SG,2,0.11852489284928329,0.10703543386793164,0.7744396732827851,1,A,1,A,1,A,0.09375,0.15625,0.75,1,A,1,A,1,A
2026-04-25,2025,D1,Mainz,Bayern Munich,2,0.28563309993546604,0.24002693652946136,0.4743399635350726,2,DA,2,DA,2,DA,0.2629441624365483,0.2253807106598985,0.5116751269035533,2,DA,2,DA,1,A
2026-04-25,2025,I1,Bologna,Roma,2,0.21855208790814484,0.2927785682926222,0.488669343799233,2,DA,2,DA,2,DA,0.2501861504095309,0.2970960536113179,0.4527177959791511,2,DA,2,DA,2,DA
2026-04-25,2025,I1,Parma,Pisa,0,0.4264594741600595,0.3245987392842394,0.2489417865557011,3,HDA,3,HDA,1,D,0.4308880308880309,0.30579150579150577,0.2633204633204634,3,HDA,3,HDA,1,D
2026-04-25,2025,E0,Liverpool,Crystal Palace,0,0.7084327445690742,0.14512726880799634,0.14643998662292937,1,H,1,H,1,H,0.596816976127321,0.21220159151193632,0.19098143236074272,3,HDA,1,H,1,H
2026-04-25,2025,D1,Wolfsburg,M'gladbach,1,0.4532936080308673,0.29357760269708627,0.2531287892720464,3,HDA,3,HDA,1,D,0.45479653839071993,0.2513349291106611,0.29386853249861905,3,HDA,3,HDA,3,HDA
2026-04-25,2025,D1,Heidenheim,St Pauli,0,0.43127527832984924,0.2747710049152374,0.29395371675491333,3,HDA,3,HDA,2,DA,0.4077669902912622,0.27184466019417475,0.32038834951456313,3,HDA,3,HDA,2,DA
2026-04-25,2025,D1,Hamburg,Hoffenheim,2,0.20016651452083928,0.15538941786853724,0.6444440676106235,2,DA,1,A,1,A,0.20838971583220564,0.22327469553450602,0.5683355886332884,2,DA,1,A,1,A
2026-04-25,2025,D1,Augsburg,Ein Frankfurt,1,0.3484191298484802,0.261661559343338,0.38991931080818176,3,HDA,2,DA,2,DA,0.4095682613768961,0.2415402567094516,0.3488914819136522,3,HDA,3,HDA,2,DA
2026-04-25,2025,E0,Fulham,Aston Villa,0,0.43712536151893977,0.23318224002692461,0.3296923984541356,3,HDA,3,HDA,2,DA,0.3888834331729353,0.26465678090935874,0.34645978591770604,3,HDA,2,DA,2,DA
2026-04-25,2025,I1,Verona,Lecce,1,0.3964686095714569,0.2883048951625824,0.3152264952659607,3,HDA,3,HDA,2,DA,0.3741701870850936,0.3180446590223295,0.3077851538925769,3,HDA,2,DA,2,DA
2026-04-25,2025,D1,FC Koln,Leverkusen,2,0.24033660054708422,0.17065243677277023,0.5890109626801455,2,DA,1,A,1,A,0.26972639011473964,0.23601059135039712,0.49426301853486326,2,DA,2,DA,1,A
2026-04-26,2025,SP1,Vallecano,Sociedad,1,0.36726669268210577,0.2682347435811315,0.36449856373676276,3,HDA,2,DA,2,DA,0.35006119951040393,0.28641370869033056,0.36352509179926557,3,HDA,2,DA,2,DA
2026-04-26,2025,D1,Dortmund,Freiburg,0,0.7557488477993156,0.14320730419793076,0.10104384800275368,1,H,1,H,1,H,0.6585879873551107,0.1896733403582719,0.1517386722866175,1,H,1,H,1,H
2026-04-26,2025,F1,Marseille,Nice,1,0.6566954646525064,0.14175271342710932,0.2015518219203843,2,HA,1,H,1,H,0.5539358600583092,0.24781341107871713,0.19825072886297374,3,HDA,2,HD,2,HD
2026-04-26,2025,F1,Rennes,Nantes,0,0.7287725101594252,0.154512716017474,0.11671477382310072,2,HD,1,H,1,H,0.6424335602899188,0.21128925982868435,0.14627717988139682,2,HD,1,H,1,H
2026-04-26,2025,F1,Paris FC,Lille,2,0.194130531215793,0.2294124709332375,0.5764569978509695,2,DA,2,DA,2,DA,0.2007380073800738,0.2383763837638376,0.5608856088560886,2,DA,2,DA,1,A
2026-04-26,2025,D1,Stuttgart,Werder Bremen,1,0.7640990899540145,0.12268572012654394,0.11321518991944156,1,H,1,H,1,H,0.6179775280898877,0.21011235955056176,0.17191011235955053,2,HD,1,H,1,H
2026-04-26,2025,F1,Le Havre,Metz,1,0.6355109309481223,0.21649384821197165,0.14799522083990604,2,HD,2,HD,1,H,0.5918858330143802,0.2187107004210181,0.1894034665646017,3,HDA,1,H,1,H
2026-04-26,2025,I1,Torino,Inter,1,0.1609443003079936,0.14984581097730712,0.6892098887146992,1,A,1,A,1,A,0.1351351351351351,0.1891891891891892,0.6756756756756757,1,A,1,A,1,A
2026-04-26,2025,SP1,Osasuna,Sevilla,0,0.5502676963806152,0.24469754099845886,0.2050347626209259,3,HDA,2,HD,2,HD,0.5047838997030684,0.2820851204223029,0.2131309798746288,3,HDA,2,HD,2,HD
2026-04-26,2025,I1,Milan,Juventus,1,0.4062473773956299,0.20348748564720154,0.3902651369571686,3,HDA,3,HDA,1,A,0.3463687150837989,0.3072625698324022,0.3463687150837989,3,HDA,2,DA,2,DA
2026-04-26,2025,I1,Genoa,Como,2,0.1767846451273349,0.18533630283691305,0.637879052035752,2,DA,2,DA,1,A,0.1639365659466162,0.2356588135482608,0.600404620505123,2,DA,2,DA,1,A
2026-04-26,2025,I1,Fiorentina,Sassuolo,1,0.5193332278927199,0.24785035109965947,0.23281642100762065,3,HDA,3,HDA,2,HD,0.465834620361481,0.2870142338356222,0.2471511458028968,3,HDA,3,HDA,2,HD
2026-04-26,2025,SP1,Villarreal,Celta,0,0.4638736636695118,0.20728380051476655,0.32884253581572165,3,HDA,3,HDA,2,HA,0.491838642410297,0.2609477241676853,0.2472136334220177,3,HDA,3,HDA,2,HD
2026-04-26,2025,F1,Lorient,Strasbourg,2,0.5493362545967102,0.20986539125442505,0.24079835414886475,3,HDA,3,HDA,1,H,0.4423305588585018,0.2580261593341261,0.2996432818073722,3,HDA,3,HDA,3,HDA
2026-04-26,2025,SP1,Oviedo,Elche,2,0.4201314324101379,0.2608762007690608,0.3189923668208013,3,HDA,3,HDA,2,DA,0.4283464566929134,0.2771653543307087,0.2944881889763779,3,HDA,3,HDA,2,DA
2026-04-27,2025,I1,Lazio,Udinese,1,0.5088297421437655,0.2639726243035421,0.22719763355269232,3,HDA,3,HDA,2,HD,0.4221789883268483,0.3064202334630351,0.2714007782101167,3,HDA,3,HDA,1,D
2026-04-27,2025,SP1,Espanol,Levante,1,0.4039442421769012,0.3873313540517399,0.2087244037713589,3,HDA,2,HD,1,D,0.4415584415584415,0.2792207792207792,0.2792207792207792,3,HDA,3,HDA,2,HD
2026-04-27,2025,E0,Man United,Brentford,0,0.5031049476461834,0.24798377966808288,0.2489112726857337,3,HDA,3,HDA,2,HD,0.4850444624090542,0.25222312045270817,0.26273241713823764,3,HDA,3,HDA,2,HD
2026-04-27,2025,I1,Cagliari,Atalanta,0,0.21883270796634877,0.18996275037416072,0.5912045416594905,2,DA,2,DA,1,A,0.19950795725378645,0.25271007918812943,0.5477819635580842,2,DA,2,DA,2,DA
2026-05-01,2025,SP1,Girona,Mallorca,2,0.4714212206860831,0.3145950593980375,0.21398371991587936,3,HDA,2,HD,2,HD,0.4979941900677825,0.2642135841748513,0.2377922257573661,3,HDA,3,HDA,2,HD
2026-05-01,2025,I1,Pisa,Lecce,2,0.2864151086334917,0.3026103765550368,0.41097451481147157,2,DA,2,DA,2,DA,0.28074866310160435,0.3181818181818182,0.40106951871657753,2,DA,2,DA,2,DA
2026-05-01,2025,E0,Leeds,Burnley,0,0.6772101026357725,0.16805209469872853,0.15473780266549889,2,HD,1,H,1,H,0.6983240223463688,0.18994413407821226,0.11173184357541895,1,H,1,H,1,H
2026-05-02,2025,F1,Nantes,Marseille,0,0.20579382207068006,0.16222078333291934,0.6319853945964006,2,DA,1,A,1,A,0.25161290322580643,0.24516129032258072,0.503225806451613,2,DA,2,DA,2,DA
2026-05-02,2025,D1,Bayern Munich,Heidenheim,1,0.7175141679870213,0.19260679472396963,0.08987903728900905,2,HD,2,HD,1,H,0.7590361445783133,0.1355421686746988,0.1054216867469879,1,H,1,H,1,H
2026-05-02,2025,F1,Metz,Monaco,2,0.1174623619942895,0.14085491316441254,0.7416827248412979,1,A,1,A,1,A,0.12588995431910774,0.16420428824231442,0.7099057574385778,1,A,1,A,1,A
2026-05-02,2025,F1,Nice,Lens,1,0.1643927668870573,0.13596655225803625,0.6996406808549064,1,A,1,A,1,A,0.19961114711600772,0.22575070209548492,0.5746381507885074,2,DA,2,DA,1,A
2026-05-02,2025,D1,Ein Frankfurt,Hamburg,2,0.66746661070585,0.14441101898600245,0.18812237030814755,2,HA,1,H,1,H,0.5692192187805827,0.21953720447195674,0.21124357674746064,3,HDA,1,H,1,H
2026-05-02,2025,D1,Hoffenheim,Stuttgart,1,0.4421868521952712,0.19600113612418485,0.36181201168054394,3,HDA,3,HDA,1,A,0.440350550065262,0.23091553235129594,0.32873391758344206,3,HDA,3,HDA,2,HA
2026-05-02,2025,D1,Werder Bremen,Augsburg,2,0.46319462249262994,0.276304402241242,0.26050097526612803,3,HDA,3,HDA,2,HD,0.4800000000000001,0.25999999999999995,0.25999999999999995,3,HDA,3,HDA,2,HD
2026-05-02,2025,D1,Leverkusen,RB Leipzig,0,0.6224128007888794,0.16945569217205048,0.20813150703907013,3,HDA,1,H,1,H,0.4540461369461735,0.2383742218967411,0.3075796411570853,3,HDA,3,HDA,2,HA
2026-05-02,2025,F1,Paris SG,Lorient,1,0.7731575888277463,0.13386533561936037,0.09297707555289328,1,H,1,H,1,H,0.7037533512064343,0.1595174262734584,0.1367292225201072,1,H,1,H,1,H
2026-05-02,2025,I1,Atalanta,Genoa,1,0.6337122415559328,0.23144904123915794,0.13483871720490928,2,HD,2,HD,2,HD,0.6340391980175716,0.21964406397837355,0.14631673800405492,2,HD,1,H,1,H
2026-05-02,2025,D1,Union Berlin,FC Koln,1,0.3544592962997942,0.3060254247792192,0.3395152789209866,3,HDA,2,DA,2,DA,0.3590576766856215,0.2777416734362307,0.3632006498781478,3,HDA,2,DA,2,DA
2026-05-02,2025,I1,Como,Napoli,1,0.5128129048226341,0.2101792810830581,0.2770078140943078,3,HDA,3,HDA,1,H,0.4317656129529684,0.2968388589051658,0.2713955281418658,3,HDA,3,HDA,1,D
2026-05-02,2025,I1,Udinese,Torino,0,0.45185909635458454,0.30669690787657017,0.24144399576884526,3,HDA,3,HDA,1,D,0.4748201438848921,0.2877697841726619,0.237410071942446,3,HDA,3,HDA,2,HD
2026-05-02,2025,SP1,Alaves,Ath Bilbao,2,0.39549716128417367,0.26489075228897474,0.33961208642685153,3,HDA,3,HDA,2,DA,0.35006119951040393,0.28641370869033056,0.36352509179926557,3,HDA,2,DA,2,DA
2026-05-02,2025,SP1,Valencia,Ath Madrid,2,0.6352245429024372,0.1290118170373549,0.23576364006020784,2,HA,2,HA,1,H,0.5536687909817201,0.23918491770410305,0.20714629131417694,3,HDA,2,HD,1,H
2026-05-02,2025,SP1,Villarreal,Levante,0,0.6568825743066881,0.1739304486821525,0.1691869770111594,2,HD,1,H,1,H,0.5363859362224039,0.2289452166802943,0.2346688470973017,3,HDA,3,HDA,1,H
2026-05-02,2025,SP1,Osasuna,Barcelona,2,0.1916974599181092,0.2944533702405316,0.5138491698413592,2,DA,2,DA,2,DA,0.2061970837253057,0.2258349012229539,0.5679680150517404,2,DA,2,DA,1,A
2026-05-02,2025,E0,Newcastle,Brighton,0,0.39030376076698303,0.2830708920955658,0.32662534713745117,3,HDA,2,DA,2,DA,0.35062611806797855,0.26296958855098396,0.3864042933810376,3,HDA,2,DA,2,DA
2026-05-02,2025,E0,Wolves,Sunderland,1,0.19979819059973386,0.3091042247681551,0.49109758463211106,2,DA,2,DA,2,DA,0.2611940298507463,0.2686567164179104,0.4701492537313433,2,DA,2,DA,2,DA
2026-05-02,2025,E0,Arsenal,Fulham,0,0.7007894724842749,0.17083284767964027,0.12837767983608483,2,HD,1,H,1,H,0.6538661131292165,0.21069019200830302,0.13544369486248053,2,HD,1,H,1,H
2026-05-02,2025,E0,Brentford,West Ham,0,0.6145256161689758,0.21442987024784088,0.1710445135831833,2,HD,2,HD,1,H,0.5066666666666667,0.24666666666666665,0.24666666666666665,3,HDA,3,HDA,2,HD
2026-05-03,2025,E0,Aston Villa,Tottenham,2,0.4606927495988384,0.25835137789394325,0.2809558725072183,3,HDA,3,HDA,2,HD,0.42105263157894735,0.26315789473684215,0.31578947368421056,3,HDA,3,HDA,2,DA
2026-05-03,2025,I1,Bologna,Cagliari,1,0.5476885274741492,0.24067222354792883,0.21163924897792194,3,HDA,2,HD,2,HD,0.4221789883268483,0.3064202334630351,0.2714007782101167,3,HDA,3,HDA,1,D
2026-05-03,2025,I1,Sassuolo,Milan,0,0.2792733568061388,0.2153813657852804,0.5053452774085808,2,DA,2,DA,1,A,0.2115884421342302,0.238036997401009,0.5503745604647607,2,DA,2,DA,1,A
2026-05-03,2025,I1,Juventus,Verona,1,0.8419041100286253,0.08936431325498456,0.06873157671639007,1,H,1,H,1,H,0.8012162051113486,0.12605801627085214,0.07272577861779932,1,H,1,H,1,H
2026-05-03,2025,I1,Inter,Parma,0,0.6711708407278484,0.19449509970091433,0.13433405957123726,2,HD,2,HD,1,H,0.791304347826087,0.13565217391304343,0.07304347826086952,1,H,1,H,1,H
2026-05-03,2025,SP1,Betis,Oviedo,0,0.6196973004801855,0.2612520573102857,0.11905064220952878,2,HD,2,HD,2,HD,0.6038755619308649,0.2312401542027946,0.1648842838663405,2,HD,2,HD,1,H
2026-05-03,2025,SP1,Espanol,Real Madrid,2,0.24844906483742402,0.16718022027074633,0.5843707148918297,2,DA,1,A,1,A,0.21812429089630703,0.24217389220025892,0.5397018169034341,2,DA,2,DA,2,DA
2026-05-03,2025,SP1,Getafe,Vallecano,2,0.4584179495822161,0.30889653020480456,0.23268552021297934,3,HDA,3,HDA,2,HD,0.4567014013654329,0.3093783686669062,0.2339202299676608,3,HDA,3,HDA,2,HD
2026-05-03,2025,E0,Man United,Liverpool,0,0.40033858417960133,0.14602528294883246,0.45363613287156623,2,HA,2,HA,1,A,0.4055228347977214,0.2541276431399054,0.3403495220623733,3,HDA,3,HDA,2,DA
2026-05-03,2025,D1,Freiburg,Wolfsburg,1,0.3451066315174103,0.3303205966949463,0.32457277178764343,3,HDA,2,DA,2,DA,0.4640029460504511,0.2642238998342847,0.27177315411526415,3,HDA,3,HDA,2,HD
2026-05-03,2025,F1,Lyon,Rennes,0,0.6501113176345825,0.14470037817955017,0.2051883041858673,2,HA,1,H,1,H,0.4484202512371527,0.24781119147316333,0.30376855728968405,3,HDA,3,HDA,3,HDA
2026-05-03,2025,F1,Strasbourg,Toulouse,2,0.33385518193244934,0.2327224612236023,0.43342235684394836,3,HDA,2,DA,2,DA,0.31630648330058936,0.27111984282907664,0.412573673870334,3,HDA,2,DA,2,DA
2026-05-03,2025,F1,Paris FC,Brest,0,0.49195189750051194,0.2542026416719747,0.25384546082751336,3,HDA,3,HDA,2,HD,0.5015432098765432,0.2541152263374485,0.2443415637860082,3,HDA,3,HDA,2,HD
2026-05-03,2025,F1,Auxerre,Angers,0,0.5932839336012622,0.21762033648430298,0.18909572991443485,3,HDA,2,HD,1,H,0.5263157894736843,0.26315789473684215,0.21052631578947362,3,HDA,2,HD,2,HD
2026-05-03,2025,F1,Lille,Le Havre,1,0.7256410717964172,0.1356925070285797,0.13866642117500305,1,H,1,H,1,H,0.6882884418683942,0.19996590521650184,0.11174565291510392,2,HD,1,H,1,H
2026-05-03,2025,D1,St Pauli,Mainz,2,0.31959299205520725,0.28210545426921413,0.3983015536755786,3,HDA,2,DA,2,DA,0.32914725541827017,0.29167510633988253,0.3791776382418474,3,HDA,2,DA,2,DA
2026-05-03,2025,D1,M'gladbach,Dortmund,0,0.2558852357898582,0.21831884329560866,0.5257959209145331,2,DA,2,DA,1,A,0.25411522633744854,0.24434156378600821,0.5015432098765433,2,DA,2,DA,2,DA
2026-05-03,2025,E0,Bournemouth,Crystal Palace,0,0.6881101522412851,0.15864340488185272,0.1532464428768622,2,HD,1,H,1,H,0.6048853824355069,0.21652940941686732,0.17858520814762582,2,HD,1,H,1,H
2026-05-03,2025,SP1,Celta,Elche,0,0.6188810744381431,0.2185655333950609,0.16255339216679598,2,HD,2,HD,1,H,0.5574781823653325,0.2430033102618116,0.1995185073728558,3,HDA,2,HD,2,HD
2026-05-04,2025,I1,Roma,Fiorentina,0,0.658017521038782,0.21753230853030314,0.12445017043091483,2,HD,2,HD,1,H,0.617499051336933,0.21819250543776145,0.16430844322530563,2,HD,1,H,1,H
2026-05-04,2025,E0,Everton,Man City,1,0.15329666435718536,0.11958025395870209,0.7271230816841125,1,A,1,A,1,A,0.1453000531067445,0.1988316516197557,0.6558682952734998,2,DA,1,A,1,A
2026-05-04,2025,E0,Chelsea,Nott'm Forest,2,0.7635170107555835,0.11716362659389337,0.11931936265052315,1,H,1,H,1,H,0.6658656253129068,0.1990587764093321,0.135075598277761,2,HD,1,H,1,H
2026-05-04,2025,I1,Cremonese,Lazio,2,0.29900536386676674,0.2246289137695568,0.47636572236367647,2,DA,2,DA,2,DA,0.3056915790318696,0.2961387171871237,0.3981697037810067,3,HDA,2,DA,2,DA
2026-05-04,2025,SP1,Sevilla,Sociedad,0,0.37451665845612636,0.285906540507468,0.33957680103640564,3,HDA,2,DA,2,DA,0.4030403040304031,0.2914291429142914,0.3055305530553056,3,HDA,3,HDA,2,DA
2026-05-08,2025,F1,Lens,Nantes,0,0.6485326789538163,0.21844929131196006,0.13301802973422364,2,HD,2,HD,1,H,0.6528835690968444,0.1893362350380848,0.1577801958650707,1,H,1,H,1,H
2026-05-08,2025,D1,Dortmund,Ein Frankfurt,0,0.56552931214255,0.16703655572399,0.26743413213346,3,HDA,2,HA,1,H,0.5452990911681814,0.2246112923145128,0.2300896165173058,3,HDA,1,H,1,H
2026-05-08,2025,I1,Torino,Sassuolo,0,0.38301605683469436,0.27325020591913424,0.3437337372461714,3,HDA,2,DA,2,DA,0.3409799042261768,0.3024821731038665,0.3565379226699567,3,HDA,2,DA,2,DA
2026-05-08,2025,SP1,Levante,Osasuna,0,0.3594333422352868,0.30626728217997307,0.33429937558474015,3,HDA,2,DA,2,DA,0.3680297397769517,0.2843866171003718,0.3475836431226766,3,HDA,2,DA,2,DA
2026-05-09,2025,I1,Cagliari,Udinese,2,0.3798950540956887,0.3287435071911518,0.2913614387131595,3,HDA,2,DA,2,DA,0.37037037037037046,0.31481481481481477,0.31481481481481477,3,HDA,2,DA,2,DA
2026-05-09,2025,SP1,Sociedad,Betis,1,0.38962229428424205,0.262291536467763,0.34808616924799496,3,HDA,2,DA,2,DA,0.3661058743984409,0.2719643638388418,0.3619297617627173,3,HDA,2,DA,2,DA
2026-05-09,2025,SP1,Ath Madrid,Celta,2,0.5354048529952041,0.20604927530811318,0.2585458716966827,3,HDA,3,HDA,1,H,0.5239520958083832,0.2514970059880239,0.2245508982035928,3,HDA,2,HD,2,HD
2026-05-09,2025,SP1,Sevilla,Espanol,0,0.5347655415534973,0.22623927891254425,0.23899517953395844,3,HDA,3,HDA,2,HD,0.4877224600135166,0.2926334760081099,0.2196440639783735,3,HDA,2,HD,2,HD
2026-05-09,2025,SP1,Elche,Alaves,1,0.3947386082851057,0.292732911868865,0.3125284798460293,3,HDA,2,DA,2,DA,0.415347137637028,0.3014616321559074,0.2831912302070646,3,HDA,3,HDA,1,D
2026-05-09,2025,D1,RB Leipzig,St Pauli,0,0.7149337040623084,0.15544922881497783,0.12961706712271373,2,HD,1,H,1,H,0.7438754256620492,0.15115548649452842,0.10496908784342242,1,H,1,H,1,H
2026-05-09,2025,I1,Lecce,Juventus,2,0.12104984757155635,0.11560332430591212,0.7633468281225315,1,A,1,A,1,A,0.10606060606060601,0.21212121212121213,0.6818181818181819,2,DA,1,A,1,A
2026-05-09,2025,D1,Augsburg,M'gladbach,0,0.5004329606826162,0.23125950647503873,0.26830753284234504,3,HDA,3,HDA,2,HD,0.4942630185348633,0.23601059135039715,0.26972639011473964,3,HDA,3,HDA,1,H
2026-05-09,2025,E0,Brighton,Wolves,0,0.7669989327787717,0.1260165349254927,0.10698453229573561,1,H,1,H,1,H,0.736196319018405,0.15828220858895703,0.10552147239263801,1,H,1,H,1,H
2026-05-09,2025,E0,Sunderland,Man United,1,0.36930344059025405,0.20528234847310706,0.4254142109366389,3,HDA,2,DA,1,A,0.29609793420045905,0.26319816373374144,0.4407039020657996,2,DA,2,DA,2,DA
2026-05-09,2025,E0,Fulham,Bournemouth,2,0.3905190462183384,0.28840558459792043,0.3210753691837412,3,HDA,2,DA,2,DA,0.35062611806797855,0.26296958855098396,0.3864042933810376,3,HDA,2,DA,2,DA
2026-05-09,2025,E0,Liverpool,Chelsea,1,0.5256935358047485,0.21959349513053894,0.2547129690647125,3,HDA,3,HDA,2,HD,0.47134935304990755,0.25138632162661745,0.27726432532347506,3,HDA,3,HDA,2,HD
2026-05-09,2025,D1,Wolfsburg,Bayern Munich,2,0.1564114862145705,0.2130320401941544,0.6305564735912751,2,DA,2,DA,1,A,0.18026796589524963,0.18026796589524963,0.6394640682095007,1,A,1,A,1,A
2026-05-09,2025,D1,Stuttgart,Leverkusen,0,0.4916656351958635,0.11861621676844519,0.38971814803569127,2,HA,2,HA,2,HA,0.4733044733044733,0.2308802308802309,0.2958152958152958,3,HDA,3,HDA,2,HA
2026-05-09,2025,D1,Hoffenheim,Werder Bremen,0,0.678212096121727,0.14307489777989837,0.17871300609837462,2,HA,1,H,1,H,0.619757688723206,0.1996272134203169,0.1806150978564771,2,HD,1,H,1,H
2026-05-09,2025,I1,Lazio,Inter,2,0.26953446865081787,0.19994640350341797,0.5305191278457642,2,DA,2,DA,1,A,0.2264963612060003,0.2536759245507203,0.5198277142432793,2,DA,2,DA,2,DA
2026-05-09,2025,E0,Man City,Brentford,0,0.7121462928078516,0.14207256052006126,0.1457811466720871,1,H,1,H,1,H,0.6936936936936937,0.1715315315315315,0.1347747747747747,1,H,1,H,1,H
2026-05-10,2025,D1,FC Koln,Heidenheim,2,0.45532732935710724,0.33008711517376393,0.2145855554691288,3,HDA,2,HD,2,HD,0.4733044733044733,0.2308802308802309,0.2958152958152958,3,HDA,3,HDA,2,HA
2026-05-10,2025,E0,West Ham,Arsenal,2,0.14220930635929108,0.15842632949352264,0.6993643641471863,2,DA,1,A,1,A,0.15874177029992684,0.22677395757132401,0.6144842721287492,2,DA,2,DA,1,A
2026-05-10,2025,F1,Paris SG,Brest,0,0.8070871594736201,0.10634664176463969,0.08656619876174027,1,H,1,H,1,H,0.7879656160458454,0.12607449856733524,0.08595988538681941,1,H,1,H,1,H
2026-05-10,2025,F1,Rennes,Paris FC,0,0.6613962054252625,0.17376591265201569,0.16483788192272186,2,HD,1,H,1,H,0.6111289803795432,0.1994210357027983,0.1894499839176584,3,HDA,1,H,1,H
2026-05-10,2025,SP1,Mallorca,Villarreal,1,0.4206673800945282,0.22755461931228638,0.3517780005931854,3,HDA,3,HDA,2,DA,0.3859649122807018,0.27017543859649124,0.34385964912280703,3,HDA,2,DA,2,DA
2026-05-10,2025,D1,Hamburg,Freiburg,0,0.28527397767525847,0.3093986603438455,0.40532736198089603,2,DA,2,DA,2,DA,0.30579150579150577,0.2633204633204634,0.4308880308880309,3,HDA,2,DA,2,DA
2026-05-10,2025,SP1,Oviedo,Getafe,1,0.42469358893075054,0.2776357366063752,0.29767067446287426,3,HDA,3,HDA,2,DA,0.33720930232558133,0.32558139534883723,0.33720930232558133,3,HDA,2,DA,2,DA
2026-05-10,2025,SP1,Barcelona,Real Madrid,0,0.5540375626975661,0.2469523512281127,0.1990100860743212,3,HDA,2,HD,2,HD,0.5746381507885074,0.19961114711600772,0.22575070209548492,3,HDA,1,H,1,H
2026-05-10,2025,D1,Mainz,Union Berlin,2,0.6213535070419312,0.22189298272132874,0.1567535102367401,2,HD,2,HD,2,HD,0.5692192187805827,0.21953720447195674,0.21124357674746064,3,HDA,1,H,1,H
2026-05-10,2025,F1,Monaco,Lille,2,0.33415233100368563,0.2570351813456524,0.4088124876506619,3,HDA,2,DA,2,DA,0.3646038628301143,0.2562081198265668,0.379188017343319,3,HDA,2,DA,2,DA
2026-05-10,2025,SP1,Ath Bilbao,Valencia,2,0.5554366790568334,0.2797268670756648,0.16483645386750181,2,HD,2,HD,2,HD,0.5835193829916785,0.2520803734524051,0.1644002435559164,2,HD,2,HD,2,HD
2026-05-10,2025,F1,Metz,Lorient,2,0.3851336470325975,0.25480784504460363,0.36005850792279886,3,HDA,2,DA,2,DA,0.3311067603362893,0.2542899919382702,0.4146032477254406,3,HDA,2,DA,2,DA
2026-05-10,2025,F1,Angers,Strasbourg,1,0.41528186202049255,0.3001904785633087,0.28452765941619873,3,HDA,3,HDA,2,DA,0.3593501499808749,0.2700259698427717,0.3706238801763534,3,HDA,2,DA,2,DA
2026-05-10,2025,F1,Auxerre,Nice,0,0.3770876341190229,0.3143231962419509,0.3085891696390262,3,HDA,2,DA,2,DA,0.40106951871657753,0.28074866310160435,0.3181818181818182,3,HDA,3,HDA,2,DA
2026-05-10,2025,I1,Milan,Atalanta,2,0.5598453283309937,0.17431718111038208,0.26583749055862427,3,HDA,2,HA,1,H,0.4193548387096774,0.2903225806451613,0.2903225806451613,3,HDA,3,HDA,2,DA
2026-05-10,2025,F1,Toulouse,Lyon,0,0.3042190670967102,0.16075098514556885,0.535029947757721,3,HDA,1,A,1,A,0.2532467532467532,0.2402597402597403,0.5064935064935064,2,DA,2,DA,1,A
2026-05-10,2025,E0,Nott'm Forest,Newcastle,1,0.27429669277975877,0.2821955000699908,0.44350780715025045,2,DA,2,DA,2,DA,0.2705570291777188,0.2785145888594165,0.4509283819628648,2,DA,2,DA,2,DA
2026-05-10,2025,E0,Crystal Palace,Everton,1,0.389545345462183,0.24441916876406716,0.36603548577374984,3,HDA,2,DA,2,DA,0.34343434343434337,0.28619528619528617,0.37037037037037035,3,HDA,2,DA,2,DA
2026-05-10,2025,E0,Burnley,Aston Villa,1,0.11241492964073806,0.2575129347298424,0.6300721356294195,2,DA,2,DA,2,DA,0.15124332916997843,0.21006017940274782,0.6386964914272738,2,DA,1,A,1,A
2026-05-10,2025,I1,Verona,Como,2,0.14385672342350256,0.16352631639022577,0.6926169601862717,2,DA,1,A,1,A,0.11790628653655902,0.19857900890367833,0.6835147045597627,2,DA,1,A,1,A
2026-05-10,2025,I1,Cremonese,Pisa,0,0.5312725463888808,0.2852141346101205,0.1835133190009987,3,HDA,2,HD,2,HD,0.4949762030671602,0.2626123744050767,0.2424114225277631,3,HDA,3,HDA,2,HD
2026-05-10,2025,I1,Fiorentina,Genoa,1,0.4658317039285854,0.31340793242168324,0.22076036364973134,3,HDA,2,HD,2,HD,0.4890829694323145,0.27248908296943236,0.23842794759825325,3,HDA,3,HDA,2,HD
2026-05-10,2025,I1,Parma,Roma,2,0.1608514040708542,0.18142886459827423,0.6577197313308716,2,DA,1,A,1,A,0.11051788574479443,0.20875600640683395,0.6807261078483716,2,DA,1,A,1,A
2026-05-10,2025,F1,Le Havre,Marseille,2,0.2069193571805954,0.17307616770267487,0.6200044751167297,2,DA,1,A,1,A,0.25249169435215946,0.24916943521594687,0.4983388704318938,2,DA,2,DA,2,DA
2026-05-11,2025,E0,Tottenham,Leeds,1,0.5395865199154681,0.22536904102404232,0.23504443906048958,3,HDA,3,HDA,2,HD,0.5180518051805182,0.25622562256225623,0.22572257225722572,3,HDA,2,HD,2,HD
2026-05-11,2025,SP1,Vallecano,Girona,1,0.3892505582943725,0.3386891287174561,0.27206031298817135,3,HDA,2,DA,1,D,0.4212076583210604,0.2916053019145803,0.2871870397643594,3,HDA,3,HDA,1,D
2026-05-11,2025,I1,Napoli,Bologna,2,0.686302070962653,0.19254960263184906,0.12114832640549783,2,HD,2,HD,1,H,0.600404620505123,0.2356588135482608,0.1639365659466162,2,HD,2,HD,1,H
2026-05-12,2025,SP1,Osasuna,Ath Madrid,2,0.3991105675432255,0.2678091009798378,0.33308033147693666,3,HDA,3,HDA,2,DA,0.3605514316012725,0.2788971367974549,0.3605514316012725,3,HDA,2,DA,2,DA
2026-05-12,2025,SP1,Betis,Elche,0,0.6004330336918523,0.17377058643786353,0.2257963798702842,3,HDA,2,HA,1,H,0.5759789423873182,0.22758192357742812,0.19643913403525373,3,HDA,2,HD,1,H
2026-05-12,2025,SP1,Celta,Levante,2,0.5282722194235357,0.25380877038551525,0.217919010190949,3,HDA,2,HD,2,HD,0.49533204157125243,0.25569843227056543,0.24896952615818213,3,HDA,3,HDA,2,HD
2026-05-13,2025,E0,Man City,Crystal Palace,0,0.6880857348442078,0.16806432604789734,0.1438499391078949,2,HD,1,H,1,H,0.730136005726557,0.1581961345740873,0.1116678596993557,1,H,1,H,1,H
2026-05-13,2025,SP1,Espanol,Ath Bilbao,0,0.37794769936644135,0.2571446674211224,0.36490763321243624,3,HDA,2,DA,2,DA,0.344454984121747,0.3266383470120015,0.3289066688662515,3,HDA,2,DA,2,DA
2026-05-13,2025,SP1,Villarreal,Sevilla,2,0.5258097883675897,0.211610580009695,0.2625796316227152,3,HDA,3,HDA,1,H,0.4505119453924915,0.28668941979522183,0.26279863481228666,3,HDA,3,HDA,2,HD
2026-05-13,2025,SP1,Alaves,Barcelona,0,0.33980756998062134,0.33341026306152344,0.3267821669578552,3,HDA,2,DA,2,DA,0.3160919540229885,0.2528735632183908,0.4310344827586207,3,HDA,2,DA,2,DA
2026-05-13,2025,SP1,Getafe,Mallorca,0,0.44039377871109386,0.3111309640952173,0.24847525719368885,3,HDA,3,HDA,1,D,0.4059887225354852,0.3289908613649621,0.2650204160995528,3,HDA,3,HDA,1,D
2026-05-13,2025,F1,Lens,Paris SG,2,0.20766798223549207,0.2516047842083223,0.5407272335561857,2,DA,2,DA,2,DA,0.2958152958152958,0.2308802308802309,0.4733044733044733,2,DA,2,DA,1,A
2026-05-13,2025,F1,Brest,Strasbourg,2,0.2793363166250994,0.3928101722711222,0.3278535111037784,2,DA,2,DA,2,DA,0.29068083051665866,0.26991791405118304,0.4394012554321584,2,DA,2,DA,2,DA
2026-05-14,2025,SP1,Girona,Sociedad,1,0.42880333747873717,0.2356510828629459,0.33554557965831694,3,HDA,3,HDA,2,DA,0.4953320415712525,0.24896952615818216,0.25569843227056543,3,HDA,3,HDA,2,HD
2026-05-14,2025,SP1,Real Madrid,Oviedo,0,0.7785053907223447,0.13467078011237665,0.08682382916527859,1,H,1,H,1,H,0.7755791985681616,0.14557024957740872,0.07885055185442971,1,H,1,H,1,H
2026-05-14,2025,SP1,Valencia,Vallecano,1,0.3759169988607466,0.3116019759059541,0.3124810252332993,3,HDA,2,DA,2,DA,0.4048278591214879,0.3068856351404828,0.2882865057380293,3,HDA,3,HDA,2,DA
2026-05-15,2025,E0,Aston Villa,Liverpool,0,0.4420555001803562,0.20851703298862329,0.3494274668310205,3,HDA,3,HDA,1,A,0.35051546391752575,0.27835051546391754,0.37113402061855677,3,HDA,2,DA,2,DA
2026-05-16,2025,D1,Union Berlin,Augsburg,0,0.3099689185619354,0.34141314029693604,0.34861794114112854,3,HDA,2,DA,2,DA,0.36585365853658536,0.23780487804878045,0.3963414634146342,3,HDA,2,DA,1,A
2026-05-16,2025,D1,M'gladbach,Hoffenheim,0,0.22657210647637127,0.16990187033572213,0.6035260231879066,2,DA,1,A,1,A,0.2116336633663366,0.2004950495049505,0.5878712871287128,2,DA,1,A,1,A
2026-05-16,2025,D1,Bayern Munich,FC Koln,0,0.591198963189156,0.2704074898240718,0.1383935469867722,2,HD,2,HD,2,HD,0.8198588020951948,0.1029378273741744,0.0772033705306308,1,H,1,H,1,H
2026-05-16,2025,D1,Ein Frankfurt,Stuttgart,1,0.21587200462818146,0.22795002162456512,0.5561779737472534,2,DA,2,DA,2,DA,0.25575061525840853,0.21853978671041832,0.5257095980311732,2,DA,1,A,1,A
2026-05-16,2025,D1,Freiburg,RB Leipzig,0,0.33104934301825334,0.2284400693047026,0.44051058767704404,3,HDA,2,DA,2,DA,0.386251092339062,0.2426449169822313,0.3711039906787067,3,HDA,2,DA,2,DA
2026-05-16,2025,D1,Heidenheim,Mainz,2,0.45494439520024665,0.2969302788834232,0.24812532591633013,3,HDA,3,HDA,2,HD,0.4865718799368089,0.2259083728278041,0.2875197472353871,3,HDA,3,HDA,1,H
2026-05-16,2025,D1,Leverkusen,Hamburg,1,0.6989240333918915,0.1258022132902348,0.1752737533178738,2,HA,1,H,1,H,0.735450109610353,0.14595856021497772,0.11859133017466941,1,H,1,H,1,H
2026-05-16,2025,D1,Werder Bremen,Dortmund,2,0.28662988970622255,0.18423892832158398,0.5291311819721934,2,DA,1,A,1,A,0.3023827534039334,0.2403555219364599,0.4572617246596066,2,DA,2,DA,1,A
2026-05-16,2025,D1,St Pauli,Wolfsburg,2,0.30599719285964966,0.32910090684890747,0.36490190029144287,3,HDA,2,DA,2,DA,0.3718592964824121,0.2562814070351758,0.3718592964824121,3,HDA,2,DA,2,DA
2026-05-17,2025,E0,Wolves,Fulham,1,0.18702128904931015,0.21415609334968963,0.5988226176010002,2,DA,2,DA,1,A,0.233160621761658,0.2487046632124352,0.5181347150259068,2,DA,2,DA,2,DA
2026-05-17,2025,E0,Leeds,Brighton,0,0.2364676822284555,0.3378797370827276,0.4256525806888169,2,DA,2,DA,2,DA,0.26973684210526316,0.26973684210526316,0.46052631578947373,2,DA,2,DA,2,DA
2026-05-17,2025,E0,Everton,Sunderland,2,0.6091660351926987,0.16881373776217903,0.2220202270451222,3,HDA,1,H,1,H,0.5327281493673833,0.25196601659268125,0.21530583403993553,3,HDA,2,HD,2,HD
2026-05-17,2025,I1,Como,Parma,0,0.7706118764682719,0.13916866377615433,0.09021945975557372,1,H,1,H,1,H,0.7709033405811426,0.15675034591816564,0.07234631350069182,1,H,1,H,1,H
2026-05-17,2025,F1,Paris FC,Paris SG,0,0.14384534311985925,0.15916777435685212,0.6969868825232887,2,DA,1,A,1,A,0.16569637259292433,0.19055082848186294,0.6437527989252128,1,A,1,A,1,A
2026-05-17,2025,E0,Newcastle,West Ham,0,0.487723708152771,0.28129714727401733,0.23097914457321167,3,HDA,3,HDA,2,HD,0.461623820972813,0.2426484187164787,0.2957277603107083,3,HDA,3,HDA,3,HDA
2026-05-17,2025,SP1,Ath Bilbao,Celta,1,0.49161803672421195,0.25627879835836875,0.25210316491741924,3,HDA,3,HDA,2,HD,0.4496771743258641,0.29510064565134825,0.25522218002278774,3,HDA,3,HDA,2,HD
2026-05-17,2025,F1,Strasbourg,Monaco,0,0.2819818896350546,0.17264454324013803,0.5453735671248073,2,DA,1,A,1,A,0.28751974723538704,0.22590837282780404,0.4865718799368089,2,DA,2,DA,1,A
2026-05-17,2025,SP1,Vallecano,Villarreal,0,0.45891697827228967,0.2556908948513599,0.28539212687635046,3,HDA,3,HDA,3,HDA,0.4760643330179754,0.27303689687795646,0.250898770104068,3,HDA,3,HDA,2,HD
2026-05-17,2025,SP1,Elche,Getafe,0,0.44171812472167427,0.31814085963158517,0.24014101564674056,3,HDA,3,HDA,1,D,0.41558441558441556,0.32467532467532473,0.25974025974025977,3,HDA,3,HDA,1,D
2026-05-17,2025,SP1,Oviedo,Alaves,2,0.2940502464771271,0.24706503748893738,0.45888471603393555,2,DA,2,DA,2,DA,0.25531914893617025,0.29787234042553196,0.4468085106382979,2,DA,2,DA,2,DA
2026-05-17,2025,SP1,Sevilla,Real Madrid,2,0.18990305066108704,0.2786758244037628,0.5314211249351501,2,DA,2,DA,2,DA,0.26545660805445265,0.25808281338627337,0.476460578559274,2,DA,2,DA,2,DA
2026-05-17,2025,SP1,Sociedad,Valencia,2,0.44015809893608093,0.3377440869808197,0.22209781408309937,3,HDA,2,HD,1,D,0.3875,0.30625,0.30625,3,HDA,2,DA,2,DA
2026-05-17,2025,SP1,Barcelona,Betis,0,0.7356425955375449,0.16619382427199578,0.09816358019045934,2,HD,1,H,1,H,0.7083825265643449,0.15702479338842973,0.13459268004722552,1,H,1,H,1,H
2026-05-17,2025,SP1,Osasuna,Espanol,2,0.503447465547212,0.2840026574730477,0.21254987697974032,3,HDA,2,HD,2,HD,0.4446147949405903,0.3219624377155999,0.2334227673438099,3,HDA,3,HDA,2,HD
2026-05-17,2025,SP1,Levante,Mallorca,0,0.3976525427310143,0.31682695050078924,0.2855205067681964,3,HDA,3,HDA,2,DA,0.4652011310772599,0.2804889172671714,0.2543099516555687,3,HDA,3,HDA,2,HD
2026-05-17,2025,I1,Genoa,Milan,2,0.2296636402606964,0.31342437863349915,0.45691198110580444,2,DA,2,DA,2,DA,0.1895910780669145,0.2527881040892193,0.5576208178438662,2,DA,2,DA,2,DA
2026-05-17,2025,I1,Pisa,Napoli,2,0.11801079572729173,0.1318209459496964,0.7501682583230118,1,A,1,A,1,A,0.11160318866253321,0.21080602302922932,0.6775907883082375,2,DA,1,A,1,A
2026-05-17,2025,I1,Juventus,Fiorentina,2,0.7205024415292027,0.16033041596658837,0.11916714250420885,2,HD,1,H,1,H,0.7147962830593281,0.1584465094114844,0.1267572075291875,1,H,1,H,1,H
2026-05-17,2025,SP1,Ath Madrid,Girona,0,0.5661904727490176,0.22359563077098682,0.2102138964799956,3,HDA,2,HD,2,HD,0.5215686274509804,0.2511764705882353,0.2272549019607843,3,HDA,2,HD,2,HD
2026-05-17,2025,E0,Brentford,Crystal Palace,1,0.6440805888784019,0.18057754904892367,0.17534186207267435,3,HDA,1,H,1,H,0.5397018169034341,0.24217389220025892,0.21812429089630703,3,HDA,2,HD,2,HD
2026-05-17,2025,F1,Nantes,Toulouse,1,0.28718130924757396,0.251981578708244,0.46083711204418204,2,DA,2,DA,2,DA,0.3165610142630745,0.2793185419968304,0.4041204437400951,3,HDA,2,DA,2,DA
2026-05-17,2025,F1,Nice,Metz,1,0.7557174563407898,0.13058659434318542,0.11369594931602478,1,H,1,H,1,H,0.7419115512402826,0.1638656817522015,0.0942227670075159,1,H,1,H,1,H
2026-05-17,2025,F1,Lyon,Lens,2,0.6295790263884969,0.16041423858446593,0.21000673502703712,3,HDA,1,H,1,H,0.5964499519258584,0.2162647631694221,0.1872852849047195,2,HD,1,H,1,H
2026-05-17,2025,F1,Lorient,Le Havre,2,0.44887661933898926,0.27656441926956177,0.274558961391449,3,HDA,3,HDA,1,D,0.4157043879907621,0.2655889145496536,0.3187066974595843,3,HDA,3,HDA,2,DA
2026-05-17,2025,E0,Man United,Nott'm Forest,0,0.6451446010215461,0.15749167375241738,0.19736372522603646,3,HDA,1,H,1,H,0.6098741529525653,0.2100677637947725,0.1800580832526621,2,HD,1,H,1,H
2026-05-17,2025,F1,Marseille,Rennes,0,0.6207630819309676,0.16325064489992394,0.21598627316910843,3,HDA,1,H,1,H,0.5256916996047432,0.225296442687747,0.2490118577075098,3,HDA,3,HDA,1,H
2026-05-17,2025,F1,Brest,Angers,1,0.48332996616750856,0.3016384929906873,0.21503154084180418,3,HDA,2,HD,2,HD,0.48226950354609927,0.276595744680851,0.24113475177304963,3,HDA,3,HDA,2,HD
2026-05-17,2025,I1,Udinese,Cremonese,2,0.35618345868040746,0.2923791321403047,0.3514374091792879,3,HDA,2,DA,2,DA,0.3961661341853035,0.2971246006389776,0.3067092651757188,3,HDA,3,HDA,2,DA
2026-05-17,2025,I1,Sassuolo,Lecce,2,0.3728624173145766,0.31774254686407605,0.30939503582134736,3,HDA,2,DA,2,DA,0.37281553398058254,0.29708737864077667,0.33009708737864074,3,HDA,2,DA,2,DA
2026-05-17,2025,I1,Cagliari,Torino,0,0.400135982032538,0.31680997261971316,0.28305404534774886,3,HDA,3,HDA,1,D,0.4396320429283251,0.3049060942889997,0.25546186278267535,3,HDA,3,HDA,2,HD
2026-05-17,2025,I1,Atalanta,Bologna,2,0.5968919307456623,0.1795718345109845,0.2235362347433532,3,HDA,1,H,1,H,0.5503745604647607,0.238036997401009,0.2115884421342302,3,HDA,2,HD,1,H
2026-05-17,2025,I1,Inter,Verona,1,0.6731271743774414,0.1992262750864029,0.1276465505361557,2,HD,2,HD,1,H,0.6756756756756757,0.1891891891891892,0.1351351351351351,1,H,1,H,1,H
2026-05-17,2025,I1,Roma,Lazio,0,0.6889893669258568,0.19162576614416266,0.11938486692998063,2,HD,2,HD,1,H,0.6263219741480611,0.2291421856639248,0.1445358401880141,2,HD,2,HD,1,H
2026-05-17,2025,F1,Lille,Auxerre,2,0.7285542054896251,0.16403185197782186,0.10741394253255299,2,HD,1,H,1,H,0.6645008860011814,0.2096869462492616,0.125812167749557,2,HD,1,H,1,H
2026-05-18,2025,E0,Arsenal,Burnley,0,0.8803491061951898,0.07427520360257628,0.045375690202233865,1,H,1,H,1,H,0.8688677984226708,0.09470659002807111,0.03642561154925811,1,H,1,H,1,H
2026-05-19,2025,E0,Chelsea,Tottenham,0,0.46399269890763456,0.2783728026858807,0.25763449840648467,3,HDA,3,HDA,2,HD,0.4212076583210604,0.2916053019145803,0.2871870397643594,3,HDA,3,HDA,1,D
2026-05-19,2025,E0,Bournemouth,Man City,1,0.22923924712059637,0.21837409491461798,0.5523866579647856,2,DA,2,DA,1,A,0.2004950495049505,0.2116336633663366,0.5878712871287128,2,DA,1,A,1,A
2026-05-22,2025,I1,Fiorentina,Atalanta,1,0.3507396981340557,0.20811802769059026,0.44114227417535407,3,HDA,2,DA,1,A,0.30579150579150577,0.2633204633204634,0.4308880308880309,3,HDA,2,DA,2,DA
2026-05-23,2025,I1,Bologna,Inter,1,0.2957173199737871,0.23537703647085917,0.4689056435553538,2,DA,2,DA,2,DA,0.26315789473684215,0.26315789473684215,0.47368421052631576,2,DA,2,DA,2,DA
2026-05-23,2025,SP1,Valencia,Barcelona,0,0.2754581950741468,0.2633688230326421,0.46117298189321104,2,DA,2,DA,2,DA,0.2770564302140457,0.2297541128604281,0.4931894569255263,2,DA,2,DA,1,A
2026-05-23,2025,SP1,Betis,Levante,0,0.3952209713923352,0.2906920438592408,0.314086984748424,3,HDA,2,DA,2,DA,0.412573673870334,0.2711198428290766,0.3163064833005894,3,HDA,3,HDA,2,DA
2026-05-23,2025,SP1,Alaves,Vallecano,2,0.416622435055826,0.3145655504128009,0.2688120145313731,3,HDA,3,HDA,1,D,0.4505119453924915,0.28668941979522183,0.26279863481228666,3,HDA,3,HDA,2,HD
2026-05-23,2025,SP1,Celta,Sevilla,0,0.6470185421851494,0.19896110595820687,0.15402035185664367,2,HD,2,HD,1,H,0.5155482815057284,0.2725040916530278,0.2119476268412439,3,HDA,2,HD,2,HD
2026-05-23,2025,SP1,Girona,Elche,1,0.5607845783233643,0.23729196190834045,0.2019234597682953,3,HDA,2,HD,2,HD,0.5292717447246527,0.2507076685537828,0.2200205867215645,3,HDA,2,HD,2,HD
2026-05-23,2025,SP1,Getafe,Osasuna,0,0.3766442537307739,0.2820030152797699,0.3413527309894562,3,HDA,2,DA,2,DA,0.31840193704600483,0.36319612590799033,0.31840193704600483,3,HDA,2,DA,2,DA
2026-05-23,2025,SP1,Mallorca,Oviedo,0,0.6619120836257935,0.2032093107700348,0.13487860560417175,2,HD,2,HD,1,H,0.6303499679729809,0.2183660397135037,0.1512839923135154,2,HD,1,H,1,H
2026-05-23,2025,I1,Lazio,Pisa,0,0.6196088513906813,0.23118453184435375,0.1492066167649649,2,HD,2,HD,2,HD,0.5557224391709222,0.2553319315109642,0.1889456293181135,3,HDA,2,HD,2,HD
2026-05-23,2025,SP1,Real Madrid,Ath Bilbao,0,0.7038060917883203,0.17288204769965934,0.12331186051202028,2,HD,1,H,1,H,0.6044325050369376,0.2081934184016118,0.1873740765614506,2,HD,1,H,1,H
2026-05-23,2025,SP1,Espanol,Sociedad,1,0.35613809097224747,0.30669421871585306,0.33716769031189947,3,HDA,2,DA,2,DA,0.3982300884955753,0.26327433628318586,0.33849557522123896,3,HDA,3,HDA,2,DA
2026-05-24,2025,E0,Fulham,Newcastle,0,0.4286904994948283,0.21287511606328363,0.3584343844418881,3,HDA,3,HDA,1,A,0.37918801734331903,0.25620811982656677,0.36460386283011426,3,HDA,2,DA,2,DA
2026-05-24,2025,E0,Liverpool,Brentford,1,0.5855760487083189,0.14671851475956268,0.26770543653211837,2,HA,2,HA,1,H,0.5263157894736843,0.23684210526315785,0.23684210526315785,3,HDA,3,HDA,1,H
2026-05-24,2025,E0,Man City,Aston Villa,2,0.7238357609224635,0.15500628832722985,0.12115795075030661,2,HD,1,H,1,H,0.6655744419414295,0.1890231415113659,0.1454024165472046,1,H,1,H,1,H
2026-05-24,2025,E0,Nott'm Forest,Bournemouth,1,0.24730581782179528,0.22327635357607464,0.52941782860213,2,DA,2,DA,2,DA,0.25569843227056543,0.24896952615818216,0.4953320415712525,2,DA,2,DA,2,DA
2026-05-24,2025,E0,Sunderland,Chelsea,0,0.3173709809780121,0.19735285639762878,0.48527616262435913,3,HDA,2,DA,1,A,0.28750692009595863,0.24967706218859564,0.4628160177154457,2,DA,2,DA,2,DA
2026-05-24,2025,E0,Tottenham,Everton,0,0.46250821761762445,0.27124445822106424,0.26624732416131125,3,HDA,3,HDA,2,HD,0.4971246449109679,0.2712880205085567,0.2315873345804753,3,HDA,2,HD,2,HD
2026-05-24,2025,I1,Verona,Roma,2,0.11066577003398195,0.12664760837923897,0.7626866215867791,1,A,1,A,1,A,0.0995732574679943,0.1891891891891892,0.7112375533428165,1,A,1,A,1,A
2026-05-24,2025,E0,Burnley,Wolves,1,0.34942384512949454,0.2797900950971217,0.37078605977338375,3,HDA,2,DA,2,DA,0.3997567403202919,0.2763024528684371,0.323940806811271,3,HDA,3,HDA,2,DA
2026-05-24,2025,I1,Milan,Cagliari,2,0.7458678221345464,0.1490807003861979,0.10505147747925568,1,H,1,H,1,H,0.6781838949171902,0.1970302684180468,0.1247858366647629,1,H,1,H,1,H
2026-05-24,2025,I1,Lecce,Genoa,0,0.5691054206553352,0.24972917137915918,0.1811654079655056,3,HDA,2,HD,2,HD,0.48954614992350853,0.29831718510963795,0.21213666496685363,3,HDA,2,HD,2,HD
2026-05-24,2025,I1,Cremonese,Como,2,0.14989912509918213,0.21200501918792725,0.6380958557128906,2,DA,2,DA,1,A,0.17186279656351222,0.21830147369499256,0.6098357297414952,2,DA,1,A,1,A
2026-05-24,2025,I1,Napoli,Udinese,0,0.7072029499053076,0.16290145626957844,0.12989559382511395,2,HD,1,H,1,H,0.6102722850464338,0.2252195337671363,0.1645081811864299,2,HD,1,H,1,H
2026-05-24,2025,I1,Parma,Sassuolo,0,0.3681023418903351,0.27270397543907166,0.35919368267059326,3,HDA,2,DA,2,DA,0.29408938010571845,0.28111484863046615,0.42479577126381546,2,DA,2,DA,2,DA
2026-05-24,2025,E0,Crystal Palace,Arsenal,2,0.2566417898749238,0.3401446735772685,0.40321353654780767,2,DA,2,DA,2,DA,0.2296155835200828,0.2615066367867609,0.5088777796931563,2,DA,2,DA,2,DA
2026-05-24,2025,E0,Brighton,Man United,2,0.6201566231344118,0.1554138455041555,0.22442953136143276,3,HDA,1,H,1,H,0.5112936691351361,0.21845110575057775,0.27025522511428623,3,HDA,2,HA,1,H
2026-05-24,2025,E0,West Ham,Leeds,0,0.46662021378606877,0.2474426515019335,0.2859371347119977,3,HDA,3,HDA,3,HDA,0.5579074690051407,0.2313274871484729,0.2107650438463864,3,HDA,2,HD,1,H
2026-05-24,2025,I1,Torino,Juventus,1,0.15370276341285163,0.16298602278551425,0.6833112138016341,2,DA,1,A,1,A,0.1450737321555506,0.2177781198639905,0.6371481479804588,2,DA,1,A,1,A
2026-05-24,2025,SP1,Villarreal,Ath Madrid,0,0.32179933306873837,0.1834422769629616,0.4947583899683,3,HDA,1,A,1,A,0.3814729574223245,0.24453394706559264,0.3739930955120829,3,HDA,2,DA,2,DA
