idx,y,ok,p_H,p_D,p_A,consistency,ui,scs,odds_H,odds_D,odds_A
0,0,3,0.7406666666666667,0.152,0.10733333333333334,0.9973333333333333,0.25453333333333333,1.5,1.29,6.25,9.0
1,0,3,0.68,0.20033333333333334,0.11966666666666666,0.9993333333333333,0.12819999999999998,0.5,1.4,4.75,8.0
2,2,3,0.35333333333333333,0.3,0.3466666666666667,0.9933333333333334,0.41066666666666674,1.5,2.45,3.2,3.1
3,0,3,0.22666666666666666,0.25333333333333335,0.52,0.98,0.42787753201232315,2.032516880082154,3.9,3.6,1.91
4,0,3,0.6066666666666666,0.24,0.15333333333333332,0.9833333333333333,0.31233333333333335,1.5,1.55,3.9,6.25
5,2,3,0.10000000000000002,0.17,0.73,1.0,0.40800000000000003,2.5,9.5,5.5,1.3
6,0,3,0.778,0.136,0.08600000000000001,1.0,0.23879999999999998,1.5,1.22,7.0,11.0
7,0,3,0.44733333333333336,0.3073333333333333,0.24533333333333332,0.9926666666666667,0.3357666666666665,1.2499999999999991,2.1,3.1,3.9
8,2,3,0.38000000000000006,0.28,0.34,1.0,0.40541940788397557,1.5494627192265038,2.5,3.4,2.75
9,1,3,0.38000000000000006,0.28,0.34,1.0,0.39799999999999996,1.5,2.45,3.4,2.8
10,1,3,0.55,0.24666666666666667,0.20333333333333337,0.9933333333333333,0.33199999999999996,1.5,1.8,3.7,4.33
11,0,3,0.28,0.298,0.422,0.998,0.3878899984804138,1.540599989869425,3.4,3.2,2.25
12,2,3,0.5133333333333333,0.27,0.21666666666666667,0.9866666666666667,0.3486666666666667,1.5,1.91,3.4,4.1
13,2,3,0.15333333333333332,0.22666666666666668,0.62,0.9933333333333333,0.36400000000000005,1.9,6.25,4.2,1.53
14,1,3,0.40666666666666673,0.30666666666666664,0.2866666666666667,0.9866666666666667,0.3913333333333333,1.5,2.45,3.0,3.2
15,1,3,0.35666666666666663,0.29666666666666663,0.3466666666666667,0.9866666666666667,0.4463651756806847,1.733545615649009,2.45,3.2,3.0
16,2,3,0.25333333333333335,0.25666666666666665,0.49,0.9933333333333333,0.4550896515587203,2.1605976770581354,3.8,3.7,1.91
17,0,3,0.47333333333333333,0.27666666666666667,0.25,0.9833333333333334,0.38862498650079524,1.6530554655608571,1.9,3.5,4.2
18,1,3,0.53,0.25,0.22,1.0,0.33799999999999997,1.5,1.8,3.75,4.33
19,0,3,0.3073333333333333,0.29066666666666663,0.40199999999999997,0.9973333333333333,0.4410654031893573,1.8404360212623811,3.1,3.25,2.35
20,0,3,0.17066666666666666,0.241,0.5883333333333333,0.9966666666666667,0.4656666666666667,2.5,5.5,3.9,1.62
21,2,3,0.08,0.14,0.7799999999999999,1.0,0.388,2.5,13.0,7.0,1.2
22,0,3,0.36000000000000004,0.29666666666666663,0.34333333333333327,0.9833333333333334,0.4119244172451598,1.5061627816343994,2.55,3.2,2.88
23,2,3,0.57,0.26666666666666666,0.16333333333333333,0.9933333333333333,0.32400000000000007,1.5,1.67,3.5,5.75
24,0,3,0.6166666666666667,0.242,0.14133333333333334,0.9933333333333333,0.30533333333333335,1.5,1.53,3.8,6.5
25,2,3,0.25333333333333335,0.27,0.4766666666666666,0.9933333333333333,0.5113333333333334,2.5,3.75,3.5,2.0
26,0,3,0.36999999999999994,0.29,0.34,0.98,0.3554999999999999,1.149999999999999,2.35,3.25,3.1
27,1,3,0.3,0.29,0.41,1.0,0.4107667075820193,1.6651113838801281,3.2,3.25,2.3
28,0,3,0.7786666666666667,0.13733333333333334,0.084,0.996,0.2397333333333333,1.5,1.22,7.0,11.0
29,0,3,0.8813333333333334,0.07466666666666666,0.044000000000000004,0.9886666666666667,0.20086666666666664,1.736842105263158,1.06,13.0,23.0
30,0,3,0.5046666666666667,0.279,0.21633333333333335,0.9906666666666667,0.3509333333333333,1.631578947368421,1.83,3.4,4.5
31,2,3,0.21333333333333335,0.25,0.5366666666666667,0.9933333333333333,0.4873333333333333,2.5789473684210527,4.5,3.8,1.75
32,0,3,0.7926666666666667,0.12533333333333332,0.082,0.9853333333333333,0.2373333333333333,1.5,1.22,7.0,11.0
33,0,3,0.68,0.18000000000000002,0.14,1.0,0.12799999999999997,0.42105263157894735,1.4,5.0,7.0
34,0,3,0.52,0.25,0.23,1.0,0.34199999999999997,1.736842105263158,1.85,3.7,4.1
35,0,3,0.6673333333333334,0.18266666666666667,0.15,0.9866666666666667,0.28706666666666664,1.263157894736842,1.42,5.0,6.25
36,2,3,0.6133333333333333,0.21333333333333335,0.17333333333333334,0.9866666666666667,0.3086666666666667,1.631578947368421,1.55,4.33,5.25
37,0,3,0.55,0.25,0.20000000000000004,1.0,0.2774999999999999,1.2289473684210521,1.8,3.7,4.33
38,0,3,0.28,0.27,0.45,1.0,0.443699742159537,2.2808052986074396,3.4,3.5,2.1
39,2,3,0.16866666666666666,0.259,0.5723333333333332,0.9953333333333333,0.4724666666666667,2.5,5.75,3.7,1.65
40,0,3,0.23,0.25,0.52,1.0,0.492,2.5,4.1,3.75,1.83
41,2,3,0.545,0.225,0.23,1.0,0.33199999999999996,1.5,1.73,4.2,4.1
42,2,3,0.34,0.29,0.36999999999999994,1.0,0.44199714553190017,1.7666476368793338,2.8,3.3,2.55
43,1,3,0.21,0.25333333333333335,0.5366666666666667,0.9733333333333333,0.46427008464341013,2.3062450087338453,4.2,3.7,1.9
44,0,3,0.3499999999999999,0.2933333333333333,0.35666666666666663,0.9933333333333333,0.4093333333333333,1.9473684210526316,2.35,3.2,3.2
45,0,3,0.48,0.27666666666666667,0.24333333333333332,0.98,0.28900000000000003,1.0,2.2,3.2,3.5
46,2,3,0.55,0.24333333333333332,0.20666666666666667,0.9933333333333333,0.33199999999999996,1.5,1.91,3.6,3.9
47,1,3,0.29,0.3,0.41,1.0,0.43328551525009873,2.157342031491886,3.3,3.2,2.3
48,2,3,0.07928071928071928,0.1472360972360972,0.7734831834831835,0.9965168165168166,0.3916516816516816,2.947368421052632,12.0,6.5,1.22
49,1,3,0.739,0.166,0.09500000000000001,1.0,0.2544,1.8421052631578947,1.29,5.75,10.0
50,2,3,0.7280000000000001,0.17200000000000001,0.10000000000000002,1.0,0.2588,1.5,1.3,5.5,9.5
51,0,3,0.62,0.20000000000000004,0.18000000000000002,1.0,0.30200000000000005,1.5,1.53,4.75,5.25
52,0,3,0.7200000000000001,0.17,0.11,1.0,0.26199999999999996,1.8947368421052633,1.33,5.5,8.5
53,1,3,0.54,0.28,0.18000000000000002,1.0,0.33399999999999996,1.5,1.75,3.4,5.25
54,1,3,0.6426426426426427,0.2112112112112112,0.14614614614614613,1.0,0.29294294294294293,1.5,1.48,4.5,6.5
55,1,3,0.4000000000000001,0.29,0.31,1.0,0.23999999999999996,0.8947368421052632,2.35,3.25,3.1
56,0,3,0.32,0.28,0.4000000000000001,1.0,0.4209085138715386,1.8902672854593805,2.88,3.3,2.45
57,0,3,0.432,0.288,0.28,1.0,0.39462439724610165,1.8003731746231333,2.2,3.3,3.4
58,2,3,0.11666666666666665,0.18333333333333335,0.6999999999999998,0.9933333333333333,0.42200000000000004,2.526315789473684,8.5,5.0,1.33
59,0,3,0.6448782115448782,0.21407407407407408,0.1410477143810477,0.9897564230897564,0.2951217884551218,1.8421052631578947,1.47,4.2,6.5
60,1,3,0.515,0.268,0.217,1.0,0.344,1.8947368421052633,1.82,3.5,4.33
61,2,3,0.48299999999999993,0.262,0.255,1.0,0.35680000000000006,1.5,1.95,3.6,3.7
62,1,3,0.28,0.26,0.46,1.0,0.5140888624298254,2.8819959249707656,3.4,3.6,2.05
63,0,3,0.42,0.28,0.3,1.0,0.382,1.5,2.3,3.3,3.1
64,2,3,0.22833333333333336,0.261,0.5106666666666667,0.9966666666666667,0.49673333333333336,2.947368421052632,4.2,3.6,1.85
65,0,3,0.3444477811144478,0.2854287620954288,0.3701234567901235,0.9932098765432099,0.2928631402626861,0.8381172746990425,2.75,3.3,2.55
66,0,3,0.67,0.21,0.12,1.0,0.282,1.5,1.42,4.5,8.0
67,0,3,0.544,0.26666666666666666,0.18933333333333335,0.9933333333333333,0.1844,0.7894736842105263,1.75,3.5,5.0
68,0,3,0.2993333333333333,0.25933333333333336,0.44133333333333336,0.9973333333333333,0.41291663381448007,1.994508552915247,3.2,3.7,2.15
69,1,3,0.48299999999999993,0.248,0.269,1.0,0.35680000000000006,1.5,1.95,3.8,3.5
70,1,3,0.3033333333333333,0.31,0.3866666666666667,0.9933333333333333,0.5473333333333333,2.5,3.0,3.0,2.55
71,0,3,0.4466666666666667,0.27,0.2833333333333334,0.9933333333333334,0.3358333333333331,1.486842105263157,2.2,3.4,3.25
72,0,3,0.557,0.271,0.17200000000000001,1.0,0.1772,0.8421052631578947,1.7,3.5,5.5
73,1,3,0.48551448551448556,0.29570429570429574,0.2187812187812188,1.0,0.35579420579420584,1.5,1.95,3.2,4.33
74,0,3,0.6999999999999998,0.19000000000000003,0.11,1.0,0.2700000000000001,1.5,1.36,5.0,8.5
75,2,3,0.33,0.26,0.41,1.0,0.386,1.9473684210526316,2.9,3.6,2.3
76,2,3,0.4749999999999999,0.306,0.219,1.0,0.3600000000000001,1.9473684210526316,2.0,3.1,4.33
77,1,3,0.40266666666666673,0.2793333333333334,0.318,0.9973333333333333,0.3897333333333334,1.5789473684210527,2.35,3.4,3.0
78,2,3,0.14466666666666667,0.251,0.6043333333333333,0.9893333333333333,0.4614666666666667,2.947368421052632,7.0,3.7,1.53
79,0,3,0.34,0.3,0.36000000000000004,1.0,0.4484099905912786,1.966943796924314,2.8,3.1,2.6
80,2,3,0.38738738738738737,0.2962962962962963,0.3163163163163163,1.0,0.2825450450450452,1.0921052631578956,2.45,3.2,3.0
81,0,3,0.41500000000000004,0.3236666666666667,0.26133333333333336,0.99,0.27450000000000013,0.8815789473684219,2.35,2.88,3.6
82,0,3,0.442,0.292,0.266,0.996,0.29940000000000005,1.236842105263158,2.15,3.25,3.6
83,0,3,0.49,0.26,0.25,1.0,0.354,1.736842105263158,1.91,3.6,3.75
84,1,3,0.248,0.28,0.472,0.9866666666666667,0.5152,2.6842105263157894,3.9,3.4,2.0
85,2,3,0.18000000000000002,0.27,0.55,1.0,0.3525,1.7289473684210526,5.25,3.5,1.73
86,2,3,0.3960000000000001,0.302,0.302,0.992,0.3565000000000001,1.6447368421052642,2.45,3.1,3.1
87,0,3,0.6786666666666666,0.213,0.10833333333333334,0.994,0.2803333333333333,1.631578947368421,1.4,4.33,9.0
88,0,3,0.2733333333333334,0.3,0.4266666666666667,0.9866666666666667,0.4440460244383597,2.088961800349299,3.3,3.1,2.3
89,1,3,0.22,0.25,0.53,1.0,0.488,2.736842105263158,4.33,3.75,1.8
90,0,3,0.31,0.3,0.38999999999999996,0.98,0.4530493544328411,2.1957676260435015,2.88,3.1,2.63
91,1,3,0.18133333333333335,0.27066666666666667,0.548,0.9813333333333333,0.47762840008400065,2.5204700356477234,5.5,3.5,1.7
92,0,3,0.5666666666666665,0.24,0.19333333333333336,0.9933333333333334,0.32533333333333336,1.8421052631578947,1.67,3.9,4.75
93,2,3,0.35666666666666663,0.25,0.39333333333333337,0.9933333333333333,0.3946666666666667,1.9473684210526316,2.6,3.8,2.45
94,0,3,0.8010000000000002,0.12833333333333333,0.07066666666666667,0.9966666666666667,0.23059999999999992,1.368421052631579,1.17,7.5,13.0
95,0,3,0.6070000000000001,0.20666666666666667,0.18633333333333332,0.9866666666666667,0.3112,1.8947368421052633,1.57,4.5,5.0
96,0,3,0.637,0.19899999999999998,0.164,1.0,0.2952,1.7894736842105263,1.48,4.75,5.75
97,0,3,0.375,0.284,0.341,1.0,0.41809032388744016,1.4890232118811804,2.5,3.3,2.75
98,2,3,0.26,0.2933333333333333,0.4466666666666667,0.9733333333333333,0.4199724633293812,2.007769638570144,3.4,3.2,2.25
99,2,3,0.5,0.25,0.25,1.0,0.35,1.2105263157894737,1.91,3.75,3.75
100,2,3,0.28833333333333333,0.27233333333333337,0.43933333333333335,0.9953333333333333,0.34739340467248725,1.49572211302126,3.3,3.4,2.15
101,2,3,0.11399999999999999,0.18000000000000002,0.706,0.994,0.26940000000000003,1.6842105263157894,8.5,5.25,1.33
102,0,3,0.68,0.18000000000000002,0.14,1.0,0.27799999999999997,1.736842105263158,1.4,5.25,7.0
103,2,3,0.10000000000000002,0.16,0.7399999999999999,1.0,0.2690000000000001,2.0473684210526315,9.0,6.0,1.29
104,1,3,0.27,0.24,0.49,1.0,0.3736213784405741,2.0255460317090903,3.6,3.9,1.91
105,0,3,0.3033333333333333,0.28,0.4166666666666667,0.9933333333333333,0.41212828585143,1.4944224904715215,3.1,3.3,2.3
106,0,3,0.34,0.27,0.38999999999999996,1.0,0.45240970262486,2.0209769648674873,2.8,3.4,2.45
107,0,3,0.6613333333333333,0.19666666666666668,0.14200000000000002,0.9966666666666667,0.13646666666666668,0.9473684210526316,1.4,4.75,6.5
108,0,3,0.6673326673326673,0.1808191808191808,0.15184815184815184,1.0,0.2830669330669331,1.8421052631578947,1.42,5.25,6.25
109,0,3,0.36599999999999994,0.28400000000000003,0.3499999999999999,0.996,0.36729999999999985,1.486842105263157,2.6,3.3,2.7
110,1,3,0.438,0.26933333333333337,0.29266666666666663,0.9973333333333333,0.37560000000000004,1.8421052631578947,2.15,3.5,3.2
111,1,3,0.25,0.27,0.48,1.0,0.4250019276735659,1.9729953072974573,3.2,3.5,2.2
112,2,3,0.29666666666666663,0.29,0.41333333333333333,0.9933333333333333,0.3866666666666667,1.736842105263158,3.25,3.2,2.3
113,0,3,0.55,0.238,0.212,1.0,0.32999999999999996,1.9473684210526316,1.73,4.0,4.5
114,0,3,0.3,0.28,0.42,1.0,0.4424266045275911,2.1923177143944668,3.1,3.3,2.3
115,0,3,0.36999999999999994,0.315,0.315,1.0,0.402,1.5263157894736843,2.55,3.0,3.0
116,2,3,0.20000000000000004,0.28,0.52,1.0,0.492,2.947368421052632,5.25,3.2,1.83
117,1,3,0.29,0.31,0.4000000000000001,1.0,0.389677452660247,1.8399549475595416,3.2,3.0,2.4
118,1,3,0.20000000000000004,0.27,0.53,1.0,0.488,2.8421052631578947,4.75,3.5,1.77
119,0,3,0.6186666666666666,0.24,0.14133333333333334,0.9973333333333333,0.3033333333333334,1.8421052631578947,1.52,3.9,6.5
120,2,3,0.7513333333333333,0.15666666666666665,0.09200000000000001,0.9966666666666667,0.25046666666666667,1.8421052631578947,1.24,6.0,10.0
121,2,3,0.5790523857190523,0.23282282282282285,0.18812479145812477,0.9971771771771771,0.31922589255922595,1.2105263157894737,1.62,4.0,5.0
122,0,3,0.3833333333333333,0.28,0.33666666666666667,0.9933333333333333,0.3986666666666667,1.9473684210526316,2.38,3.4,3.0
123,2,3,0.44,0.26,0.3,1.0,0.374,1.9473684210526316,2.15,3.6,3.2
124,1,3,0.14333333333333334,0.18000000000000002,0.6766666666666667,0.9933333333333333,0.43133333333333335,2.8947368421052633,6.75,5.25,1.4
125,0,3,0.2733333333333334,0.26,0.4666666666666666,0.9933333333333334,0.4735959507385129,2.037540256385408,3.6,3.6,2.0
126,1,3,0.5,0.29,0.21,1.0,0.23749999999999985,0.88157894736842,1.9,3.3,4.5
127,0,3,0.4066666666666667,0.27,0.3233333333333333,0.9866666666666667,0.35383333333333317,1.1710526315789465,2.15,3.6,3.1
128,0,3,0.6993333333333333,0.19000000000000003,0.11066666666666668,0.9986666666666667,0.27066666666666667,1.9473684210526316,1.36,5.0,8.5
129,2,3,0.19000000000000003,0.21,0.6,1.0,0.3325000000000001,1.9394736842105262,5.0,4.5,1.57
130,2,3,0.3,0.27,0.43,1.0,0.4362439360496698,1.4409244859451669,3.1,3.5,2.2
131,0,3,0.47,0.28,0.25,1.0,0.362,1.9473684210526316,2.0,3.4,3.75
132,0,3,0.6999999999999998,0.19000000000000003,0.11,1.0,0.2700000000000001,1.7894736842105263,1.36,5.0,8.5
133,1,3,0.37666666666666665,0.29,0.3333333333333333,0.9933333333333333,0.404793523646539,1.5493837248950553,2.7,3.1,2.8
134,1,3,0.22,0.25,0.53,1.0,0.46761025327506045,2.495647302535491,4.2,3.75,1.83
135,0,3,0.4000000000000001,0.27,0.33,1.0,0.23999999999999996,0.5263157894736843,2.35,3.5,2.9
136,0,3,0.6750000000000002,0.19899999999999998,0.126,1.0,0.2799999999999999,1.7894736842105263,1.4,4.75,7.5
137,1,3,0.564,0.26133333333333336,0.17466666666666666,0.9946666666666667,0.326,1.631578947368421,1.67,3.6,5.5
138,1,3,0.4633333333333334,0.27,0.26666666666666666,0.9933333333333334,0.3591666666666666,1.8447368421052626,1.91,3.6,3.75
139,2,3,0.33,0.28,0.38999999999999996,1.0,0.44497856035147176,2.2345939111150748,2.88,3.4,2.45
140,0,3,0.62,0.23,0.15,1.0,0.30200000000000005,1.5263157894736843,1.53,4.2,6.25
141,2,3,0.5993333333333334,0.25166666666666665,0.149,0.9966666666666667,0.3112666666666667,1.736842105263158,1.6,3.75,6.5
142,0,3,0.5,0.3,0.20000000000000004,1.0,0.35,1.2105263157894737,2.0,2.88,4.75
143,2,3,0.22,0.29,0.49,1.0,0.504,2.3684210526315788,4.33,3.2,1.95
144,0,3,0.3466666666666667,0.322,0.3313333333333333,0.9966666666666667,0.3582541084354423,1.4815770971719546,2.7,2.88,2.8
145,0,3,0.3,0.27,0.43,1.0,0.48133943508321886,2.5310348303793533,2.63,3.5,2.63
146,2,3,0.19000000000000003,0.21,0.6,1.0,0.4600000000000001,2.7894736842105265,5.0,4.5,1.57
147,2,3,0.17,0.22,0.61,1.0,0.45600000000000007,2.4210526315789473,5.5,4.2,1.57
148,0,3,0.8803729603729603,0.07930735930735931,0.040319680319680314,0.9986147186147186,0.1982664002664003,1.6842105263157894,1.06,12.0,23.0
149,0,3,0.4283816183816184,0.30246420246420247,0.2691541791541792,0.9975357975357976,0.34188661338661347,1.2236842105263168,2.2,3.1,3.5
150,0,3,0.539,0.251,0.21,1.0,0.33440000000000003,1.2105263157894737,1.75,3.75,4.5
151,2,3,0.407,0.252,0.341,1.0,0.3872,1.7894736842105263,2.35,3.8,2.8
152,1,3,0.25,0.27,0.48,1.0,0.4096827369319924,1.7129726321781953,3.7,3.5,1.95
153,0,3,0.34,0.32,0.34,1.0,0.4582275571577332,2.242218802104187,2.8,2.9,2.8
154,0,3,0.6960000000000001,0.18000000000000002,0.124,0.996,0.2728,1.3157894736842106,1.36,5.25,7.5
155,1,3,0.5966666666666667,0.2333333333333333,0.17,0.9933333333333333,0.31333333333333335,1.7894736842105263,1.7,3.8,5.0
156,2,3,0.11,0.17,0.7200000000000001,0.9866666666666667,0.4159999999999999,2.526315789473684,9.0,5.75,1.3
157,2,3,0.36000000000000004,0.27666666666666667,0.3633333333333333,0.9933333333333333,0.4579056077769893,2.1836982038933788,2.63,3.4,2.6
158,0,3,0.22666666666666668,0.27,0.5033333333333333,0.9933333333333333,0.5006666666666667,2.947368421052632,4.2,3.4,1.9
159,0,3,0.5166666666666667,0.25533333333333336,0.228,0.9946666666666667,0.3449333333333333,1.7894736842105263,1.85,3.7,4.2
160,1,3,0.421,0.28,0.299,0.998,0.2322,0.5789473684210527,2.25,3.4,3.2
161,0,3,0.6933066933066933,0.17182817182817187,0.13486513486513488,1.0,0.2726773226773227,1.736842105263158,1.36,5.5,7.0
162,0,3,0.35666666666666663,0.2833333333333334,0.36000000000000004,0.9866666666666667,0.43517233395742094,1.5362366123477194,2.55,3.3,2.8
163,0,3,0.6773226773226773,0.21078921078921076,0.11188811188811187,1.0,0.1290709290709291,0.8947368421052632,1.4,4.5,8.5
164,2,3,0.33,0.3133333333333333,0.35666666666666663,0.9933333333333333,0.4167720469160908,1.9443282659903127,2.88,3.0,2.7
165,0,3,0.58,0.22,0.20000000000000004,1.0,0.31800000000000006,1.6842105263157894,1.62,4.2,4.75
166,0,3,0.55,0.26,0.19000000000000003,1.0,0.32999999999999996,1.9473684210526316,1.75,3.6,4.8
167,2,3,0.44770229770229775,0.2405061605061605,0.3117915417915418,0.9977022977022977,0.3716083916083916,1.7894736842105263,2.1,3.9,3.0
168,0,3,0.447,0.268,0.285,1.0,0.29619999999999996,1.236842105263158,2.1,3.5,3.3
169,0,3,0.5193333333333333,0.252,0.22866666666666668,0.996,0.3434666666666667,1.368421052631579,1.83,3.7,4.2
170,2,3,0.6406666666666667,0.21733333333333335,0.14200000000000002,0.9813333333333333,0.29933333333333334,1.263157894736842,1.53,4.1,6.5
171,0,3,0.45,0.29,0.26,1.0,0.33249999999999996,1.2763157894736838,2.25,3.1,3.5
172,1,3,0.569,0.26033333333333336,0.17066666666666666,0.9846666666666667,0.327,1.5789473684210527,1.7,3.5,5.5
173,1,3,0.3633333333333333,0.31666666666666665,0.32,0.9933333333333333,0.48781821893102306,2.2778524536922005,2.6,3.0,3.0
174,2,3,0.34,0.32,0.34,1.0,0.41144350451914163,1.772430381004804,2.8,2.88,2.8
175,0,3,0.5235235235235235,0.24124124124124124,0.23523523523523523,1.0,0.3405905905905906,1.8947368421052633,1.8,3.9,4.0
176,0,3,0.6475475475475476,0.20373707040373704,0.14871538204871537,0.9925258591925259,0.2932232232232232,1.631578947368421,1.48,4.5,6.5
177,0,3,0.5,0.27,0.23,1.0,0.3424999999999999,1.4763157894736838,1.95,3.5,3.9
178,0,3,0.3,0.26333333333333336,0.4366666666666667,0.9933333333333333,0.46335338864125586,2.25767756170194,3.0,3.6,2.3
179,0,3,0.44,0.3293333333333333,0.2306666666666667,0.9993333333333333,0.386098501901546,1.8687970302208328,2.15,2.88,4.1
180,2,3,0.5066666666666667,0.26,0.2333333333333333,0.9833333333333333,0.35233333333333333,1.9473684210526316,1.83,3.7,4.2
181,0,3,0.8000000000000002,0.14,0.06,1.0,0.22999999999999993,1.7894736842105263,1.18,7.0,15.0
182,2,2,0.4,0.32,0.28,1.0,0.39,1.9473684210526316,2.35,2.9,3.4
183,0,3,0.5573333333333333,0.25333333333333335,0.18933333333333335,0.9966666666666667,0.3280666666666667,1.473684210526316,1.7,3.7,5.0
184,0,3,0.27,0.3,0.43,1.0,0.40985510468817865,1.8439463119562784,3.5,3.1,2.25
185,0,3,0.63,0.21933333333333335,0.15066666666666664,0.9986666666666667,0.2984,1.7894736842105263,1.5,4.33,6.25
186,1,3,0.4501831501831502,0.26091242091242095,0.2889044289044289,0.9978088578088578,0.3705840825840826,1.631578947368421,2.1,3.6,3.3
187,1,3,0.2733333333333334,0.29,0.4366666666666667,0.9933333333333333,0.342803940243799,1.5066461513329297,3.5,3.3,2.15
188,2,3,0.3,0.3,0.4000000000000001,1.0,0.4923665641493542,2.2613911294167477,3.1,3.1,2.45
189,2,3,0.30666666666666664,0.27,0.42333333333333334,0.9933333333333333,0.4211583724865475,1.8355587405535916,3.1,3.5,2.25
190,0,3,0.44855144855144863,0.2897102897102897,0.26173826173826176,1.0,0.3705794205794206,1.7894736842105263,2.1,3.25,3.6
191,1,3,0.24,0.27,0.49,1.0,0.504,2.8421052631578947,4.1,3.5,1.91
192,0,3,0.40666666666666673,0.27,0.3233333333333333,0.9866666666666667,0.3913333333333333,1.8947368421052633,2.2,3.5,3.2
193,0,3,0.5029970029970029,0.23984015984015983,0.25716283716283717,0.997002997002997,0.3497002997002997,1.631578947368421,1.9,4.0,3.75
194,2,3,0.19433333333333333,0.23466666666666666,0.5710000000000001,0.9833333333333334,0.4765999999999999,2.7894736842105265,5.25,4.1,1.65
195,2,3,0.36000000000000004,0.27,0.36999999999999994,1.0,0.32700000000000007,1.1842105263157894,2.63,3.5,2.63
196,1,3,0.14,0.24,0.62,1.0,0.45200000000000007,2.1578947368421053,7.0,3.9,1.53
197,0,3,0.5466666666666667,0.24,0.21333333333333335,0.9933333333333333,0.3333333333333333,1.8947368421052633,1.75,3.9,4.5
198,2,3,0.12866666666666668,0.18000000000000002,0.6913333333333332,0.9973333333333333,0.4242666666666667,2.6842105263157894,7.5,5.25,1.36
199,2,3,0.4116666666666666,0.26133333333333336,0.327,0.99,0.3208333333333332,1.4447368421052622,2.35,3.6,2.88
200,0,3,0.36000000000000004,0.25,0.38999999999999996,0.9866666666666667,0.32300000000000006,1.131578947368421,2.55,3.75,2.5
201,0,3,0.48,0.2866666666666667,0.2333333333333333,0.98,0.364,1.736842105263158,2.0,3.3,3.9
202,1,3,0.20000000000000004,0.26,0.54,1.0,0.4550559081549652,2.7017762298050316,4.75,3.6,1.75
203,0,3,0.28,0.29,0.43,1.0,0.5254838759453967,2.667436365951767,3.4,3.3,2.2
204,2,3,0.5796666666666667,0.221,0.19933333333333336,0.998,0.3187333333333333,1.631578947368421,1.62,4.2,4.75
205,0,3,0.7559999999999999,0.158,0.08600000000000001,1.0,0.24760000000000004,1.8421052631578947,1.25,6.0,11.0
206,0,3,0.613,0.208,0.17899999999999996,1.0,0.3048,1.9473684210526316,1.53,4.5,5.25
207,0,3,0.733,0.17200000000000001,0.09500000000000001,1.0,0.25680000000000003,1.368421052631579,1.29,5.5,10.0
208,1,3,0.47,0.28,0.25,1.0,0.362,1.8421052631578947,2.0,3.4,3.8
209,1,3,0.48866666666666664,0.27033333333333337,0.241,0.9973333333333333,0.37539962123459003,1.975880515832939,1.95,3.5,3.9
210,2,3,0.35966666666666663,0.29033333333333333,0.3499999999999999,0.9993333333333333,0.3590436927962302,1.5794725718579086,2.63,3.25,2.7
211,0,3,0.725,0.164,0.111,1.0,0.26,1.3157894736842106,1.3,5.75,8.5
212,1,3,0.3,0.2733333333333334,0.4266666666666667,0.9933333333333333,0.5208350624741914,2.2984325802373,3.8,3.3,2.0
213,1,3,0.48666666666666664,0.25666666666666665,0.25666666666666665,0.9866666666666667,0.3593333333333334,1.473684210526316,2.0,3.6,3.6
214,2,3,0.229,0.29233333333333333,0.47866666666666663,0.9953333333333333,0.5099333333333333,2.736842105263158,4.2,3.2,2.0
215,2,3,0.4013333333333334,0.2796666666666667,0.319,0.9973333333333333,0.3152666666666667,0.9736842105263158,2.35,3.4,3.0
216,1,3,0.4000000000000001,0.29,0.31,1.0,0.4145043222985646,1.6370463591834132,2.5,3.2,2.9
217,1,3,0.315,0.287,0.39799999999999996,1.0,0.46652992606173294,1.8732872263764653,3.0,3.3,2.38
218,2,3,0.34,0.33,0.33,1.0,0.4743345409792926,2.139072378458442,2.75,2.9,2.88
219,1,3,0.6369097569097569,0.21119214119214122,0.1518981018981019,0.9969097569097569,0.2961631701631702,1.9473684210526316,1.5,4.5,6.25
220,0,3,0.726,0.18000000000000002,0.09400000000000001,1.0,0.2596,1.263157894736842,1.3,5.25,10.0
221,0,3,0.24,0.25,0.51,1.0,0.4952019309185526,2.4683637499833333,4.0,3.8,1.85
222,1,3,0.65,0.21,0.14,1.0,0.29,1.1578947368421053,1.48,4.33,6.5
223,1,3,0.4000000000000001,0.3,0.3,1.0,0.38999999999999996,1.368421052631579,2.4,3.1,3.2
224,2,3,0.10000000000000002,0.16,0.7399999999999999,1.0,0.404,2.1052631578947367,9.0,5.75,1.3
225,2,3,0.28,0.2733333333333334,0.4466666666666667,0.9933333333333333,0.4946571118162445,2.4930357162018644,3.3,3.4,2.2
226,0,3,0.5406666666666667,0.27,0.18933333333333335,0.9993333333333333,0.3339333333333333,1.9473684210526316,1.75,3.5,5.0
227,0,3,0.661,0.22,0.119,1.0,0.28559999999999997,1.8947368421052633,1.44,4.33,8.0
228,1,3,0.4609743076409743,0.3288855522188856,0.21014014014014012,0.9988855522188855,0.4293604725563943,2.3175092506282606,2.05,2.88,4.5
229,1,3,0.5043333333333333,0.299,0.19666666666666668,0.9913333333333333,0.3508666666666667,1.9473684210526316,1.85,3.2,5.0
230,2,3,0.07533333333333332,0.13733333333333334,0.7873333333333333,0.9926666666666667,0.38726666666666665,2.2105263157894735,13.0,7.0,1.2
231,2,3,0.3,0.27,0.43,1.0,0.40484653860364206,2.0737137661295435,3.2,3.5,2.2
232,1,3,0.36633333333333334,0.2896666666666667,0.34400000000000003,0.993,0.40556666666666663,1.1578947368421053,2.55,3.25,2.75
233,0,3,0.8693333333333332,0.084,0.04666666666666667,0.996,0.05346666666666673,0.5789473684210527,1.09,11.0,21.0
234,1,3,0.63,0.225,0.145,1.0,0.298,1.1052631578947367,1.5,4.2,6.5
235,2,3,0.35966666666666663,0.261,0.3793333333333333,0.998,0.3838666666666667,1.8473684210526315,2.63,3.6,2.5
236,0,3,0.28,0.27,0.45,1.0,0.3730459302720375,1.4939904123398988,3.1,3.5,2.25
237,0,3,0.7903333333333333,0.1386666666666667,0.07100000000000001,0.9973333333333333,0.2346666666666667,1.263157894736842,1.2,7.0,13.0
238,1,3,0.557,0.263,0.18000000000000002,1.0,0.3272,1.8421052631578947,1.7,3.6,5.25
239,0,3,0.47,0.2833333333333334,0.24666666666666667,0.9866666666666667,0.3284999999999999,1.6447368421052622,2.05,3.3,3.8
240,0,3,0.4000000000000001,0.32,0.28,1.0,0.3524999999999999,1.2236842105263155,2.5,2.88,3.4
241,2,3,0.3,0.26,0.44,1.0,0.36680717472186153,1.3731004630580237,3.0,3.6,2.25
242,1,3,0.44885114885114885,0.3108957708957709,0.24025308025308023,0.9977022977022977,0.37114885114885116,1.5789473684210527,2.1,3.0,3.9
243,0,3,0.24333333333333332,0.25,0.5066666666666667,0.9933333333333333,0.4993333333333333,2.473684210526316,3.8,3.7,1.91
244,2,3,0.32,0.28,0.4000000000000001,1.0,0.4918865327058125,2.416085656635242,3.0,3.4,2.38
245,0,3,0.33,0.27,0.4000000000000001,1.0,0.38999999999999996,1.631578947368421,2.9,3.5,2.35
246,2,3,0.55,0.25,0.20000000000000004,1.0,0.32999999999999996,1.5789473684210527,1.75,3.8,4.75
247,2,3,0.1417117117117117,0.22174174174174174,0.6365465465465466,0.98996996996997,0.4483903903903903,2.8421052631578947,7.0,4.2,1.48
248,1,3,0.5066666666666667,0.2733333333333334,0.22,0.9933333333333333,0.3343333333333331,1.6368421052631563,1.9,3.4,4.33
249,1,3,0.6506666666666666,0.21866666666666668,0.13066666666666668,0.9893333333333333,0.2929333333333334,1.736842105263158,1.44,4.33,7.5
250,0,3,0.3,0.25,0.45,1.0,0.4492829772046082,2.4759216024166864,3.2,3.75,2.1
251,2,3,0.48,0.25,0.27,1.0,0.358,1.631578947368421,2.0,3.75,3.5
252,0,3,0.22666666666666668,0.26,0.5133333333333333,0.9933333333333333,0.4966666666666667,2.5789473684210527,4.2,3.6,1.85
253,1,3,0.3,0.29,0.41,1.0,0.36350000000000016,1.21842105263158,3.0,3.2,2.45
254,0,3,0.8102702702702702,0.12604204204204203,0.06368768768768769,0.9993753753753755,0.07607927927927928,0.5263157894736843,1.17,7.5,15.0
255,2,3,0.25,0.25,0.5,1.0,0.38825502003607326,1.5708229405913654,3.4,3.8,2.0
256,0,3,0.672,0.217,0.111,1.0,0.14619999999999997,0.731578947368421,1.4,4.33,8.5
257,1,3,0.413,0.28,0.307,1.0,0.2722999999999999,0.9342105263157885,2.3,3.4,3.1
258,2,3,0.38033333333333336,0.259,0.36066666666666664,0.998,0.39846666666666664,1.5789473684210527,2.5,3.7,2.63
259,0,3,0.405,0.307,0.288,1.0,0.27550000000000013,0.7763157894736852,2.35,3.1,3.3
260,2,3,0.4749999999999999,0.288,0.237,1.0,0.21000000000000008,0.7894736842105263,2.0,3.3,4.0
261,0,3,0.44,0.2866666666666667,0.2733333333333334,0.9933333333333334,0.3009999999999997,1.1842105263157876,2.2,3.3,3.4
262,1,3,0.27666666666666667,0.28,0.44333333333333336,0.9933333333333333,0.45683108563157304,2.442499635204639,3.5,3.4,2.15
263,1,3,0.5,0.26,0.24,1.0,0.35,1.8947368421052633,1.95,3.6,3.8
264,0,3,0.5166666666666667,0.26333333333333336,0.22,0.9933333333333333,0.3453333333333333,1.9473684210526316,1.85,3.5,4.2
265,1,3,0.448,0.26866666666666666,0.28333333333333327,0.9966666666666667,0.39503721406003073,2.0496516025054676,2.1,3.5,3.3
266,0,3,0.34,0.29,0.36999999999999994,1.0,0.2542079994104341,0.5936673644906127,2.88,3.2,2.6
267,2,3,0.2733333333333334,0.28,0.4466666666666667,0.9933333333333333,0.46481269868625197,2.188809804107177,3.4,3.3,2.15
268,1,3,0.16,0.26,0.58,1.0,0.4680000000000001,2.6315789473684212,6.0,3.6,1.65
269,2,3,0.29233333333333333,0.30833333333333335,0.3993333333333333,0.99,0.4891006525701732,2.4283669235672365,3.3,3.0,2.38
270,2,3,0.42,0.2833333333333334,0.29666666666666663,0.9933333333333334,0.234,0.8947368421052632,2.25,3.3,3.2
271,1,3,0.37033333333333335,0.29033333333333333,0.3393333333333333,0.9986666666666667,0.40226666666666666,1.8947368421052633,2.55,3.25,2.8
272,1,3,0.35333333333333333,0.27,0.37666666666666665,0.9866666666666667,0.42699433775746365,2.0524768715994655,2.63,3.5,2.55
273,0,3,0.5,0.27,0.23,1.0,0.35,1.631578947368421,1.85,3.5,4.33
274,0,3,0.6999999999999998,0.18066666666666667,0.11933333333333333,0.9993333333333333,0.27020000000000005,1.1578947368421053,1.36,5.25,8.0
275,2,3,0.34,0.32,0.34,1.0,0.4297995188691558,1.9474353889522669,2.8,2.9,2.8
276,0,3,0.3701234567901235,0.32510844177510845,0.30476810143476807,0.9995362028695363,0.41815695205870096,1.7386935849391625,2.55,2.9,3.1
277,1,3,0.59,0.23866666666666667,0.17133333333333334,0.99,0.31700000000000006,1.5263157894736843,1.62,3.9,5.5
278,2,3,0.548,0.27233333333333337,0.17966666666666664,0.9953333333333333,0.3322,1.736842105263158,1.73,3.4,5.25
279,0,3,0.55,0.25,0.20000000000000004,1.0,0.32999999999999996,1.6842105263157894,1.73,3.8,4.75
280,0,3,0.49,0.28,0.23,1.0,0.35399999999999976,1.7894736842105248,1.95,3.4,4.1
281,0,3,0.444,0.329,0.227,1.0,0.2974000000000004,1.184210526315792,2.15,2.9,4.2
282,2,3,0.48299999999999993,0.255,0.262,1.0,0.3493,1.6868421052631575,1.95,3.7,3.6
283,2,3,0.4033333333333333,0.31,0.2866666666666667,0.9933333333333334,0.39066666666666666,1.9473684210526316,2.3,3.0,3.3
284,2,3,0.38999999999999996,0.3,0.31,1.0,0.394,1.9473684210526316,2.4,3.1,3.1
285,0,3,0.32666666666666666,0.26,0.41333333333333333,0.9933333333333333,0.3185990503933693,1.2830579967745086,2.9,3.6,2.3
286,0,3,0.586,0.22,0.19400000000000003,0.994,0.3174,1.7894736842105263,1.62,4.33,5.0
287,0,3,0.82,0.12,0.06,1.0,0.22200000000000003,1.1578947368421053,1.17,8.0,15.0
288,2,3,0.34,0.28,0.38000000000000006,1.0,0.3229999999999997,1.0789473684210507,2.8,3.4,2.5
289,0,3,0.685,0.18899999999999997,0.126,1.0,0.27599999999999997,1.8947368421052633,1.38,5.0,7.5
290,0,3,0.5884115884115885,0.26473526473526476,0.14685314685314685,1.0,0.3146353646353646,1.368421052631579,1.62,3.6,6.5
291,0,3,0.4000000000000001,0.29,0.31,1.0,0.38999999999999996,1.5263157894736843,2.38,3.25,3.1
292,0,3,0.4166666666666667,0.2733333333333334,0.31,0.9933333333333333,0.36283333333333356,1.3236842105263174,2.3,3.4,3.0
293,2,3,0.28,0.25,0.47,1.0,0.3631824125063956,1.7973564342531638,3.4,3.8,2.0
294,2,3,0.17,0.23,0.6,1.0,0.4600000000000001,2.3684210526315788,5.5,4.1,1.57
295,2,3,0.12666666666666668,0.16,0.7133333333333333,0.9933333333333333,0.41666666666666674,2.6842105263157894,7.5,5.75,1.33
296,1,3,0.44733333333333336,0.2796666666666667,0.273,0.994,0.3728666666666667,1.8947368421052633,2.15,3.4,3.4
297,0,3,0.5606666666666666,0.23866666666666667,0.2006666666666667,0.9986666666666667,0.17613333333333334,0.9473684210526316,1.7,4.0,4.75
298,1,3,0.572,0.20099999999999998,0.227,1.0,0.1937,1.0973684210526315,1.67,4.75,4.2
299,0,3,0.371,0.27,0.359,1.0,0.40159999999999996,1.7894736842105263,2.55,3.5,2.63
300,0,3,0.8171828171828173,0.1368631368631369,0.04595404595404596,1.0,0.22312687312687307,1.7894736842105263,1.17,7.0,21.0
301,2,3,0.5166666666666667,0.2733333333333334,0.21,0.9933333333333333,0.3453333333333333,1.8947368421052633,1.85,3.4,4.5
302,1,3,0.5,0.26,0.24,1.0,0.24499999999999986,1.2473684210526306,1.91,3.6,4.0
303,1,3,0.46,0.3,0.24,1.0,0.366,1.9473684210526316,2.1,3.1,3.8
304,0,3,0.40666666666666673,0.31,0.2833333333333334,0.9866666666666667,0.3913333333333333,1.7894736842105263,2.2,3.0,3.75
305,0,3,0.62,0.21666666666666667,0.16333333333333333,0.9933333333333333,0.30400000000000005,1.8947368421052633,1.5,4.5,6.0
306,1,3,0.28,0.26666666666666666,0.45333333333333337,0.9933333333333333,0.5206666666666667,2.6842105263157894,3.4,3.6,2.1
307,1,3,0.3,0.27,0.43,1.0,0.4493935552509278,2.0022728244798693,3.1,3.5,2.2
308,1,3,0.27,0.27,0.46,1.0,0.516,2.8421052631578947,3.5,3.4,2.05
309,0,3,0.685,0.18899999999999997,0.126,1.0,0.27599999999999997,1.631578947368421,1.38,5.0,7.5
310,0,3,0.55,0.25,0.20000000000000004,1.0,0.32999999999999996,1.473684210526316,1.73,3.8,4.75
311,2,3,0.48,0.27666666666666667,0.24333333333333332,0.98,0.364,1.5789473684210527,2.05,3.4,3.75
312,2,3,0.20000000000000004,0.22,0.58,1.0,0.31800000000000006,1.631578947368421,4.75,4.2,1.62
313,1,3,0.49666666666666665,0.25,0.25333333333333335,0.9933333333333333,0.3533333333333334,1.4210526315789473,1.95,3.7,3.7
314,0,3,0.3666666666666667,0.2933333333333333,0.34,0.9933333333333333,0.4053333333333333,1.736842105263158,2.6,3.2,2.8
315,0,3,0.6586666666666666,0.23266666666666666,0.10866666666666668,0.9946666666666667,0.28813333333333335,1.1578947368421053,1.45,4.0,9.0
316,2,3,0.3,0.2866666666666667,0.41333333333333333,0.9933333333333334,0.3192663516356105,0.9190856190912047,3.0,3.2,2.45
317,0,3,0.6066666666666666,0.2333333333333333,0.16,0.9933333333333333,0.30933333333333335,1.8421052631578947,1.55,4.1,6.0
318,0,3,0.17,0.19000000000000003,0.64,1.0,0.44399999999999995,2.473684210526316,5.5,5.0,1.48
319,1,3,0.467,0.299,0.234,1.0,0.36319999999999997,1.9473684210526316,2.05,3.2,4.1
320,0,3,0.5753333333333334,0.25333333333333335,0.17133333333333334,0.9953333333333333,0.3212666666666667,1.5789473684210527,1.65,3.7,5.5
321,2,3,0.36999999999999994,0.28,0.3499999999999999,1.0,0.32700000000000007,1.236842105263158,2.6,3.4,2.7
322,1,3,0.34833333333333333,0.30866666666666664,0.343,0.9893333333333334,0.3763666666666662,1.5921052631578916,2.75,3.0,2.8
323,2,3,0.438,0.277,0.285,1.0,0.3748,1.9473684210526316,2.15,3.4,3.3
324,1,3,0.3499999999999999,0.29,0.36000000000000004,1.0,0.44104396491809994,1.8652053801557544,2.7,3.25,2.63
325,0,3,0.31,0.25,0.44,1.0,0.418375164388771,2.2432028503111043,3.1,3.75,2.15
326,1,3,0.20000000000000004,0.27,0.53,1.0,0.488,2.6315789473684212,4.75,3.6,1.8
327,1,3,0.693,0.18899999999999997,0.118,1.0,0.27280000000000004,1.7894736842105263,1.36,5.0,8.0
328,0,3,0.42,0.29,0.29,1.0,0.2694999999999999,0.88157894736842,2.25,3.25,3.2
329,2,3,0.33666666666666667,0.3,0.3633333333333333,0.9933333333333333,0.40666666666666673,1.631578947368421,2.8,3.1,2.63
330,0,3,0.6509999999999999,0.18966666666666665,0.15933333333333333,0.998,0.2902,1.473684210526316,1.45,5.0,6.0
331,0,3,0.7966666666666667,0.13333333333333333,0.07,0.9933333333333333,0.23333333333333334,1.0,1.2,7.0,13.0
332,1,3,0.4468498168498169,0.2642457542457543,0.2889044289044289,0.9920546120546121,0.3736436896436896,1.8421052631578947,2.1,3.6,3.3
333,0,2,0.711,0.189,0.1,1.0,0.2656,1.5789473684210527,1.33,5.0,9.5
334,2,3,0.52,0.27,0.21,1.0,0.34199999999999997,1.473684210526316,1.85,3.4,4.5
335,0,3,0.722,0.17899999999999996,0.09900000000000002,1.0,0.2612,1.368421052631579,1.3,5.25,9.5
336,1,3,0.18000000000000002,0.24,0.58,1.0,0.31800000000000006,1.368421052631579,5.5,4.0,1.62
337,1,3,0.49333333333333335,0.24333333333333332,0.26333333333333336,0.9866666666666667,0.3191666666666667,1.2763157894736845,2.0,3.8,3.4
338,1,3,0.36000000000000004,0.27,0.36999999999999994,1.0,0.5058564185811943,2.587112965979892,2.63,3.4,2.55
339,2,3,0.38166666666666665,0.2793333333333334,0.339,0.9966666666666667,0.40423888367262717,1.6183177040163448,2.45,3.4,2.8
340,0,3,0.6900000000000001,0.17666666666666667,0.13333333333333333,0.99,0.277,1.9473684210526316,1.38,5.25,7.0
341,2,3,0.30666666666666664,0.27,0.42333333333333334,0.9866666666666667,0.40811595502593756,1.7879075364302266,2.8,3.5,2.38
342,0,3,0.33,0.27,0.4000000000000001,1.0,0.38999999999999996,1.736842105263158,2.88,3.5,2.35
343,2,3,0.3,0.27,0.43,1.0,0.42501822153446367,1.8397705997034417,3.1,3.5,2.25
344,0,3,0.28,0.29,0.43,1.0,0.4740269781589298,2.324390380708655,3.4,3.25,2.15
345,1,3,0.4403333333333333,0.2893333333333333,0.27033333333333337,0.9986666666666667,0.3742666666666667,1.8421052631578947,2.15,3.3,3.5
346,2,3,0.2833333333333334,0.29,0.4266666666666667,0.98,0.430297442976572,2.194497573060188,3.5,3.25,2.15
347,0,3,0.6663333333333333,0.21966666666666668,0.11399999999999999,0.993,0.28556666666666664,1.8947368421052633,1.42,4.33,8.5
348,0,3,0.41333333333333333,0.27,0.31666666666666665,0.9866666666666667,0.4289326311388246,1.7947555526214043,2.2,3.5,3.1
349,2,3,0.15,0.22,0.63,1.0,0.44799999999999995,2.526315789473684,6.25,4.2,1.5
350,1,3,0.34,0.31,0.3499999999999999,1.0,0.4462027768135961,1.8729307927923946,2.75,3.0,2.75
351,1,3,0.3499999999999999,0.34,0.31,1.0,0.43178278038507845,2.092586956953154,2.7,2.8,3.0
352,0,3,0.18000000000000002,0.29,0.53,1.0,0.33799999999999997,1.3157894736842106,5.25,3.25,1.8
353,0,3,0.41333333333333333,0.3,0.2866666666666667,0.9866666666666667,0.2386666666666667,0.21052631578947367,2.5,3.0,3.1
354,1,3,0.42,0.3293333333333333,0.25066666666666665,0.9986666666666667,0.3824,1.736842105263158,2.25,2.88,3.75
355,2,3,0.24,0.28,0.48,1.0,0.5010987779499579,2.901360274052351,3.9,3.3,2.0
356,0,3,0.3013333333333333,0.28200000000000003,0.4166666666666667,0.9933333333333334,0.5353333333333333,2.7894736842105265,3.1,3.3,2.3
357,2,3,0.5543333333333335,0.22466666666666668,0.221,0.9923333333333333,0.3305666666666667,1.3157894736842106,1.7,4.2,4.2
358,2,3,0.17,0.24,0.59,1.0,0.4640000000000001,2.473684210526316,5.5,3.9,1.6
359,2,3,0.4266666666666667,0.27666666666666667,0.29666666666666663,0.99,0.3823333333333333,1.473684210526316,2.2,3.4,3.1
360,0,3,0.5866666666666666,0.24333333333333332,0.17,0.9833333333333333,0.32033333333333336,1.3157894736842106,1.73,3.6,5.0
361,1,3,0.52,0.254,0.226,1.0,0.34199999999999997,1.631578947368421,1.83,3.75,4.2
362,1,3,0.34,0.29,0.36999999999999994,1.0,0.4137087018784886,1.9201632756811517,2.8,3.2,2.6
363,1,3,0.52,0.26,0.22,1.0,0.34199999999999997,1.631578947368421,1.85,3.6,4.2
364,0,3,0.62,0.22,0.16,1.0,0.20450000000000002,0.9815789473684211,1.53,4.2,6.0
365,2,3,0.36000000000000004,0.27,0.36999999999999994,1.0,0.44686234595200747,2.1938191484519796,2.63,3.5,2.55
366,2,3,0.13833333333333334,0.21033333333333334,0.6513333333333334,0.9966666666666667,0.4404666666666667,2.6315789473684212,7.0,4.5,1.45
367,2,3,0.3633333333333333,0.29,0.3466666666666667,0.9933333333333334,0.4286640111915436,2.0940173845518113,2.7,3.2,2.7
368,1,3,0.24333333333333332,0.2866666666666667,0.47,0.9933333333333334,0.514,2.7894736842105265,4.0,3.3,2.0
369,1,3,0.40166666666666667,0.268,0.33033333333333337,0.996,0.3905333333333334,1.8421052631578947,2.35,3.6,2.88
370,0,3,0.526,0.243,0.231,1.0,0.3020999999999997,1.486842105263156,1.8,3.9,4.1
371,1,3,0.49333333333333335,0.27,0.23666666666666666,0.9933333333333333,0.3546666666666667,1.9473684210526316,1.95,3.5,3.9
372,1,3,0.44,0.305,0.255,1.0,0.374,1.8421052631578947,2.15,3.1,3.7
373,2,3,0.34,0.29,0.36999999999999994,1.0,0.4467831475999453,2.193291159438232,2.8,3.25,2.55
374,1,3,0.2956666666666667,0.30233333333333334,0.40199999999999997,0.9896666666666667,0.5211129892062565,2.595595366638201,3.2,3.1,2.4
375,0,3,0.49,0.27,0.24,1.0,0.30900000000000005,1.0157894736842106,1.91,3.5,3.9
376,2,3,0.611,0.231,0.158,1.0,0.3056,1.736842105263158,1.55,4.1,6.0
377,0,3,0.4066666666666667,0.28,0.3133333333333333,0.9933333333333334,0.3518333333333331,1.6973684210526305,2.3,3.4,3.0
378,0,3,0.5366666666666667,0.25666666666666665,0.20666666666666667,0.9866666666666667,0.3393333333333333,1.7894736842105263,1.8,3.6,4.5
379,1,3,0.7280000000000001,0.17200000000000001,0.10000000000000002,1.0,0.2588,1.1052631578947367,1.3,5.5,9.5
380,0,3,0.598,0.22066666666666668,0.18133333333333335,0.998,0.1839,0.886842105263158,1.6,4.33,5.25
381,2,3,0.45,0.26,0.29,1.0,0.37,1.736842105263158,2.2,3.6,3.1
382,0,3,0.58,0.21,0.21,1.0,0.20549999999999988,1.0394736842105252,1.62,4.5,4.5
383,2,3,0.2866666666666667,0.25,0.4633333333333334,0.9933333333333334,0.25476762634703637,0.6750590294480789,3.2,3.8,2.05
384,0,3,0.4306666666666667,0.262,0.3073333333333333,0.9973333333333333,0.37853333333333333,1.7894736842105263,2.2,3.6,3.1
385,2,3,0.27,0.27,0.46,1.0,0.4740729663323796,2.088907494847443,3.6,3.6,2.05
386,1,3,0.14,0.20000000000000004,0.66,1.0,0.43599999999999994,2.7894736842105265,7.0,4.75,1.42
387,0,3,0.27,0.29,0.44,1.0,0.4962736138850863,2.7098942680058387,3.6,3.2,2.2
388,0,3,0.49,0.29866666666666664,0.21133333333333335,0.9986666666666667,0.3544,1.8421052631578947,1.95,3.2,4.5
389,1,3,0.22,0.29,0.49,1.0,0.504,2.6842105263157894,4.5,3.2,1.95
390,0,3,0.6960000000000001,0.18000000000000002,0.124,0.996,0.2728,1.7894736842105263,1.36,5.25,7.5
391,0,3,0.48,0.25,0.27,1.0,0.28300000000000003,1.3947368421052633,1.95,3.8,3.4
392,0,3,0.6,0.23,0.17,1.0,0.31000000000000005,1.8421052631578947,1.6,4.1,5.75
393,2,3,0.6513333333333334,0.21033333333333334,0.13833333333333334,0.9966666666666667,0.29046666666666665,1.8947368421052633,1.45,4.5,7.0
394,2,3,0.573,0.27,0.157,1.0,0.18580000000000002,0.9421052631578947,1.65,3.5,6.0
395,2,3,0.08733333333333333,0.13733333333333334,0.7753333333333333,0.9946666666666667,0.39146666666666663,2.1578947368421053,11.0,7.0,1.22
396,2,3,0.12666666666666668,0.17,0.7033333333333333,0.9966666666666667,0.26966666666666667,1.473684210526316,7.5,5.5,1.33
397,0,3,0.4766666666666666,0.2886666666666666,0.23466666666666666,0.9953333333333333,0.3232333333333331,1.5921052631578927,2.0,3.3,4.0
398,1,3,0.55,0.27,0.18000000000000002,1.0,0.32999999999999996,1.9473684210526316,1.73,3.6,5.25
399,0,3,0.3,0.25,0.45,1.0,0.37,1.7894736842105263,2.5,3.6,2.7
400,0,3,0.24,0.24,0.52,1.0,0.492,2.263157894736842,3.9,4.0,1.83
401,2,3,0.4789999999999999,0.25933333333333336,0.26166666666666666,0.9966666666666667,0.35940000000000005,1.8421052631578947,2.0,3.7,3.6
402,2,3,0.44855144855144863,0.2897102897102897,0.26173826173826176,1.0,0.2955794205794206,1.3947368421052633,2.1,3.25,3.6
403,0,3,0.3499999999999999,0.31,0.34,1.0,0.41816098663269474,1.843880261761824,2.75,3.0,2.8
404,0,3,0.77,0.145,0.085,1.0,0.242,1.473684210526316,1.22,6.5,11.0
405,0,3,0.27033333333333337,0.299,0.4306666666666667,0.998,0.46646160631118405,2.166469188273391,3.5,3.2,2.2
406,2,3,0.4000000000000001,0.3,0.3,1.0,0.23999999999999996,0.7894736842105263,2.35,3.2,3.2
407,0,3,0.48666666666666664,0.25666666666666665,0.25666666666666665,0.98,0.3613333333333334,1.9473684210526316,1.91,3.7,3.8
408,0,3,0.69,0.19000000000000003,0.12,1.0,0.274,1.5789473684210527,1.38,5.0,8.0
409,0,3,0.4206666666666667,0.3173333333333333,0.262,0.9973333333333333,0.38253333333333334,1.736842105263158,2.25,3.0,3.6
410,1,3,0.34,0.33,0.33,1.0,0.4174129107582688,1.5490685278621434,2.8,2.88,2.88
411,0,3,0.22,0.25,0.53,1.0,0.45799999999999985,2.43157894736842,4.2,3.75,1.83
412,2,3,0.2333333333333333,0.28,0.48666666666666664,0.9933333333333333,0.5073333333333334,2.6315789473684212,4.2,3.4,1.95
413,0,3,0.5133333333333333,0.22,0.26666666666666666,0.9866666666666667,0.3486666666666667,1.9473684210526316,1.83,4.33,3.6
414,0,3,0.5,0.25,0.25,1.0,0.35,1.368421052631579,2.0,3.75,3.6
415,2,3,0.5,0.28,0.22,1.0,0.3274999999999999,1.7447368421052625,1.91,3.3,4.33
416,2,3,0.4266666666666667,0.2733333333333334,0.3,0.9933333333333333,0.3813333333333333,1.5789473684210527,2.2,3.5,3.25
417,1,3,0.47333333333333333,0.28,0.24666666666666667,0.9866666666666667,0.3646666666666667,1.6842105263157894,1.95,3.4,3.9
418,0,3,0.48333333333333334,0.25333333333333335,0.26333333333333336,0.98,0.3626666666666667,1.736842105263158,2.0,3.7,3.5
419,1,3,0.49034299034299034,0.2938028638028638,0.21585414585414586,0.9903429903429903,0.35675990675990676,1.6842105263157894,1.95,3.2,4.33
420,0,3,0.4000000000000001,0.31666666666666665,0.2833333333333334,0.9933333333333334,0.3919999999999999,1.7894736842105263,2.45,2.88,3.25
421,0,3,0.5,0.27,0.23,1.0,0.35,1.368421052631579,2.1,3.4,3.4
422,2,3,0.3,0.27,0.43,1.0,0.4377605229954067,2.187877170846571,3.25,3.5,2.15
423,2,3,0.159,0.26066666666666666,0.5803333333333334,0.998,0.4684666666666667,2.3157894736842106,6.0,3.6,1.62
424,1,3,0.3706666666666667,0.29066666666666663,0.33866666666666667,0.9986666666666667,0.3496333333333332,1.28157894736842,2.55,3.25,2.8
425,0,3,0.24333333333333332,0.24,0.5166666666666667,0.9933333333333333,0.43446354831565215,2.3836751174259847,3.9,3.9,1.85
426,0,3,0.6433333333333334,0.246,0.11066666666666668,0.9933333333333333,0.29466666666666663,1.4210526315789473,1.48,3.8,8.5
427,2,3,0.21,0.23866666666666667,0.5513333333333333,0.9973333333333333,0.4489272064652192,2.3700176337447365,4.5,4.0,1.7
428,1,3,0.4921711621711622,0.26124542124542127,0.24658341658341656,0.9909257409257409,0.3558538128538129,1.9473684210526316,1.95,3.6,3.8
429,0,3,0.654,0.211,0.135,1.0,0.2884,1.8421052631578947,1.45,4.5,7.0
430,1,3,0.34,0.27,0.38999999999999996,1.0,0.3028121185396484,1.0762913165801116,2.75,3.5,2.5
431,1,3,0.759,0.146,0.09500000000000001,1.0,0.2464,1.1578947368421053,1.25,6.5,10.0
432,0,3,0.6133333333333333,0.24333333333333332,0.14333333333333334,0.9866666666666667,0.1811666666666667,0.6236842105263158,1.57,3.75,6.5
433,0,3,0.17,0.20000000000000004,0.63,1.0,0.44799999999999995,2.263157894736842,5.5,4.75,1.48
434,1,3,0.10000000000000002,0.15,0.75,1.0,0.4,2.4210526315789473,10.0,6.5,1.25
435,0,3,0.32666666666666666,0.31,0.3633333333333333,0.9933333333333333,0.4264604339578144,1.921432132818178,2.9,3.0,2.63
436,0,3,0.6993333333333333,0.19000000000000003,0.11066666666666668,0.9986666666666667,0.13566666666666646,0.31052631578947215,1.36,5.0,8.5
437,0,3,0.565,0.236,0.19899999999999998,1.0,0.32400000000000007,1.4210526315789473,1.67,4.0,4.75
438,1,3,0.535,0.268,0.19699999999999998,1.0,0.33599999999999997,1.5263157894736843,1.75,3.5,4.75
439,2,3,0.548,0.271,0.18099999999999997,1.0,0.3308,1.5263157894736843,1.73,3.5,5.25
440,2,3,0.36000000000000004,0.3,0.34,1.0,0.3384999999999998,1.4447368421052622,2.63,3.1,2.8
441,1,3,0.24333333333333332,0.3,0.4566666666666667,0.9933333333333333,0.44595815222494095,2.1950426522598407,3.9,3.1,2.1
442,0,3,0.4553036369703036,0.3112075408742075,0.23348882215548886,0.9994888221554888,0.3680318985652319,1.5789473684210527,2.05,3.0,4.0
443,2,3,0.18000000000000002,0.22,0.6,1.0,0.4600000000000001,2.526315789473684,5.25,4.33,1.55
444,0,3,0.5599999999999999,0.21666666666666667,0.22333333333333336,0.9866666666666667,0.32249999999999995,1.528947368421052,1.67,4.33,4.33
445,2,3,0.18000000000000002,0.25,0.57,1.0,0.4720000000000001,2.263157894736842,5.25,3.8,1.67
446,2,3,0.5565565565565566,0.22522522522522523,0.21821821821821819,1.0,0.19987737737737737,0.886842105263158,1.7,4.2,4.33
447,0,3,0.818,0.11933333333333333,0.06266666666666666,0.9973333333333333,0.22360000000000002,1.631578947368421,1.17,8.0,15.0
448,1,3,0.3,0.25,0.45,1.0,0.44629907647031,2.0349762992757503,3.1,3.8,2.1
449,2,3,0.31,0.27,0.42,1.0,0.4229299871262493,2.2202350018942933,3.1,3.5,2.25
450,0,3,0.828,0.11866666666666666,0.05333333333333334,0.9966666666666667,0.2198,1.3157894736842106,1.14,8.0,17.0
451,0,3,0.34955044955044956,0.3215584415584416,0.3288911088911089,0.9968831168831169,0.32111488511488506,0.8210526315789473,2.7,2.9,2.88
452,0,3,0.6833166833166833,0.19880119880119876,0.11788211788211785,1.0,0.27667332667332667,1.6842105263157894,1.38,4.75,8.0
453,0,3,0.5403333333333333,0.24966666666666668,0.21,0.9993333333333333,0.3340666666666667,1.5263157894736843,1.75,3.8,4.5
454,2,3,0.07766666666666666,0.15033333333333332,0.7719999999999999,0.9953333333333333,0.39260000000000006,2.1578947368421053,13.0,6.25,1.22
455,0,3,0.45333333333333337,0.27666666666666667,0.27,0.9933333333333333,0.3706666666666667,1.736842105263158,2.05,3.4,3.5
456,0,3,0.5,0.26,0.24,1.0,0.31999999999999984,1.4842105263157885,1.91,3.6,3.9
457,2,3,0.157,0.217,0.626,1.0,0.4496,2.8421052631578947,6.0,4.33,1.5
458,1,3,0.24,0.23,0.53,1.0,0.43788096434350454,2.1395573061496798,4.1,4.1,1.8
459,1,3,0.5,0.29,0.21,1.0,0.23,0.9368421052631579,1.91,3.2,4.5
460,0,3,0.759,0.146,0.09500000000000001,1.0,0.2464,1.7894736842105263,1.25,6.5,10.0
461,1,3,0.365,0.296,0.339,1.0,0.3703376655973639,1.722952858368391,2.6,3.2,2.8
462,2,3,0.42,0.28,0.3,1.0,0.382,1.736842105263158,2.3,3.4,3.1
463,1,3,0.5,0.26,0.24,1.0,0.35,1.7894736842105263,1.85,3.7,3.9
464,0,3,0.455,0.251,0.294,1.0,0.368,1.9473684210526316,2.1,3.8,3.25
465,0,3,0.19333333333333336,0.25,0.5566666666666668,0.9933333333333333,0.4793333333333333,2.8947368421052633,5.0,3.8,1.67
466,0,3,0.55,0.24,0.21,1.0,0.255,1.236842105263158,1.73,3.8,4.5
467,1,3,0.2866666666666667,0.28,0.43333333333333335,0.9933333333333334,0.4460514616874449,2.0808109141736093,3.3,3.4,2.2
468,2,3,0.12,0.19000000000000003,0.69,1.0,0.42400000000000004,2.3684210526315788,8.0,5.0,1.36
469,1,3,0.54,0.27666666666666667,0.18333333333333335,0.98,0.33999999999999997,1.631578947368421,1.85,3.25,5.0
470,0,3,0.606929736929737,0.22251748251748257,0.1705527805527806,0.996929736929737,0.30814918414918413,1.368421052631579,1.55,4.2,5.5
471,2,3,0.557,0.271,0.17200000000000001,1.0,0.3272,1.8947368421052633,1.7,3.5,5.5
472,0,3,0.20000000000000004,0.23,0.57,1.0,0.4288042214329628,2.5541334060443135,4.75,4.2,1.65
473,0,3,0.672,0.19066666666666668,0.13733333333333334,0.9973333333333333,0.28200000000000003,1.8947368421052633,1.42,5.0,7.0
474,2,3,0.20000000000000004,0.31,0.49,1.0,0.504,2.5789473684210527,4.75,3.0,1.95
475,0,3,0.3499999999999999,0.26333333333333336,0.3866666666666667,0.9933333333333333,0.3973333333333333,1.736842105263158,2.45,3.7,2.7
476,0,3,0.4000000000000001,0.32,0.28,1.0,0.38999999999999996,1.9473684210526316,2.3,2.88,3.5
477,2,3,0.46,0.26,0.28,1.0,0.366,1.736842105263158,2.1,3.6,3.3
478,0,3,0.6999999999999998,0.18099999999999997,0.119,1.0,0.2700000000000001,1.5263157894736843,1.36,5.25,8.0
479,0,3,0.6013333333333333,0.23033333333333336,0.16833333333333333,0.9966666666666667,0.31046666666666667,1.368421052631579,1.57,4.1,5.75
480,0,3,0.3502164502164502,0.2702430902430903,0.3795404595404596,0.9990809190809191,0.40304814202862216,1.9253275192324746,2.7,3.5,2.5
481,2,3,0.31,0.28,0.41,1.0,0.397254816932259,1.9697689549869897,3.1,3.4,2.35
482,0,3,0.4000000000000001,0.3033333333333333,0.29666666666666663,0.9933333333333333,0.33199999999999963,1.2842105263157875,2.4,3.1,3.2
483,0,3,0.8006666666666667,0.12733333333333333,0.07200000000000001,0.9973333333333333,0.2305333333333333,1.736842105263158,1.18,7.5,13.0
484,2,3,0.34,0.25,0.41,1.0,0.27982052103934413,0.9763473332447499,2.8,3.8,2.3
485,1,3,0.557,0.263,0.18000000000000002,1.0,0.3272,1.736842105263158,1.7,3.6,5.25
486,1,3,0.3,0.3,0.4000000000000001,1.0,0.4194505645850761,1.9331792024969991,3.3,3.0,2.3
487,2,3,0.4000000000000001,0.3,0.3,1.0,0.38999999999999996,1.631578947368421,2.6,2.9,3.0
488,0,3,0.58,0.26,0.16,1.0,0.31800000000000006,1.8947368421052633,1.62,3.6,6.0
489,1,3,0.3,0.3,0.4000000000000001,1.0,0.4246433517610223,1.8625346257752367,3.2,3.1,2.4
490,2,3,0.42,0.26,0.32,1.0,0.382,1.8947368421052633,2.25,3.6,3.0
491,0,3,0.45,0.26,0.29,1.0,0.22000000000000003,0.8421052631578947,2.15,3.6,3.1
492,0,3,0.42,0.3,0.28,1.0,0.2694999999999999,0.7763157894736833,2.3,3.1,3.4
493,1,3,0.30666666666666664,0.3,0.39333333333333337,0.9933333333333333,0.4417740393866296,1.9456280988348404,3.1,3.1,2.45
494,0,3,0.661,0.20033333333333334,0.1386666666666667,0.9973333333333333,0.2864,1.368421052631579,1.44,4.75,7.0
495,1,3,0.5,0.28,0.22,1.0,0.3274999999999999,1.6921052631578941,1.9,3.3,4.33
496,0,3,0.64,0.20000000000000004,0.16,1.0,0.294,1.4210526315789473,1.5,4.5,5.75
497,1,3,0.25,0.25,0.5,1.0,0.438921548468302,2.171757691543066,3.8,3.8,1.85
498,0,3,0.4503663003663004,0.2878088578088578,0.26182484182484184,0.9978088578088578,0.37051082251082257,1.5789473684210527,2.1,3.3,3.6
499,0,3,0.42,0.29,0.29,1.0,0.382,1.7894736842105263,2.35,3.2,3.25
500,0,3,0.7799999999999999,0.14,0.08,1.0,0.23800000000000004,1.368421052631579,1.22,7.0,11.0
501,2,3,0.34,0.28,0.38000000000000006,1.0,0.34097060691046566,1.5145408881750346,2.8,3.4,2.5
502,1,3,0.085,0.145,0.77,1.0,0.392,2.526315789473684,11.0,6.5,1.22
503,0,3,0.3466666666666667,0.25,0.4033333333333333,0.9933333333333334,0.3531666666666665,1.486842105263157,2.7,3.8,2.35
504,2,3,0.46,0.25,0.29,1.0,0.366,1.8421052631578947,2.0,3.9,3.4
505,1,3,0.13,0.21,0.66,1.0,0.33099999999999996,2.1421052631578945,7.5,4.33,1.44
506,0,3,0.6999999999999998,0.18000000000000002,0.12,1.0,0.2700000000000001,1.4210526315789473,1.36,5.0,8.0
507,1,3,0.15,0.23,0.62,1.0,0.45200000000000007,2.4210526315789473,6.5,4.0,1.5
508,1,3,0.626,0.229,0.145,1.0,0.2996,1.6842105263157894,1.5,4.1,6.5
509,1,3,0.3133333333333333,0.2733333333333334,0.41333333333333333,0.98,0.3906666666666667,1.8421052631578947,2.9,3.4,2.35
510,0,3,0.4157242757242758,0.28914085914085913,0.29513486513486514,0.9948651348651348,0.3852507492507492,1.8421052631578947,2.3,3.3,3.2
511,0,3,0.5,0.26,0.24,1.0,0.31999999999999956,1.6421052631578916,1.85,3.6,4.1
512,1,3,0.6150000000000001,0.2343333333333333,0.15066666666666664,0.99,0.30699999999999994,1.5263157894736843,1.57,3.9,6.25
513,1,3,0.3633333333333333,0.31666666666666665,0.32,0.9933333333333333,0.36916666666666653,1.6447368421052622,2.7,2.88,3.0
514,0,3,0.46546546546546547,0.25425425425425424,0.2802802802802803,1.0,0.36381381381381384,1.5263157894736843,2.05,3.75,3.4
515,2,3,0.23,0.22,0.55,1.0,0.4364858281525107,2.078326573648317,4.1,4.33,1.73
516,0,3,0.5463333333333333,0.26066666666666666,0.19299999999999998,0.9926666666666667,0.33366666666666667,1.8421052631578947,1.75,3.6,4.75
517,0,3,0.6166666666666667,0.21266666666666667,0.17066666666666666,0.9933333333333333,0.30533333333333335,1.4210526315789473,1.55,4.33,5.5
518,0,3,0.5233333333333333,0.23,0.24666666666666667,0.9933333333333333,0.3426666666666667,1.473684210526316,1.9,4.0,3.7
519,1,3,0.27,0.28,0.45,1.0,0.41322442157161465,1.6565838631090097,3.6,3.4,2.1
520,0,3,0.726,0.18000000000000002,0.09400000000000001,1.0,0.2596,1.5789473684210527,1.3,5.25,10.0
521,0,3,0.6193333333333334,0.23366666666666666,0.147,0.9956666666666667,0.30356666666666665,1.473684210526316,1.53,4.0,6.5
522,1,3,0.18000000000000002,0.20000000000000004,0.62,1.0,0.32450000000000007,1.781578947368421,5.25,4.75,1.53
523,0,3,0.315,0.326,0.359,1.0,0.34785735916087285,1.2939262540549417,3.0,2.9,2.63
524,2,3,0.6396666666666667,0.21,0.15033333333333332,0.9993333333333333,0.29433333333333334,1.9473684210526316,1.48,4.5,6.25
525,0,3,0.37799999999999995,0.326,0.296,1.0,0.24880000000000005,0.736842105263158,2.5,2.9,3.2
526,1,3,0.309,0.351,0.34,0.998,0.4633350372195031,2.301602002515986,3.1,2.7,2.8
527,0,3,0.53,0.22999999999999998,0.24,0.9766666666666667,0.30749999999999955,1.6973684210526288,1.85,4.0,3.8
528,0,3,0.43,0.31,0.26,1.0,0.378,1.8421052631578947,2.2,3.0,3.6
529,1,3,0.39666666666666667,0.28,0.3233333333333333,0.9933333333333333,0.3933333333333333,1.8421052631578947,2.38,3.4,3.0
530,0,3,0.34,0.28,0.38000000000000006,1.0,0.2965198398361682,1.2708340199604198,2.8,3.4,2.5
531,0,3,0.42,0.28,0.3,1.0,0.382,1.631578947368421,2.3,3.3,3.1
532,2,3,0.16666666666666666,0.2306666666666667,0.6026666666666666,0.9966666666666667,0.4599333333333334,2.8421052631578947,5.75,4.1,1.57
533,0,3,0.3673333333333333,0.25266666666666665,0.38000000000000006,0.9973333333333333,0.3109920523353318,1.3093505243408086,2.6,3.75,2.5
534,0,3,0.3,0.26,0.44,1.0,0.374,1.473684210526316,3.0,3.6,2.25
535,0,3,0.37666666666666665,0.3116666666666667,0.3116666666666667,0.9933333333333333,0.32633333333333336,1.3421052631578947,2.55,3.0,3.0
536,1,3,0.3,0.29,0.41,1.0,0.4139914525320716,1.870820209862933,3.1,3.3,2.35
537,0,3,0.593,0.271,0.136,1.0,0.3128,1.473684210526316,1.6,3.5,7.0
538,2,3,0.25,0.26,0.49,1.0,0.40150673058301095,2.0009220635358624,3.7,3.7,1.95
539,1,3,0.35333333333333333,0.27,0.37666666666666665,0.9866666666666667,0.36583333333333323,1.171052631578947,2.45,3.5,2.7
540,0,3,0.4601798201798202,0.2699100899100899,0.2699100899100899,0.9996403596403596,0.36603596403596406,1.8947368421052633,2.05,3.5,3.5
541,0,3,0.685,0.18899999999999997,0.126,1.0,0.27599999999999997,1.263157894736842,1.38,5.0,7.5
542,2,3,0.20333333333333337,0.24333333333333332,0.5533333333333333,0.99,0.4638439559400942,2.302234560068464,4.5,3.9,1.75
543,0,3,0.2333333333333333,0.25,0.5166666666666667,0.9866666666666667,0.4973333333333333,2.4210526315789473,3.8,3.75,1.91
544,1,3,0.5,0.25666666666666665,0.24333333333333332,0.9933333333333333,0.29949999999999993,1.5447368421052627,1.75,3.9,4.2
545,0,3,0.38000000000000006,0.28,0.34,1.0,0.39799999999999996,1.9473684210526316,2.5,3.4,2.8
546,0,3,0.809,0.118,0.073,1.0,0.07639999999999998,0.4736842105263158,1.17,8.0,13.0
547,2,3,0.28,0.26,0.46,1.0,0.44819147268292947,2.4426799933247927,3.4,3.6,2.05
548,2,3,0.25,0.25,0.5,1.0,0.35600639912101084,1.7242531871225284,3.4,3.8,2.0
549,2,3,0.3499999999999999,0.26,0.38999999999999996,1.0,0.40594225696357733,2.02698346747648,2.7,3.6,2.4
550,0,3,0.48333333333333334,0.27666666666666667,0.24,0.98,0.3648108631093433,1.3827156955827564,2.0,3.4,4.0
551,2,3,0.6526666666666667,0.21066666666666667,0.1366666666666667,0.9966666666666667,0.2899333333333333,1.2105263157894737,1.45,4.5,7.0
552,0,3,0.44,0.28,0.28,1.0,0.374,1.8947368421052633,2.15,3.4,3.4
553,2,3,0.36000000000000004,0.31,0.33,1.0,0.3630760841015416,1.5033142448874708,2.7,3.0,2.88
554,0,3,0.446,0.25533333333333336,0.29866666666666664,0.9946666666666667,0.3732,1.7894736842105263,2.15,3.7,3.2
555,2,3,0.18000000000000002,0.22,0.6,1.0,0.4600000000000001,2.473684210526316,5.0,4.2,1.6
556,0,3,0.4013333333333334,0.259,0.33966666666666673,0.9973333333333333,0.3902666666666667,1.736842105263158,2.35,3.7,2.8
557,1,3,0.5733333333333333,0.22666666666666668,0.20000000000000004,0.9933333333333333,0.19516666666666657,0.46578947368420953,1.65,4.1,4.75
558,1,3,0.3,0.32666666666666666,0.37333333333333335,0.9933333333333333,0.4148420004848332,1.8706425763316363,3.25,2.9,2.55
559,0,3,0.77,0.145,0.085,1.0,0.242,1.473684210526316,1.22,6.5,11.0
560,1,3,0.24666666666666667,0.2866666666666667,0.4666666666666666,0.9866666666666667,0.45325914534852596,1.8359966415047926,3.8,3.3,2.05
561,0,3,0.45,0.29,0.26,1.0,0.22000000000000003,0.4736842105263158,2.25,3.1,3.4
562,2,3,0.3499999999999999,0.32,0.33,1.0,0.41000000000000003,1.9473684210526316,2.7,2.9,2.9
563,0,3,0.658,0.19066666666666668,0.15133333333333332,0.998,0.2874,1.5263157894736843,1.45,5.0,6.25
564,2,3,0.3,0.3,0.4000000000000001,1.0,0.38999999999999996,1.7894736842105263,3.0,3.1,2.5
565,0,3,0.6197935397935398,0.19993339993339995,0.18027306027306025,0.9994538794538794,0.30224642024642023,1.5789473684210527,1.53,4.75,5.25
566,2,3,0.36000000000000004,0.31,0.33,1.0,0.3909999999999997,1.6894736842105247,2.63,3.0,2.9
567,0,3,0.52,0.3,0.18000000000000002,1.0,0.34199999999999997,1.631578947368421,1.83,3.1,5.25
568,2,3,0.451,0.306,0.243,1.0,0.3696,1.7894736842105263,2.1,3.1,3.9
569,2,3,0.19000000000000003,0.27,0.54,1.0,0.484,2.736842105263158,5.0,3.5,1.75
570,0,3,0.648,0.21333333333333335,0.1386666666666667,0.9933333333333333,0.2928,1.6842105263157894,1.48,4.33,7.0
571,2,3,0.2833333333333334,0.28,0.4366666666666667,0.9933333333333334,0.450806048644517,2.2792917862850848,3.2,3.3,2.25
572,2,3,0.47,0.29,0.24,1.0,0.32449999999999996,1.6447368421052628,2.05,3.2,4.0
573,1,3,0.145,0.18000000000000002,0.6750000000000002,1.0,0.42999999999999994,2.526315789473684,6.5,5.25,1.4
574,0,3,0.5,0.26,0.24,1.0,0.35,1.7894736842105263,1.85,3.75,4.0
575,2,3,0.20000000000000004,0.28,0.52,1.0,0.4723904892395884,2.711375191421817,4.75,3.4,1.83
576,1,3,0.24,0.27,0.49,1.0,0.32783779330697743,1.194006341344762,3.9,3.5,1.95
577,0,3,0.5733333333333333,0.24,0.18666666666666668,0.9933333333333333,0.3226666666666667,1.6842105263157894,1.67,3.9,5.0
578,2,3,0.5603333333333333,0.26833333333333337,0.17133333333333334,0.9966666666666667,0.32686666666666664,1.7894736842105263,1.7,3.6,5.5
579,1,3,0.63,0.207,0.163,1.0,0.1855,0.4605263157894737,1.48,4.5,5.75
580,1,3,0.32,0.2866666666666667,0.39333333333333337,0.9933333333333334,0.39862985821896124,1.973789698067929,3.0,3.3,2.4
581,1,3,0.27,0.3,0.43,1.0,0.3119861724840435,1.1388551849813422,3.5,3.2,2.2
582,2,3,0.52,0.26,0.22,1.0,0.34199999999999997,1.8421052631578947,1.85,3.6,4.1
583,0,3,0.5254745254745254,0.25574425574425574,0.21878121878121873,1.0,0.33981018981018984,1.6842105263157894,1.8,3.7,4.33
584,1,3,0.4749999999999999,0.293,0.232,1.0,0.3600000000000001,1.6842105263157894,2.0,3.25,4.1
585,2,3,0.27,0.3,0.43,1.0,0.453,2.1842105263157894,3.6,3.1,2.2
586,2,3,0.243,0.24533333333333332,0.5116666666666666,0.9886666666666667,0.3865494275483047,1.936317821082265,3.75,3.8,1.85
587,0,3,0.526,0.263,0.211,1.0,0.3396,1.9473684210526316,1.8,3.6,4.5
588,1,3,0.3,0.24666666666666667,0.45333333333333337,0.9933333333333333,0.31816666666666654,1.123684210526315,2.8,3.75,2.25
589,0,3,0.424,0.326,0.25,0.9933333333333333,0.23240000000000005,0.8421052631578947,2.25,2.9,3.8
590,2,3,0.4000000000000001,0.28,0.32,1.0,0.38999999999999996,1.473684210526316,2.38,3.4,3.0
591,1,3,0.41,0.3033333333333333,0.2866666666666667,0.9866666666666667,0.39,1.9473684210526316,2.4,3.1,3.2
592,0,3,0.7626666666666666,0.14400000000000002,0.09333333333333334,0.9926666666666667,0.24713333333333337,1.5263157894736843,1.25,6.5,10.0
593,2,3,0.25,0.27,0.48,1.0,0.4443289744944061,1.9439475492609533,3.9,3.5,2.0
594,0,3,0.7706666666666667,0.153,0.07633333333333334,0.9876666666666667,0.2454333333333333,1.1578947368421053,1.25,6.0,12.0
595,2,3,0.357,0.261,0.38199999999999995,0.994,0.41596440830428416,2.007832897467157,2.7,3.6,2.45
596,0,3,0.3,0.29,0.41,1.0,0.2809188900448305,1.0363013722286945,3.2,3.3,2.3
597,0,3,0.575,0.253,0.17200000000000001,1.0,0.32000000000000006,1.6842105263157894,1.65,3.75,5.5
598,0,3,0.771,0.157,0.072,1.0,0.24159999999999998,1.631578947368421,1.22,6.0,13.0
599,2,3,0.34,0.31,0.3499999999999999,1.0,0.40710687407827617,1.6122914412235951,2.75,3.0,2.7
600,0,3,0.5486666666666667,0.224,0.22733333333333336,0.996,0.3317333333333333,1.5263157894736843,1.73,4.2,4.2
601,0,3,0.64,0.21,0.15,1.0,0.294,1.736842105263158,1.48,4.33,6.5
602,0,3,0.459,0.3316666666666667,0.20933333333333334,0.9966666666666667,0.36739999999999995,1.9473684210526316,2.05,2.8,4.5
603,1,3,0.52,0.26,0.22,1.0,0.34199999999999997,1.631578947368421,1.85,3.5,4.2
604,1,3,0.438,0.248,0.314,1.0,0.3748,1.9473684210526316,2.15,3.8,3.0
605,0,3,0.86,0.09500000000000001,0.045000000000000005,1.0,0.05600000000000001,0.21052631578947367,1.1,10.0,21.0
606,1,3,0.57,0.24,0.19000000000000003,1.0,0.32200000000000006,1.5789473684210527,1.67,3.9,4.75
607,0,3,0.7920000000000001,0.124,0.084,0.992,0.23559999999999992,1.263157894736842,1.2,7.5,11.0
608,2,3,0.5986666666666666,0.25033333333333335,0.151,0.9973333333333333,0.3113333333333334,1.6842105263157894,1.6,3.8,6.25
609,2,3,0.36000000000000004,0.29,0.3499999999999999,1.0,0.4059999999999999,1.9473684210526316,2.63,3.3,2.7
610,0,3,0.21266666666666667,0.225,0.5623333333333332,0.9856666666666667,0.45641735208208156,2.531215095751888,4.33,4.2,1.7
611,2,3,0.3333333333333333,0.27,0.39666666666666667,0.9933333333333333,0.2877425397793776,0.7697455868332774,2.8,3.4,2.45
612,0,3,0.55,0.24666666666666667,0.20333333333333337,0.9933333333333333,0.33199999999999996,1.6842105263157894,1.73,3.75,4.5
613,1,3,0.1366666666666667,0.17,0.6933333333333334,0.9933333333333333,0.42466666666666664,2.1578947368421053,7.0,5.5,1.38
614,2,3,0.5066666666666667,0.27,0.22333333333333336,0.9933333333333333,0.34933333333333333,1.631578947368421,1.85,3.5,4.33
615,0,3,0.314,0.327,0.359,1.0,0.341485363839531,1.3567094431407325,3.0,2.88,2.63
616,2,3,0.10000000000000002,0.15,0.75,1.0,0.4,2.2105263157894735,10.0,6.25,1.25
617,0,3,0.5813333333333333,0.23866666666666667,0.18000000000000002,0.9973333333333333,0.3182666666666667,1.631578947368421,1.62,4.0,5.25
618,2,3,0.35666666666666663,0.3333333333333333,0.31,0.9933333333333333,0.3785366725702779,1.7420573492989284,2.75,2.75,3.1
619,2,3,0.36000000000000004,0.29,0.3499999999999999,1.0,0.4059999999999999,1.7894736842105263,2.63,3.25,2.7
620,0,3,0.4013333333333334,0.2796666666666667,0.319,0.9973333333333333,0.3902666666666667,1.5789473684210527,2.35,3.4,3.0
621,1,3,0.5,0.24,0.26,1.0,0.35,1.5789473684210527,1.95,3.9,3.5
622,0,3,0.65,0.20000000000000004,0.15,1.0,0.29,1.3157894736842106,1.5,4.5,6.25
623,2,3,0.20000000000000004,0.24,0.56,1.0,0.36349999999999993,1.723684210526316,4.75,4.0,1.7
624,2,3,0.5326666666666667,0.25066666666666665,0.21666666666666667,0.9926666666666667,0.1891333333333333,0.368421052631579,1.8,3.8,4.33
625,0,3,0.68,0.20000000000000004,0.12,1.0,0.27799999999999997,1.5789473684210527,1.4,4.75,8.0
626,2,3,0.32,0.29,0.38999999999999996,1.0,0.40688618730758974,1.7174868627523525,3.0,3.3,2.45
627,2,3,0.46,0.26,0.28,1.0,0.366,1.8947368421052633,2.05,3.7,3.4
628,0,3,0.34,0.27,0.38999999999999996,1.0,0.4218739537122187,1.7121421475551417,2.7,3.5,2.45
629,1,3,0.33,0.29666666666666663,0.37333333333333335,0.9933333333333333,0.45641082831488644,2.253031253093395,2.88,3.2,2.55
630,2,3,0.20333333333333334,0.21,0.5866666666666666,0.9933333333333333,0.4200003594116818,2.2107626299960073,4.75,4.5,1.57
631,2,3,0.20000000000000004,0.26,0.54,1.0,0.4620562763042565,2.5905506139582015,4.75,3.7,1.75
632,1,3,0.474,0.2853333333333334,0.24066666666666667,0.9926666666666667,0.36260000000000003,1.7894736842105263,2.0,3.3,3.9
633,2,3,0.6195395395395397,0.23707874541207874,0.1433817150483817,0.9961578244911579,0.30333683683683677,1.6842105263157894,1.53,4.0,6.5
634,1,3,0.52,0.25,0.23,1.0,0.2819999999999997,1.3368421052631558,1.85,3.75,4.0
635,0,3,0.55,0.22,0.23,1.0,0.32999999999999996,1.8947368421052633,1.67,4.33,4.33
636,2,3,0.44,0.27,0.29,1.0,0.2615000000000002,1.1447368421052642,2.15,3.5,3.3
637,2,3,0.19000000000000003,0.23,0.58,1.0,0.4680000000000001,2.3684210526315788,5.0,4.2,1.62
638,0,3,0.6643356643356643,0.20979020979020976,0.12587412587412586,1.0,0.2842657342657343,1.263157894736842,1.42,4.5,7.5
639,2,3,0.24,0.25,0.51,1.0,0.4024444631973821,2.06050694763167,4.0,3.75,1.85
640,1,3,0.688871128871129,0.17455211455211458,0.13657675657675658,0.9911288711288712,0.12711288711288707,0.6842105263157895,1.36,5.5,7.0
641,0,3,0.24,0.27,0.49,1.0,0.4769759759329877,2.0303661553427244,3.9,3.5,1.95
642,2,3,0.3,0.29,0.41,1.0,0.39385890667956436,1.8418663954076215,3.1,3.25,2.38
643,2,3,0.20000000000000004,0.25,0.55,1.0,0.45089950172623683,2.069154572911754,4.75,3.75,1.73
644,2,3,0.42,0.28,0.3,1.0,0.382,1.8421052631578947,2.25,3.4,3.2
645,1,3,0.6766666666666667,0.17666666666666667,0.14666666666666664,0.9933333333333333,0.2813333333333333,1.7894736842105263,1.4,5.25,6.5
646,0,3,0.4000000000000001,0.28,0.32,1.0,0.37499999999999994,1.7947368421052632,2.38,3.5,3.0
647,0,3,0.2913333333333333,0.249,0.45966666666666667,0.9873333333333334,0.332882823427386,1.4372071269428075,3.3,3.8,2.0
648,2,3,0.3316666666666667,0.2806666666666667,0.38766666666666666,0.982,0.4003333333333333,1.736842105263158,2.7,3.3,2.5
649,1,3,0.3663663663663664,0.32232232232232233,0.3113113113113113,1.0,0.2534534534534535,0.7894736842105263,2.55,2.9,3.0
650,0,3,0.482,0.26933333333333337,0.24866666666666667,0.998,0.3578,1.631578947368421,1.95,3.5,3.8
651,2,3,0.20000000000000004,0.19333333333333336,0.6066666666666666,0.9933333333333333,0.45933333333333337,2.7894736842105265,4.5,4.75,1.62
652,0,3,0.7593333333333333,0.14733333333333332,0.09333333333333334,0.9966666666666667,0.09726666666666667,0.7894736842105263,1.25,6.5,10.0
653,0,3,0.20000000000000004,0.26,0.54,1.0,0.484,2.6842105263157894,4.75,3.6,1.75
654,1,3,0.28,0.25,0.47,1.0,0.42613727168662774,2.006529179665237,3.3,3.75,2.05
655,0,3,0.7293333333333333,0.17066666666666666,0.10000000000000002,0.9986666666666667,0.13116666666666668,0.8342105263157895,1.3,5.5,9.5
656,2,3,0.25,0.24,0.51,1.0,0.4634152047593074,2.5722417159392426,3.75,4.0,1.85
657,1,3,0.23,0.24,0.53,1.0,0.46978692830588986,2.4048953115129503,4.2,4.0,1.75
658,0,3,0.27,0.26,0.47,0.98,0.44536715020144846,1.9894652118693057,3.4,3.7,2.05
659,0,3,0.34,0.33,0.33,1.0,0.37649999999999983,1.5394736842105252,2.75,2.88,2.9
660,1,3,0.5,0.27,0.23,1.0,0.27499999999999986,1.1842105263157885,2.0,3.4,3.75
661,0,3,0.38000000000000006,0.29,0.33,1.0,0.39799999999999996,1.8947368421052633,2.5,3.3,2.88
662,2,3,0.19000000000000003,0.24,0.57,1.0,0.4404421725792107,2.1580355364929833,5.0,3.9,1.67
663,0,3,0.5486666666666667,0.23866666666666667,0.21266666666666667,0.9946666666666667,0.27963333333333323,1.3868421052631574,1.73,4.0,4.33
664,0,3,0.3,0.28,0.42,1.0,0.382,1.7894736842105263,2.8,3.2,2.55
665,0,3,0.584,0.252,0.164,1.0,0.16640000000000002,0.7894736842105263,1.62,3.75,5.75
666,0,3,0.23,0.27,0.5,1.0,0.35,1.8421052631578947,4.2,3.5,1.9
667,0,3,0.38000000000000006,0.28,0.34,1.0,0.4130496031189671,1.5740148979860964,2.7,3.25,2.63
668,0,3,0.7295138195138194,0.15123210123210123,0.11925407925407927,0.9987678987678988,0.25856410256410256,1.6842105263157894,1.3,6.25,8.0
669,0,3,0.46,0.29,0.25,1.0,0.366,1.8947368421052633,2.05,3.25,3.9
670,0,3,0.61,0.218,0.17200000000000001,1.0,0.30600000000000005,1.8947368421052633,1.55,4.33,5.5
671,0,3,0.18099999999999997,0.25,0.569,1.0,0.47240000000000004,2.6315789473684212,5.25,3.8,1.67
672,0,3,0.36999999999999994,0.29,0.34,1.0,0.33630140589322854,1.3514830568320495,2.6,3.3,2.8
673,0,3,0.58,0.21,0.21,1.0,0.31800000000000006,1.8421052631578947,1.62,4.5,4.5
674,1,3,0.33,0.3,0.36999999999999994,1.0,0.4721857517050332,2.4152734324195198,2.9,3.1,2.63
675,0,3,0.399,0.27066666666666667,0.33033333333333337,0.998,0.391,1.8421052631578947,2.4,3.5,2.88
676,2,3,0.542,0.258,0.20000000000000004,0.998,0.3338,1.9473684210526316,1.75,3.7,4.75
677,1,3,0.6,0.22,0.18000000000000002,1.0,0.31000000000000005,1.368421052631579,1.6,4.2,5.25
678,2,3,0.4000000000000001,0.28,0.32,1.0,0.38999999999999996,1.736842105263158,2.4,3.4,2.9
679,2,3,0.7557557557557558,0.14514514514514515,0.0990990990990991,1.0,0.13519769769769768,0.7763157894736843,1.25,6.5,9.5
680,1,3,0.4183333333333333,0.307,0.27466666666666667,0.9913333333333333,0.38526666666666676,1.8421052631578947,2.25,3.0,3.4
681,0,3,0.4000000000000001,0.31,0.29,1.0,0.2924999999999998,1.086842105263157,2.38,3.1,3.25
682,1,3,0.48133333333333334,0.278,0.24066666666666667,0.998,0.35806666666666664,1.6842105263157894,1.95,3.4,3.9
683,0,3,0.3566666666666667,0.33,0.3133333333333333,0.98,0.4424295478099598,2.036080026335404,2.55,2.8,3.1
684,0,3,0.162,0.26866666666666666,0.5693333333333332,0.998,0.47286666666666666,2.3684210526315788,5.75,3.5,1.65
685,0,3,0.46,0.29,0.25,1.0,0.366,1.5263157894736843,2.05,3.25,3.9
686,0,3,0.4643143143143143,0.2781848515181849,0.25750083416750086,0.9856856856856857,0.2185685685685686,0.9473684210526316,2.0,3.4,3.75
687,0,3,0.4000000000000001,0.29,0.31,1.0,0.38999999999999996,1.6842105263157894,2.45,3.2,3.0
688,0,3,0.25666666666666665,0.28,0.4633333333333334,0.9933333333333334,0.39746263704426543,1.7842538376050445,3.75,3.4,2.05
689,2,3,0.17400000000000002,0.25166666666666665,0.5743333333333333,0.9916666666666667,0.47276666666666667,2.526315789473684,5.5,3.7,1.65
690,0,3,0.567,0.243,0.19000000000000003,1.0,0.32320000000000004,1.9473684210526316,1.67,3.9,5.0
691,2,3,0.37399999999999994,0.308,0.318,1.0,0.4004000000000001,1.8947368421052633,2.55,3.1,3.0
692,2,3,0.38000000000000006,0.33,0.29,1.0,0.32299999999999995,1.1842105263157894,2.5,2.88,3.3
693,2,3,0.20000000000000004,0.24,0.56,1.0,0.476,2.4210526315789473,4.75,4.0,1.67
694,0,3,0.3,0.27,0.43,1.0,0.4112748415516905,1.7481480664849538,3.0,3.4,2.35
695,2,3,0.5254745254745254,0.25574425574425574,0.21878121878121873,1.0,0.33981018981018984,1.5789473684210527,1.8,3.7,4.33
696,0,3,0.38000000000000006,0.33,0.29,1.0,0.2948611041195961,1.101881045007834,2.45,2.8,3.3
697,0,3,0.4566666666666667,0.29,0.25333333333333335,0.9933333333333333,0.2193333333333333,0.7894736842105263,2.15,3.2,3.6
698,0,3,0.3793333333333333,0.32866666666666666,0.292,0.996,0.3654426121168808,1.4573834959838836,2.5,2.9,3.2
699,0,3,0.5233333333333333,0.25,0.22666666666666668,0.9933333333333333,0.3426666666666667,1.631578947368421,1.85,3.75,4.0
700,2,3,0.24,0.27,0.49,1.0,0.4056967948156269,2.1341189829813723,3.9,3.5,1.95
701,0,3,0.5565565565565566,0.22522522522522523,0.21821821821821819,1.0,0.2748773773773773,1.2289473684210521,1.7,4.2,4.33
702,0,3,0.7313333333333333,0.17200000000000001,0.09666666666666668,0.9966666666666667,0.2584666666666667,1.4210526315789473,1.3,5.5,10.0
703,0,3,0.794,0.134,0.07200000000000001,0.994,0.23419999999999996,1.1578947368421053,1.2,7.0,13.0
704,2,3,0.36836836836836834,0.33233233233233234,0.29929929929929927,1.0,0.3651526526526525,1.6973684210526305,2.6,2.88,3.2
705,0,3,0.8533333333333334,0.10333333333333333,0.043333333333333335,0.9933333333333333,0.07566666666666644,0.09999999999999849,1.11,9.0,21.0
706,0,3,0.703,0.18699999999999997,0.11,1.0,0.26880000000000004,1.8421052631578947,1.33,5.0,8.5
707,0,3,0.55,0.25,0.20000000000000004,1.0,0.32999999999999996,1.6842105263157894,1.73,3.75,4.75
708,2,3,0.24333333333333332,0.29,0.4666666666666666,0.9933333333333334,0.4835116707020116,2.314171371931539,3.9,3.25,2.05
709,0,3,0.5233333333333333,0.24666666666666667,0.23,0.9933333333333333,0.2826666666666664,1.231578947368419,1.85,3.8,4.0
710,2,3,0.102,0.14200000000000002,0.7559999999999999,0.992,0.4,2.2105263157894735,9.0,6.5,1.27
711,2,3,0.3499999999999999,0.2933333333333333,0.35666666666666663,0.9933333333333333,0.4093333333333333,1.8421052631578947,2.75,3.2,2.7
712,0,3,0.54,0.23,0.23,1.0,0.33399999999999996,1.6842105263157894,1.75,4.1,4.0
713,0,3,0.54,0.24066666666666667,0.21933333333333335,0.9986666666666667,0.3344,1.8947368421052633,1.75,3.9,4.33
714,2,3,0.5,0.24666666666666667,0.25333333333333335,0.9933333333333333,0.352,1.8421052631578947,2.0,3.75,3.4
715,0,3,0.4706666666666666,0.2886666666666666,0.24066666666666667,0.9973333333333333,0.3625333333333334,1.8947368421052633,2.0,3.3,3.9
716,0,3,0.5,0.28,0.22,1.0,0.35,1.9473684210526316,1.85,3.4,4.33
717,2,3,0.25,0.27,0.48,1.0,0.42965537338430293,1.6882288050181598,3.3,3.4,2.2
718,0,3,0.33,0.29666666666666663,0.37333333333333335,0.9933333333333333,0.46973737800694815,2.289243338759771,2.88,3.2,2.55
719,1,3,0.4481851481851482,0.28990342990342993,0.26191142191142197,0.9961771561771562,0.37187279387279387,1.7894736842105263,2.15,3.3,3.6
720,0,3,0.28,0.28,0.44,1.0,0.39560199628780823,1.880855413848546,3.4,3.4,2.2
721,0,3,0.588,0.224,0.18800000000000003,1.0,0.3148,1.5263157894736843,1.6,4.2,5.0
722,2,3,0.24,0.25,0.51,1.0,0.38808949955543887,2.070070347913452,4.0,3.8,1.85
723,2,3,0.4870096570096571,0.2938028638028638,0.2191874791874792,0.9961971361971362,0.3563369963369963,1.9473684210526316,1.95,3.2,4.33
724,1,3,0.25,0.26,0.49,1.0,0.4838395857921802,2.5498077649303243,3.75,3.6,1.95
725,2,3,0.12733333333333333,0.22266666666666668,0.65,0.9973333333333333,0.44079999999999997,2.263157894736842,7.5,4.2,1.45
726,0,3,0.36000000000000004,0.29,0.3499999999999999,1.0,0.40795255232080196,1.7498591207351712,2.7,3.3,2.7
727,0,3,0.21992673992673992,0.27990675990675995,0.5001665001665002,0.9996669996669997,0.5000333000333,2.5789473684210527,4.33,3.4,1.9
728,1,3,0.874,0.07600000000000001,0.05000000000000001,0.994,0.2022,1.1052631578947367,1.09,12.0,19.0
729,1,3,0.626,0.217,0.157,1.0,0.2996,1.473684210526316,1.5,4.33,6.0
730,0,3,0.4633333333333333,0.2866666666666667,0.25,0.9866666666666667,0.3686666666666667,1.631578947368421,2.1,3.2,3.75
731,2,3,0.28,0.3,0.42,1.0,0.4454961733900671,2.3706762436530786,3.4,3.1,2.25
732,0,3,0.5,0.26,0.24,1.0,0.35,1.7894736842105263,2.05,3.5,3.5
733,2,3,0.34,0.25,0.41,1.0,0.386,1.736842105263158,2.8,3.8,2.35
734,1,3,0.534,0.248,0.218,0.996,0.3376,1.631578947368421,1.75,3.8,4.33
735,2,3,0.16666666666666666,0.2333333333333333,0.6,0.9933333333333333,0.4620000000000001,2.3684210526315788,5.75,4.0,1.57
736,2,3,0.21,0.29,0.5,1.0,0.4249999999999998,1.763157894736841,4.5,3.3,1.9
737,0,3,0.63,0.19666666666666668,0.17333333333333334,0.98,0.304,1.473684210526316,1.57,4.5,5.25
738,1,3,0.5733333333333333,0.21,0.21666666666666667,0.9933333333333333,0.3226666666666667,1.9473684210526316,1.73,4.33,4.2
739,1,3,0.3633333333333333,0.3,0.33666666666666667,0.9866666666666667,0.37116666666666664,1.434210526315789,2.55,3.2,2.9
740,0,3,0.43,0.315,0.255,1.0,0.378,1.8947368421052633,2.2,3.0,3.7
741,0,3,0.64,0.20000000000000004,0.16,1.0,0.294,1.6842105263157894,1.48,4.75,6.0
742,1,3,0.456,0.29266666666666663,0.25133333333333335,0.9913333333333333,0.37020000000000003,1.9473684210526316,2.05,3.2,3.8
743,1,3,0.52,0.25,0.23,1.0,0.34199999999999997,1.9473684210526316,1.85,3.7,4.1
744,0,3,0.7920000000000001,0.124,0.084,0.992,0.23559999999999992,1.1578947368421053,1.2,7.5,11.0
745,2,3,0.26,0.2733333333333334,0.4666666666666666,0.9766666666666667,0.3737516975484886,1.7069996210834912,3.4,3.4,2.1
746,0,3,0.44,0.32,0.24,1.0,0.374,1.736842105263158,2.2,2.88,4.0
747,2,3,0.15666666666666665,0.23,0.6133333333333333,0.9933333333333333,0.45666666666666667,2.6842105263157894,6.25,4.1,1.53
748,0,3,0.7982017982017982,0.12787212787212787,0.07392607392607392,1.0,0.23071928071928074,1.4210526315789473,1.2,7.5,13.0
749,1,3,0.64,0.21,0.15,1.0,0.294,1.6842105263157894,1.48,4.5,6.25
750,2,3,0.2733333333333334,0.26,0.4666666666666666,0.9933333333333334,0.37981082020980994,2.0438850002291424,3.6,3.6,2.0
751,1,3,0.34,0.26,0.4000000000000001,1.0,0.4208960137494627,1.83755237236484,2.8,3.6,2.3
752,0,3,0.33,0.3,0.36999999999999994,1.0,0.402,1.368421052631579,2.88,3.1,2.63
753,1,3,0.4000000000000001,0.27,0.33,1.0,0.38999999999999996,1.6842105263157894,2.4,3.5,2.88
754,0,3,0.4711754911754911,0.31522810522810524,0.2135964035964036,0.9921578421578421,0.36388245088245097,1.8421052631578947,2.0,3.0,4.5
755,1,3,0.3,0.28,0.42,1.0,0.4345342593250351,2.0870705007633914,3.0,3.3,2.38
756,1,3,0.28,0.29,0.43,1.0,0.44686880321377975,1.9854411442322155,3.4,3.2,2.2
757,1,3,0.43733333333333335,0.27033333333333337,0.29233333333333333,0.9946666666666667,0.3391666666666665,1.5921052631578938,2.2,3.5,3.2
758,2,3,0.44333333333333336,0.24733333333333332,0.3093333333333333,0.9966666666666667,0.3361666666666665,1.6447368421052622,2.15,3.9,3.1
759,2,3,0.4000000000000001,0.27,0.33,1.0,0.38999999999999996,1.6842105263157894,2.35,3.5,2.9
760,1,3,0.49,0.25066666666666665,0.25933333333333336,0.9986666666666667,0.3544,1.9473684210526316,1.95,3.8,3.7
761,1,3,0.62,0.24,0.14,1.0,0.30200000000000005,1.9473684210526316,1.53,3.9,7.0
762,2,3,0.375,0.302,0.323,1.0,0.44640385625117696,2.09883272588504,2.5,3.1,2.9
763,0,3,0.38000000000000006,0.32666666666666666,0.2933333333333333,0.9933333333333333,0.32499999999999996,1.3947368421052633,2.5,2.9,3.2
764,0,3,0.4766666666666666,0.25666666666666665,0.26666666666666666,0.99,0.3623333333333334,1.736842105263158,2.0,3.7,3.6
765,1,3,0.48,0.29,0.23,1.0,0.358,1.736842105263158,2.0,3.2,4.2
766,2,3,0.42,0.3,0.28,1.0,0.2695000000000002,0.8815789473684219,2.35,3.1,3.3
767,0,3,0.46,0.29,0.25,1.0,0.366,1.5263157894736843,2.05,3.25,3.9
768,1,3,0.48133333333333334,0.2886666666666666,0.23,0.9973333333333333,0.20826666666666668,0.9473684210526316,1.95,3.3,4.1
769,2,3,0.073,0.09900000000000002,0.828,1.0,0.2188,1.2105263157894737,13.0,9.5,1.14
770,2,3,0.25466666666666665,0.2846666666666666,0.4606666666666667,0.9946666666666667,0.46083654405100727,2.51809158022309,3.75,3.3,2.05
771,2,3,0.24524524524524524,0.21521521521521522,0.5395395395395396,1.0,0.46390913210230367,2.7595698282260592,3.8,4.33,1.73
772,0,3,0.55,0.28,0.17,1.0,0.20249999999999999,0.9394736842105263,1.73,3.3,5.5
773,2,3,0.19000000000000003,0.25,0.56,1.0,0.3485,1.413157894736842,5.0,3.8,1.7
774,2,3,0.5033333333333333,0.2833333333333334,0.21333333333333335,0.99,0.3516666666666667,1.8947368421052633,1.85,3.3,4.75
775,0,3,0.36999999999999994,0.2833333333333334,0.3466666666666667,0.9933333333333334,0.404,1.8947368421052633,2.63,3.3,2.75
776,0,3,0.3833333333333333,0.25666666666666665,0.36000000000000004,0.9933333333333333,0.28616666666666657,0.9342105263157885,2.5,3.7,2.6
777,2,3,0.5066666666666667,0.24666666666666667,0.24666666666666667,0.9866666666666667,0.35133333333333333,1.9473684210526316,1.75,4.0,4.2
778,2,3,0.3,0.28,0.42,1.0,0.3976160202663285,1.9462120649334174,3.0,3.3,2.35
779,2,3,0.13,0.23,0.64,1.0,0.354,1.7157894736842105,7.5,4.1,1.48
780,1,3,0.29,0.33,0.38000000000000006,1.0,0.46157644651994645,2.3185798189049063,3.3,2.9,2.5
781,0,3,0.7933333333333333,0.12666666666666668,0.08,0.9866666666666667,0.23666666666666664,1.368421052631579,1.22,7.0,11.0
782,2,3,0.529,0.28,0.19099999999999998,1.0,0.33840000000000003,1.9473684210526316,1.8,3.4,5.0
783,1,3,0.26666666666666666,0.3,0.43333333333333335,0.9933333333333333,0.38233149032912184,1.4981163682760166,3.6,3.1,2.2
784,0,3,0.26,0.28,0.46,1.0,0.4970968795896542,2.610821302527519,3.75,3.4,2.05
785,0,3,0.42,0.28,0.3,1.0,0.382,1.9473684210526316,2.25,3.4,3.2
786,0,3,0.7133333333333333,0.17066666666666666,0.11599999999999999,0.9926666666666667,0.2668666666666667,1.5263157894736843,1.33,5.5,8.0
787,2,3,0.18666666666666668,0.22666666666666668,0.5866666666666666,0.9866666666666667,0.33433333333333337,1.3631578947368421,5.0,4.2,1.62
788,2,3,0.20000000000000004,0.28,0.52,1.0,0.3645,1.6236842105263158,4.75,3.4,1.83
789,2,3,0.28,0.27,0.45,1.0,0.4144092064460444,1.7697455868332783,3.2,3.3,2.0
790,0,3,0.6880000000000001,0.18699999999999997,0.125,1.0,0.2748,1.0526315789473686,1.36,5.0,7.5
791,2,3,0.15,0.26,0.59,1.0,0.4640000000000001,2.526315789473684,6.5,3.6,1.6
792,1,3,0.33666666666666667,0.29,0.37333333333333335,0.9933333333333333,0.41479833486726014,1.6071935774776405,2.9,3.2,2.55
793,1,3,0.484,0.291,0.225,1.0,0.35640000000000005,1.8421052631578947,1.95,3.25,4.2
794,2,3,0.4366666666666667,0.2733333333333334,0.29,0.9933333333333333,0.302333333333333,1.0789473684210507,2.2,3.4,3.25
795,0,3,0.6,0.25333333333333335,0.14666666666666664,0.9966666666666667,0.31100000000000005,1.368421052631579,1.57,3.7,6.5
796,0,3,0.6960000000000001,0.17666666666666667,0.12733333333333333,0.9933333333333333,0.2736,1.8947368421052633,1.36,5.25,7.5
797,1,3,0.28,0.26,0.46,1.0,0.3344644351282846,1.3160786903289148,3.4,3.7,2.1
798,2,3,0.5066666666666667,0.27,0.22333333333333336,0.9933333333333333,0.34933333333333333,1.631578947368421,1.83,3.5,4.2
799,1,3,0.6,0.21,0.19000000000000003,1.0,0.31000000000000005,1.4210526315789473,1.62,4.5,5.0
800,2,3,0.18000000000000002,0.22,0.6,1.0,0.4600000000000001,2.5789473684210527,5.5,4.2,1.57
801,1,3,0.6960000000000001,0.17266666666666666,0.13133333333333333,0.992,0.27399999999999997,1.3157894736842106,1.36,5.25,7.0
802,1,3,0.43,0.29,0.28,1.0,0.2655000000000002,0.9868421052631589,2.2,3.25,3.4
803,1,3,0.14,0.19000000000000003,0.67,1.0,0.43199999999999994,2.7894736842105265,7.0,5.0,1.42
804,1,3,0.6417617617617618,0.21080747414080747,0.14743076409743075,0.9974307640974307,0.29406606606606606,1.473684210526316,1.48,4.5,6.5
805,1,3,0.4000000000000001,0.27,0.33,1.0,0.38999999999999996,1.8947368421052633,2.4,3.5,2.88
806,2,3,0.3333333333333333,0.27666666666666667,0.38999999999999996,0.96,0.406,1.5789473684210527,2.55,3.2,2.88
807,2,3,0.16,0.24,0.6,1.0,0.3325000000000001,1.4657894736842105,6.0,3.9,1.57
808,1,3,0.46146146146146155,0.32832832832832837,0.21021021021021022,1.0,0.21541541541541537,0.8421052631578947,2.05,2.88,4.5
809,1,3,0.5066666666666667,0.2933333333333334,0.20000000000000004,0.9866666666666667,0.20883333333333334,0.9447368421052632,1.91,3.2,4.75
810,0,3,0.5066666666666667,0.26666666666666666,0.22666666666666668,0.9866666666666667,0.35133333333333333,1.263157894736842,1.91,3.5,4.0
811,2,3,0.16133333333333333,0.20966666666666667,0.629,0.9973333333333333,0.44920000000000004,2.7894736842105265,5.75,4.5,1.5
812,2,3,0.5564435564435565,0.2407592407592407,0.20279720279720279,1.0,0.3274225774225774,1.8947368421052633,1.73,4.0,4.75
813,1,3,0.3,0.2733333333333334,0.4266666666666667,0.9933333333333333,0.5313333333333333,2.8421052631578947,3.1,3.4,2.25
814,2,3,0.46697697697697693,0.2528361695028362,0.28018685352018685,0.996976976976977,0.326616116116116,1.5921052631578938,2.05,3.75,3.4
815,1,3,0.4506666666666667,0.29066666666666663,0.25866666666666666,0.9973333333333333,0.3705333333333333,1.6842105263157894,2.1,3.25,3.7
816,0,3,0.5396666666666667,0.26066666666666666,0.19966666666666666,0.9986666666666667,0.19953333333333328,0.8368421052631579,1.75,3.6,4.75
817,0,3,0.655,0.21,0.135,1.0,0.16799999999999998,0.8842105263157894,1.44,4.5,7.0
818,1,3,0.30866666666666664,0.3296666666666667,0.36166666666666664,0.9966666666666667,0.38062828585143,1.3549488062609953,3.1,2.88,2.6
819,2,3,0.3,0.2733333333333334,0.4266666666666667,0.9933333333333333,0.41927331895680253,1.8318806059108477,3.1,3.4,2.25
820,0,3,0.41766666666666663,0.30233333333333334,0.28,0.9953333333333333,0.30933333333333335,1.236842105263158,2.3,3.1,3.4
821,2,3,0.16,0.21,0.63,1.0,0.44799999999999995,2.263157894736842,6.0,4.5,1.5
822,0,3,0.3633333333333333,0.27666666666666667,0.36000000000000004,0.9933333333333333,0.40666666666666673,1.8947368421052633,2.6,3.4,2.63
823,1,3,0.769,0.167,0.064,1.0,0.2424,1.473684210526316,1.25,5.75,15.0
824,0,3,0.47,0.29,0.24,1.0,0.28700000000000003,1.0263157894736843,2.0,3.25,3.9
825,0,3,0.84,0.11,0.05000000000000001,1.0,0.21400000000000002,1.368421052631579,1.13,8.5,19.0
826,2,3,0.36000000000000004,0.32,0.32,1.0,0.3317770053622819,1.242022141011704,2.63,2.9,2.9
827,0,3,0.685,0.18899999999999997,0.126,1.0,0.15599999999999997,0.9368421052631579,1.38,5.0,7.5
828,0,3,0.634,0.207,0.159,1.0,0.2964,1.7894736842105263,1.5,4.6,6.0
829,1,3,0.48866666666666664,0.27033333333333337,0.241,0.9973333333333333,0.3553333333333334,1.7894736842105263,1.95,3.5,3.9
830,1,3,0.26,0.25,0.49,1.0,0.504,2.3684210526315788,3.6,3.8,1.91
831,2,3,0.41766666666666663,0.30233333333333334,0.28,0.9953333333333333,0.2718333333333332,1.0921052631578938,2.3,3.1,3.4
832,2,3,0.25,0.30666666666666664,0.44333333333333336,0.9933333333333333,0.4961985666970643,2.652317930027212,3.8,3.0,2.15
833,1,3,0.64,0.19000000000000003,0.17,1.0,0.294,1.8421052631578947,1.5,5.0,5.5
834,1,3,0.52,0.26,0.22,1.0,0.34199999999999997,1.6842105263157894,1.85,3.7,4.2
835,1,3,0.5,0.3133333333333333,0.18666666666666668,0.9933333333333333,0.277,1.131578947368421,2.0,2.8,5.25
836,0,3,0.5,0.28,0.22,1.0,0.30499999999999994,1.4368421052631575,1.9,3.4,4.33
837,2,3,0.751,0.15,0.09900000000000002,1.0,0.2496,1.3157894736842106,1.25,6.25,9.5
838,1,3,0.24,0.25,0.51,1.0,0.496,2.6842105263157894,4.0,3.75,1.85
839,1,3,0.33666666666666667,0.29,0.37333333333333335,0.9933333333333333,0.35016666666666624,1.1236842105263127,2.8,3.2,2.6
840,2,3,0.38999999999999996,0.3,0.31,1.0,0.31900000000000006,1.236842105263158,2.45,3.2,3.1
841,0,3,0.5628105228105228,0.23392274392274393,0.20326673326673328,0.9866000666000666,0.2013957708957709,0.886842105263158,1.67,4.1,4.75
842,0,3,0.5574425574425574,0.25274725274725274,0.1898101898101898,1.0,0.25202297702297705,1.0789473684210527,1.7,3.75,5.0
843,0,3,0.36000000000000004,0.29,0.3499999999999999,1.0,0.4059999999999999,1.736842105263158,2.38,3.2,3.1
844,2,3,0.55,0.24,0.21,1.0,0.32999999999999996,1.473684210526316,1.73,3.8,4.5
845,2,3,0.20000000000000004,0.27,0.53,1.0,0.488,2.3157894736842106,4.75,3.4,1.75
846,2,3,0.19000000000000003,0.27,0.54,1.0,0.484,2.3684210526315788,5.0,3.4,1.75
847,2,3,0.18666666666666668,0.25333333333333335,0.5599999999999999,0.9866666666666667,0.4800000000000001,2.7894736842105265,5.25,3.7,1.67
848,2,3,0.32666666666666666,0.27,0.4033333333333333,0.9933333333333334,0.37037466607710057,1.8120884171221912,2.9,3.5,2.35
849,2,3,0.3133333333333333,0.2846666666666666,0.40199999999999997,0.992,0.44126994652023,2.173238239959427,3.0,3.3,2.38
850,2,3,0.45,0.3,0.25,1.0,0.37,1.8947368421052633,2.2,3.1,3.6
851,2,3,0.10000000000000002,0.20000000000000004,0.6999999999999998,1.0,0.42000000000000004,2.263157894736842,10.0,4.75,1.33
852,1,3,0.4000000000000001,0.31666666666666665,0.2833333333333334,0.9933333333333334,0.3919999999999999,1.368421052631579,2.3,3.0,3.5
853,1,3,0.7268498168498169,0.1892074592074592,0.08394272394272395,0.9960572760572761,0.26044289044289043,1.2105263157894737,1.3,5.0,11.0
854,1,3,0.3,0.27,0.43,1.0,0.3935736337250687,1.7354031722022123,2.9,3.4,2.4
855,0,3,0.6,0.24,0.16,1.0,0.31000000000000005,1.8421052631578947,1.6,3.9,6.0
856,0,3,0.43,0.26,0.31,1.0,0.378,1.8421052631578947,2.2,3.6,3.1
857,0,3,0.4633333333333334,0.2866666666666667,0.25,0.9933333333333334,0.36666666666666664,1.8947368421052633,2.05,3.3,3.75
858,0,3,0.26,0.27,0.47,1.0,0.45526519997867676,2.305978526173634,3.7,3.5,2.0
859,1,3,0.629,0.20966666666666667,0.16133333333333333,0.9973333333333333,0.2992,1.368421052631579,1.5,4.5,5.75
860,1,3,0.20000000000000004,0.24,0.56,1.0,0.32599999999999996,1.3157894736842106,4.75,3.9,1.7
861,1,3,0.5166666666666667,0.27,0.21333333333333335,0.9933333333333333,0.3453333333333333,1.368421052631579,1.85,3.5,4.33
862,1,3,0.6548842175508843,0.23407874541207874,0.11103703703703705,0.994587921254588,0.2896699366032699,1.263157894736842,1.45,4.0,8.5
863,1,3,0.6066666666666666,0.22666666666666668,0.16666666666666666,0.9866666666666667,0.31133333333333335,1.8421052631578947,1.57,4.1,5.75
864,1,3,0.39333333333333337,0.32,0.2866666666666667,0.9933333333333334,0.3571666666666665,1.6973684210526305,2.45,2.9,3.3
865,2,3,0.27666666666666667,0.31,0.41333333333333333,0.9933333333333333,0.465949643871275,2.2653952866272133,3.5,3.0,2.3
866,1,3,0.29,0.25,0.46,1.0,0.43314928697250066,2.237135597360531,3.25,3.75,2.05
867,0,3,0.36999999999999994,0.3,0.33,1.0,0.40864217906766465,1.72849172010022,2.5,3.2,2.9
868,0,3,0.5733333333333333,0.25,0.17666666666666667,0.9933333333333333,0.3226666666666667,1.736842105263158,1.7,3.6,5.25
869,1,3,0.5,0.28,0.22,1.0,0.35,1.631578947368421,1.91,3.3,4.33
870,1,3,0.5,0.28,0.22,1.0,0.35,1.473684210526316,2.05,3.2,4.0
871,0,3,0.596,0.251,0.153,1.0,0.3116,1.8421052631578947,1.6,3.8,6.25
872,2,3,0.44333333333333336,0.25,0.30666666666666664,0.9933333333333333,0.3746666666666667,1.8947368421052633,2.15,3.75,3.1
873,0,3,0.5293333333333333,0.27066666666666667,0.20000000000000004,0.9986666666666667,0.33866666666666667,1.736842105263158,1.8,3.5,4.75
874,1,3,0.3433333333333333,0.27666666666666667,0.38000000000000006,0.9933333333333334,0.4603856938433283,2.034150239657277,2.75,3.4,2.5
875,1,3,0.5066666666666667,0.27666666666666667,0.21666666666666667,0.9866666666666667,0.20133333333333334,0.9473684210526316,1.95,3.25,4.2
876,1,3,0.24333333333333332,0.27,0.48666666666666664,0.9933333333333333,0.4051630915103154,1.6346545281974239,3.8,3.4,1.95
877,0,3,0.654,0.211,0.135,1.0,0.1384,0.42105263157894735,1.45,4.5,7.0
878,1,3,0.47,0.3,0.23,1.0,0.362,1.5789473684210527,2.0,3.2,4.1
879,2,3,0.34,0.32,0.34,1.0,0.3398559224437214,1.4530745706774415,2.75,2.9,2.8
880,0,3,0.5,0.2933333333333333,0.20666666666666667,0.9933333333333333,0.352,1.9473684210526316,1.9,3.2,4.75
881,1,3,0.29833333333333334,0.28200000000000003,0.41966666666666663,0.996,0.40378013017984526,1.3468382947662199,3.2,3.3,2.25
882,1,3,0.2823333333333333,0.29066666666666663,0.427,0.994,0.46887477410179035,1.7437265641873747,3.3,3.25,2.25
883,0,3,0.844,0.10000000000000002,0.056,1.0,0.07739999999999979,0.415789473684209,1.13,9.5,17.0
884,0,3,0.5,0.25,0.25,1.0,0.35,1.7894736842105263,1.9,3.7,3.8
885,1,3,0.553,0.268,0.17899999999999996,1.0,0.1788,0.8947368421052632,1.7,3.5,5.25
886,2,3,0.25066666666666665,0.339,0.41033333333333327,0.998,0.43138555671149725,1.8257750564392217,3.75,2.8,2.3
887,2,3,0.3499999999999999,0.3,0.3499999999999999,1.0,0.37249999999999994,1.5394736842105252,2.7,3.1,2.8
888,0,3,0.7559999999999999,0.158,0.08600000000000001,1.0,0.24760000000000004,1.631578947368421,1.25,6.0,11.0
889,0,3,0.43018981018981023,0.3288911088911089,0.2409190809190809,0.9977822177822178,0.37858941058941054,1.8421052631578947,2.2,2.9,3.9
890,0,3,0.5713333333333334,0.21866666666666668,0.21,0.9986666666666667,0.32186666666666663,1.9473684210526316,1.65,4.33,4.5
891,0,3,0.5366666666666667,0.25,0.21333333333333335,0.9933333333333333,0.3298333333333332,1.8973684210526311,1.73,3.8,4.5
892,0,3,0.6706666666666666,0.18600000000000003,0.14333333333333334,0.9906666666666667,0.2845333333333333,1.4210526315789473,1.42,5.0,6.5
893,2,3,0.08333333333333333,0.13266666666666668,0.7840000000000001,0.994,0.38819999999999993,2.473684210526316,11.0,7.0,1.2
894,0,3,0.5266666666666667,0.26333333333333336,0.21,0.9933333333333333,0.3413333333333333,1.8421052631578947,1.83,3.6,4.5
895,1,3,0.7313333333333333,0.18066666666666667,0.08800000000000001,0.998,0.25806666666666667,1.368421052631579,1.3,5.25,11.0
896,0,3,0.48733333333333334,0.242,0.27066666666666667,0.9973333333333333,0.35586666666666666,1.6842105263157894,1.95,3.9,3.5
897,0,3,0.54,0.24066666666666667,0.21933333333333335,0.9986666666666667,0.3344,1.6842105263157894,1.75,3.9,4.33
898,0,3,0.82,0.12,0.06,1.0,0.22200000000000003,1.2105263157894737,1.17,8.0,15.0
899,2,3,0.3,0.29,0.41,1.0,0.4691358607035093,2.343712755567255,3.1,3.2,2.4
900,1,3,0.37333333333333335,0.29666666666666663,0.33,0.9933333333333333,0.3876666666666667,1.5842105263157893,2.5,3.2,2.88
901,2,3,0.25,0.3033333333333333,0.4466666666666667,0.9933333333333333,0.4844905846331301,2.1621009735775925,3.8,3.1,2.15
902,0,3,0.7440000000000001,0.151,0.105,1.0,0.25239999999999996,1.8947368421052633,1.27,6.25,9.0
903,2,3,0.5844155844155845,0.22577422577422582,0.18981018981018982,1.0,0.3162337662337662,1.8421052631578947,1.62,4.2,5.0
904,1,3,0.36000000000000004,0.26,0.38000000000000006,1.0,0.3090624747204751,1.1439252700663256,2.63,3.6,2.5
905,2,3,0.5033333333333333,0.27666666666666667,0.22,0.9933333333333333,0.3506666666666667,1.368421052631579,1.9,3.4,4.33
906,1,3,0.15,0.24,0.61,1.0,0.45600000000000007,2.3157894736842106,6.25,4.0,1.57
907,2,3,0.52,0.25,0.23,1.0,0.34199999999999997,1.736842105263158,1.85,3.75,3.9
908,0,3,0.55,0.27,0.18000000000000002,1.0,0.32999999999999996,1.631578947368421,1.75,3.4,5.0
909,0,3,0.36999999999999994,0.27,0.36000000000000004,1.0,0.34275206012487786,1.4471189973237464,2.55,3.5,2.7
910,2,3,0.14,0.21,0.65,1.0,0.3125,1.6763157894736842,7.0,4.5,1.45
911,0,3,0.669,0.219,0.112,1.0,0.2824,1.5789473684210527,1.42,4.33,8.5
912,0,3,0.4000000000000001,0.29,0.31,1.0,0.38999999999999996,1.6842105263157894,2.4,3.2,3.1
913,0,3,0.4000000000000001,0.28,0.32,1.0,0.38999999999999996,1.736842105263158,2.35,3.4,3.0
914,0,3,0.25,0.31,0.44,1.0,0.3506539111654995,1.3706751972436808,3.8,3.0,2.15
915,1,3,0.17,0.24,0.59,1.0,0.4640000000000001,2.1578947368421053,5.5,3.9,1.62
916,0,3,0.14666666666666664,0.2373333333333333,0.616,0.994,0.4554,2.4210526315789473,6.5,4.0,1.53
917,1,3,0.7784082584082584,0.14195138195138193,0.07964035964035963,0.9960972360972361,0.2398075258075258,1.2105263157894737,1.22,6.5,12.0
918,0,3,0.8366666666666666,0.10333333333333335,0.06,0.9933333333333333,0.0973333333333334,0.3052631578947368,1.13,9.0,15.0
919,1,3,0.38800000000000007,0.272,0.34,1.0,0.24479999999999996,0.8421052631578947,2.45,3.5,2.8
920,0,3,0.5,0.26,0.24,1.0,0.35,1.8947368421052633,1.85,3.75,4.1
921,2,3,0.22666666666666668,0.21333333333333335,0.56,0.9866666666666667,0.48,2.8421052631578947,4.0,4.33,1.73
922,1,3,0.5689543789543788,0.2311788211788212,0.1998667998667999,0.9988211788211788,0.32277189477189483,1.8421052631578947,1.67,4.1,4.75
923,2,3,0.17733333333333334,0.22166666666666668,0.601,0.9946666666666667,0.46120000000000005,2.6315789473684212,5.5,4.2,1.57
924,0,3,0.5,0.27,0.23,1.0,0.2,0.6842105263157895,1.95,3.4,3.9
925,0,3,0.6443333333333333,0.21433333333333335,0.14133333333333334,0.9886666666666667,0.29566666666666663,1.263157894736842,1.48,4.2,6.5
926,0,3,0.31666666666666665,0.26,0.42333333333333334,0.9933333333333333,0.46351568643609253,2.328467149340032,2.9,3.6,2.3
927,0,3,0.4166666666666667,0.25,0.3333333333333333,0.9933333333333333,0.3478333333333329,1.5921052631578916,2.35,3.8,2.8
928,0,3,0.4566666666666667,0.272,0.27133333333333337,0.9966666666666667,0.3683333333333333,1.631578947368421,2.1,3.5,3.5
929,0,3,0.7079999999999999,0.19800000000000004,0.09400000000000001,1.0,0.11680000000000007,0.26315789473684215,1.33,4.75,10.0
930,2,3,0.36000000000000004,0.29,0.3499999999999999,1.0,0.4059999999999999,1.473684210526316,2.38,3.3,3.1
931,0,3,0.573,0.245,0.18200000000000002,1.0,0.32080000000000003,1.6842105263157894,1.67,3.9,5.25
932,1,3,0.5844155844155845,0.22577422577422582,0.18981018981018982,1.0,0.3162337662337662,1.5263157894736843,1.62,4.2,5.0
933,1,3,0.3215482148815482,0.3569035702369036,0.3215482148815482,0.9969035702369036,0.3334440795555324,1.3439491213003276,2.9,2.63,2.9
934,2,3,0.21066666666666667,0.2886666666666666,0.5006666666666666,0.9986666666666667,0.5001333333333333,2.6315789473684212,4.5,3.3,1.9
935,0,3,0.739,0.18200000000000002,0.079,1.0,0.2544,1.263157894736842,1.29,5.25,12.0
936,2,3,0.35966666666666663,0.3096666666666667,0.33066666666666666,0.9986666666666667,0.4269620375479999,1.978296624589005,2.5,2.9,2.7
937,0,3,0.672,0.20099999999999998,0.127,1.0,0.2812,1.4210526315789473,1.42,4.75,7.5
938,2,3,0.6,0.24,0.16,1.0,0.31000000000000005,1.473684210526316,1.62,3.9,5.75
939,0,3,0.6880000000000001,0.20000000000000004,0.112,1.0,0.2748,1.473684210526316,1.38,4.75,8.5
940,1,3,0.3706666666666667,0.29066666666666663,0.33866666666666667,0.9986666666666667,0.40213333333333334,1.631578947368421,2.55,3.25,2.8
941,1,3,0.5903333333333333,0.239,0.17066666666666666,0.998,0.31446666666666667,1.8421052631578947,1.6,4.0,5.5
942,1,3,0.21,0.24,0.55,1.0,0.48,2.473684210526316,4.5,4.0,1.7
943,2,3,0.4000000000000001,0.34,0.26,1.0,0.38999999999999996,1.5789473684210527,2.45,2.75,3.6
944,0,3,0.20333333333333334,0.21333333333333335,0.5833333333333334,0.9866666666666667,0.4706666666666667,2.2105263157894735,4.5,4.33,1.65
945,0,3,0.52,0.28,0.20000000000000004,1.0,0.34199999999999997,1.5789473684210527,1.9,3.3,4.75
946,2,3,0.3,0.3233333333333333,0.37666666666666665,0.9933333333333333,0.4988614606170132,2.4396611994350588,3.1,2.9,2.6
947,1,3,0.49300000000000005,0.25133333333333335,0.25566666666666665,0.9916666666666667,0.3552999999999995,1.8421052631578916,1.95,3.75,3.7
948,1,3,0.4000000000000001,0.31,0.29,1.0,0.38999999999999996,1.631578947368421,2.4,3.0,3.2
949,1,3,0.4066666666666667,0.30666666666666664,0.2866666666666667,0.9866666666666667,0.3388333333333332,1.3868421052631574,2.38,3.1,3.25
950,2,3,0.12,0.19000000000000003,0.69,1.0,0.42400000000000004,2.2105263157894735,8.0,5.0,1.38
951,1,3,0.34,0.32,0.34,1.0,0.3713375415750227,1.557688873658046,2.8,2.9,2.8
952,0,3,0.4246666666666667,0.286,0.2893333333333333,0.9953333333333333,0.2690333333333332,0.7236842105263148,2.2,3.3,3.25
953,0,3,0.7559999999999999,0.158,0.08600000000000001,1.0,0.24760000000000004,1.0526315789473686,1.25,6.0,11.0
954,2,3,0.3033333333333333,0.26,0.4366666666666667,0.9933333333333333,0.4166738236067917,2.1570067772616532,3.0,3.6,2.2
955,2,3,0.22,0.21,0.57,1.0,0.4720000000000001,2.2105263157894735,4.33,4.33,1.65
956,0,3,0.22666666666666668,0.24,0.5333333333333333,0.9933333333333333,0.4886666666666667,2.4210526315789473,4.2,4.0,1.75
957,2,3,0.848,0.09600000000000002,0.056,1.0,0.08329999999999986,0.41315789473684117,1.13,10.0,17.0
958,0,3,0.422,0.28,0.298,0.998,0.38180000000000003,1.736842105263158,2.25,3.4,3.2
959,0,3,0.6213333333333333,0.23133333333333336,0.14733333333333332,0.9973333333333333,0.3022666666666667,1.6842105263157894,1.53,4.1,6.5
960,2,3,0.526,0.263,0.211,1.0,0.3396,1.8947368421052633,1.8,3.6,4.5
961,2,3,0.3,0.29,0.41,1.0,0.4586726265639388,2.1160631244613457,3.2,3.3,2.3
962,0,3,0.73,0.165,0.105,1.0,0.258,1.0526315789473686,1.3,5.75,9.0
963,0,3,0.6156666666666667,0.21333333333333335,0.171,0.9913333333333333,0.30633333333333335,1.5789473684210527,1.57,4.33,5.5
964,1,3,0.20000000000000004,0.32,0.48,1.0,0.508,2.5789473684210527,4.75,2.9,1.95
965,1,3,0.24333333333333332,0.28,0.4766666666666666,0.9933333333333333,0.4845724373089719,2.558436131767415,3.9,3.4,2.0
966,1,3,0.24,0.24,0.52,1.0,0.492,2.7894736842105265,4.0,3.9,1.8
967,0,3,0.41333333333333333,0.25333333333333335,0.3333333333333333,0.9866666666666667,0.3886666666666665,1.94736842105263,2.05,3.8,3.25
968,2,3,0.25075075075075076,0.23874541207874542,0.5105038371705038,0.9974908241574908,0.49655121788455125,2.947368421052632,3.75,4.0,1.85
969,0,3,0.36199999999999993,0.324,0.314,1.0,0.4052,1.736842105263158,2.6,2.9,3.0
970,0,3,0.36999999999999994,0.2886666666666666,0.3413333333333333,0.9973333333333334,0.32780000000000004,1.3947368421052633,2.55,3.3,2.75
971,0,3,0.4000000000000001,0.29,0.31,1.0,0.2775000000000001,0.5657894736842115,2.4,3.2,3.1
972,0,3,0.4266666666666667,0.2833333333333334,0.29,0.9933333333333334,0.3813333333333333,1.5789473684210527,2.2,3.3,3.25
973,2,3,0.43,0.3,0.27,1.0,0.34050000000000014,1.4868421052631589,2.2,3.1,3.5
974,2,3,0.5218248418248418,0.2585814185814186,0.2195937395937396,0.9963503163503163,0.3423649683649684,1.6842105263157894,1.8,3.7,4.33
975,0,3,0.4749999999999999,0.288,0.237,1.0,0.3600000000000001,1.8421052631578947,2.0,3.3,4.0
976,2,3,0.32,0.32,0.36000000000000004,1.0,0.45133853197755835,2.1443621430082844,2.9,2.9,2.63
977,2,3,0.18000000000000002,0.25,0.57,1.0,0.4720000000000001,2.3684210526315788,5.25,3.75,1.67
978,0,3,0.29033333333333333,0.3116666666666667,0.39799999999999996,0.996,0.45999493661650703,2.0322469458644323,3.25,3.0,2.4
979,1,3,0.5021688355021688,0.29043043043043043,0.20740073406740075,0.9948014681348014,0.2531920253586919,1.086842105263157,1.9,3.3,4.75
980,2,3,0.3,0.25,0.45,1.0,0.42667446819165034,2.1146718932074937,2.88,3.7,2.3
981,0,3,0.48,0.25,0.27,1.0,0.358,1.7894736842105263,2.0,3.7,3.5
982,1,3,0.35966666666666663,0.322,0.31833333333333336,0.996,0.3503039402437989,1.4619093092276652,2.63,2.9,3.0
983,0,3,0.5066666666666667,0.29666666666666663,0.19666666666666668,0.9866666666666667,0.35133333333333333,1.9473684210526316,1.85,3.1,4.75
984,2,3,0.3866666666666667,0.2933333333333333,0.32,0.9833333333333333,0.41154902131763393,1.9168765163865653,2.5,3.2,2.9
985,0,3,0.36000000000000004,0.31,0.33,1.0,0.4059999999999999,1.4210526315789473,2.63,3.0,2.9
986,0,3,0.6999999999999998,0.20000000000000004,0.10000000000000002,1.0,0.2700000000000001,1.6842105263157894,1.33,4.75,9.5
987,2,3,0.28,0.27,0.45,1.0,0.44707986222205875,2.303339432357584,3.4,3.5,2.1
988,0,3,0.4266666666666667,0.29,0.2833333333333334,0.9733333333333334,0.3873333333333333,1.736842105263158,2.15,3.3,3.5
989,0,3,0.855,0.09500000000000001,0.05000000000000001,1.0,0.05800000000000001,0.0,1.11,10.0,19.0
990,2,3,0.5233333333333333,0.26,0.21666666666666667,0.9933333333333333,0.3426666666666667,1.368421052631579,1.85,3.6,4.33
991,0,3,0.722,0.17899999999999996,0.09900000000000002,1.0,0.2612,1.263157894736842,1.3,5.25,9.5
992,2,3,0.45,0.26333333333333336,0.2866666666666667,0.9933333333333334,0.372,1.7894736842105263,2.15,3.6,3.3
993,2,3,0.6215850815850815,0.21119214119214122,0.16722277722277723,0.9972227772227772,0.30219913419913425,1.631578947368421,1.53,4.5,5.75
994,2,3,0.35333333333333333,0.2866666666666667,0.36000000000000004,0.9933333333333334,0.4079999999999999,1.8947368421052633,2.7,3.3,2.63
995,1,3,0.49333333333333335,0.2833333333333334,0.22333333333333336,0.9866666666666667,0.3566666666666667,1.9473684210526316,2.15,3.0,3.8
996,2,3,0.32510844177510845,0.3217751084417751,0.35311644978311635,0.9913413413413413,0.41478494419843503,1.4965770539535421,2.9,2.9,2.7
997,1,3,0.38000000000000006,0.2933333333333333,0.32666666666666666,0.9933333333333333,0.24999999999999997,0.7894736842105263,2.5,3.2,2.9
998,1,3,0.19000000000000003,0.27,0.54,1.0,0.4649709804797144,2.188929343548973,5.0,3.5,1.75
999,2,3,0.24666666666666667,0.25,0.5033333333333333,0.9933333333333333,0.4181666666666667,1.9236842105263159,3.7,3.7,1.91
1000,0,3,0.4598468198468199,0.2549150849150849,0.28523809523809524,0.9995238095238096,0.36620412920412915,1.8947368421052633,2.05,3.7,3.3
1001,0,3,0.647,0.209,0.144,1.0,0.2912,1.368421052631579,1.45,4.5,6.5
1002,2,3,0.48500000000000004,0.309,0.206,1.0,0.23599999999999996,0.5157894736842105,1.91,3.0,4.5
1003,0,3,0.4000000000000001,0.33,0.27,1.0,0.38999999999999996,1.631578947368421,2.25,2.9,3.7
1004,0,3,0.34,0.31,0.3499999999999999,1.0,0.26000000000000006,0.5263157894736843,2.75,3.0,2.75
1005,0,3,0.49,0.24,0.27,1.0,0.354,1.8421052631578947,1.95,4.0,3.5
1006,0,3,0.52,0.27,0.21,1.0,0.34199999999999997,1.7894736842105263,1.9,3.4,4.33
1007,1,3,0.22,0.24,0.54,1.0,0.484,2.4210526315789473,4.33,3.9,1.75
1008,0,3,0.5433333333333333,0.24333333333333332,0.21333333333333335,0.9866666666666667,0.3066666666666666,1.4842105263157888,1.83,3.8,4.2
1009,2,3,0.28,0.25,0.47,1.0,0.4899479710799308,2.8003548949188373,3.4,3.75,2.0
1010,2,3,0.12,0.15,0.73,1.0,0.40800000000000003,2.6315789473684212,8.0,6.25,1.3
1011,1,3,0.19000000000000003,0.25,0.56,1.0,0.476,2.2105263157894735,5.0,3.8,1.73
1012,1,3,0.3499999999999999,0.29,0.36000000000000004,1.0,0.3863279038741622,1.3951684819680994,2.7,3.3,2.63
1013,0,3,0.4466666666666667,0.3033333333333333,0.25,0.9933333333333333,0.2983333333333333,1.2894736842105263,2.15,3.0,3.75
1014,2,3,0.3,0.3,0.4000000000000001,1.0,0.4696582308288457,2.110002240613358,3.2,3.1,2.4
1015,1,3,0.12333333333333334,0.14666666666666667,0.73,0.9866666666666667,0.41200000000000003,2.3157894736842106,7.5,6.5,1.3
1016,0,3,0.4583333333333333,0.2916666666666667,0.25,0.9966666666666667,0.3676666666666667,1.9473684210526316,2.1,3.2,3.75
1017,2,3,0.6206666666666667,0.20099999999999998,0.17833333333333332,0.9966666666666667,0.15273333333333333,0.26315789473684215,1.55,4.75,5.5
1018,1,3,0.443,0.264,0.293,1.0,0.3728,1.8947368421052633,2.15,3.6,3.25
1019,0,3,0.582,0.21866666666666668,0.19933333333333336,0.998,0.31779999999999997,1.8421052631578947,1.62,4.33,4.75
1020,2,3,0.34,0.27,0.38999999999999996,1.0,0.394,1.736842105263158,2.8,3.5,2.45
1021,2,3,0.17,0.22333333333333336,0.6066666666666666,0.9933333333333333,0.45933333333333337,2.2105263157894735,5.5,4.2,1.57
1022,1,3,0.49,0.27,0.24,1.0,0.32399999999999957,1.69473684210526,1.91,3.5,4.0
1023,0,3,0.5926666666666667,0.21666666666666667,0.19066666666666668,0.9926666666666667,0.3151333333333333,1.368421052631579,1.62,4.33,5.0
1024,0,3,0.49,0.29,0.22,1.0,0.354,1.263157894736842,1.91,3.2,4.33
1025,0,3,0.7933333333333333,0.12666666666666668,0.08,0.9866666666666667,0.23666666666666664,1.368421052631579,1.22,7.0,11.0
1026,0,3,0.7440000000000001,0.145,0.111,1.0,0.25239999999999996,1.1578947368421053,1.27,6.5,8.5
1027,0,3,0.529,0.28,0.19099999999999998,1.0,0.33840000000000003,1.368421052631579,1.8,3.4,5.0
1028,1,3,0.20000000000000004,0.23,0.57,1.0,0.4720000000000001,2.3157894736842106,4.75,4.1,1.67
1029,1,3,0.4000000000000001,0.31,0.29,1.0,0.3524999999999998,1.6973684210526305,2.25,3.1,3.5
1030,1,3,0.46351648351648356,0.28223776223776226,0.2542457542457543,0.9870329670329671,0.36848351648351646,1.8421052631578947,2.1,3.3,3.6
1031,2,3,0.4033333333333333,0.28,0.31666666666666665,0.9933333333333334,0.39066666666666666,1.7894736842105263,2.38,3.4,3.0
1032,1,3,0.2933333333333334,0.31,0.39666666666666667,0.9733333333333334,0.3693333333333333,1.2736842105263158,2.88,2.9,2.88
1033,0,3,0.5744255744255744,0.22577422577422582,0.19980019980019983,1.0,0.18522977022977025,0.9421052631578947,1.65,4.2,4.75
1034,2,3,0.08033333333333333,0.18600000000000003,0.7336666666666667,0.993,0.3186333333333333,1.7157894736842105,11.0,4.75,1.22
1035,1,3,0.4166666666666667,0.2866666666666667,0.29666666666666663,0.99,0.2363333333333333,0.9473684210526316,2.35,3.25,3.2
1036,2,3,0.19000000000000003,0.22,0.59,1.0,0.4640000000000001,2.736842105263158,5.0,4.33,1.62
1037,1,3,0.547,0.26333333333333336,0.18966666666666665,0.9933333333333333,0.1832,0.5263157894736843,1.75,3.5,5.0
1038,1,3,0.42114114114114115,0.28942942942942945,0.28942942942942945,0.9977177177177177,0.3822282282282282,1.8421052631578947,2.25,3.3,3.3
1039,0,3,0.4633333333333333,0.2833333333333334,0.25333333333333335,0.9866666666666667,0.3311666666666665,1.38157894736842,2.15,3.25,3.5
1040,0,3,0.4466666666666667,0.27,0.2833333333333334,0.9933333333333334,0.3733333333333333,1.9473684210526316,2.25,3.5,3.1
1041,2,3,0.12,0.21,0.67,1.0,0.43199999999999994,2.473684210526316,8.5,4.5,1.4
1042,0,3,0.4466666666666667,0.3233333333333333,0.23,0.9933333333333333,0.3733333333333333,1.8947368421052633,2.05,2.75,3.8
1043,0,3,0.62,0.20000000000000004,0.18000000000000002,1.0,0.30200000000000005,1.736842105263158,1.53,4.75,5.25
1044,0,3,0.22,0.29,0.49,1.0,0.38399999999999995,1.8842105263157893,4.33,3.2,1.95
1045,0,3,0.35666666666666663,0.3133333333333333,0.33,0.9933333333333333,0.4093333333333333,1.9473684210526316,2.7,3.0,2.88
1046,0,3,0.5,0.28,0.22,1.0,0.35,1.5263157894736843,1.91,3.3,4.33
1047,2,3,0.3,0.3,0.4000000000000001,1.0,0.4367913883335136,1.9961531152058807,3.2,3.1,2.4
1048,2,3,0.4535464535464537,0.2887112887112887,0.2577422577422578,1.0,0.3685814185814185,1.8947368421052633,2.1,3.3,3.7
1049,0,3,0.4505494505494505,0.2787212787212787,0.2707292707292707,1.0,0.3697802197802198,1.9473684210526316,2.1,3.4,3.5
1050,1,3,0.15,0.22,0.63,1.0,0.44799999999999995,2.3157894736842106,6.5,4.33,1.5
1051,1,3,0.3793333333333333,0.3253333333333333,0.2953333333333333,0.9926666666666667,0.41766826086129194,2.0620457156834666,2.5,2.9,3.2
1052,1,3,0.445,0.267,0.288,1.0,0.372,1.9473684210526316,2.1,3.5,3.25
1053,2,3,0.2333333333333333,0.3133333333333333,0.45333333333333337,0.99,0.5216666666666667,2.526315789473684,4.1,3.0,2.1
1054,2,3,0.20000000000000004,0.25,0.55,1.0,0.345,1.468421052631579,4.75,3.75,1.75
1055,0,3,0.19000000000000003,0.24,0.57,1.0,0.4062330767280715,1.929974897485389,5.0,3.9,1.67
1056,0,3,0.4766666666666666,0.27,0.25333333333333335,0.9933333333333333,0.3613333333333334,1.5789473684210527,2.1,3.4,3.5
1057,2,3,0.34,0.2733333333333334,0.3866666666666667,0.9933333333333333,0.3073333333333333,1.1894736842105262,2.8,3.4,2.45
1058,0,3,0.5844155844155845,0.22577422577422582,0.18981018981018982,1.0,0.3162337662337662,1.7894736842105263,1.62,4.2,5.0
1059,2,3,0.22,0.21,0.57,1.0,0.3445000000000001,1.6236842105263158,4.2,4.33,1.7
1060,1,3,0.28,0.258,0.462,0.998,0.41333992313727475,2.0537749261783227,3.4,3.7,2.05
1061,0,3,0.6,0.21,0.19000000000000003,1.0,0.31000000000000005,1.473684210526316,1.6,4.5,4.75
1062,0,3,0.5,0.25,0.25,1.0,0.35,1.8421052631578947,1.91,3.7,3.8
1063,1,3,0.34,0.26,0.4000000000000001,1.0,0.3907089256019254,1.4784103812058187,2.8,3.6,2.4
1064,0,3,0.5783850517183851,0.23148815482148818,0.19012679346012681,0.9983850517183851,0.18413046379713044,0.9421052631578947,1.65,4.1,5.0
1065,0,3,0.82,0.11,0.07,1.0,0.22200000000000003,1.1052631578947367,1.14,8.5,13.0
1066,0,3,0.40666666666666673,0.31666666666666665,0.27666666666666667,0.9866666666666667,0.316333333333333,1.3421052631578927,2.3,3.0,3.5
1067,1,3,0.551,0.25833333333333336,0.19066666666666668,0.9966666666666667,0.3306,1.8947368421052633,1.73,3.75,5.0
1068,0,3,0.7559999999999999,0.158,0.08600000000000001,1.0,0.24760000000000004,1.473684210526316,1.25,6.0,11.0
1069,2,3,0.18666666666666668,0.22,0.5933333333333333,0.9933333333333333,0.36716666666666653,1.5605263157894727,5.0,4.2,1.6
1070,2,3,0.4505494505494505,0.2787212787212787,0.2707292707292707,1.0,0.3697802197802198,1.8421052631578947,2.1,3.4,3.5
1071,2,3,0.3,0.26,0.44,1.0,0.3586338282545319,1.8449272760828443,3.2,3.7,2.15
1072,2,3,0.48333333333333334,0.25666666666666665,0.26,0.9933333333333333,0.3586666666666667,1.9473684210526316,1.91,3.75,3.75
1073,2,3,0.20000000000000004,0.22666666666666668,0.5733333333333333,0.9933333333333333,0.4726666666666667,2.3157894736842106,4.75,4.2,1.65
1074,0,3,0.23,0.26,0.51,1.0,0.36582684677066474,1.7637579258395193,4.1,3.6,1.85
1075,1,3,0.2786666666666667,0.24933333333333332,0.472,0.998,0.44363946362266504,2.3877016873089953,3.4,3.8,2.0
1076,2,3,0.4455178155178155,0.24358641358641356,0.3108957708957709,0.9924375624375624,0.37406160506160513,1.736842105263158,2.1,3.9,3.0
1077,0,3,0.2691541791541792,0.30246420246420247,0.4283816183816184,0.9975357975357976,0.4918866133866132,2.592105263157894,3.5,3.1,2.2
1078,1,3,0.3866133866133867,0.2867132867132867,0.3266733266733267,1.0,0.24535464535464532,0.8947368421052632,2.45,3.3,2.9
1079,2,3,0.28,0.24,0.48,1.0,0.47370044900946284,2.402915274098173,3.4,3.9,2.0
1080,0,3,0.7851918585251919,0.11874541207874541,0.09606272939606274,0.9948081414748081,0.2374808141474808,1.8947368421052633,1.2,8.0,10.0
1081,2,3,0.44333333333333336,0.2866666666666667,0.27,0.9933333333333334,0.37466666666666665,1.8947368421052633,2.2,3.3,3.4
1082,0,3,0.596,0.238,0.166,1.0,0.3116,1.736842105263158,1.6,4.0,5.75
1083,0,3,0.6564364364364365,0.1854587921254588,0.15810477143810478,0.9945412078745413,0.15406306306306305,0.9947368421052631,1.44,5.0,6.0
1084,1,3,0.47049049049049047,0.2790924257590925,0.2504170837504171,0.9981848515181848,0.3623483483483484,1.8947368421052633,2.0,3.4,3.75
1085,2,3,0.637,0.19899999999999998,0.164,1.0,0.2952,1.7894736842105263,1.48,4.75,5.75
1086,1,3,0.676,0.20866666666666667,0.11533333333333333,0.9913333333333333,0.2822,1.7894736842105263,1.42,4.5,8.5
1087,2,3,0.15,0.21,0.64,1.0,0.44399999999999995,2.473684210526316,6.5,4.5,1.48
1088,0,3,0.333,0.3413333333333333,0.3256666666666667,0.9916666666666667,0.4159666666666667,1.631578947368421,2.88,2.75,2.9
1089,2,3,0.585,0.243,0.17200000000000001,1.0,0.31600000000000006,1.5789473684210527,1.62,3.9,5.5
1090,2,3,0.42,0.33,0.25,1.0,0.382,1.8947368421052633,2.45,2.63,3.8
1091,0,3,0.6863136863136864,0.1968031968031968,0.11688311688311688,1.0,0.27547452547452544,1.5789473684210527,1.36,4.75,8.0
1092,0,3,0.55,0.23933333333333331,0.21066666666666667,0.9986666666666667,0.3303999999999999,1.8947368421052626,1.73,4.0,4.5
1093,0,3,0.6404528804528805,0.2305894105894106,0.12895770895770894,0.9979154179154179,0.14444422244422242,0.5789473684210527,1.48,4.1,7.5
1094,2,3,0.4000000000000001,0.28,0.32,1.0,0.29999999999999993,1.2947368421052632,2.3,3.5,3.0
1095,2,3,0.3133333333333333,0.26,0.4266666666666667,0.9866666666666667,0.39076792576146624,1.8916692126787806,3.0,3.7,2.25
1096,1,3,0.22,0.22,0.56,1.0,0.44411770643982373,2.050609271002333,4.33,4.33,1.7
1097,1,3,0.62,0.22,0.16,1.0,0.30200000000000005,1.368421052631579,1.53,4.33,5.75
1098,1,3,0.5566666666666668,0.24,0.20333333333333337,0.9933333333333333,0.3293333333333333,1.8421052631578947,1.75,3.9,4.33
1099,0,3,0.6999999999999998,0.171,0.129,0.998,0.27060000000000006,1.5789473684210527,1.36,5.5,7.5
1100,2,3,0.22,0.25,0.53,1.0,0.4610817559664232,2.662650302934049,4.33,3.8,1.75
1101,0,3,0.4566666666666667,0.25,0.2933333333333333,0.9933333333333333,0.3693333333333333,1.473684210526316,2.1,3.75,3.25
1102,2,3,0.6513333333333334,0.21033333333333334,0.13833333333333334,0.9966666666666667,0.29046666666666665,1.7894736842105263,1.45,4.5,7.0
1103,1,3,0.19000000000000003,0.25,0.56,1.0,0.476,2.6315789473684212,5.0,3.75,1.67
